ADEP,ADES,n,delta_dist_nm_self_mean,delta_dist_nm_self_std,delta_dist_nm_self_p5,delta_dist_nm_self_p95,delta_duration_h_self_mean,delta_duration_h_self_std,delta_duration_h_self_p5,delta_duration_h_self_p95,delta_fuel_kg_self_mean,delta_fuel_kg_self_std,delta_fuel_kg_self_p5,delta_fuel_kg_self_p95
BIKF,EDDF,52,-39.23,13.89,-61.58,-15.47,-0.12,0.08,-0.25,-0.01,-321.1,212.2,-664.6,-31.25
BIKF,EFHK,56,-2.99,6.11,-12.38,7.0,0.07,0.04,0.01,0.12,159.38,100.01,34.3,344.95
BIKF,EGLL,63,20.81,13.85,7.2,38.48,0.17,0.1,0.05,0.32,509.07,413.19,111.64,1212.9
BIKF,EHAM,91,5.54,9.53,-11.3,21.9,0.1,0.07,-0.01,0.2,243.44,185.67,-31.65,582.6
BIKF,EIDW,48,-13.19,23.72,-53.4,22.92,0.03,0.12,-0.14,0.2,124.02,345.33,-383.48,718.44
BIKF,EKCH,141,-12.01,9.04,-24.8,2.0,-0.05,0.06,-0.14,0.05,-137.6,166.81,-398.9,162.2
BIKF,ENGM,87,-11.42,11.31,-35.66,2.53,0.04,0.07,-0.11,0.13,113.36,209.99,-234.92,480.71
BIKF,ESSA,51,4.11,11.4,-12.2,21.8,0.11,0.07,0.01,0.21,262.67,184.92,20.75,623.9
BIKF,LFPG,84,-0.14,16.03,-30.14,21.65,0.03,0.07,-0.09,0.13,87.74,208.33,-218.13,406.55
BIKF,LIMC,49,-65.16,23.9,-98.08,-23.16,-0.17,0.12,-0.33,-0.03,-475.53,362.88,-1079.36,-63.68
BKPR,EDDL,65,-66.09,19.59,-93.44,-36.08,-0.11,0.13,-0.23,0.06,-282.65,301.86,-564.06,155.36
BKPR,EDDS,62,-49.97,13.48,-67.18,-30.41,-0.08,0.07,-0.17,0.02,-213.08,174.71,-482.39,68.29
BKPR,LFSB,106,-76.86,17.4,-104.28,-45.55,-0.14,0.08,-0.25,-0.02,-338.67,200.09,-624.5,-43.25
BKPR,LOWW,66,-41.45,16.33,-65.58,-21.48,-0.09,0.07,-0.18,0.02,-230.83,186.86,-513.3,45.38
BKPR,LSGG,68,-42.52,19.39,-68.42,-13.5,-0.14,0.09,-0.27,-0.02,-304.95,187.66,-584.05,-38.52
BKPR,LSZH,120,-46.51,23.84,-84.03,-14.1,-0.16,0.13,-0.35,0.03,-406.68,315.05,-864.5,63.25
BKPR,LTFJ,52,-20.38,23.57,-53.2,21.61,-0.01,0.14,-0.18,0.21,-26.27,325.8,-429.94,516.47
CYUL,EDDF,76,-43.25,22.55,-77.68,-5.45,-0.08,0.11,-0.25,0.07,-484.44,623.48,-1559.48,366.25
CYUL,EGLL,87,33.41,16.09,11.19,64.67,0.3,0.14,0.09,0.49,1676.94,779.39,487.83,2788.94
CYUL,EHAM,51,20.65,17.77,3.55,39.7,0.14,0.07,0.03,0.23,686.5,450.77,144.5,1281.25
CYUL,GMMN,70,0.15,13.56,-19.11,20.82,0.06,0.07,-0.06,0.16,311.69,396.65,-351.66,879.1
CYUL,LFPG,192,1.42,19.41,-37.88,27.5,0.09,0.09,-0.04,0.22,617.6,660.23,-315.75,1693.56
CYUL,LIRF,56,-34.08,20.24,-60.52,0.1,-0.05,0.08,-0.15,0.09,-372.12,563.44,-1070.88,610.88
CYUL,LPPT,68,-14.05,29.6,-65.96,28.76,0.09,0.11,-0.05,0.28,325.16,524.49,-303.56,1307.14
CYVR,EDDF,48,-55.98,30.84,-112.75,-8.26,-0.07,0.11,-0.25,0.09,-375.57,645.0,-1364.38,509.43
CYVR,EGLL,59,20.52,14.55,1.58,46.58,0.23,0.12,0.08,0.45,1538.03,756.76,599.6,2874.73
CYYC,EDDF,51,-48.19,39.93,-97.55,13.3,-0.1,0.09,-0.25,0.01,-570.99,525.42,-1389.9,47.8
CYYC,EGLL,60,16.47,33.48,-14.66,52.01,0.25,0.11,0.06,0.42,1400.65,593.29,344.0,2319.03
CYYZ,EDDF,84,-42.95,22.91,-74.49,-10.78,-0.08,0.09,-0.23,0.07,-453.89,529.53,-1312.15,360.6
CYYZ,EDDM,58,16.82,16.46,-7.78,43.14,0.03,0.08,-0.1,0.14,160.06,460.48,-613.39,788.91
CYYZ,EGKK,57,19.96,16.18,-9.02,43.02,0.17,0.13,-0.01,0.37,662.97,624.66,-87.82,2028.74
CYYZ,EGLL,178,29.37,15.9,5.1,53.12,0.26,0.13,0.06,0.45,1600.25,808.06,356.8,2993.82
CYYZ,EHAM,100,15.56,13.69,0.36,34.4,0.13,0.08,0.02,0.26,779.67,544.1,86.62,1593.72
CYYZ,EIDW,82,-1.61,54.45,-44.91,26.19,0.07,0.24,-0.1,0.26,335.49,1416.5,-603.86,1175.46
CYYZ,EPWA,56,-18.65,23.52,-52.72,16.62,0.0,0.09,-0.11,0.13,11.86,498.74,-581.2,664.48
CYYZ,LFPG,108,4.37,20.04,-38.56,31.49,0.1,0.1,-0.06,0.27,639.3,651.95,-236.26,1804.45
CYYZ,LIRF,63,-30.18,25.01,-64.08,20.7,-0.04,0.1,-0.22,0.08,-261.48,638.83,-1424.95,529.99
CYYZ,LPPT,93,-11.53,25.57,-55.74,25.28,0.09,0.1,-0.06,0.22,359.09,441.41,-206.64,1216.0
CYYZ,OMDB,60,21.19,18.22,-5.74,53.38,0.19,0.13,0.02,0.46,1415.39,880.32,203.6,2808.68
CYYZ,VIDP,60,28.29,31.61,-28.9,69.46,0.18,0.24,-0.12,0.54,1409.13,1874.17,-926.06,4249.19
DAAG,EDDF,58,-26.91,24.36,-65.13,10.42,-0.15,0.1,-0.29,-0.01,-383.26,269.91,-878.38,-28.21
DAAG,EGLL,50,7.63,16.14,-6.42,28.96,0.03,0.14,-0.16,0.23,66.15,582.73,-982.98,1170.05
DAAG,LFLL,51,18.25,12.94,-2.65,31.65,0.05,0.05,-0.04,0.13,120.4,140.43,-84.35,331.65
DAAG,LFML,123,16.56,25.12,-2.42,40.61,0.07,0.1,-0.1,0.17,171.93,215.64,-93.22,436.32
DAAG,LFPG,291,-6.77,15.94,-25.1,22.05,0.0,0.08,-0.12,0.12,17.8,246.05,-285.4,476.95
DAAG,LFPO,225,0.49,11.82,-15.74,21.24,0.03,0.08,-0.09,0.15,71.79,236.31,-254.66,379.86
DAAG,LIRF,55,-34.59,21.69,-61.5,0.86,-0.13,0.04,-0.19,-0.07,-307.12,104.95,-478.62,-164.98
DAAG,LTFM,172,-14.37,18.1,-37.1,17.6,0.02,0.14,-0.15,0.27,-9.99,530.93,-792.74,674.8
DAAG,OMDB,51,11.93,13.64,-7.5,33.75,0.16,0.1,-0.04,0.31,1169.69,778.77,-228.35,2265.25
DABC,LFML,59,14.7,15.82,-1.2,45.79,0.06,0.07,-0.05,0.18,156.43,181.68,-116.11,426.2
DAOO,LFML,61,11.32,17.6,-7.0,37.6,0.05,0.11,-0.1,0.24,117.16,274.11,-256.9,574.7
DAOO,LFPG,72,-7.49,15.68,-29.42,17.1,0.0,0.15,-0.14,0.14,0.9,358.38,-347.75,339.61
DAOO,LFPO,57,2.38,18.08,-29.64,27.48,0.01,0.09,-0.13,0.14,34.61,219.9,-300.3,343.86
DIAP,GMMN,55,0.91,24.59,-24.05,44.23,-0.02,0.09,-0.13,0.15,-54.6,213.89,-318.11,356.3
DIAP,LFPG,52,2.58,56.96,-39.33,42.21,0.12,0.13,-0.07,0.31,896.84,957.73,-458.72,2387.76
DNMM,EGLL,60,15.18,15.75,-6.25,44.97,0.04,0.12,-0.12,0.25,231.39,746.65,-876.34,1564.41
DTMB,LFPO,68,2.33,10.76,-14.5,17.32,0.05,0.07,-0.06,0.17,108.9,160.78,-153.3,396.16
DTTA,EDDF,96,-20.22,19.22,-53.0,7.15,-0.11,0.08,-0.21,0.03,-272.66,205.25,-544.6,83.05
DTTA,GMMN,102,-20.72,26.6,-66.6,10.38,-0.01,0.1,-0.16,0.16,-20.32,234.35,-383.83,365.64
DTTA,HLLB,74,14.42,8.18,3.89,27.07,0.1,0.05,0.02,0.17,239.69,123.96,52.9,433.61
DTTA,LFLL,91,16.35,14.75,-5.9,36.2,0.1,0.07,0.01,0.19,251.63,167.4,20.75,575.7
DTTA,LFML,106,13.66,32.42,-15.65,43.32,0.12,0.15,-0.01,0.26,286.53,349.05,-21.95,624.1
DTTA,LFMN,83,0.88,8.81,-8.58,19.73,0.04,0.05,-0.02,0.12,92.37,113.69,-54.23,283.45
DTTA,LFPG,188,-2.91,14.83,-35.43,23.45,0.04,0.07,-0.06,0.15,101.14,170.97,-149.9,365.36
DTTA,LFPO,239,3.67,15.69,-16.53,21.91,0.08,0.08,-0.02,0.17,215.98,227.63,-53.43,610.17
DTTA,LIMC,58,-40.87,19.26,-56.62,0.0,-0.13,0.08,-0.21,-0.03,-310.71,196.67,-500.0,-58.96
DTTA,LIRF,85,-33.69,23.88,-78.14,0.64,-0.08,0.07,-0.17,0.03,-182.82,155.71,-408.36,78.58
DTTA,LTFM,154,-18.25,24.26,-38.54,14.01,0.0,0.11,-0.1,0.15,6.09,286.7,-280.56,373.9
DTTJ,LFPG,98,0.97,50.04,-29.18,34.63,0.08,0.21,-0.03,0.17,194.5,522.93,-73.6,414.25
DTTJ,LFPO,114,-2.45,14.11,-19.96,20.49,0.04,0.06,-0.05,0.13,95.21,144.64,-127.42,321.18
EBBR,EDDB,128,6.16,14.44,-15.13,28.47,0.01,0.06,-0.08,0.11,28.66,148.76,-195.28,276.14
EBBR,EDDF,238,-52.13,14.37,-67.98,-31.71,-0.22,0.06,-0.31,-0.14,-500.83,151.32,-739.06,-273.3
EBBR,EDDH,61,-66.4,18.78,-96.6,-33.5,-0.21,0.06,-0.29,-0.14,-439.11,164.38,-676.4,-194.4
EBBR,EDDM,181,7.77,12.52,-6.6,33.3,-0.05,0.07,-0.17,0.06,-116.31,169.94,-391.0,134.5
EBBR,EDDP,92,-38.0,30.26,-92.88,3.57,-0.08,0.1,-0.23,0.07,-374.18,480.08,-1100.7,336.3
EBBR,EFHK,72,-3.72,11.45,-23.77,10.54,0.04,0.06,-0.04,0.13,141.22,221.13,-106.72,476.23
EBBR,EGCC,50,13.32,8.31,1.09,23.02,0.06,0.06,-0.01,0.16,140.95,149.27,-16.16,410.03
EBBR,EGLL,184,9.43,11.17,0.7,30.22,0.15,0.11,-0.0,0.33,353.17,277.64,-0.87,813.17
EBBR,EHAM,121,14.71,10.83,-8.1,31.3,0.1,0.06,-0.02,0.17,205.55,124.36,-27.0,399.3
EBBR,EIDW,141,-6.43,21.48,-38.3,32.7,-0.01,0.1,-0.13,0.16,-25.66,233.13,-299.2,398.6
EBBR,EKCH,187,-16.05,12.79,-38.48,1.64,-0.11,0.05,-0.19,-0.03,-233.03,122.06,-423.43,-69.87
EBBR,ENGM,87,-19.78,16.53,-45.28,4.22,-0.05,0.06,-0.15,0.04,-102.69,129.69,-286.33,80.87
EBBR,EPWA,128,-45.89,18.86,-68.95,-16.93,-0.1,0.08,-0.22,0.03,-217.98,169.12,-490.76,65.16
EBBR,ESGG,61,-10.38,11.81,-34.9,3.4,-0.04,0.04,-0.09,0.01,-93.84,77.83,-190.0,18.9
EBBR,ESSB,71,-5.82,7.06,-23.0,2.2,-0.03,0.04,-0.11,0.02,-58.86,91.25,-241.7,53.2
EBBR,GCTS,69,-23.25,14.34,-42.7,1.02,-0.08,0.09,-0.21,0.05,-195.49,211.56,-531.66,117.92
EBBR,GMMN,69,7.08,17.27,-13.74,39.26,0.05,0.1,-0.07,0.21,159.68,295.74,-158.4,663.4
EBBR,GMMW,51,15.61,12.34,2.85,29.05,0.08,0.09,-0.07,0.2,192.87,220.69,-161.35,511.8
EBBR,GMTT,62,-4.6,23.35,-34.5,27.88,0.05,0.11,-0.12,0.21,119.62,277.75,-295.33,535.11
EBBR,KJFK,57,0.51,4.92,-8.2,7.98,0.04,0.08,-0.09,0.17,209.68,471.67,-468.76,1018.66
EBBR,LEAL,123,-2.32,7.8,-14.37,12.77,0.04,0.07,-0.08,0.16,86.15,168.58,-187.02,378.8
EBBR,LEBL,211,-5.23,14.64,-24.95,18.3,-0.04,0.08,-0.15,0.09,-120.67,231.34,-565.05,208.2
EBBR,LEMD,297,-3.13,19.02,-31.92,26.08,0.01,0.1,-0.13,0.17,24.38,236.43,-306.62,405.98
EBBR,LEMG,148,-1.08,12.61,-17.45,24.34,0.05,0.09,-0.08,0.2,117.04,208.37,-188.48,496.96
EBBR,LEPA,62,-8.44,13.56,-28.76,12.8,-0.0,0.07,-0.1,0.11,-11.41,160.03,-231.02,275.02
EBBR,LEVC,58,-4.94,11.62,-13.96,8.54,-0.01,0.09,-0.15,0.1,-26.04,224.49,-375.28,253.04
EBBR,LFBO,62,0.39,7.44,-10.9,10.9,-0.01,0.05,-0.07,0.07,-14.56,101.21,-162.56,149.95
EBBR,LFLL,86,-1.04,14.84,-25.2,20.23,-0.05,0.09,-0.22,0.03,-138.33,266.37,-485.02,74.1
EBBR,LFML,63,1.11,15.21,-24.9,23.29,0.02,0.07,-0.07,0.16,61.63,241.27,-206.18,402.1
EBBR,LFMN,89,-19.0,30.79,-68.54,21.56,-0.09,0.14,-0.27,0.08,-207.22,325.25,-647.74,207.04
EBBR,LFPG,78,-2.86,14.81,-16.0,26.54,0.01,0.06,-0.07,0.11,59.55,202.64,-169.52,463.92
EBBR,LGAV,114,-7.85,19.96,-42.72,23.44,-0.03,0.09,-0.18,0.12,-62.5,215.58,-416.15,297.2
EBBR,LGIR,74,-4.94,10.56,-18.56,13.27,-0.04,0.06,-0.13,0.04,-101.06,158.18,-333.64,108.54
EBBR,LHBP,50,-15.98,15.03,-29.31,4.46,-0.05,0.05,-0.13,0.03,-119.51,118.15,-290.84,55.28
EBBR,LIMC,59,-44.64,12.0,-56.81,-27.37,-0.23,0.08,-0.32,-0.13,-665.66,454.6,-1657.01,-282.53
EBBR,LIML,148,27.72,18.68,-2.67,51.57,0.03,0.1,-0.13,0.19,77.09,223.6,-270.27,427.19
EBBR,LIRF,176,-25.37,19.94,-48.32,3.18,-0.12,0.1,-0.25,0.04,-298.89,230.81,-625.0,90.98
EBBR,LKPR,76,-12.93,13.06,-27.65,4.47,-0.05,0.06,-0.13,0.02,-122.17,131.33,-330.0,48.78
EBBR,LLBG,64,3.47,8.89,-8.58,17.74,-0.05,0.12,-0.26,0.08,-111.17,396.1,-646.6,263.7
EBBR,LOWW,188,10.44,16.33,-7.39,38.03,0.03,0.07,-0.07,0.16,83.82,173.48,-146.7,416.7
EBBR,LPFR,59,0.07,9.82,-11.16,14.93,-0.01,0.08,-0.13,0.09,-30.97,185.88,-333.4,211.56
EBBR,LPPR,72,-2.35,11.24,-22.23,15.72,0.03,0.06,-0.07,0.15,64.98,150.32,-185.42,345.32
EBBR,LPPT,178,-7.12,18.06,-45.54,18.37,0.04,0.09,-0.1,0.18,81.95,213.06,-250.99,420.2
EBBR,LSGG,165,-28.73,16.09,-46.4,-1.86,-0.09,0.1,-0.21,0.1,-199.5,218.06,-499.0,237.96
EBBR,LSZH,105,7.53,16.26,-31.1,32.28,0.05,0.09,-0.11,0.2,106.16,189.73,-246.16,401.98
EBBR,LTAI,70,0.59,15.51,-23.9,22.87,0.07,0.08,-0.04,0.25,169.78,202.77,-100.78,613.75
EBBR,LTFM,131,-17.16,21.72,-36.6,13.3,-0.02,0.11,-0.15,0.12,-93.52,424.16,-863.35,350.0
EBBR,OMDB,60,26.51,23.43,-2.46,62.68,0.26,0.11,0.12,0.52,2027.06,895.05,928.2,4079.86
EBBR,OTHH,68,34.88,21.15,5.4,77.42,0.15,0.09,0.02,0.32,1026.76,612.93,123.94,1946.56
EBCI,EGCC,69,15.88,26.74,2.88,27.64,0.08,0.17,-0.04,0.19,178.36,355.26,-89.0,429.7
EBCI,LEAL,50,-10.03,13.28,-21.51,9.17,0.06,0.05,-0.02,0.17,133.41,124.9,-49.18,377.32
EBCI,LEGE,55,-12.1,14.37,-25.39,9.61,-0.01,0.05,-0.06,0.11,-27.92,109.75,-153.92,262.6
EBCI,LFML,55,-4.41,17.43,-25.03,22.43,0.04,0.07,-0.05,0.17,100.51,162.97,-112.9,403.79
EBCI,LHBP,57,-19.13,14.59,-33.16,3.06,0.02,0.06,-0.06,0.11,51.36,144.71,-150.68,273.58
EBCI,LIME,72,-63.75,22.17,-86.29,-21.05,-0.1,0.07,-0.18,0.03,-230.45,161.67,-436.2,71.04
EBCI,LIPH,69,-31.54,15.37,-51.42,-10.04,-0.05,0.05,-0.13,0.04,-125.97,127.19,-318.0,93.2
EBCI,LIRP,51,-1.92,21.66,-41.35,22.65,0.01,0.07,-0.11,0.1,19.1,159.54,-247.05,224.0
EBCI,LROP,60,-45.96,17.29,-67.07,-16.24,-0.07,0.06,-0.17,0.03,-177.98,147.68,-417.86,70.5
EBCI,LTFJ,53,-27.78,21.09,-56.02,11.42,0.03,0.12,-0.14,0.24,69.22,283.56,-343.98,590.04
EBLG,LIMC,68,-87.53,33.0,-126.46,-43.12,-0.4,0.16,-0.6,-0.15,-544.18,320.33,-958.54,-279.1
EBLG,OTHH,61,16.52,29.21,-31.9,58.5,0.1,0.09,-0.04,0.25,803.19,670.17,-335.8,1954.3
EDDB,EBBR,128,-8.25,11.47,-22.52,13.45,-0.04,0.07,-0.15,0.08,-97.12,168.63,-355.01,196.74
EDDB,EDDF,364,-35.05,22.58,-57.8,-1.9,-0.21,0.09,-0.33,-0.08,-542.14,226.45,-855.6,-211.83
EDDB,EDDK,141,3.27,9.18,-10.2,13.7,0.03,0.05,-0.05,0.11,71.7,125.64,-130.6,242.6
EDDB,EDDL,135,1.66,9.08,-12.13,17.47,0.04,0.06,-0.05,0.15,97.2,133.02,-116.94,366.24
EDDB,EDDM,310,-45.78,27.81,-86.9,-0.41,-0.19,0.1,-0.36,-0.04,-450.78,248.41,-872.38,-101.62
EDDB,EDDS,175,-8.46,10.06,-21.3,8.53,-0.03,0.06,-0.14,0.06,-72.77,146.35,-341.21,152.14
EDDB,EFHK,121,-23.98,14.24,-49.8,-6.6,-0.02,0.06,-0.1,0.07,-57.75,142.95,-245.6,166.6
EDDB,EGCC,55,-19.45,20.77,-46.65,13.95,0.03,0.08,-0.11,0.14,56.99,186.98,-259.51,319.72
EDDB,EGKK,79,6.87,11.11,-7.71,20.12,0.18,0.17,0.03,0.41,430.47,397.06,82.52,953.02
EDDB,EGLC,80,-4.24,6.41,-12.24,4.11,0.04,0.06,-0.05,0.13,88.16,123.74,-108.76,275.91
EDDB,EGLL,143,4.73,12.54,-19.23,22.8,0.19,0.11,0.03,0.37,463.18,252.0,82.26,859.61
EDDB,EGSS,92,4.54,12.37,-8.0,22.54,0.1,0.12,0.0,0.18,231.18,276.21,9.1,422.18
EDDB,EHAM,288,2.31,9.71,-14.89,15.93,0.05,0.05,-0.03,0.14,121.94,120.11,-64.51,334.96
EDDB,EIDW,110,-11.14,19.07,-36.51,20.77,0.0,0.11,-0.13,0.19,5.16,276.43,-307.32,470.15
EDDB,EKCH,182,-39.35,15.42,-62.94,-10.97,-0.19,0.07,-0.3,-0.08,-434.22,165.4,-707.66,-165.48
EDDB,ELLX,63,-20.08,24.66,-43.68,9.33,-0.07,0.09,-0.18,0.05,-93.19,114.99,-249.8,53.5
EDDB,ENGM,95,-30.96,21.58,-58.93,-3.12,-0.09,0.08,-0.21,0.03,-207.11,177.29,-466.28,60.99
EDDB,ESSA,119,-8.55,16.03,-36.11,18.4,0.04,0.07,-0.06,0.15,96.29,164.67,-160.25,384.42
EDDB,EVRA,65,-6.19,12.16,-27.74,10.9,0.01,0.06,-0.09,0.12,8.11,138.22,-209.2,223.42
EDDB,LEBL,128,-20.73,18.08,-48.99,4.89,-0.06,0.08,-0.18,0.09,-133.95,199.93,-424.51,224.02
EDDB,LEMD,112,-13.9,14.97,-39.38,6.72,0.0,0.09,-0.14,0.15,6.17,219.44,-352.06,335.25
EDDB,LEMG,66,-18.83,16.39,-48.3,0.55,0.02,0.09,-0.08,0.18,44.32,210.88,-199.88,442.02
EDDB,LEPA,249,-21.51,15.44,-46.82,2.68,-0.02,0.07,-0.12,0.1,-44.31,163.95,-305.32,241.06
EDDB,LFPG,265,-5.4,14.9,-23.94,21.0,0.04,0.07,-0.06,0.14,86.34,162.84,-145.12,338.14
EDDB,LFPO,83,-8.76,37.81,-74.96,67.7,0.04,0.13,-0.18,0.29,99.08,322.55,-410.07,722.51
EDDB,LFSB,61,-23.49,8.37,-34.7,-9.8,-0.03,0.04,-0.08,0.03,-63.64,106.19,-210.4,71.5
EDDB,LGAV,60,-25.26,22.87,-63.07,7.31,0.02,0.11,-0.07,0.14,55.43,265.08,-173.29,396.68
EDDB,LGIR,53,-21.47,17.09,-55.96,0.18,-0.07,0.09,-0.21,0.06,-171.95,229.13,-536.04,148.6
EDDB,LGTS,57,-25.29,19.71,-56.14,16.16,-0.02,0.07,-0.1,0.1,-39.51,163.52,-259.86,259.14
EDDB,LHBP,66,-45.43,20.18,-72.58,-21.25,-0.03,0.08,-0.12,0.05,-72.9,192.71,-297.75,114.72
EDDB,LIML,79,2.38,28.17,-36.96,42.24,-0.02,0.09,-0.13,0.08,-43.56,210.52,-293.7,188.58
EDDB,LIPZ,62,-80.37,18.27,-104.12,-49.9,-0.25,0.07,-0.37,-0.13,-570.65,166.42,-822.84,-292.81
EDDB,LIRF,93,-78.02,27.38,-118.84,-33.76,-0.15,0.07,-0.25,-0.03,-351.05,168.85,-610.0,-68.76
EDDB,LLBG,78,-3.49,14.64,-27.98,17.43,-0.0,0.07,-0.13,0.12,-2.23,178.26,-312.66,280.0
EDDB,LOWW,221,-18.73,19.38,-54.0,12.6,-0.01,0.07,-0.12,0.1,-29.72,166.33,-268.3,250.0
EDDB,LPPT,90,-13.57,21.22,-42.31,22.14,0.05,0.1,-0.1,0.25,123.68,240.34,-235.5,572.81
EDDB,LSZH,225,-31.67,11.29,-47.98,-14.06,-0.08,0.1,-0.21,0.08,-194.94,242.74,-537.08,184.22
EDDB,LTAI,233,-6.26,18.15,-35.46,19.22,0.04,0.1,-0.1,0.2,98.18,236.51,-222.0,505.32
EDDB,LTBJ,74,9.96,16.7,-17.54,37.05,0.01,0.14,-0.12,0.13,26.29,318.32,-280.0,320.54
EDDB,LTFJ,100,-15.59,25.28,-44.71,38.62,0.01,0.12,-0.13,0.22,27.26,292.49,-333.4,546.52
EDDB,LTFM,138,-15.63,20.42,-44.7,10.66,0.03,0.11,-0.08,0.18,106.84,556.17,-325.49,853.96
EDDB,OTHH,60,23.58,17.67,-7.48,52.87,0.11,0.07,-0.01,0.21,609.73,412.25,-61.07,1213.28
EDDC,EDDF,130,-39.02,21.08,-66.31,-6.23,-0.21,0.07,-0.32,-0.09,-450.31,184.97,-754.48,-154.14
EDDC,EDDM,74,-15.82,15.86,-37.1,9.84,-0.11,0.06,-0.19,-0.03,-197.28,111.75,-349.05,-37.65
EDDC,LEPA,55,-3.61,13.1,-22.59,19.32,0.02,0.06,-0.09,0.14,47.32,149.94,-206.8,299.21
EDDF,BIKF,53,-5.85,12.68,-24.48,14.18,0.05,0.08,-0.09,0.15,147.27,231.47,-209.56,495.64
EDDF,CYUL,76,-5.53,8.27,-16.97,2.88,0.02,0.06,-0.1,0.1,84.29,334.44,-547.58,542.72
EDDF,CYVR,47,-7.92,9.4,-19.0,4.31,0.02,0.04,-0.04,0.07,100.78,229.66,-249.25,413.55
EDDF,CYYC,51,-1.79,64.71,-27.05,2.9,0.04,0.42,-0.11,0.07,259.38,2613.46,-678.55,381.35
EDDF,CYYZ,107,-5.96,8.09,-20.91,4.8,0.03,0.05,-0.07,0.1,148.93,303.86,-398.05,604.02
EDDF,DAAG,57,6.24,9.53,-9.56,20.76,0.01,0.05,-0.07,0.08,27.12,134.94,-160.84,186.86
EDDF,DTTA,92,13.45,13.72,-7.47,35.31,0.03,0.06,-0.05,0.14,80.63,149.04,-136.7,332.97
EDDF,EBBR,240,-10.12,11.61,-21.52,14.3,-0.07,0.06,-0.17,0.05,-172.73,145.71,-383.3,73.8
EDDF,EDDB,364,-2.87,16.26,-25.5,22.1,-0.05,0.07,-0.14,0.05,-121.54,178.57,-357.64,138.04
EDDF,EDDC,129,-2.86,12.13,-15.26,13.94,-0.05,0.04,-0.11,0.01,-106.2,96.28,-275.68,24.34
EDDF,EDDG,101,6.89,6.15,0.3,12.1,0.01,0.03,-0.04,0.05,9.25,44.59,-58.7,76.6
EDDF,EDDH,346,-33.61,13.32,-51.78,-5.0,-0.15,0.07,-0.26,-0.05,-368.17,163.79,-649.78,-133.57
EDDF,EDDL,124,-15.29,14.75,-37.96,8.41,-0.06,0.07,-0.16,0.08,-138.93,164.74,-395.47,189.88
EDDF,EDDM,345,6.56,24.28,-4.3,30.44,-0.07,0.08,-0.17,0.04,-191.93,193.05,-427.24,104.84
EDDF,EDDN,122,-43.74,21.16,-61.1,-4.32,-0.16,0.06,-0.25,-0.07,-315.35,147.25,-546.6,-120.41
EDDF,EDDP,174,-42.1,22.33,-79.45,-16.42,-0.14,0.08,-0.27,-0.03,-413.83,434.45,-1494.47,-58.45
EDDF,EDDS,111,-21.4,3.99,-24.85,-14.45,-0.05,0.03,-0.1,-0.0,-122.45,75.99,-239.8,-11.8
EDDF,EDDV,123,6.3,25.34,-2.3,14.75,-0.01,0.17,-0.09,0.05,-31.51,416.88,-221.25,106.74
EDDF,EDDW,134,1.4,4.4,-4.2,8.17,-0.05,0.04,-0.11,0.01,-103.32,83.66,-244.01,11.44
EDDF,EDNY,106,-5.86,4.64,-12.95,0.6,0.0,0.03,-0.04,0.05,3.11,41.09,-49.53,83.32
EDDF,EETN,75,-10.8,10.01,-27.99,1.89,-0.04,0.06,-0.13,0.05,-101.88,149.83,-333.57,129.5
EDDF,EFHK,137,-4.65,11.46,-22.52,13.64,-0.01,0.08,-0.14,0.1,-26.05,200.18,-337.54,284.28
EDDF,EGBB,122,-9.51,47.51,-34.98,6.58,0.01,0.22,-0.12,0.1,26.31,598.95,-306.11,233.24
EDDF,EGCC,105,5.33,12.45,-14.92,25.46,0.03,0.07,-0.06,0.14,87.41,175.91,-142.4,398.52
EDDF,EGKK,59,8.54,22.73,-13.88,30.36,0.11,0.19,-0.07,0.38,261.21,439.19,-179.29,956.2
EDDF,EGLC,159,-7.95,9.58,-17.78,3.59,-0.02,0.09,-0.12,0.05,-50.53,199.69,-256.6,120.95
EDDF,EGLL,425,3.89,14.53,-13.6,26.32,0.15,0.11,0.01,0.36,360.67,252.23,12.22,838.14
EDDF,EGPF,55,1.23,11.17,-14.85,14.39,0.03,0.06,-0.08,0.1,64.05,133.24,-173.08,234.89
EDDF,EGPH,77,3.0,9.64,-14.82,15.92,0.02,0.06,-0.05,0.09,64.12,154.18,-144.0,239.1
EDDF,EHAM,330,3.57,8.16,-10.48,17.16,-0.01,0.06,-0.11,0.08,-31.46,121.0,-242.96,170.38
EDDF,EIDW,158,-4.26,14.53,-24.98,20.89,-0.0,0.12,-0.13,0.15,-7.9,302.19,-318.42,373.72
EDDF,EKBI,100,-5.77,7.29,-13.62,3.01,-0.04,0.05,-0.13,0.02,-104.31,125.6,-298.17,34.83
EDDF,EKCH,188,-8.11,10.68,-25.23,9.5,-0.09,0.06,-0.18,0.0,-226.72,142.52,-452.84,1.0
EDDF,ELLX,130,-9.66,12.63,-26.9,7.5,-0.01,0.04,-0.07,0.06,-14.07,78.41,-134.1,111.61
EDDF,ENBR,54,-28.69,17.68,-62.04,-4.6,-0.1,0.07,-0.22,-0.01,-233.37,159.08,-495.36,-14.79
EDDF,ENGM,133,-16.65,14.21,-37.38,6.16,-0.08,0.07,-0.18,0.04,-191.44,185.29,-433.8,99.68
EDDF,ENZV,56,-13.49,11.69,-30.15,2.55,-0.08,0.06,-0.16,0.0,-196.94,135.27,-412.3,5.8
EDDF,EPGD,70,-33.79,14.88,-51.69,-4.15,-0.21,0.05,-0.28,-0.12,-343.57,123.31,-570.13,-173.83
EDDF,EPKK,124,-27.58,40.28,-153.49,3.35,-0.13,0.15,-0.58,-0.0,-317.74,359.31,-1432.05,-5.49
EDDF,EPKT,76,-17.65,17.59,-42.3,4.47,-0.08,0.08,-0.17,0.07,-154.22,149.18,-366.7,117.52
EDDF,EPPO,81,-42.02,18.85,-67.3,-10.4,-0.21,0.05,-0.28,-0.15,-292.29,72.98,-396.7,-210.0
EDDF,EPWA,192,-42.56,17.97,-66.24,-12.63,-0.1,0.06,-0.18,0.02,-216.38,146.14,-425.8,53.17
EDDF,EPWR,107,-33.6,12.96,-49.81,-18.16,-0.11,0.06,-0.17,-0.02,-177.19,95.6,-330.0,-37.92
EDDF,ESGG,125,-5.93,11.55,-33.14,5.08,-0.04,0.05,-0.11,0.03,-95.12,123.06,-279.34,80.62
EDDF,ESSA,166,-8.51,17.52,-32.95,15.3,-0.0,0.08,-0.1,0.1,-0.1,194.25,-256.65,249.62
EDDF,EVRA,95,2.37,10.21,-13.2,18.98,-0.03,0.12,-0.14,0.12,-63.07,270.53,-331.85,256.66
EDDF,EYVI,53,5.63,9.35,-6.3,22.66,0.02,0.05,-0.07,0.07,57.69,111.97,-153.3,193.9
EDDF,GCFV,39,-31.91,11.46,-52.75,-17.48,-0.12,0.09,-0.26,0.02,-293.77,223.09,-643.72,60.42
EDDF,GCLP,38,13.17,16.02,-7.35,41.4,0.0,0.09,-0.14,0.14,17.54,230.97,-292.05,377.49
EDDF,GCTS,52,-12.44,20.3,-42.22,18.79,-0.03,0.11,-0.19,0.18,-88.06,298.46,-511.37,513.93
EDDF,GMMN,68,1.1,10.89,-12.8,20.92,-0.0,0.08,-0.16,0.11,-0.94,227.56,-411.33,312.99
EDDF,HECA,86,22.54,14.1,5.28,44.28,0.11,0.11,-0.03,0.3,440.98,619.18,-79.9,1278.08
EDDF,HEGN,50,19.09,12.58,1.98,44.23,0.03,0.11,-0.16,0.17,97.1,501.9,-461.23,403.29
EDDF,KATL,107,-3.25,8.48,-16.79,8.16,0.03,0.07,-0.07,0.15,190.58,495.6,-490.89,1043.49
EDDF,KBOS,3,-2.5,14.18,-15.62,9.85,0.08,0.06,0.02,0.12,480.0,344.45,146.83,751.36
EDDF,KDEN,59,-10.89,12.05,-29.14,0.11,-0.0,0.06,-0.08,0.06,-17.27,327.68,-430.54,355.79
EDDF,KDFW,52,-2.39,10.39,-18.36,16.01,-0.01,0.09,-0.1,0.08,-63.9,457.84,-516.9,460.92
EDDF,KDTW,57,-6.55,9.38,-28.98,4.36,0.02,0.06,-0.09,0.13,122.82,378.19,-512.64,787.34
EDDF,KEWR,57,-2.69,7.36,-16.26,7.86,0.09,0.09,-0.08,0.21,577.57,576.69,-419.26,1436.48
EDDF,KIAD,61,-4.02,8.2,-17.8,7.8,-0.02,0.06,-0.09,0.07,-135.7,414.0,-734.5,556.8
EDDF,KIAH,29,-6.34,8.88,-17.3,4.02,-0.03,0.07,-0.12,0.09,-166.33,467.93,-819.86,595.46
EDDF,KJFK,113,-3.23,8.01,-15.06,8.98,0.09,0.08,-0.02,0.22,572.61,587.69,-90.7,1460.98
EDDF,KLAX,31,-6.52,8.61,-18.0,3.2,0.03,0.05,-0.02,0.1,192.33,294.71,-170.25,585.0
EDDF,KORD,107,-6.57,8.26,-22.19,4.14,0.01,0.07,-0.11,0.1,44.33,459.31,-701.29,688.72
EDDF,KSEA,58,-7.09,9.03,-25.02,2.16,0.02,0.04,-0.05,0.07,99.65,249.8,-281.13,411.6
EDDF,KSFO,81,-6.87,16.59,-21.0,2.6,0.02,0.44,-0.1,0.1,48.95,2399.01,-795.2,546.0
EDDF,LATI,52,-13.99,33.76,-33.65,6.71,-0.03,0.1,-0.13,0.08,-68.2,263.19,-341.02,216.37
EDDF,LBSF,105,-19.62,20.95,-44.96,5.3,-0.08,0.07,-0.18,0.03,-189.76,171.73,-433.62,57.78
EDDF,LDDU,57,2.03,7.71,-3.36,12.34,0.05,0.06,-0.01,0.11,117.71,142.76,-25.66,254.38
EDDF,LDSP,79,8.79,39.21,-16.63,24.31,0.07,0.17,-0.04,0.13,168.62,376.73,-79.41,359.6
EDDF,LDZA,124,1.75,8.21,-2.18,18.65,0.03,0.06,-0.05,0.1,65.37,124.65,-107.92,245.58
EDDF,LEBB,79,5.04,43.56,-24.97,37.51,-0.02,0.15,-0.16,0.09,-47.78,377.08,-412.08,256.39
EDDF,LEBL,212,-0.48,13.22,-19.14,24.48,-0.05,0.08,-0.17,0.09,-132.37,214.25,-425.76,249.98
EDDF,LEMD,256,-3.35,13.07,-22.18,19.33,0.02,0.09,-0.1,0.17,43.67,209.72,-263.05,400.0
EDDF,LEMG,94,-6.26,11.42,-26.26,6.9,0.02,0.08,-0.09,0.15,67.01,205.31,-257.91,379.12
EDDF,LEPA,240,-6.02,15.19,-32.76,19.92,-0.0,0.07,-0.11,0.12,-6.52,181.58,-263.61,291.08
EDDF,LEVC,64,-5.91,16.76,-36.44,24.32,-0.06,0.08,-0.21,0.05,-156.38,211.3,-593.45,148.38
EDDF,LFBO,97,-5.77,18.95,-36.16,17.74,-0.01,0.07,-0.12,0.08,-15.81,161.14,-301.38,193.9
EDDF,LFLL,98,6.57,10.92,0.5,21.62,-0.01,0.06,-0.07,0.08,-18.96,141.2,-181.08,186.73
EDDF,LFML,75,9.88,29.82,-3.8,23.46,0.04,0.14,-0.06,0.12,99.33,358.07,-150.64,310.33
EDDF,LFMN,120,-42.01,20.6,-65.14,3.82,-0.14,0.09,-0.25,-0.01,-338.35,221.45,-631.8,-29.3
EDDF,LFPG,345,-0.91,11.06,-10.1,27.0,0.02,0.1,-0.12,0.19,43.42,253.6,-304.2,419.38
EDDF,LFSB,142,-3.76,5.89,-7.5,3.19,0.02,0.04,-0.02,0.09,29.38,51.04,-34.9,125.84
EDDF,LGAV,125,-0.92,23.68,-30.08,28.54,0.0,0.12,-0.11,0.1,7.42,303.4,-272.72,255.68
EDDF,LGIR,138,-5.29,12.84,-27.02,17.88,-0.02,0.07,-0.11,0.08,-53.04,165.19,-290.78,198.87
EDDF,LGRP,52,3.79,11.3,-12.84,20.4,-0.03,0.08,-0.14,0.09,-60.95,193.37,-361.92,227.18
EDDF,LGTS,60,0.78,15.08,-28.5,20.62,-0.02,0.09,-0.14,0.12,-50.41,229.57,-329.7,298.52
EDDF,LHBP,131,-34.35,173.43,-38.45,-1.75,-0.1,0.36,-0.18,0.04,-369.75,2248.18,-431.25,92.6
EDDF,LIMC,155,-33.88,19.45,-55.7,0.1,-0.17,0.08,-0.28,-0.05,-428.1,216.99,-698.5,-126.47
EDDF,LIMF,66,20.55,10.7,-5.7,27.88,0.05,0.04,-0.03,0.1,84.6,67.26,-53.62,180.0
EDDF,LIML,194,41.27,11.2,20.6,52.24,0.05,0.06,-0.03,0.13,104.31,136.12,-79.5,294.38
EDDF,LIPE,97,-1.02,21.42,-17.44,24.62,-0.05,0.1,-0.17,0.1,-122.58,242.43,-398.92,257.56
EDDF,LIPQ,51,9.65,16.02,-3.45,25.5,0.04,0.06,-0.03,0.11,92.77,120.76,-69.35,245.1
EDDF,LIPX,52,-13.31,7.99,-26.34,1.28,-0.07,0.08,-0.15,0.05,-138.33,161.3,-330.0,95.1
EDDF,LIPZ,116,-41.18,15.4,-56.97,-11.9,-0.23,0.08,-0.33,-0.1,-566.55,196.37,-834.97,-272.5
EDDF,LIRF,176,-30.81,15.78,-47.85,1.98,-0.13,0.06,-0.23,-0.01,-324.91,169.68,-593.72,-21.0
EDDF,LIRN,75,-23.4,31.12,-56.59,5.97,-0.09,0.15,-0.24,0.1,-223.81,396.89,-625.33,270.04
EDDF,LIRP,53,23.92,7.98,14.26,37.44,-0.0,0.05,-0.08,0.08,-6.93,97.75,-153.66,141.1
EDDF,LIRQ,107,11.57,10.62,0.0,30.83,-0.01,0.05,-0.07,0.07,-23.38,83.42,-139.07,140.34
EDDF,LJLJ,80,32.81,14.18,14.58,41.44,0.08,0.07,0.0,0.15,120.41,104.61,6.56,229.94
EDDF,LKPR,129,-19.23,13.06,-35.58,-3.6,-0.12,0.06,-0.2,-0.02,-300.21,145.51,-500.0,-41.7
EDDF,LLBG,123,5.96,12.55,-10.67,27.18,-0.01,0.08,-0.13,0.13,-14.66,233.69,-330.46,369.44
EDDF,LMML,81,22.76,13.92,0.0,46.2,0.02,0.07,-0.1,0.14,43.33,190.71,-258.3,341.2
EDDF,LOWG,97,2.37,8.91,-9.32,12.34,0.03,0.05,-0.07,0.09,63.45,111.33,-162.86,213.3
EDDF,LOWI,73,-0.71,12.03,-12.04,20.88,0.04,0.06,-0.02,0.14,66.77,108.06,-36.2,260.7
EDDF,LOWL,52,-6.19,11.38,-14.98,16.05,-0.02,0.04,-0.07,0.05,-42.54,75.59,-120.0,90.0
EDDF,LOWS,97,-11.51,21.26,-53.84,0.86,-0.09,0.05,-0.2,-0.03,-218.13,124.11,-440.0,-73.3
EDDF,LOWW,356,2.95,16.65,-15.52,30.15,-0.01,0.06,-0.1,0.1,-18.77,153.19,-231.35,239.58
EDDF,LPFR,64,0.6,18.55,-21.24,35.45,-0.02,0.07,-0.13,0.1,-50.09,186.89,-325.3,280.0
EDDF,LPPR,77,-1.35,15.69,-19.74,22.92,-0.0,0.08,-0.12,0.13,2.36,230.26,-328.02,316.7
EDDF,LPPT,196,-10.52,19.04,-43.0,18.68,0.01,0.09,-0.13,0.17,35.96,234.62,-333.75,417.85
EDDF,LROP,115,-47.79,71.18,-62.44,-17.01,-0.12,0.16,-0.24,0.02,-293.26,438.56,-577.49,39.67
EDDF,LSGG,170,0.6,8.09,-14.65,6.87,-0.01,0.08,-0.14,0.1,-25.57,145.72,-256.85,177.91
EDDF,LSZH,244,-16.51,8.79,-22.68,0.65,-0.05,0.08,-0.15,0.08,-113.42,180.73,-342.41,178.49
EDDF,LTAI,217,-0.18,21.25,-26.66,23.6,0.04,0.09,-0.1,0.19,92.68,214.19,-240.0,458.3
EDDF,LTBJ,103,15.98,14.97,-6.24,38.62,0.04,0.07,-0.07,0.13,93.69,151.63,-158.0,280.0
EDDF,LTFJ,89,-17.31,17.77,-42.76,13.28,0.01,0.12,-0.13,0.26,31.27,304.15,-333.3,620.36
EDDF,LTFM,251,-23.55,19.94,-43.85,3.3,-0.06,0.1,-0.18,0.08,-257.49,500.58,-905.0,260.5
EDDF,LYBE,107,-14.69,20.65,-51.93,22.69,-0.04,0.09,-0.16,0.1,-90.62,222.66,-410.14,230.79
EDDF,OERK,45,19.71,30.93,-23.76,78.52,0.13,0.14,-0.09,0.36,575.05,661.24,-542.22,1642.7
EDDF,OJAI,62,20.7,12.22,2.12,37.95,0.1,0.11,-0.03,0.28,252.3,256.67,-83.4,694.92
EDDF,OLBA,89,0.27,13.11,-21.36,20.14,-0.06,0.07,-0.18,0.04,-144.82,189.2,-438.78,112.78
EDDF,OMAA,59,20.44,14.0,-0.61,43.27,0.09,0.07,-0.02,0.18,555.19,418.39,-98.86,1304.58
EDDF,OMDB,118,21.09,30.13,-23.59,60.94,0.21,0.11,0.04,0.38,1859.56,1174.48,238.23,4432.0
EDDF,OTHH,120,29.09,19.89,-0.41,61.32,0.14,0.07,0.03,0.27,979.79,594.65,227.04,1915.44
EDDF,RJAA,62,-9.58,14.89,-38.68,7.84,-0.07,0.1,-0.21,0.04,-358.83,567.82,-1181.73,339.87
EDDF,RJTT,60,-33.9,24.8,-70.54,-5.13,-0.08,0.07,-0.17,0.02,-437.33,374.62,-935.16,86.57
EDDF,RKSI,92,-1.61,14.58,-14.39,23.13,0.04,0.06,-0.03,0.17,280.23,375.96,-209.7,981.39
EDDF,SBGR,33,-0.45,6.48,-10.3,9.44,-0.04,0.06,-0.12,0.06,-334.71,490.22,-905.66,442.4
EDDF,VHHH,29,-16.31,12.46,-31.86,-0.66,-0.01,0.03,-0.07,0.04,-68.12,194.14,-378.02,219.1
EDDF,VIDP,56,-9.5,9.0,-21.45,5.52,-0.03,0.04,-0.09,0.03,-137.88,195.8,-470.18,155.43
EDDF,VTBS,69,-3.0,6.32,-11.48,9.68,-0.08,0.05,-0.15,0.01,-600.82,413.6,-1179.52,107.02
EDDF,WSSS,60,-3.66,13.33,-16.7,6.84,0.08,0.07,-0.06,0.17,549.76,523.31,-475.83,1305.38
EDDF,ZBAA,57,-7.27,8.32,-18.2,4.14,-0.0,0.06,-0.1,0.08,-24.02,454.83,-768.3,636.6
EDDF,ZSPD,146,-3.33,11.75,-16.12,12.9,-0.01,0.06,-0.11,0.06,-63.83,433.29,-847.68,463.7
EDDG,EDDF,101,-42.7,16.65,-64.2,-20.7,-0.18,0.06,-0.27,-0.08,-252.05,88.96,-377.3,-108.1
EDDG,EDDM,105,8.88,11.7,-3.8,30.32,-0.04,0.06,-0.13,0.06,-60.45,89.09,-183.36,77.72
EDDG,LEPA,99,-20.36,19.29,-40.53,7.35,-0.04,0.09,-0.15,0.08,-90.11,221.49,-369.56,210.41
EDDG,LTAI,86,-7.38,16.87,-29.5,15.6,0.05,0.08,-0.08,0.21,103.94,183.45,-200.0,510.0
EDDH,EBBR,62,-9.47,15.1,-31.68,10.54,0.01,0.09,-0.12,0.13,-7.66,166.61,-256.36,231.28
EDDH,EDDF,343,-39.58,19.47,-67.07,-8.64,-0.18,0.07,-0.29,-0.07,-466.72,177.34,-721.59,-170.07
EDDH,EDDK,53,-1.48,9.49,-18.2,8.66,-0.01,0.06,-0.1,0.07,-13.14,129.72,-248.02,167.88
EDDH,EDDL,85,3.01,6.55,-2.3,19.34,0.02,0.06,-0.07,0.12,33.29,125.88,-176.72,259.9
EDDH,EDDM,387,-18.65,9.6,-30.77,0.08,-0.09,0.07,-0.2,0.02,-242.2,166.94,-501.19,44.57
EDDH,EDDS,148,-3.58,8.22,-15.16,10.55,0.03,0.04,-0.05,0.1,66.94,104.37,-128.75,235.41
EDDH,EFHK,56,2.93,9.75,-17.2,19.23,0.07,0.06,-0.01,0.18,148.97,130.1,-29.8,404.22
EDDH,EGLL,178,8.9,13.34,-2.34,35.23,0.21,0.12,0.04,0.42,487.51,274.22,96.74,963.42
EDDH,EGSS,56,3.74,10.47,-7.02,24.62,0.08,0.06,-0.02,0.2,182.27,147.63,-33.65,465.17
EDDH,EHAM,189,6.62,7.16,-2.76,18.82,0.04,0.05,-0.03,0.14,94.26,117.26,-75.64,309.74
EDDH,EIDW,60,-16.78,18.77,-41.02,21.12,-0.03,0.09,-0.14,0.14,-59.06,208.95,-327.0,350.58
EDDH,EKCH,135,3.09,11.79,-14.51,16.3,0.01,0.07,-0.13,0.1,6.88,79.05,-116.38,89.1
EDDH,EPWA,63,-47.66,20.38,-75.85,-13.87,-0.09,0.07,-0.21,0.04,-152.09,132.52,-349.43,64.76
EDDH,ESSA,51,-5.08,14.65,-27.45,17.15,0.03,0.07,-0.08,0.13,64.54,127.41,-131.9,271.45
EDDH,LEBL,82,-7.22,28.31,-34.98,24.06,-0.02,0.09,-0.15,0.13,-56.04,227.48,-366.4,318.68
EDDH,LEMD,54,-6.59,16.08,-30.16,6.98,-0.02,0.09,-0.16,0.09,-60.13,200.39,-358.4,222.01
EDDH,LEPA,308,-7.06,15.73,-27.39,21.52,0.02,0.08,-0.09,0.15,45.48,204.06,-225.92,393.16
EDDH,LFPG,145,-4.5,12.08,-22.72,15.72,0.03,0.07,-0.08,0.17,61.27,154.57,-184.2,371.9
EDDH,LGIR,64,-6.96,12.71,-17.66,9.58,-0.0,0.11,-0.12,0.09,-11.36,276.51,-286.59,224.88
EDDH,LOWW,193,-3.07,16.59,-24.78,31.62,0.03,0.07,-0.08,0.14,75.28,175.34,-208.34,349.36
EDDH,LPPT,73,-7.98,21.43,-43.54,31.5,0.14,0.11,-0.03,0.31,274.07,215.55,-77.3,566.4
EDDH,LSZH,207,-17.78,10.09,-28.1,1.35,-0.03,0.09,-0.15,0.13,-62.5,221.69,-361.17,255.12
EDDH,LTAI,172,-10.11,22.8,-37.84,17.0,0.05,0.09,-0.08,0.19,113.69,220.75,-181.68,459.06
EDDH,LTFJ,77,-21.17,31.9,-53.26,6.58,0.03,0.15,-0.13,0.27,68.03,385.64,-333.32,666.7
EDDH,LTFM,120,-21.54,21.3,-45.6,13.1,-0.01,0.11,-0.13,0.12,-24.25,531.16,-500.0,521.77
EDDH,OMDB,60,12.82,30.62,-32.98,66.55,0.21,0.12,0.02,0.4,1650.28,921.4,138.52,3154.12
EDDK,EDDB,142,12.81,12.83,-8.1,29.59,0.03,0.06,-0.05,0.11,83.23,137.49,-120.8,281.03
EDDK,EDDH,54,-37.57,17.0,-60.34,-5.19,-0.18,0.06,-0.25,-0.08,-414.18,143.62,-588.45,-173.44
EDDK,EDDM,260,1.45,13.5,-12.5,25.22,-0.06,0.07,-0.15,0.06,-101.69,142.19,-316.2,161.84
EDDK,EDDP,45,-18.24,22.97,-56.92,3.1,-0.03,0.08,-0.16,0.08,-110.27,279.26,-650.0,180.5
EDDK,EGLL,76,13.57,15.55,-4.78,40.6,0.2,0.11,0.05,0.37,452.31,269.7,108.72,867.72
EDDK,EGNX,47,-0.93,17.43,-22.25,22.31,0.05,0.08,-0.03,0.15,216.26,395.01,-135.88,640.48
EDDK,EGSS,82,8.06,13.89,-11.57,29.77,0.07,0.06,-0.03,0.15,163.19,145.83,-61.52,405.8
EDDK,KSDF,1,0.0,,0.0,0.0,0.03,,0.03,0.03,155.8,,155.8,155.8
EDDK,LEBL,114,-20.71,26.28,-68.78,14.11,-0.05,0.09,-0.2,0.1,-177.18,302.06,-706.96,227.37
EDDK,LEPA,322,-15.29,21.46,-55.04,18.06,-0.01,0.09,-0.15,0.12,-28.5,204.63,-370.56,281.78
EDDK,LFPG,86,-26.5,16.6,-46.25,0.45,0.02,0.05,-0.05,0.1,178.22,335.6,-269.27,700.38
EDDK,LIMC,78,-57.9,18.45,-83.56,-26.86,-0.24,0.08,-0.37,-0.13,-785.46,597.99,-2201.0,-301.89
EDDK,LIME,64,-44.0,22.58,-71.28,-4.78,-0.06,0.06,-0.16,0.03,-173.32,171.02,-456.02,68.92
EDDK,LIPZ,58,-47.23,15.8,-65.82,-14.44,-0.16,0.06,-0.25,-0.05,-524.39,215.77,-916.6,-125.17
EDDK,LIRF,69,-45.58,19.78,-71.0,-8.0,-0.14,0.07,-0.25,-0.02,-332.14,171.81,-624.02,-37.0
EDDK,LOWW,170,3.27,15.48,-12.47,32.87,0.01,0.07,-0.11,0.13,44.74,198.43,-253.0,366.7
EDDK,LSZH,69,-30.81,14.32,-51.18,-5.98,-0.1,0.08,-0.21,0.02,-241.57,179.35,-470.44,48.0
EDDK,LTAI,291,-5.68,19.42,-27.85,19.45,0.06,0.11,-0.1,0.22,137.96,260.01,-240.0,520.0
EDDK,LTBJ,80,12.3,28.02,-12.26,28.16,0.03,0.11,-0.08,0.13,70.45,244.03,-200.5,281.75
EDDK,LTFJ,139,-20.54,20.4,-45.43,16.65,-0.01,0.1,-0.13,0.2,-32.93,262.49,-373.4,503.66
EDDK,LTFM,117,-22.61,23.39,-49.1,10.72,-0.02,0.11,-0.13,0.12,-73.42,349.43,-461.98,375.58
EDDL,BKPR,66,-24.08,22.83,-60.72,9.08,-0.03,0.06,-0.15,0.04,-82.31,170.7,-415.85,105.22
EDDL,EDDB,134,7.85,14.31,-9.44,25.8,0.05,0.06,-0.06,0.13,107.97,142.84,-152.17,307.1
EDDL,EDDF,127,-37.64,13.85,-49.2,-13.55,-0.2,0.06,-0.29,-0.11,-481.61,148.57,-713.2,-231.0
EDDL,EDDH,83,-46.9,18.7,-74.0,-13.24,-0.19,0.08,-0.28,-0.07,-428.56,176.86,-683.96,-159.62
EDDL,EDDM,386,5.76,39.26,-10.92,24.45,-0.07,0.17,-0.17,0.04,-152.74,381.47,-391.35,90.05
EDDL,EFHK,57,-0.26,10.19,-20.32,16.0,0.06,0.05,-0.03,0.15,138.57,132.67,-59.5,350.9
EDDL,EGBB,56,-9.66,13.91,-28.08,10.82,0.02,0.06,-0.07,0.13,51.74,140.33,-163.1,264.6
EDDL,EGCC,57,9.99,13.5,-8.88,25.02,0.04,0.07,-0.06,0.22,99.6,162.53,-125.24,461.3
EDDL,EGLC,60,-8.25,9.65,-27.12,5.14,0.04,0.06,-0.03,0.12,86.63,125.25,-73.3,272.97
EDDL,EGLL,213,1.27,13.76,-19.72,22.96,0.19,0.1,0.03,0.34,420.63,226.19,71.24,810.32
EDDL,EHAM,143,-3.03,9.28,-23.98,9.67,-0.01,0.05,-0.07,0.08,-10.49,98.2,-146.57,145.85
EDDL,EIDW,75,-10.21,14.62,-29.18,11.14,0.01,0.09,-0.08,0.12,29.41,215.65,-197.34,260.72
EDDL,EKCH,148,-7.85,9.5,-24.98,8.6,-0.06,0.07,-0.18,0.05,-108.33,150.24,-432.21,68.2
EDDL,ENGM,76,-27.21,14.67,-53.47,-4.9,-0.08,0.08,-0.22,0.04,-192.22,187.17,-507.65,79.45
EDDL,EPWA,84,-43.14,19.89,-67.76,-14.9,-0.1,0.07,-0.2,0.04,-178.07,141.22,-355.31,73.38
EDDL,ESSA,91,-10.47,17.84,-34.6,18.25,0.01,0.09,-0.1,0.12,41.31,189.08,-151.5,249.65
EDDL,GCFV,37,-38.41,15.09,-62.64,-14.12,-0.12,0.08,-0.2,0.01,-289.41,194.37,-476.26,16.24
EDDL,GCLP,39,0.03,15.73,-20.74,24.56,0.03,0.08,-0.07,0.18,67.64,176.73,-157.0,385.19
EDDL,HEGN,35,16.63,9.93,6.17,26.91,0.05,0.07,-0.11,0.15,120.97,173.66,-253.21,359.98
EDDL,LDSP,60,1.44,17.74,-33.71,32.35,0.06,0.05,-0.0,0.15,130.74,125.58,-10.95,341.46
EDDL,LEAL,52,-9.49,12.75,-30.21,8.09,0.08,0.06,-0.0,0.18,208.96,159.85,-4.04,460.23
EDDL,LEBL,115,-10.01,17.23,-34.73,17.36,-0.03,0.1,-0.16,0.13,-82.18,242.58,-391.6,318.24
EDDL,LEIB,60,-24.35,20.17,-57.91,2.95,-0.04,0.07,-0.14,0.09,-94.22,167.38,-306.16,193.17
EDDL,LEMD,107,-8.53,18.45,-32.15,12.91,0.0,0.09,-0.14,0.17,9.73,226.34,-359.53,419.01
EDDL,LEMG,90,-12.65,18.42,-44.6,10.81,0.04,0.11,-0.09,0.2,104.55,287.84,-229.88,507.4
EDDL,LEPA,396,-14.09,14.98,-37.82,12.55,-0.01,0.07,-0.12,0.1,-59.13,268.0,-604.55,283.52
EDDL,LFMN,61,-47.61,21.89,-77.4,-15.1,-0.17,0.07,-0.3,-0.07,-403.01,163.04,-654.5,-174.7
EDDL,LFPG,165,-19.83,16.23,-43.16,8.44,0.09,0.09,-0.07,0.22,192.18,190.73,-148.82,485.98
EDDL,LGAV,74,-4.68,19.73,-33.6,33.19,0.03,0.07,-0.07,0.16,64.95,181.02,-187.64,388.44
EDDL,LGIR,133,-6.14,9.9,-22.44,9.3,-0.02,0.07,-0.14,0.1,-53.49,177.65,-337.46,230.82
EDDL,LGKO,60,-3.18,15.06,-32.24,19.23,0.01,0.08,-0.14,0.12,32.36,197.93,-341.84,342.41
EDDL,LGKR,43,9.81,18.38,-27.34,30.67,0.03,0.08,-0.08,0.15,83.05,197.97,-191.85,387.27
EDDL,LGRP,54,-1.71,12.38,-21.5,17.56,-0.01,0.05,-0.1,0.07,-17.67,136.91,-236.3,197.43
EDDL,LGTS,66,-8.62,19.27,-45.38,22.8,-0.01,0.07,-0.13,0.09,-30.37,178.2,-305.73,226.08
EDDL,LIMC,63,-49.59,18.02,-71.99,-15.01,-0.2,0.08,-0.3,-0.06,-460.89,178.58,-660.0,-140.6
EDDL,LIRF,52,-39.91,12.76,-58.86,-20.92,-0.15,0.05,-0.22,-0.08,-364.0,124.35,-560.46,-171.39
EDDL,LKPR,54,-30.98,13.11,-47.02,-8.1,-0.07,0.07,-0.2,0.02,-176.2,170.83,-500.0,41.7
EDDL,LOWW,205,-0.56,15.63,-19.3,29.32,0.02,0.06,-0.07,0.13,36.23,144.96,-166.7,291.7
EDDL,LPFR,51,-8.8,13.03,-25.55,9.65,0.01,0.06,-0.07,0.12,25.02,161.0,-186.65,326.65
EDDL,LPPT,93,-16.32,17.8,-41.24,13.12,0.09,0.11,-0.07,0.29,188.04,229.07,-166.7,550.0
EDDL,LSZH,154,-23.25,12.77,-41.78,-1.17,-0.05,0.09,-0.18,0.12,-112.36,208.16,-424.86,285.01
EDDL,LTAC,56,-11.42,8.54,-25.38,0.65,0.01,0.08,-0.09,0.13,18.8,172.55,-210.0,320.0
EDDL,LTAI,391,-3.05,16.76,-26.5,21.2,0.05,0.1,-0.08,0.22,133.42,283.38,-208.4,626.65
EDDL,LTBJ,115,11.47,17.21,-15.02,36.65,0.03,0.07,-0.08,0.12,69.15,159.96,-182.5,289.62
EDDL,LTFJ,150,-11.7,18.92,-37.24,25.0,0.05,0.11,-0.1,0.25,118.56,279.47,-250.0,625.0
EDDL,LTFM,119,-21.77,23.91,-44.75,5.25,-0.02,0.12,-0.12,0.09,-127.46,440.54,-723.3,434.06
EDDL,OMDB,60,12.46,22.69,-17.19,52.85,0.22,0.13,0.02,0.43,2262.45,1444.48,165.42,4659.03
EDDM,CYYZ,59,-2.82,7.97,-16.56,7.2,0.01,0.06,-0.09,0.1,35.46,347.94,-586.29,596.74
EDDM,EBBR,185,5.52,12.76,-3.56,26.0,-0.02,0.07,-0.13,0.11,-51.0,172.45,-291.6,244.66
EDDM,EDDB,310,10.86,6.77,0.45,24.9,0.0,0.05,-0.07,0.08,11.4,124.54,-173.93,218.4
EDDM,EDDC,75,11.17,11.37,-2.7,25.01,0.03,0.04,-0.03,0.09,49.67,72.63,-50.05,168.29
EDDM,EDDF,342,-24.23,151.57,-42.28,0.19,-0.16,0.33,-0.25,-0.05,-586.75,3942.32,-628.76,-111.53
EDDM,EDDG,105,6.84,10.99,-2.7,12.32,0.0,0.07,-0.05,0.06,1.61,103.72,-65.3,84.78
EDDM,EDDH,388,-35.12,13.64,-52.03,-6.27,-0.17,0.06,-0.26,-0.07,-419.3,147.51,-638.62,-165.78
EDDM,EDDK,261,10.0,12.7,-7.7,25.3,0.03,0.08,-0.08,0.18,99.43,295.28,-155.6,692.1
EDDM,EDDL,387,-5.55,14.03,-16.8,12.78,-0.04,0.08,-0.14,0.08,-86.09,189.59,-333.19,188.84
EDDM,EDDP,45,-29.78,8.83,-40.86,-17.4,-0.12,0.05,-0.16,-0.04,-175.4,96.33,-234.6,-50.18
EDDM,EDDS,126,7.37,12.4,-6.4,22.48,0.06,0.06,-0.02,0.16,101.65,107.04,-21.5,321.02
EDDM,EDDV,166,-1.26,16.02,-23.05,16.7,-0.07,0.09,-0.17,0.03,-158.65,210.34,-392.65,49.55
EDDM,EDDW,137,-0.11,7.32,-9.34,7.82,-0.0,0.04,-0.06,0.06,-7.02,83.84,-136.86,129.18
EDDM,EDLP,58,-5.39,4.68,-11.43,2.86,-0.03,0.02,-0.07,0.01,-37.72,33.97,-93.08,17.62
EDDM,EFHK,150,-3.62,11.41,-20.47,13.06,0.0,0.08,-0.11,0.13,10.82,190.63,-275.78,340.26
EDDM,EGBB,77,-8.36,15.23,-30.0,14.96,-0.0,0.07,-0.1,0.11,-5.49,151.36,-220.2,238.0
EDDM,EGCC,101,13.15,14.02,-7.3,30.2,0.04,0.09,-0.07,0.22,96.37,230.68,-181.2,556.1
EDDM,EGLL,396,9.32,12.64,-5.25,33.7,0.16,0.13,-0.01,0.39,386.5,294.36,-18.38,932.55
EDDM,EHAM,321,10.98,7.03,-0.6,25.1,0.06,0.06,-0.03,0.15,116.84,128.66,-73.7,327.3
EDDM,EIDW,105,0.33,11.17,-15.18,19.94,0.0,0.1,-0.12,0.12,9.66,246.51,-307.84,291.16
EDDM,EKBI,60,0.84,7.37,-6.84,9.07,0.01,0.05,-0.08,0.08,14.35,66.65,-111.34,117.74
EDDM,EKCH,207,2.22,10.76,-15.16,18.68,-0.05,0.06,-0.13,0.03,-111.67,123.64,-291.13,61.83
EDDM,ELLX,119,-17.16,14.52,-33.81,8.99,-0.1,0.07,-0.17,-0.0,-129.34,87.62,-237.43,-2.29
EDDM,ENGM,110,-14.47,13.21,-37.51,3.69,-0.06,0.07,-0.16,0.04,-155.43,167.52,-388.68,103.18
EDDM,EPGD,60,-46.72,11.76,-65.03,-31.5,-0.15,0.05,-0.23,-0.08,-216.8,72.04,-326.6,-115.53
EDDM,EPKK,90,-29.63,40.68,-115.14,0.0,-0.1,0.14,-0.42,0.01,-232.28,333.73,-835.5,25.72
EDDM,EPPO,60,-37.42,8.37,-50.86,-24.3,-0.11,0.06,-0.18,-0.02,-158.95,77.78,-257.86,-22.14
EDDM,EPWA,203,-44.75,20.24,-67.8,-7.66,-0.09,0.08,-0.2,0.06,-148.32,152.27,-356.82,127.06
EDDM,EPWR,80,-36.16,10.96,-52.46,-18.71,-0.11,0.06,-0.19,-0.01,-157.88,97.7,-264.14,-18.8
EDDM,ESGG,88,-0.68,10.25,-24.4,12.76,-0.0,0.07,-0.09,0.1,-4.48,153.61,-227.31,226.63
EDDM,ESSA,153,-0.1,18.3,-26.7,21.24,-0.04,0.1,-0.18,0.09,-117.16,232.97,-431.16,155.04
EDDM,EVRA,51,9.18,12.61,-12.05,26.45,0.04,0.06,-0.05,0.14,78.6,132.22,-97.7,303.4
EDDM,HECA,60,25.08,17.04,7.5,56.56,0.12,0.11,-0.03,0.33,290.95,261.61,-66.11,789.29
EDDM,HEGN,58,17.65,15.81,4.47,44.12,0.03,0.07,-0.1,0.14,89.19,184.39,-254.54,329.59
EDDM,KCLT,30,-3.73,7.74,-17.92,4.95,0.0,0.14,-0.13,0.1,0.3,911.68,-870.91,639.8
EDDM,KDEN,59,-2.97,6.8,-19.48,4.6,0.02,0.07,-0.05,0.11,136.59,372.93,-255.66,585.28
EDDM,KEWR,29,-2.8,8.14,-19.22,8.7,0.07,0.13,-0.12,0.23,379.01,707.86,-672.82,1259.5
EDDM,KIAD,27,-3.34,7.88,-18.56,6.82,-0.03,0.06,-0.13,0.09,-211.05,422.28,-850.46,567.59
EDDM,KORD,60,-3.4,9.51,-19.32,4.03,0.02,0.09,-0.11,0.23,135.21,601.91,-727.34,1507.26
EDDM,KSFO,60,-1.85,9.37,-11.75,7.23,-0.0,0.06,-0.09,0.07,-17.52,368.6,-587.38,453.75
EDDM,LATI,56,-21.9,14.3,-33.98,-1.05,-0.05,0.08,-0.16,0.07,-130.94,197.02,-423.98,165.1
EDDM,LBSF,87,-24.35,56.55,-49.22,4.15,-0.07,0.16,-0.15,0.04,-174.58,367.47,-372.65,94.21
EDDM,LDDU,60,3.53,7.84,-2.94,19.29,0.04,0.06,-0.04,0.12,101.43,146.48,-100.96,341.49
EDDM,LDSP,98,4.38,13.21,-14.86,27.6,0.04,0.07,-0.08,0.15,82.73,144.52,-90.44,337.94
EDDM,LDZA,70,1.38,20.96,-8.75,18.48,-0.0,0.09,-0.07,0.07,-1.87,138.88,-171.38,146.93
EDDM,LEBB,115,-3.47,20.03,-28.49,31.22,-0.01,0.08,-0.12,0.13,-19.65,175.84,-268.84,295.79
EDDM,LEBL,233,-3.1,13.24,-21.14,22.36,-0.04,0.08,-0.16,0.09,-87.32,210.34,-392.04,235.86
EDDM,LEIB,59,-17.14,20.6,-46.23,18.32,-0.06,0.06,-0.15,0.05,-153.39,158.2,-369.53,114.79
EDDM,LEMD,266,-8.73,18.06,-32.5,15.18,0.01,0.1,-0.13,0.2,16.86,222.96,-292.9,453.8
EDDM,LEMG,64,-10.07,9.42,-26.22,3.13,0.02,0.08,-0.1,0.15,57.26,202.81,-249.84,365.54
EDDM,LEPA,238,-3.17,14.23,-24.56,18.98,0.02,0.07,-0.09,0.13,52.78,186.95,-226.69,328.57
EDDM,LFBO,108,-1.39,23.67,-33.34,19.37,0.04,0.1,-0.07,0.14,89.22,220.21,-173.88,324.4
EDDM,LFLL,91,-1.09,11.93,-12.4,17.3,-0.0,0.06,-0.09,0.09,-7.67,103.74,-159.1,142.35
EDDM,LFML,85,6.67,18.57,-20.34,35.78,0.05,0.09,-0.07,0.19,109.18,189.34,-153.22,413.74
EDDM,LFMN,116,-52.59,16.62,-76.28,-25.45,-0.25,0.08,-0.37,-0.12,-578.26,189.05,-874.42,-275.25
EDDM,LFPG,332,-8.26,13.93,-32.02,17.23,-0.01,0.08,-0.13,0.12,-26.97,175.37,-313.3,249.15
EDDM,LFPO,60,-6.46,30.06,-45.52,47.4,0.05,0.11,-0.13,0.24,89.59,203.16,-237.97,435.88
EDDM,LGAV,228,-1.95,16.33,-27.82,20.29,0.0,0.08,-0.12,0.13,33.65,264.55,-314.92,612.25
EDDM,LGIR,135,-4.35,15.44,-22.09,11.55,-0.01,0.07,-0.11,0.08,-27.23,163.02,-277.94,218.81
EDDM,LGTS,90,-3.56,18.23,-36.9,21.17,0.0,0.07,-0.12,0.12,2.44,169.77,-294.54,272.4
EDDM,LHBP,111,-15.26,13.78,-27.2,4.1,-0.04,0.06,-0.13,0.07,-93.06,141.18,-291.55,165.75
EDDM,LIBD,60,19.88,15.22,2.07,45.41,0.09,0.08,-0.0,0.22,158.65,140.46,-6.6,390.07
EDDM,LICC,86,-32.38,30.11,-71.35,2.8,-0.02,0.1,-0.13,0.17,-40.4,247.22,-327.23,458.33
EDDM,LIEO,68,-22.81,16.68,-53.85,-3.37,-0.06,0.08,-0.21,0.02,-150.61,194.65,-553.6,41.66
EDDM,LIMC,136,-57.6,23.62,-83.02,-11.48,-0.23,0.1,-0.33,-0.05,-443.75,290.76,-661.68,-88.32
EDDM,LIMF,71,15.66,14.44,-12.1,35.65,0.07,0.07,-0.04,0.17,135.1,129.23,-75.0,302.75
EDDM,LIML,58,-2.44,8.96,-13.44,14.92,-0.01,0.08,-0.08,0.07,-11.38,139.85,-150.0,124.92
EDDM,LIPE,87,-0.27,11.5,-11.7,19.77,-0.01,0.05,-0.08,0.08,-20.24,91.86,-150.0,150.0
EDDM,LIPX,56,-0.1,3.96,-4.53,1.35,-0.0,0.04,-0.07,0.07,-3.14,77.44,-120.0,120.0
EDDM,LIPZ,110,-49.35,14.71,-67.76,-21.6,-0.2,0.06,-0.27,-0.09,-357.75,109.95,-480.0,-164.05
EDDM,LIRF,176,-25.41,23.13,-43.4,4.08,-0.1,0.09,-0.22,0.02,-264.37,235.92,-556.25,42.95
EDDM,LIRN,107,-21.11,21.55,-45.85,11.03,-0.05,0.08,-0.15,0.08,-120.34,189.69,-403.64,179.03
EDDM,LIRQ,86,30.89,4.29,26.22,40.3,0.03,0.04,-0.03,0.1,63.24,80.17,-60.0,180.0
EDDM,LKPR,83,-16.84,12.69,-32.74,0.99,-0.07,0.05,-0.15,0.02,-153.68,115.29,-326.33,36.7
EDDM,LLBG,87,8.75,10.88,-4.1,27.62,0.0,0.07,-0.11,0.11,6.29,184.53,-280.45,288.12
EDDM,LMML,80,20.93,12.66,-0.4,35.83,0.05,0.07,-0.05,0.13,119.94,158.01,-128.29,302.61
EDDM,LOWG,74,2.74,5.5,-5.14,10.14,0.03,0.05,-0.03,0.12,61.69,101.89,-46.7,248.1
EDDM,LOWW,171,6.35,14.71,-9.5,29.8,0.0,0.07,-0.08,0.12,2.16,133.36,-187.5,245.0
EDDM,LPPR,59,0.69,15.44,-17.42,26.74,0.03,0.08,-0.07,0.12,82.91,200.11,-169.19,326.7
EDDM,LPPT,149,-9.94,17.5,-38.0,16.8,0.04,0.09,-0.08,0.18,111.64,234.28,-208.3,483.36
EDDM,LRCL,60,1.67,6.69,-10.9,11.81,0.04,0.05,-0.04,0.12,73.0,93.54,-64.65,208.07
EDDM,LROP,85,-34.57,10.66,-41.58,-11.36,-0.12,0.06,-0.23,-0.02,-283.76,152.67,-536.68,-46.62
EDDM,LRSB,61,12.87,12.45,-7.5,26.7,0.03,0.06,-0.07,0.13,40.7,85.8,-94.9,179.3
EDDM,LRTR,87,-3.07,10.52,-10.11,23.27,-0.0,0.04,-0.06,0.09,-2.65,86.04,-128.04,144.84
EDDM,LSGG,119,-8.41,7.96,-22.9,2.61,0.0,0.05,-0.08,0.09,6.41,91.2,-126.05,154.2
EDDM,LSZH,160,8.75,10.13,-8.41,23.2,0.03,0.07,-0.07,0.14,61.37,138.38,-128.62,277.78
EDDM,LTAI,192,1.69,21.99,-23.94,32.97,0.08,0.12,-0.08,0.28,185.7,282.37,-203.74,665.76
EDDM,LTBJ,74,20.22,28.92,-2.16,40.87,0.06,0.14,-0.05,0.26,153.31,338.09,-120.0,630.0
EDDM,LTFJ,75,-7.94,32.87,-37.0,43.11,0.03,0.15,-0.12,0.35,67.39,368.42,-304.18,862.98
EDDM,LTFM,120,-23.68,20.86,-45.44,10.3,-0.05,0.12,-0.22,0.11,-242.99,590.09,-1351.14,404.97
EDDM,LYBE,53,-6.45,19.51,-26.2,33.08,0.0,0.08,-0.11,0.16,8.54,173.42,-228.56,337.96
EDDM,OMDB,60,20.26,21.07,-7.02,52.9,0.26,0.13,0.08,0.45,3135.33,1603.93,923.0,5460.36
EDDM,OTHH,69,26.05,19.2,-0.56,54.9,0.1,0.09,-0.03,0.24,645.14,573.82,-156.62,1707.54
EDDM,VTBS,60,-0.89,4.64,-7.28,7.72,0.02,0.05,-0.06,0.11,89.61,299.16,-354.83,659.4
EDDM,WSSS,51,-2.85,8.29,-11.9,10.6,0.13,0.06,0.05,0.2,740.6,375.12,277.9,1164.0
EDDN,EDDF,133,-13.21,21.14,-44.7,16.68,-0.12,0.07,-0.23,-0.02,-232.06,158.84,-528.1,-29.76
EDDN,EHAM,100,12.95,9.07,-0.04,28.03,0.07,0.07,-0.03,0.19,153.94,150.51,-58.66,409.38
EDDN,LEPA,159,-10.87,12.51,-28.6,12.16,-0.0,0.07,-0.1,0.1,-12.5,168.85,-249.44,249.65
EDDN,LFPG,113,-18.99,20.52,-45.16,16.24,0.06,0.06,-0.03,0.16,133.37,135.66,-63.92,367.7
EDDN,LSZH,38,-19.67,9.21,-29.06,-4.69,-0.07,0.13,-0.24,0.17,-170.36,291.33,-543.92,331.3
EDDN,LTAI,170,-8.19,17.56,-40.33,19.54,0.06,0.1,-0.06,0.2,145.83,224.23,-133.25,480.0
EDDN,LTFM,88,-32.94,15.28,-53.26,-5.42,-0.04,0.06,-0.12,0.06,-108.7,151.79,-326.67,160.24
EDDP,EBBR,67,-16.53,13.32,-39.32,4.44,-0.02,0.06,-0.13,0.08,-115.1,316.25,-666.3,333.3
EDDP,EDDF,185,-39.43,21.96,-62.9,-1.62,-0.16,0.07,-0.28,-0.05,-518.99,449.27,-1599.9,-97.6
EDDP,EDDK,55,14.81,17.53,-9.44,40.63,0.12,0.1,-0.02,0.3,370.43,299.62,-60.21,851.84
EDDP,EDDM,48,-25.33,11.01,-37.59,-14.78,-0.15,0.06,-0.22,-0.05,-228.96,99.59,-399.72,-68.67
EDDP,EGNX,147,-10.96,20.29,-31.86,13.02,0.02,0.06,-0.05,0.11,133.25,335.16,-234.87,728.32
EDDP,EKCH,30,-28.06,22.78,-40.93,-11.83,-0.1,0.06,-0.19,-0.02,-357.02,224.49,-582.34,-60.99
EDDP,KCVG,50,-10.37,25.66,-62.8,5.22,0.01,0.05,-0.1,0.08,62.85,348.04,-676.95,474.33
EDDP,LEMD,25,-6.14,7.86,-17.6,9.4,-0.0,0.08,-0.11,0.11,-18.54,196.3,-337.28,276.0
EDDP,LEPA,87,-10.31,17.8,-40.39,15.47,0.0,0.08,-0.14,0.13,13.37,222.07,-338.94,349.75
EDDP,LFPG,67,-3.51,21.36,-29.23,34.98,0.02,0.08,-0.09,0.13,116.15,441.29,-238.78,640.19
EDDP,LIMC,83,-48.18,21.22,-79.64,0.0,-0.17,0.08,-0.3,-0.02,-638.98,383.45,-1283.39,-59.54
EDDP,LOWW,68,6.6,17.68,-23.07,37.87,0.09,0.07,0.0,0.22,175.98,131.84,0.0,410.02
EDDP,LTAI,141,-8.92,23.21,-48.3,24.5,0.07,0.12,-0.1,0.28,158.49,280.09,-240.0,647.9
EDDP,LTFM,21,-32.17,17.63,-62.2,-10.2,-0.02,0.22,-0.23,0.1,-49.92,542.58,-563.4,240.0
EDDP,VHHH,56,-10.89,21.86,-36.42,14.65,-0.02,0.09,-0.13,0.08,-124.28,694.16,-1031.3,632.1
EDDS,BKPR,63,-32.04,25.76,-69.18,6.6,-0.05,0.08,-0.2,0.07,-160.44,242.32,-568.39,160.0
EDDS,EDDB,177,-0.86,14.82,-27.1,25.06,0.03,0.06,-0.06,0.11,74.78,133.38,-138.88,275.98
EDDS,EDDF,121,-27.68,16.08,-50.6,0.1,-0.17,0.05,-0.26,-0.08,-397.78,137.76,-622.9,-175.4
EDDS,EDDH,148,-30.21,12.67,-45.03,-4.12,-0.13,0.05,-0.22,-0.05,-289.48,114.0,-489.38,-107.47
EDDS,EDDM,112,2.23,13.62,-13.52,26.17,-0.04,0.06,-0.13,0.07,-52.84,90.4,-175.06,118.62
EDDS,EGLL,136,-7.34,11.24,-19.1,12.65,0.15,0.11,-0.01,0.33,331.38,244.57,-17.68,733.02
EDDS,EHAM,160,-1.03,10.78,-18.9,15.0,-0.01,0.06,-0.1,0.1,-16.08,129.69,-199.84,209.3
EDDS,LEBL,100,-9.21,11.28,-33.25,11.62,-0.03,0.07,-0.14,0.09,-65.22,178.03,-348.46,216.36
EDDS,LEPA,243,-12.01,16.68,-37.09,13.91,0.01,0.08,-0.1,0.14,17.69,193.71,-244.41,343.37
EDDS,LFPG,76,6.38,17.79,-7.12,38.6,0.13,0.08,0.03,0.26,292.38,175.0,95.15,603.67
EDDS,LGIR,89,-14.36,14.31,-43.0,5.7,-0.03,0.05,-0.1,0.05,-70.96,118.87,-220.38,126.34
EDDS,LGTS,64,-12.7,17.78,-42.11,18.09,-0.04,0.06,-0.15,0.06,-100.21,150.81,-362.64,144.27
EDDS,LOWW,140,3.03,17.18,-12.3,30.3,0.01,0.09,-0.13,0.15,16.56,191.43,-309.26,300.0
EDDS,LSZH,59,-19.56,7.97,-26.24,-0.38,-0.01,0.07,-0.1,0.08,-37.82,156.23,-256.49,199.99
EDDS,LTAI,221,-9.02,16.59,-31.8,14.2,0.03,0.08,-0.12,0.17,60.87,203.33,-280.0,400.0
EDDS,LTBJ,81,0.54,29.58,-70.6,33.2,-0.02,0.09,-0.18,0.1,-45.08,206.42,-440.0,240.0
EDDS,LTFJ,92,-15.72,23.46,-51.72,21.71,0.02,0.15,-0.15,0.26,51.21,363.66,-375.0,643.72
EDDS,LTFM,120,-21.84,26.42,-47.74,12.1,-0.03,0.16,-0.15,0.1,-78.43,453.71,-377.25,286.92
EDDV,EDDF,128,-33.69,22.23,-56.56,-7.94,-0.21,0.11,-0.31,-0.11,-489.65,261.02,-753.26,-218.08
EDDV,EDDM,164,-25.32,14.33,-44.5,-0.5,-0.16,0.08,-0.29,-0.03,-381.47,200.49,-676.02,-61.08
EDDV,EGLL,59,13.05,13.68,0.48,39.7,0.25,0.12,0.11,0.45,610.97,297.78,253.98,1217.0
EDDV,EHAM,104,4.41,8.65,-8.68,22.13,0.04,0.05,-0.04,0.12,69.0,90.95,-79.53,215.6
EDDV,LEBL,80,-4.47,13.8,-20.84,12.79,-0.09,0.09,-0.21,0.06,-210.36,222.03,-493.1,155.01
EDDV,LEPA,121,-11.23,15.62,-39.5,14.7,-0.03,0.07,-0.12,0.08,-63.4,158.63,-295.3,200.0
EDDV,LFPG,122,-13.97,15.55,-32.9,15.22,0.07,0.07,-0.04,0.17,137.84,147.12,-106.89,370.0
EDDV,LOWW,77,9.28,16.5,-9.0,37.68,0.06,0.05,-0.0,0.15,140.35,122.2,-6.0,378.0
EDDV,LSZH,53,-18.44,9.55,-28.06,-1.26,-0.02,0.1,-0.18,0.17,-51.05,231.81,-435.98,369.66
EDDV,LTAI,238,-6.1,18.58,-29.1,19.85,0.08,0.1,-0.07,0.21,191.93,244.28,-160.0,502.01
EDDV,LTFJ,56,-20.62,22.03,-47.15,28.08,-0.02,0.1,-0.14,0.18,-54.39,239.43,-343.8,447.95
EDDV,LTFM,104,-26.66,29.11,-64.87,21.36,0.02,0.14,-0.11,0.26,42.39,400.75,-319.7,739.61
EDDW,EDDF,135,-36.87,16.03,-55.53,-13.0,-0.22,0.07,-0.33,-0.1,-450.96,188.54,-750.88,-188.67
EDDW,EDDM,136,-22.77,14.45,-37.62,7.15,-0.13,0.07,-0.24,-0.03,-277.94,156.13,-526.75,-80.32
EDDW,EHAM,98,0.1,9.19,-12.52,16.23,0.03,0.04,-0.05,0.09,55.52,79.07,-81.5,180.82
EDDW,LEPA,76,-8.24,13.35,-24.72,16.8,0.02,0.08,-0.09,0.16,38.15,191.18,-208.4,390.5
EDDW,LTAI,55,0.62,31.23,-29.05,30.74,0.08,0.12,-0.07,0.29,176.76,283.38,-172.0,664.19
EDDW,LTFM,50,-17.96,16.98,-45.53,3.45,0.04,0.16,-0.09,0.17,95.02,384.74,-244.0,398.98
EDJA,LEPA,53,-4.29,12.6,-22.68,15.24,0.04,0.08,-0.08,0.17,84.0,200.0,-186.38,416.64
EDLP,EDDM,59,3.25,14.86,-14.7,26.13,-0.07,0.07,-0.15,0.05,-98.61,97.17,-210.57,72.45
EDLP,LEPA,68,-6.07,16.47,-26.5,16.33,-0.01,0.08,-0.1,0.1,-17.56,194.42,-252.8,257.95
EDLP,LTAI,93,-24.36,22.95,-47.24,-0.78,0.01,0.11,-0.15,0.16,22.92,263.34,-350.16,356.24
EDLV,LEPA,56,-1.65,17.33,-28.2,28.6,0.02,0.08,-0.09,0.14,34.53,173.97,-194.8,314.42
EDLW,EPKT,94,-20.17,16.45,-48.37,4.14,0.0,0.05,-0.05,0.06,8.75,128.55,-143.01,157.21
EDLW,LEPA,77,-13.2,14.45,-39.88,10.64,-0.02,0.07,-0.13,0.09,-52.3,179.03,-313.9,224.7
EDNY,EDDF,106,-35.82,14.74,-57.0,-5.72,-0.18,0.04,-0.24,-0.11,-252.42,67.58,-349.48,-152.05
EDSB,LEPA,106,-27.01,14.68,-47.3,-3.98,-0.05,0.08,-0.17,0.08,-111.07,184.15,-402.0,203.98
EEKE,EETN,51,-12.42,8.82,-21.95,0.0,0.01,0.08,-0.05,0.07,3.94,50.32,-32.5,43.35
EETN,EDDF,74,-32.74,19.6,-56.06,-3.39,-0.21,0.07,-0.31,-0.1,-520.92,174.46,-795.17,-237.82
EETN,EEKE,51,1.71,2.42,0.0,7.0,0.05,0.03,0.02,0.1,33.35,16.75,10.85,65.0
EETN,EFHK,221,15.04,6.65,1.1,22.3,0.1,0.03,0.04,0.16,93.66,45.09,36.2,175.4
EETN,EPWA,99,-32.02,16.28,-53.44,-1.36,-0.14,0.08,-0.22,-0.02,-262.43,155.59,-460.1,-33.8
EETN,ESSA,136,-9.63,17.77,-31.72,15.48,0.01,0.1,-0.11,0.17,21.0,133.91,-137.0,247.98
EETN,EVRA,120,2.76,7.88,-5.06,20.76,0.04,0.05,-0.01,0.14,77.68,90.0,-15.32,256.65
EETN,LTAI,33,2.02,27.13,-24.68,35.48,0.11,0.14,-0.05,0.28,270.29,325.0,-128.0,664.64
EFHK,BIKF,56,-4.2,13.9,-29.12,9.93,0.04,0.06,-0.02,0.17,105.8,149.35,-53.68,357.48
EFHK,EBBR,87,-2.9,25.47,-21.17,21.74,0.05,0.13,-0.05,0.17,173.84,340.61,-131.49,555.19
EFHK,EDDB,121,7.46,13.0,-12.4,27.0,0.07,0.06,-0.04,0.15,173.35,156.52,-87.4,384.7
EFHK,EDDF,135,-32.24,20.14,-57.49,-3.67,-0.16,0.09,-0.33,-0.03,-406.34,251.43,-834.06,-68.31
EFHK,EDDH,57,-15.66,14.91,-29.4,19.98,-0.01,0.06,-0.08,0.1,-18.39,121.77,-177.96,211.06
EFHK,EDDL,57,-0.12,7.95,-12.24,11.84,0.05,0.07,-0.05,0.13,125.58,158.01,-110.62,331.16
EFHK,EDDM,150,-3.65,13.41,-23.9,19.85,-0.05,0.08,-0.17,0.08,-113.32,196.31,-432.68,209.36
EFHK,EETN,238,-3.0,5.35,-11.62,2.3,0.0,0.03,-0.03,0.05,6.87,37.17,-29.92,80.0
EFHK,EFKK,50,-20.97,10.74,-33.76,-1.75,-0.11,0.05,-0.17,-0.03,-91.64,39.42,-144.96,-22.79
EFHK,EFKU,113,1.47,11.33,-16.48,21.76,0.01,0.05,-0.07,0.08,7.2,40.48,-58.62,66.58
EFHK,EFOU,219,-9.66,9.8,-28.62,0.0,-0.01,0.06,-0.11,0.07,9.36,98.8,-116.03,174.9
EFHK,EFRO,129,-13.59,15.2,-28.06,7.28,-0.0,0.07,-0.12,0.09,22.92,105.27,-131.36,200.22
EFHK,EFVA,84,-26.42,11.79,-37.08,0.0,-0.15,0.05,-0.22,-0.06,-128.34,44.84,-186.92,-46.91
EFHK,EGLL,123,8.08,13.0,-7.19,33.27,0.2,0.12,0.03,0.44,828.27,648.7,108.64,2206.46
EFHK,EHAM,153,9.37,6.59,-0.64,21.5,0.09,0.05,0.02,0.17,290.38,204.44,47.96,708.24
EFHK,EKCH,249,-13.32,11.52,-29.12,9.46,-0.09,0.08,-0.23,0.03,-204.0,186.09,-545.88,59.34
EFHK,ENGM,141,-3.72,9.0,-16.6,3.4,0.01,0.04,-0.06,0.08,35.07,129.73,-130.7,178.3
EFHK,EPWA,86,-35.96,16.25,-56.35,-3.3,-0.1,0.06,-0.17,0.02,-225.57,129.69,-369.38,35.25
EFHK,ESGG,114,-0.29,8.75,-11.44,18.44,0.0,0.06,-0.1,0.1,3.92,53.77,-80.85,85.74
EFHK,ESSA,428,0.79,12.33,-29.72,20.46,0.06,0.09,-0.07,0.2,140.39,207.37,-117.76,499.16
EFHK,EVRA,223,0.28,9.25,-15.03,20.88,-0.0,0.05,-0.08,0.08,3.3,64.71,-76.17,107.4
EFHK,EYVI,117,-14.17,8.46,-22.76,3.06,-0.02,0.05,-0.1,0.07,-20.26,44.65,-85.0,56.62
EFHK,LEMG,94,-5.59,11.32,-22.75,14.1,0.03,0.08,-0.1,0.17,89.85,212.32,-232.24,462.11
EFHK,LFPG,141,-7.16,13.12,-26.4,18.8,0.04,0.07,-0.08,0.15,98.19,148.97,-160.9,328.8
EFHK,LGRP,73,8.66,11.81,-3.02,28.9,0.06,0.07,-0.04,0.16,141.53,165.54,-103.9,418.0
EFHK,LGSA,77,6.95,9.86,-7.98,21.06,0.03,0.06,-0.08,0.13,75.6,153.63,-186.58,296.58
EFHK,LHBP,57,-12.56,6.76,-21.98,-2.72,-0.0,0.05,-0.06,0.08,-11.31,108.57,-143.44,180.38
EFHK,LIMC,59,-38.27,18.89,-56.87,-0.41,-0.16,0.11,-0.27,-0.06,-437.16,306.16,-751.36,-161.26
EFHK,LIRF,60,-33.87,16.64,-57.81,0.81,-0.12,0.06,-0.2,-0.03,-327.83,158.33,-562.34,-92.8
EFHK,LKPR,78,-10.7,10.47,-25.24,7.32,0.01,0.05,-0.07,0.1,22.5,122.74,-146.7,229.0
EFHK,LOWW,74,11.89,15.93,-5.44,46.56,0.04,0.06,-0.05,0.16,108.19,166.58,-130.25,431.47
EFHK,LSZH,59,-20.15,5.88,-30.34,-9.56,-0.04,0.06,-0.12,0.09,-93.2,153.95,-289.97,206.41
EFHK,LTFM,64,-26.89,19.61,-52.8,4.62,-0.01,0.09,-0.11,0.18,-25.5,266.8,-387.5,496.3
EFHK,RJTT,52,-15.33,25.25,-60.33,9.36,-0.06,0.11,-0.27,0.05,-353.66,618.61,-1485.38,275.9
EFKK,EFKE,50,-14.31,18.64,-29.3,22.8,-0.03,0.09,-0.11,0.14,-28.49,72.51,-94.96,121.59
EFKU,EFHK,114,-10.5,5.82,-14.3,-3.92,-0.05,0.05,-0.12,0.02,-44.91,43.67,-100.16,16.35
EFOU,EFHK,219,-0.67,9.6,-16.26,7.95,0.03,0.07,-0.08,0.14,81.69,142.26,-78.22,314.12
EFRO,EFHK,129,-4.06,12.67,-23.22,4.72,0.04,0.08,-0.08,0.14,105.77,146.07,-72.06,306.7
EFTU,ESSA,70,-21.66,16.56,-37.6,14.51,-0.06,0.09,-0.17,0.1,-57.46,83.39,-156.32,106.47
EFVA,EFHK,85,-14.75,13.27,-40.28,4.66,-0.02,0.07,-0.14,0.09,-18.35,57.44,-120.42,76.82
EGAA,EGBB,113,11.37,14.06,-0.4,29.24,0.06,0.06,-0.01,0.16,137.77,130.25,-13.12,356.74
EGAA,EGCC,191,9.35,90.83,-0.9,26.9,0.05,0.21,-0.02,0.15,112.61,473.12,-43.7,334.6
EGAA,EGGD,112,10.88,12.42,-2.37,24.04,0.03,0.07,-0.07,0.1,63.49,160.59,-149.67,259.61
EGAA,EGGP,160,10.01,9.95,0.4,22.46,0.03,0.05,-0.04,0.1,65.39,111.79,-91.84,214.9
EGAA,EGGW,112,-25.61,12.54,-39.84,-2.53,-0.03,0.06,-0.12,0.06,-70.33,129.08,-273.46,123.26
EGAA,EGKK,147,12.24,13.95,-15.73,28.71,0.17,0.15,-0.02,0.42,384.46,329.91,-39.26,994.24
EGAA,EGNT,63,20.5,12.25,2.6,33.8,0.03,0.05,-0.05,0.11,72.6,122.94,-114.5,238.72
EGAA,EGNX,98,2.39,13.12,-13.92,18.7,0.07,0.07,-0.03,0.14,209.27,264.6,-73.9,455.59
EGAA,EGPF,121,-1.09,16.6,-23.5,28.5,-0.11,0.06,-0.19,0.01,-260.64,134.36,-427.5,13.2
EGAA,EGPH,168,7.88,14.85,-15.1,23.62,0.03,0.07,-0.07,0.12,61.13,181.2,-180.36,282.64
EGAA,EGSS,195,-1.9,10.82,-14.29,18.02,0.05,0.06,-0.05,0.15,119.37,141.64,-118.4,373.92
EGAA,LEAL,57,-12.68,15.82,-37.64,14.28,0.03,0.06,-0.06,0.12,65.45,148.31,-152.02,288.76
EGAA,LEMG,70,-13.63,19.59,-49.97,12.45,0.05,0.07,-0.06,0.17,122.91,162.19,-135.55,379.03
EGAA,LEPA,86,-7.63,22.95,-41.02,19.55,0.01,0.13,-0.13,0.17,16.6,306.75,-317.15,405.83
EGAA,LPFR,94,-5.31,10.85,-17.04,7.68,0.02,0.06,-0.05,0.11,40.82,130.05,-121.75,254.0
EGAC,EGBB,104,9.47,10.74,0.0,26.57,0.11,0.05,0.04,0.2,98.12,48.08,35.35,180.17
EGAC,EGCC,127,17.0,10.41,4.11,28.2,0.13,0.08,0.06,0.23,129.54,91.0,55.53,234.54
EGAC,EGGP,55,8.69,5.91,1.0,18.52,0.03,0.04,-0.02,0.08,72.05,91.04,-52.59,173.02
EGAC,EGHI,55,2.8,9.41,-4.84,22.8,0.13,0.05,0.07,0.2,114.45,44.35,64.48,179.51
EGAC,EGKK,84,15.31,14.1,-16.54,35.01,0.2,0.16,-0.01,0.48,446.8,341.65,-29.4,1056.46
EGAC,EGLC,76,-14.82,13.29,-40.43,1.95,0.06,0.12,-0.06,0.19,131.17,254.98,-134.8,412.48
EGAC,EGLL,169,21.19,11.01,10.32,42.44,0.13,0.11,-0.02,0.33,320.49,259.87,-60.72,747.18
EGAC,EGNM,83,8.75,9.05,-2.98,24.67,0.09,0.12,0.02,0.15,83.86,108.99,15.93,134.02
EGAC,EGPF,76,-1.44,12.61,-20.2,16.75,-0.04,0.05,-0.12,0.05,-55.19,84.46,-225.72,40.62
EGAC,EGPH,100,12.17,15.09,-12.94,29.9,0.11,0.09,-0.02,0.23,100.46,85.01,-14.39,210.6
EGAE,EGLL,81,24.08,13.34,11.9,47.6,0.14,0.09,0.01,0.31,193.06,125.3,18.4,423.4
EGBB,EDDF,100,-43.96,16.03,-64.61,-20.66,-0.16,0.07,-0.25,-0.06,-373.62,180.18,-596.78,-148.23
EGBB,EDDL,57,-22.8,9.24,-36.9,-8.92,-0.07,0.07,-0.16,0.05,-158.68,152.81,-378.74,92.02
EGBB,EDDM,77,-1.65,13.79,-18.34,24.44,-0.06,0.07,-0.16,0.05,-134.46,168.46,-382.6,115.94
EGBB,EGAA,113,6.4,9.95,-2.8,26.18,0.02,0.05,-0.05,0.11,39.86,108.61,-112.44,240.68
EGBB,EGAC,104,-7.45,7.55,-20.97,2.51,0.01,0.06,-0.05,0.08,8.14,50.42,-45.0,72.75
EGBB,EGPD,74,5.0,12.21,-13.86,20.53,-0.03,0.08,-0.17,0.11,-34.24,112.92,-226.56,146.67
EGBB,EGPF,72,10.02,7.61,1.95,27.12,0.0,0.06,-0.07,0.11,5.59,134.59,-154.04,265.27
EGBB,EGPH,60,11.55,6.8,2.17,23.0,0.01,0.06,-0.08,0.13,25.69,152.98,-180.42,326.64
EGBB,EHAM,186,1.45,4.22,-4.28,8.6,0.02,0.06,-0.07,0.11,49.71,127.22,-157.73,260.0
EGBB,EIDW,292,-9.55,15.41,-32.15,13.03,-0.04,0.09,-0.16,0.11,-93.5,166.3,-349.02,131.01
EGBB,GCRR,51,-17.13,13.51,-38.0,12.5,-0.08,0.07,-0.21,0.01,-199.22,174.89,-507.35,37.65
EGBB,GCTS,84,-32.39,71.64,-40.44,-2.69,-0.1,0.16,-0.2,0.02,-259.68,337.77,-533.93,61.12
EGBB,LEAL,95,-0.61,11.48,-17.52,17.29,0.02,0.08,-0.12,0.15,39.32,196.68,-277.11,341.82
EGBB,LEBL,64,-7.67,14.85,-22.08,18.06,-0.06,0.08,-0.18,0.08,-150.7,188.87,-440.84,196.35
EGBB,LEIB,66,-16.22,20.45,-50.5,14.68,-0.07,0.1,-0.22,0.07,-175.86,238.25,-539.25,169.85
EGBB,LEMG,82,1.54,12.12,-13.27,19.84,0.09,0.07,-0.03,0.2,218.87,190.43,-83.2,526.0
EGBB,LEPA,159,-1.3,12.87,-23.51,17.82,-0.01,0.09,-0.16,0.12,-29.03,310.0,-392.38,359.58
EGBB,LFPG,114,-0.21,16.89,-35.32,20.57,0.15,0.1,-0.01,0.27,317.33,214.62,-12.82,578.91
EGBB,LGRP,65,4.71,11.19,-12.42,21.28,-0.06,0.08,-0.15,0.05,-140.04,179.1,-370.94,109.2
EGBB,LPFR,102,-8.21,63.02,-19.8,10.79,-0.02,0.16,-0.12,0.08,-43.61,386.59,-278.0,174.58
EGBB,LTAI,97,-1.93,17.52,-20.64,22.34,0.02,0.12,-0.13,0.22,27.55,331.0,-328.0,488.0
EGBB,LTBS,78,14.21,19.1,-16.14,45.76,-0.01,0.1,-0.18,0.16,-57.58,314.11,-452.0,372.8
EGBB,LTFM,59,-20.92,19.34,-45.56,11.16,-0.02,0.08,-0.12,0.1,-50.51,182.73,-293.18,254.16
EGBB,OMDB,60,8.45,20.21,-13.14,45.52,0.17,0.12,-0.01,0.37,1707.54,1332.12,-130.54,4274.3
EGCC,EBBR,51,20.13,10.49,2.95,38.3,-0.03,0.07,-0.13,0.07,-80.05,159.09,-333.3,170.1
EGCC,EBCI,68,6.32,7.82,-5.12,19.76,0.04,0.09,-0.02,0.12,96.57,188.75,-46.96,292.94
EGCC,EDDB,55,6.75,12.72,-15.86,21.88,0.06,0.06,-0.03,0.15,136.77,137.7,-64.22,353.01
EGCC,EDDF,104,-46.94,10.23,-63.4,-30.26,-0.16,0.06,-0.26,-0.09,-439.5,153.12,-685.11,-200.6
EGCC,EDDL,57,-12.26,12.12,-24.54,5.2,-0.0,0.08,-0.11,0.15,-14.94,184.69,-285.6,322.62
EGCC,EDDM,102,2.24,13.76,-17.52,29.24,-0.06,0.08,-0.18,0.06,-146.72,199.02,-453.44,171.15
EGCC,EGAA,190,5.76,9.22,-4.16,24.58,0.01,0.06,-0.1,0.09,28.6,158.44,-250.0,208.4
EGCC,EGAC,127,-4.52,5.69,-10.77,5.28,-0.02,0.05,-0.08,0.05,-25.87,66.06,-85.5,45.0
EGCC,EGHQ,51,2.46,8.23,-7.4,17.95,-0.0,0.07,-0.09,0.07,-1.06,87.44,-103.65,145.5
EGCC,EGLL,158,19.09,10.27,10.2,40.46,0.12,0.1,-0.01,0.31,301.99,257.81,-33.47,746.01
EGCC,EGNS,83,-0.41,7.67,-9.39,11.89,0.02,0.08,-0.08,0.18,23.62,154.14,-198.07,227.09
EGCC,EGPD,94,-5.44,11.79,-29.88,10.94,-0.0,0.08,-0.11,0.1,-9.78,71.65,-112.26,89.1
EGCC,EHAM,323,4.37,7.38,-7.07,16.46,0.04,0.06,-0.05,0.13,101.18,152.86,-113.37,311.28
EGCC,EICK,59,-2.5,16.55,-18.8,14.27,0.09,0.19,-0.0,0.17,215.22,449.15,-5.76,398.16
EGCC,EIDW,340,-10.04,16.14,-35.52,20.63,-0.04,0.1,-0.16,0.12,-75.01,189.18,-326.83,188.02
EGCC,EKCH,144,-12.39,13.66,-33.31,8.67,-0.08,0.06,-0.19,-0.0,-177.83,140.35,-422.74,-2.03
EGCC,ENGM,58,-13.41,17.79,-51.73,5.58,-0.06,0.08,-0.16,0.05,-139.21,190.62,-375.24,118.82
EGCC,GCFV,51,-32.28,12.01,-56.4,-17.7,-0.11,0.08,-0.25,0.02,-388.71,352.58,-1114.5,60.0
EGCC,GCLP,69,12.02,20.14,-7.0,35.08,0.08,0.1,-0.08,0.2,228.3,335.16,-267.1,638.32
EGCC,GCRR,105,-17.64,14.0,-34.54,0.6,-0.05,0.08,-0.18,0.06,-205.03,287.3,-681.3,139.28
EGCC,GCTS,179,-26.81,14.06,-46.94,2.34,-0.06,0.08,-0.2,0.04,-233.76,313.03,-752.16,177.49
EGCC,KJFK,60,0.24,6.24,-4.82,9.94,0.07,0.07,-0.01,0.17,449.0,439.34,-63.04,1070.53
EGCC,KMCO,77,1.17,9.53,-4.04,11.98,0.01,0.06,-0.07,0.11,49.38,354.46,-434.0,616.78
EGCC,LCLK,55,6.37,13.13,-12.46,31.74,-0.02,0.08,-0.15,0.07,-69.02,217.97,-448.01,171.71
EGCC,LCPH,90,10.97,11.62,-6.32,27.93,-0.02,0.06,-0.14,0.06,-78.37,231.19,-445.57,139.8
EGCC,LEAL,216,5.38,12.61,-8.7,20.17,0.08,0.09,-0.03,0.18,211.1,261.25,-96.05,532.65
EGCC,LEBL,138,-6.13,22.49,-23.28,15.13,-0.06,0.07,-0.14,0.05,-140.19,161.93,-373.15,112.6
EGCC,LEIB,129,-17.14,19.57,-44.2,19.42,-0.06,0.09,-0.21,0.09,-189.74,305.71,-754.72,218.56
EGCC,LEMG,160,4.67,12.17,-3.96,31.25,0.09,0.07,-0.02,0.22,233.46,210.28,-49.36,615.58
EGCC,LEMH,65,2.27,12.56,-13.46,26.22,0.0,0.06,-0.09,0.1,15.11,192.05,-252.32,278.68
EGCC,LEPA,275,2.77,11.36,-17.86,22.82,0.02,0.09,-0.12,0.15,52.83,268.89,-386.17,469.64
EGCC,LFPG,198,-1.9,12.39,-32.34,10.53,0.0,0.08,-0.13,0.14,-0.89,190.56,-328.22,318.61
EGCC,LGIR,83,-6.94,11.58,-21.59,10.54,-0.05,0.08,-0.17,0.09,-138.67,256.87,-568.61,215.5
EGCC,LGKF,55,9.76,18.35,-20.18,37.4,0.01,0.11,-0.13,0.19,7.95,291.86,-320.01,434.36
EGCC,LGKO,80,-2.75,12.49,-23.44,23.74,-0.03,0.1,-0.16,0.14,-93.1,315.72,-435.12,414.67
EGCC,LGKR,109,2.8,16.35,-21.44,30.48,-0.01,0.1,-0.17,0.13,-45.17,251.15,-428.8,298.28
EGCC,LGRP,120,9.93,12.63,-8.31,31.07,-0.02,0.08,-0.16,0.09,-91.13,264.29,-572.48,199.2
EGCC,LGZA,61,8.63,24.08,-15.5,38.3,0.0,0.14,-0.15,0.18,-16.18,368.42,-564.5,461.1
EGCC,LIMC,88,-53.72,22.4,-91.52,-10.73,-0.21,0.1,-0.39,-0.05,-519.37,237.08,-943.74,-121.26
EGCC,LIPZ,53,-34.02,16.39,-53.0,-0.2,-0.17,0.09,-0.31,-0.07,-402.29,226.15,-724.98,-160.0
EGCC,LIRP,52,2.08,21.28,-35.24,25.44,-0.03,0.06,-0.13,0.05,-73.18,142.49,-311.57,122.7
EGCC,LKPR,59,-16.42,18.29,-34.22,16.3,-0.01,0.06,-0.1,0.09,-29.29,143.46,-240.0,189.06
EGCC,LMML,71,20.31,18.05,-1.45,45.7,0.02,0.1,-0.13,0.12,33.23,242.59,-309.6,302.7
EGCC,LPFR,164,2.93,8.39,-9.71,19.37,0.04,0.06,-0.07,0.13,123.33,205.13,-160.0,600.0
EGCC,LPPT,115,1.28,19.12,-28.99,37.91,0.13,0.11,-0.03,0.35,289.56,242.33,-70.99,683.0
EGCC,LSGG,80,-11.67,20.48,-27.68,3.51,0.02,0.11,-0.11,0.19,73.87,458.65,-344.3,537.1
EGCC,LSZH,49,2.08,22.77,-35.92,35.06,0.03,0.09,-0.1,0.17,57.31,192.08,-230.76,313.88
EGCC,LTAI,247,-2.7,18.16,-24.79,19.45,0.03,0.11,-0.13,0.18,34.58,324.4,-614.19,437.99
EGCC,LTBS,223,21.3,20.66,-14.82,49.37,0.04,0.09,-0.1,0.17,147.29,303.51,-260.0,620.0
EGCC,LTFM,99,-17.33,19.22,-39.02,13.9,-0.02,0.1,-0.15,0.13,-93.37,354.75,-560.0,388.83
EGCC,OMDB,90,18.23,18.99,-7.98,52.24,0.21,0.13,0.02,0.42,2223.83,1512.93,204.99,4981.2
EGCC,OTHH,77,36.21,26.83,4.24,72.96,0.17,0.09,0.03,0.32,1132.88,706.07,157.72,2528.1
EGFF,EHAM,89,11.93,8.74,-1.58,25.46,0.07,0.07,-0.02,0.17,141.19,145.52,-47.38,375.2
EGGD,EGAA,112,2.83,10.11,-9.69,19.7,-0.02,0.05,-0.1,0.06,-48.3,121.54,-236.75,134.5
EGGD,EGPF,109,5.84,6.74,-3.28,15.92,-0.01,0.07,-0.1,0.06,-31.04,181.99,-233.22,132.38
EGGD,EGPH,121,6.67,7.75,-7.4,20.1,-0.0,0.07,-0.11,0.1,-4.7,160.98,-263.9,221.7
EGGD,EHAM,211,5.53,6.53,-7.7,14.4,0.01,0.06,-0.08,0.1,26.14,132.01,-180.5,242.3
EGGD,EIDW,175,-19.79,13.85,-41.09,1.83,-0.07,0.11,-0.21,0.05,-107.04,164.46,-420.72,98.3
EGGD,GCLP,51,9.53,14.26,-8.5,33.85,0.1,0.06,0.01,0.18,227.74,155.52,18.35,416.15
EGGD,GCRR,60,-15.82,9.13,-26.12,-4.52,-0.04,0.06,-0.14,0.03,-87.2,127.2,-312.97,75.89
EGGD,GCTS,82,-29.87,16.3,-55.97,0.54,-0.07,0.06,-0.16,0.02,-176.49,136.38,-397.84,50.57
EGGD,LEAL,138,-3.6,14.02,-25.86,19.95,0.04,0.08,-0.06,0.15,91.3,180.79,-141.08,369.82
EGGD,LEBL,86,-11.64,14.82,-32.98,12.8,-0.1,0.07,-0.2,0.02,-235.33,161.23,-478.8,41.7
EGGD,LEIB,60,-32.18,18.44,-61.38,-3.48,-0.09,0.09,-0.23,0.04,-213.2,210.6,-532.6,97.17
EGGD,LEMG,130,3.15,21.28,-15.68,40.17,0.1,0.1,0.01,0.25,240.97,250.61,13.4,580.44
EGGD,LEPA,176,-6.75,13.99,-28.85,13.52,-0.0,0.07,-0.12,0.1,-5.22,171.5,-273.42,244.05
EGGD,LFPG,54,-5.73,13.05,-35.16,10.92,-0.04,0.06,-0.17,0.04,-103.57,145.92,-424.4,104.79
EGGD,LGRP,57,9.69,16.49,-13.16,32.18,-0.0,0.07,-0.1,0.1,-8.89,171.57,-236.12,242.02
EGGD,LPFR,131,-0.27,8.19,-11.6,14.2,0.02,0.06,-0.07,0.12,53.97,143.84,-146.65,285.85
EGGD,LTAI,73,-1.91,15.93,-22.46,16.16,0.02,0.08,-0.1,0.16,34.31,188.83,-240.0,349.0
EGGD,LTBS,69,16.23,23.8,-19.98,52.9,0.01,0.08,-0.1,0.14,36.13,182.86,-246.0,314.56
EGGP,EGAA,160,8.19,9.04,0.3,25.02,0.03,0.06,-0.04,0.12,68.44,137.61,-89.4,291.7
EGGP,EGAC,55,-0.34,4.89,-7.44,6.36,-0.01,0.06,-0.07,0.05,-14.28,140.18,-154.5,110.0
EGGP,EGNS,96,0.04,6.8,-6.72,11.58,0.04,0.07,-0.05,0.18,46.13,116.85,-119.88,238.0
EGGP,EIDW,203,-12.05,14.27,-31.17,13.22,-0.03,0.13,-0.15,0.11,-63.83,282.76,-328.56,259.07
EGGP,LEAL,70,3.21,11.77,-12.02,26.73,0.07,0.07,-0.05,0.2,165.99,160.0,-109.56,459.16
EGGP,LEMG,77,3.37,18.98,-10.82,37.12,0.11,0.08,0.0,0.25,248.61,194.62,5.12,556.96
EGGP,LEPA,73,2.91,11.15,-12.64,21.8,0.05,0.06,-0.04,0.14,116.74,145.28,-81.18,343.06
EGGP,LPFR,81,-0.64,9.15,-11.4,12.1,0.01,0.05,-0.06,0.1,29.37,129.56,-150.7,246.6
EGGW,EGAA,112,12.51,9.08,2.1,27.69,0.03,0.06,-0.07,0.1,63.33,131.72,-161.27,255.44
EGGW,EGPE,51,25.59,11.56,5.8,43.95,0.09,0.04,0.02,0.15,211.59,87.61,56.0,346.8
EGGW,EGPF,79,18.44,8.67,10.49,33.21,0.07,0.07,-0.02,0.17,154.29,156.42,-43.4,406.36
EGGW,EGPH,99,21.75,7.52,10.8,36.66,0.06,0.08,-0.07,0.17,137.62,188.17,-160.17,410.97
EGGW,EHAM,178,8.13,5.2,0.5,16.8,0.02,0.05,-0.05,0.09,47.86,107.29,-122.36,217.11
EGGW,EIDW,106,-9.77,21.8,-37.2,28.5,-0.05,0.1,-0.16,0.13,-104.53,233.44,-363.68,305.3
EGGW,EPGD,60,-32.6,13.17,-52.13,-13.98,-0.07,0.05,-0.15,0.0,-174.0,119.6,-375.0,0.0
EGGW,EPKK,60,-20.59,14.64,-42.42,3.44,-0.03,0.05,-0.1,0.05,-65.59,123.52,-232.24,106.75
EGGW,EPKT,60,-14.53,15.52,-36.46,9.98,-0.01,0.04,-0.08,0.07,-26.27,117.5,-208.3,167.69
EGGW,EPLB,51,0.85,15.72,-28.05,22.7,0.06,0.08,-0.02,0.14,128.22,177.72,-55.3,317.5
EGGW,EPWA,83,-27.35,17.74,-54.69,1.59,-0.07,0.07,-0.16,0.04,-175.98,172.46,-410.19,115.53
EGGW,EYKA,52,-18.51,12.95,-36.17,6.03,-0.04,0.05,-0.11,0.04,-95.99,113.78,-263.5,93.12
EGGW,EYVI,60,15.22,10.14,-2.63,30.73,0.07,0.04,0.0,0.15,173.11,108.98,0.0,375.0
EGGW,LATI,72,-30.53,17.19,-48.13,-4.97,-0.06,0.08,-0.16,0.07,-144.18,210.66,-405.98,200.72
EGGW,LBSF,73,-27.63,16.74,-53.18,-1.82,-0.03,0.06,-0.11,0.08,-87.6,159.4,-288.04,198.08
EGGW,LCLK,55,4.83,10.78,-9.92,20.0,0.03,0.08,-0.07,0.12,80.94,192.05,-171.68,291.7
EGGW,LDSP,60,-3.92,32.36,-29.35,34.1,0.03,0.16,-0.07,0.1,71.06,390.38,-170.75,248.54
EGGW,LEAL,94,-2.6,11.42,-17.7,16.81,0.05,0.06,-0.04,0.15,117.8,141.87,-101.64,372.08
EGGW,LEBL,81,-7.48,13.18,-22.9,19.5,-0.07,0.08,-0.18,0.06,-158.43,184.52,-414.7,146.9
EGGW,LEMG,118,10.72,18.46,-2.17,43.95,0.11,0.09,0.0,0.27,256.08,199.08,0.69,634.8
EGGW,LEPA,140,-3.46,15.26,-21.52,16.96,0.03,0.08,-0.09,0.15,65.35,204.02,-213.61,364.99
EGGW,LFMN,64,-5.3,11.34,-19.34,17.5,0.02,0.04,-0.06,0.09,40.11,104.94,-147.94,224.44
EGGW,LFPG,108,-21.56,18.4,-50.8,2.47,-0.07,0.09,-0.2,0.05,-213.81,286.54,-740.0,122.39
EGGW,LHBP,91,-16.95,25.02,-35.8,9.05,-0.01,0.08,-0.1,0.1,-14.23,201.69,-261.45,254.5
EGGW,LLBG,109,4.37,13.84,-20.3,23.26,-0.0,0.08,-0.13,0.12,-10.88,198.24,-314.68,268.36
EGGW,LPFR,109,6.29,9.03,-3.46,19.96,0.05,0.06,-0.02,0.14,123.21,130.44,-41.7,340.36
EGGW,LPPT,120,7.6,20.13,-19.5,48.4,0.11,0.1,-0.03,0.27,258.42,231.81,-83.3,625.0
EGGW,LRCL,68,-1.82,9.37,-14.96,14.12,-0.02,0.06,-0.1,0.09,-39.37,145.77,-252.1,220.24
EGGW,LRIA,68,5.24,14.12,-10.2,38.81,0.04,0.06,-0.04,0.14,103.46,152.77,-111.52,357.39
EGGW,LROP,111,-43.23,13.03,-58.35,-22.2,-0.11,0.06,-0.22,-0.02,-265.01,147.91,-562.5,-46.7
EGGW,LSGG,54,-22.19,12.25,-41.26,-2.93,-0.03,0.1,-0.18,0.15,-62.45,239.76,-413.98,354.93
EGHH,LEPA,52,0.69,17.5,-25.92,21.12,0.04,0.05,-0.04,0.11,91.76,115.86,-89.82,259.67
EGHI,EGAC,55,-9.72,7.44,-21.49,0.86,0.01,0.04,-0.05,0.08,9.0,38.47,-49.5,69.0
EGHI,EGJB,105,5.21,9.5,0.0,29.1,0.03,0.05,-0.03,0.09,25.18,42.7,-26.74,74.88
EGHI,EGJJ,97,0.46,3.13,-1.0,7.64,0.04,0.03,0.02,0.08,33.72,21.45,12.92,71.14
EGHI,EGNT,72,18.21,7.83,6.58,32.47,-0.03,0.07,-0.13,0.08,-33.75,81.52,-180.0,100.13
EGHI,EGPF,100,19.27,9.21,6.6,33.35,-0.01,0.06,-0.1,0.09,-15.59,83.54,-139.17,117.88
EGHI,EGPH,123,22.15,8.73,7.79,35.69,-0.01,0.08,-0.13,0.14,-6.35,112.93,-172.85,202.46
EGHI,EHAM,60,5.8,7.91,-6.24,18.59,0.04,0.05,-0.04,0.12,68.26,97.58,-68.18,229.29
EGHI,EIDW,56,-11.73,16.3,-44.75,12.42,-0.01,0.09,-0.15,0.14,-0.63,97.19,-134.35,126.68
EGHQ,EGCC,50,7.52,11.63,-17.11,20.73,0.04,0.08,-0.06,0.21,65.34,140.86,-106.18,271.6
EGHQ,EGKK,78,16.24,8.41,1.19,28.81,0.11,0.11,-0.01,0.32,100.7,97.59,-8.28,284.77
EGJB,EGHI,104,7.11,7.22,0.0,21.84,0.06,0.07,-0.02,0.14,53.04,58.8,-16.18,122.73
EGJB,EGJJ,83,0.0,0.0,0.0,0.0,0.01,0.0,0.0,0.02,6.11,3.76,1.2,12.95
EGJB,EGKK,171,12.53,10.48,-5.45,30.1,0.14,0.12,-0.02,0.38,201.61,200.31,-20.0,610.0
EGJB,EGNX,18,-5.41,6.76,-16.55,5.73,-0.09,0.09,-0.18,-0.03,-84.86,77.01,-162.65,-28.45
EGJJ,EGHI,97,6.82,6.73,0.0,22.22,0.07,0.05,0.0,0.15,61.66,43.96,0.5,125.04
EGJJ,EGJB,84,0.0,0.0,0.0,0.0,0.0,0.0,0.0,0.02,3.4,3.45,0.2,13.26
EGJJ,EGKK,122,15.57,10.39,1.01,30.58,0.03,0.13,-0.11,0.28,69.56,286.95,-251.65,641.03
EGJJ,EGLL,128,19.38,6.72,13.97,33.85,0.11,0.1,-0.08,0.28,257.01,230.79,-170.62,619.46
EGKK,CYYZ,59,3.97,9.23,-8.3,18.45,0.02,0.06,-0.06,0.14,66.75,324.97,-329.97,642.36
EGKK,EDDB,78,9.56,14.37,-15.51,28.37,0.04,0.06,-0.07,0.12,84.94,134.16,-164.86,280.95
EGKK,EDDF,57,-51.12,24.14,-67.1,-27.42,-0.21,0.08,-0.31,-0.1,-531.36,220.21,-775.8,-239.44
EGKK,EGAA,147,-0.77,11.39,-15.43,21.19,-0.01,0.05,-0.08,0.08,-32.46,112.69,-189.47,174.3
EGKK,EGAC,85,-6.27,9.82,-19.76,13.26,-0.04,0.06,-0.12,0.03,-91.77,140.07,-256.68,73.4
EGKK,EGHQ,78,3.36,9.74,-10.93,17.99,0.02,0.06,-0.09,0.1,14.72,58.14,-80.72,89.74
EGKK,EGJB,171,5.98,14.16,-17.9,29.75,-0.01,0.11,-0.19,0.13,22.51,139.07,-169.9,240.0
EGKK,EGJJ,122,5.79,9.57,-2.69,22.89,0.03,0.05,-0.04,0.11,75.07,117.37,-92.86,251.8
EGKK,EGNS,50,-4.23,7.09,-15.06,7.21,-0.01,0.08,-0.12,0.08,-28.73,171.53,-262.44,180.09
EGKK,EGPD,61,3.76,13.52,-18.8,25.8,0.02,0.07,-0.12,0.11,41.0,154.43,-254.9,232.8
EGKK,EGPE,76,14.93,16.27,-7.7,41.03,0.04,0.06,-0.05,0.13,80.87,136.66,-104.48,277.55
EGKK,EGPF,169,8.4,12.66,-6.54,33.48,0.03,0.11,-0.06,0.13,60.39,262.03,-136.44,305.88
EGKK,EGPH,133,8.29,9.63,-6.78,23.5,0.02,0.07,-0.06,0.13,44.11,174.57,-157.34,336.54
EGKK,EHAM,223,3.56,7.91,-5.3,16.78,0.0,0.06,-0.09,0.1,11.37,147.41,-206.71,229.58
EGKK,EIDW,326,-19.77,23.22,-51.32,16.08,-0.08,0.12,-0.23,0.06,-196.01,285.23,-528.7,151.05
EGKK,EKCH,190,-12.41,11.69,-33.3,4.58,-0.11,0.05,-0.21,-0.04,-252.14,118.96,-464.38,-89.02
EGKK,ENBR,54,-18.3,12.57,-36.44,2.27,-0.07,0.06,-0.19,0.02,-175.46,141.07,-450.76,55.85
EGKK,ENGM,108,-12.99,15.43,-36.25,15.44,-0.07,0.07,-0.17,0.06,-178.3,163.7,-396.35,145.24
EGKK,EPKK,60,-18.33,34.15,-45.36,11.01,-0.05,0.13,-0.13,0.07,-120.5,326.85,-376.4,189.86
EGKK,ESSA,100,-3.28,13.85,-24.44,19.64,-0.01,0.07,-0.09,0.11,-12.9,166.48,-226.9,268.9
EGKK,EVRA,51,6.09,15.11,-6.55,25.65,0.06,0.07,-0.02,0.21,114.63,142.41,-31.45,394.0
EGKK,GCLP,62,12.38,13.75,-0.76,37.64,0.1,0.07,-0.01,0.21,248.25,169.61,-33.08,500.84
EGKK,GCRR,112,-12.86,12.0,-28.04,8.84,-0.03,0.08,-0.17,0.08,-81.7,185.39,-415.43,194.66
EGKK,GCTS,136,-20.15,11.53,-32.62,1.3,-0.07,0.09,-0.19,0.07,-172.1,244.47,-484.0,174.78
EGKK,GMMX,118,1.63,13.19,-15.2,23.06,0.05,0.08,-0.06,0.19,113.28,197.95,-153.68,418.92
EGKK,KJFK,114,1.01,11.22,-12.65,16.21,0.07,0.08,-0.06,0.19,328.9,438.12,-283.7,1115.1
EGKK,KMCO,73,1.8,8.05,-5.74,15.7,0.06,0.05,-0.03,0.14,385.05,317.45,-173.96,891.72
EGKK,LCLK,101,19.84,17.86,-2.6,41.4,0.04,0.09,-0.09,0.17,104.72,222.72,-225.0,420.0
EGKK,LCPH,134,23.45,11.57,2.85,40.05,-0.02,0.07,-0.14,0.08,-42.08,181.99,-351.4,237.84
EGKK,LDDU,122,5.11,10.67,-8.28,21.56,0.02,0.06,-0.08,0.11,48.63,162.15,-190.55,278.43
EGKK,LDSP,88,8.78,15.03,-16.76,27.15,0.04,0.06,-0.04,0.13,92.95,134.53,-102.76,289.85
EGKK,LEAL,232,6.31,14.9,-5.61,24.24,0.07,0.08,-0.03,0.16,162.79,198.96,-68.04,396.2
EGKK,LEBB,104,-15.47,22.49,-43.47,30.76,-0.01,0.05,-0.1,0.07,-28.91,134.28,-254.42,167.11
EGKK,LEBL,338,-3.47,17.12,-20.52,17.84,-0.05,0.08,-0.16,0.06,-120.57,190.13,-374.4,155.22
EGKK,LEIB,153,-22.51,17.22,-47.48,6.96,-0.05,0.08,-0.17,0.08,-108.56,196.03,-400.1,193.82
EGKK,LEMD,164,-5.86,21.12,-48.6,32.62,0.04,0.1,-0.1,0.22,95.25,249.81,-250.0,538.44
EGKK,LEMG,347,7.31,19.66,-22.55,43.51,0.1,0.09,-0.02,0.25,247.2,208.01,-41.09,647.55
EGKK,LEMH,130,-2.82,11.59,-26.04,20.08,-0.0,0.06,-0.1,0.11,-5.02,151.72,-235.4,251.93
EGKK,LEMI,58,-35.95,17.91,-50.32,4.2,-0.08,0.09,-0.18,0.09,-186.96,200.84,-427.38,209.94
EGKK,LEPA,249,0.11,10.93,-19.48,19.86,0.02,0.06,-0.07,0.12,47.61,148.37,-166.36,293.02
EGKK,LEVC,111,1.81,11.49,-9.35,17.15,0.01,0.06,-0.08,0.11,23.88,139.52,-175.35,259.35
EGKK,LEZL,111,3.82,7.64,-6.5,16.95,0.04,0.06,-0.05,0.13,86.19,136.81,-110.15,328.5
EGKK,LFBD,101,-9.37,13.86,-29.8,10.9,0.02,0.09,-0.09,0.12,47.99,226.85,-190.7,291.5
EGKK,LFLL,57,1.86,13.91,-14.3,20.8,-0.09,0.07,-0.19,0.01,-212.75,163.02,-449.16,28.68
EGKK,LFML,52,7.94,15.52,-9.92,31.07,0.02,0.07,-0.07,0.12,37.11,152.49,-160.8,285.77
EGKK,LFMN,214,6.28,13.05,-7.62,31.57,0.06,0.07,-0.03,0.18,161.87,187.31,-78.54,427.9
EGKK,LFMT,61,-8.76,15.87,-33.3,17.0,-0.1,0.06,-0.19,0.01,-227.57,136.75,-443.1,29.9
EGKK,LFPG,112,-1.23,18.12,-28.62,21.39,-0.0,0.12,-0.12,0.11,-12.28,261.85,-275.44,255.52
EGKK,LFPO,65,-33.6,14.93,-52.22,-10.32,-0.07,0.08,-0.19,0.03,-184.0,204.1,-481.78,92.0
EGKK,LFSB,55,3.79,7.52,-7.23,14.29,-0.07,0.06,-0.17,-0.01,-169.47,129.1,-414.08,-13.22
EGKK,LGAV,144,-1.48,30.46,-32.26,27.72,0.01,0.13,-0.13,0.14,27.24,318.26,-334.58,337.41
EGKK,LGIR,116,1.35,11.38,-13.4,19.55,-0.02,0.07,-0.11,0.1,-43.44,182.06,-274.27,253.02
EGKK,LGKF,70,14.2,18.45,-14.51,29.75,0.09,0.11,-0.07,0.27,210.76,258.35,-162.98,597.22
EGKK,LGKO,80,8.48,14.89,-12.03,31.43,0.01,0.07,-0.11,0.13,27.24,206.49,-316.0,342.71
EGKK,LGKR,122,11.21,14.05,-6.92,33.48,0.02,0.09,-0.1,0.15,60.29,219.78,-254.24,383.09
EGKK,LGRP,139,11.0,9.82,-6.1,26.74,-0.01,0.07,-0.14,0.1,-9.11,177.99,-341.53,261.87
EGKK,LGSA,63,13.67,23.73,-9.96,32.7,0.03,0.12,-0.16,0.2,86.69,286.13,-390.37,489.08
EGKK,LGSR,76,17.12,12.15,-4.1,34.9,0.05,0.08,-0.09,0.16,115.94,186.97,-215.1,402.98
EGKK,LGTS,86,3.2,19.53,-32.35,33.88,0.01,0.08,-0.13,0.13,9.71,195.12,-316.62,310.78
EGKK,LGZA,50,29.31,13.73,6.27,47.44,0.09,0.09,-0.06,0.23,222.53,218.07,-134.28,542.64
EGKK,LHBP,50,-9.18,14.3,-25.96,13.9,-0.0,0.06,-0.09,0.09,-9.76,134.25,-210.02,215.39
EGKK,LIBD,55,9.12,44.82,-38.48,42.18,0.02,0.19,-0.2,0.2,48.01,491.64,-552.93,490.69
EGKK,LICC,90,-36.26,30.66,-70.18,21.33,-0.04,0.1,-0.17,0.15,-97.49,244.22,-405.98,374.28
EGKK,LIEO,51,-76.01,13.7,-94.15,-59.75,-0.26,0.07,-0.37,-0.14,-599.11,171.77,-858.85,-319.85
EGKK,LIMC,197,-56.24,21.79,-88.84,-11.5,-0.23,0.1,-0.37,-0.05,-548.65,245.68,-883.32,-134.52
EGKK,LIPX,75,-13.33,10.3,-26.4,5.52,-0.04,0.05,-0.12,0.04,-93.27,126.29,-283.99,107.31
EGKK,LIPZ,110,-32.21,52.28,-55.88,5.26,-0.17,0.14,-0.3,-0.03,-426.8,340.64,-708.36,-74.7
EGKK,LIRF,211,-43.66,23.8,-75.15,-8.7,-0.12,0.09,-0.23,-0.03,-300.51,219.21,-572.55,-73.3
EGKK,LIRN,89,-23.4,21.86,-57.68,4.88,-0.08,0.09,-0.2,0.07,-187.47,214.49,-500.0,173.92
EGKK,LIRP,70,8.5,24.37,-39.34,42.06,-0.03,0.07,-0.12,0.07,-59.2,165.5,-297.07,160.49
EGKK,LIRQ,60,-8.47,11.61,-28.62,7.74,-0.04,0.07,-0.13,0.07,-97.44,147.83,-293.3,148.53
EGKK,LMML,133,18.0,21.11,-7.86,44.46,0.04,0.09,-0.09,0.17,100.51,209.52,-230.7,450.42
EGKK,LOWW,59,18.16,14.65,0.83,35.01,0.06,0.06,-0.02,0.14,150.88,149.74,-45.86,337.56
EGKK,LPFR,306,4.88,9.42,-5.95,23.05,0.04,0.06,-0.05,0.15,105.45,158.48,-136.25,373.4
EGKK,LPMA,51,0.88,13.12,-14.15,23.7,0.06,0.15,-0.1,0.26,151.18,357.08,-249.95,645.85
EGKK,LPPR,112,6.18,25.44,-24.73,38.65,0.05,0.18,-0.07,0.21,126.27,415.79,-166.7,514.6
EGKK,LPPT,140,1.16,17.0,-24.32,29.92,0.1,0.11,-0.05,0.27,232.2,249.14,-127.08,623.3
EGKK,LSGG,142,-19.64,11.8,-38.29,-1.63,-0.04,0.1,-0.19,0.14,-87.38,244.66,-434.02,340.55
EGKK,LSZH,52,4.22,13.34,-15.35,27.3,0.02,0.08,-0.08,0.18,50.56,178.47,-194.52,394.42
EGKK,LTAI,245,6.79,16.17,-14.38,31.76,0.04,0.11,-0.13,0.2,99.86,279.03,-333.4,498.0
EGKK,LTBS,206,33.25,21.01,-3.8,60.8,0.05,0.09,-0.12,0.18,130.69,232.58,-280.0,458.4
EGKK,LTFE,62,28.1,22.98,-6.35,56.36,0.06,0.09,-0.07,0.18,143.09,214.22,-166.7,421.45
EGKK,LTFM,116,-13.8,20.47,-40.25,22.98,-0.02,0.08,-0.14,0.13,-52.53,197.63,-343.8,333.3
EGKK,LXGB,55,1.93,9.85,-11.16,21.16,0.04,0.08,-0.05,0.17,99.93,202.27,-115.97,409.8
EGKK,MMUN,56,3.69,7.62,-4.82,15.77,0.03,0.04,-0.03,0.1,165.72,272.94,-196.88,634.33
EGKK,OMDB,90,24.9,16.32,1.69,52.36,0.17,0.1,-0.02,0.35,2004.04,1259.0,-245.17,4142.81
EGKK,OTHH,69,41.03,24.29,10.32,83.82,0.13,0.09,-0.02,0.26,767.85,562.44,-113.86,1664.26
EGLC,EDDB,82,15.03,12.56,-4.8,33.47,0.13,0.05,0.05,0.21,290.26,112.62,114.42,456.43
EGLC,EDDF,158,-52.63,19.48,-79.45,-16.44,-0.17,0.12,-0.35,0.01,-367.07,259.2,-761.7,21.63
EGLC,EDDL,62,-17.97,13.78,-35.66,6.1,0.07,0.06,0.0,0.16,150.4,122.79,2.91,349.46
EGLC,EGAC,78,-2.57,4.95,-8.62,2.76,0.09,0.03,0.05,0.13,187.57,61.12,104.51,293.4
EGLC,EGPF,119,9.49,6.62,3.3,18.33,0.12,0.05,0.07,0.2,259.27,102.71,150.18,429.6
EGLC,EGPH,206,11.72,5.94,1.82,23.15,0.11,0.05,0.06,0.2,244.07,108.61,125.45,437.15
EGLC,EHAM,330,7.86,5.32,-0.03,18.1,0.09,0.06,-0.01,0.19,192.19,136.45,-21.52,407.57
EGLC,EHRD,100,7.06,9.26,-7.5,22.03,0.12,0.04,0.05,0.19,254.5,94.77,100.71,411.39
EGLC,EIDW,128,-3.46,13.88,-27.5,21.32,0.07,0.08,-0.01,0.2,159.14,170.64,-30.72,434.52
EGLC,ELLX,141,2.91,8.14,-11.4,14.1,-0.01,0.04,-0.08,0.07,-13.76,50.61,-90.8,77.3
EGLC,LEIB,57,-24.66,19.84,-52.42,7.18,0.01,0.06,-0.09,0.1,11.29,130.6,-192.68,224.64
EGLC,LFMN,51,-2.55,19.55,-27.0,24.25,0.13,0.08,0.02,0.25,282.95,165.97,43.7,556.1
EGLC,LIRQ,56,-9.09,15.43,-30.9,18.82,0.05,0.06,-0.03,0.17,111.01,131.11,-73.32,366.6
EGLC,LSGG,9,-20.16,7.31,-26.68,-8.7,0.11,0.08,0.01,0.23,250.53,183.41,30.86,515.72
EGLC,LSZH,64,-5.54,12.2,-23.18,11.37,0.09,0.09,0.01,0.23,205.88,190.1,32.67,516.44
EGLL,BIKF,63,14.06,11.13,-1.53,28.31,0.09,0.08,0.0,0.22,286.09,285.47,1.82,729.41
EGLL,CYUL,87,2.11,5.69,-7.12,10.97,0.04,0.05,-0.04,0.11,232.71,285.53,-238.21,596.14
EGLL,CYVR,59,-0.26,17.23,-7.07,8.66,0.02,0.05,-0.02,0.08,156.01,392.13,-143.15,556.86
EGLL,CYYC,60,2.9,4.81,-5.35,9.87,0.03,0.04,-0.01,0.09,184.52,215.42,-74.89,496.46
EGLL,CYYZ,180,2.24,5.45,-7.5,11.31,0.03,0.05,-0.05,0.11,204.57,301.19,-321.01,688.03
EGLL,DAAG,50,9.33,7.79,2.8,23.99,0.07,0.08,-0.01,0.19,237.0,377.96,-49.02,876.58
EGLL,DNMM,60,1.11,6.89,-6.26,9.71,-0.02,0.05,-0.09,0.06,-82.53,301.11,-522.8,372.04
EGLL,EBBR,188,23.62,10.64,0.7,38.99,0.05,0.06,-0.05,0.14,114.0,156.01,-124.76,342.62
EGLL,EDDB,143,17.05,12.0,-0.04,34.29,0.08,0.05,-0.0,0.15,180.62,128.13,-7.4,360.84
EGLL,EDDF,430,-47.44,23.02,-72.72,-20.39,-0.18,0.1,-0.3,-0.06,-429.58,274.7,-715.35,-131.32
EGLL,EDDH,174,-30.23,16.92,-57.24,1.58,-0.14,0.1,-0.32,-0.01,-331.85,214.18,-698.07,-27.25
EGLL,EDDK,77,-22.74,10.66,-35.22,-3.36,-0.12,0.06,-0.19,-0.02,-265.46,128.55,-422.58,-56.28
EGLL,EDDL,212,-17.64,11.42,-34.9,1.49,-0.01,0.07,-0.1,0.08,-31.05,143.91,-224.9,177.84
EGLL,EDDM,402,11.05,12.79,-3.2,35.04,-0.07,0.08,-0.18,0.06,-171.29,190.11,-432.92,137.68
EGLL,EDDS,135,-16.94,15.5,-39.53,5.06,-0.05,0.09,-0.2,0.08,-105.72,196.87,-434.62,180.94
EGLL,EDDV,61,11.53,20.03,-10.8,40.5,0.04,0.08,-0.06,0.16,103.06,188.11,-139.5,356.9
EGLL,EFHK,127,3.57,10.19,-14.59,19.87,0.03,0.06,-0.08,0.12,131.24,315.34,-406.65,680.22
EGLL,EGAC,169,-0.09,7.02,-8.96,15.64,0.05,0.04,0.0,0.1,123.24,88.41,0.0,250.0
EGLL,EGAE,81,3.65,5.8,-3.1,12.8,-0.1,0.05,-0.16,-0.0,-135.99,62.41,-214.5,-3.0
EGLL,EGCC,159,14.2,5.19,6.78,24.1,0.08,0.05,0.02,0.16,199.83,118.53,49.02,418.96
EGLL,EGJJ,128,-0.71,6.62,-5.06,6.01,0.06,0.05,-0.01,0.14,134.44,115.35,-21.3,314.74
EGLL,EGNT,120,13.04,6.52,1.28,22.32,0.02,0.05,-0.05,0.11,53.7,116.16,-125.0,235.61
EGLL,EGPD,151,11.23,8.39,-4.15,22.05,0.07,0.08,-0.03,0.15,165.82,199.94,-78.55,382.0
EGLL,EGPE,57,19.9,10.01,3.96,34.4,0.08,0.04,0.03,0.13,189.32,86.72,64.9,315.28
EGLL,EGPF,237,11.57,6.02,3.6,22.76,0.06,0.06,-0.01,0.13,140.24,135.27,-23.5,335.4
EGLL,EGPH,311,14.59,8.02,3.15,25.7,0.06,0.06,-0.02,0.14,145.0,143.89,-47.6,340.45
EGLL,EHAM,457,9.97,16.82,3.4,18.94,0.06,0.09,-0.04,0.16,135.73,193.93,-84.38,381.52
EGLL,EICK,112,3.38,6.59,-3.19,11.72,-0.01,0.06,-0.1,0.08,-32.45,144.17,-262.32,190.11
EGLL,EIDW,500,0.21,16.0,-25.32,28.55,-0.02,0.09,-0.13,0.13,-44.14,214.76,-315.38,303.53
EGLL,EINN,84,2.3,8.54,-5.28,21.06,-0.02,0.04,-0.07,0.05,-38.3,103.61,-177.98,126.25
EGLL,EKCH,273,-6.96,10.47,-26.08,8.2,-0.07,0.05,-0.15,0.01,-166.51,115.78,-344.86,17.06
EGLL,ENGM,219,-11.83,15.24,-38.91,11.15,-0.02,0.07,-0.13,0.09,-49.4,182.94,-306.77,228.74
EGLL,EPWA,171,-30.89,18.65,-58.6,-6.8,-0.05,0.06,-0.14,0.07,-112.4,148.54,-326.05,149.6
EGLL,ESGG,80,-5.32,9.52,-29.12,5.3,0.0,0.05,-0.1,0.08,0.82,125.46,-223.04,183.52
EGLL,ESSA,246,2.77,12.87,-16.7,27.68,0.04,0.08,-0.06,0.16,98.83,179.57,-143.45,372.12
EGLL,FAOR,91,-7.72,10.94,-22.3,10.8,-0.05,0.06,-0.15,0.04,-353.48,538.07,-1221.65,433.35
EGLL,HECA,120,20.19,22.72,-3.48,48.14,0.06,0.11,-0.09,0.26,353.16,680.53,-240.85,1898.21
EGLL,HKJK,73,-29.82,23.52,-82.28,-0.12,-0.07,0.08,-0.22,0.04,-353.71,433.71,-1142.8,260.36
EGLL,KATL,115,0.68,6.54,-7.27,8.61,0.01,0.06,-0.08,0.12,57.14,354.79,-502.74,697.34
EGLL,KBOS,235,-4.3,93.25,-7.9,11.52,-0.01,0.2,-0.09,0.11,-49.7,1173.59,-633.6,708.15
EGLL,KCLT,89,1.87,7.31,-7.68,11.84,-0.05,0.05,-0.12,0.03,-346.85,353.59,-799.68,199.48
EGLL,KDEN,90,3.33,5.99,-5.46,12.26,0.03,0.04,-0.04,0.1,171.36,243.8,-246.98,538.96
EGLL,KDFW,147,2.73,5.37,-5.16,12.91,-0.06,0.06,-0.14,0.03,-449.57,474.75,-1123.43,360.0
EGLL,KDTW,50,1.48,8.84,-7.48,6.79,0.04,0.05,-0.04,0.13,240.46,313.56,-262.33,799.98
EGLL,KEWR,264,2.07,8.01,-7.44,14.25,0.12,0.09,-0.03,0.25,712.3,552.05,-169.29,1589.12
EGLL,KIAD,176,2.69,7.88,-6.78,13.45,0.0,0.06,-0.08,0.09,15.72,415.08,-657.82,644.38
EGLL,KIAH,112,2.74,5.82,-6.6,11.21,0.02,0.06,-0.08,0.08,98.62,368.2,-454.78,512.18
EGLL,KJFK,659,1.52,6.6,-7.62,10.52,0.04,0.07,-0.06,0.17,235.09,480.07,-427.38,1103.51
EGLL,KLAS,60,1.03,8.23,-13.26,10.34,0.01,0.05,-0.07,0.08,70.2,277.53,-365.08,468.91
EGLL,KLAX,353,3.24,7.76,-7.32,12.92,0.0,0.06,-0.09,0.09,-10.74,392.84,-701.56,555.18
EGLL,KMIA,132,1.18,5.8,-5.54,9.34,-0.04,0.07,-0.17,0.04,-310.7,624.23,-1149.62,433.17
EGLL,KORD,259,3.61,7.59,-6.64,17.22,-0.01,0.06,-0.11,0.08,-65.22,381.89,-601.65,516.41
EGLL,KPHL,87,2.91,6.28,-5.51,12.51,-0.0,0.06,-0.08,0.09,-15.77,372.28,-486.87,513.98
EGLL,KPHX,59,3.83,13.61,-7.25,16.99,-0.01,0.07,-0.1,0.1,-53.38,470.35,-648.05,687.13
EGLL,KSEA,148,3.71,5.79,-5.36,13.6,-0.0,0.06,-0.1,0.08,-5.85,360.77,-640.28,487.21
EGLL,KSFO,204,3.72,6.2,-6.06,13.19,0.01,0.05,-0.06,0.1,99.59,378.41,-408.57,828.6
EGLL,LCLK,115,19.44,11.65,2.36,33.09,0.03,0.05,-0.06,0.12,83.61,135.71,-151.55,311.49
EGLL,LEBL,205,-2.66,9.92,-13.68,17.44,-0.01,0.07,-0.12,0.12,-27.17,178.77,-293.04,290.64
EGLL,LEIB,65,-14.09,16.44,-37.32,5.34,-0.01,0.07,-0.09,0.11,-16.57,162.75,-218.08,250.64
EGLL,LEMD,356,-5.54,21.13,-48.35,27.05,-0.0,0.1,-0.15,0.16,-22.98,335.6,-491.65,458.8
EGLL,LEMG,73,8.14,15.49,-1.98,43.16,0.09,0.09,-0.02,0.2,231.99,216.21,-39.44,495.24
EGLL,LEPA,83,2.69,11.47,-13.82,20.13,0.05,0.06,-0.03,0.15,131.28,157.92,-75.55,385.83
EGLL,LFBO,78,-4.8,16.66,-30.86,14.6,0.05,0.08,-0.04,0.17,127.87,190.7,-112.1,387.5
EGLL,LFLL,62,2.73,8.24,-7.78,16.78,-0.06,0.05,-0.13,0.04,-147.7,125.18,-300.59,87.84
EGLL,LFML,119,7.63,16.74,-14.91,41.55,0.09,0.08,-0.02,0.21,206.05,180.82,-38.96,462.72
EGLL,LFMN,207,6.86,17.18,-9.03,34.5,0.08,0.17,-0.03,0.21,194.12,372.47,-81.85,530.7
EGLL,LFPG,335,-8.76,14.18,-40.0,9.28,0.05,0.07,-0.08,0.16,121.35,186.46,-196.17,397.03
EGLL,LFSB,75,3.11,11.93,-10.62,17.5,-0.0,0.07,-0.11,0.08,-5.38,156.57,-271.11,190.07
EGLL,LGAV,225,-4.91,21.15,-38.94,32.1,-0.02,0.09,-0.15,0.14,-59.11,225.31,-377.08,327.5
EGLL,LGKR,69,30.63,16.22,2.92,53.62,0.07,0.12,-0.08,0.19,171.12,291.83,-188.12,467.5
EGLL,LHBP,106,-13.23,14.86,-31.88,9.18,0.01,0.07,-0.09,0.11,25.67,166.48,-204.75,253.25
EGLL,LIMC,113,-44.5,29.47,-80.12,3.98,-0.14,0.13,-0.28,0.09,-363.19,369.41,-682.42,260.7
EGLL,LIML,188,14.89,23.01,-19.16,48.1,0.03,0.07,-0.07,0.15,75.92,170.75,-152.14,385.65
EGLL,LIPE,55,-11.36,15.61,-34.49,16.1,-0.02,0.06,-0.1,0.1,-39.95,157.9,-256.55,229.0
EGLL,LIPZ,107,-42.36,14.08,-61.53,-13.01,-0.17,0.07,-0.27,-0.04,-413.4,168.41,-660.03,-83.9
EGLL,LIRF,225,-38.73,26.56,-59.8,-6.84,-0.1,0.11,-0.21,0.02,-235.95,281.37,-523.92,38.3
EGLL,LIRN,78,-31.73,19.7,-65.73,-0.07,-0.07,0.08,-0.17,0.12,-179.19,208.85,-421.28,293.26
EGLL,LIRP,62,-4.62,26.84,-51.76,34.6,0.01,0.07,-0.09,0.15,20.82,174.24,-232.98,365.06
EGLL,LKPR,128,-12.43,11.88,-29.69,10.36,-0.01,0.06,-0.09,0.09,-19.7,133.59,-215.94,215.94
EGLL,LLBG,153,10.46,16.0,-10.06,37.12,0.03,0.1,-0.13,0.18,137.96,582.7,-778.16,1030.36
EGLL,LMML,65,10.98,22.21,-20.52,42.7,0.05,0.07,-0.05,0.18,105.02,167.98,-125.7,422.6
EGLL,LOWW,198,-0.25,175.56,-7.11,41.6,0.0,0.32,-0.09,0.15,-113.69,2458.0,-197.44,330.0
EGLL,LPFR,55,3.32,13.75,-15.11,21.21,0.03,0.07,-0.05,0.16,67.67,167.76,-125.0,387.51
EGLL,LPPT,303,-1.02,16.98,-27.69,26.26,0.07,0.09,-0.07,0.22,169.6,221.24,-165.28,541.7
EGLL,LROP,61,-66.39,28.17,-97.5,-21.5,-0.15,0.09,-0.27,0.0,-374.31,230.4,-666.7,0.0
EGLL,LSGG,295,-18.25,11.29,-35.6,-1.24,0.01,0.1,-0.14,0.2,40.7,228.72,-263.09,482.11
EGLL,LSZH,314,3.84,17.6,-29.62,31.07,0.02,0.09,-0.11,0.16,55.61,208.47,-261.82,343.1
EGLL,LTFM,279,-14.45,21.12,-38.73,18.48,-0.03,0.11,-0.2,0.12,-105.15,429.78,-728.97,651.66
EGLL,LXGB,63,-0.96,7.9,-10.59,9.89,0.02,0.11,-0.08,0.16,46.67,270.81,-211.04,411.45
EGLL,MMMX,59,1.22,9.93,-8.27,11.68,0.02,0.05,-0.07,0.11,104.1,294.79,-391.1,579.49
EGLL,OBBI,90,27.04,16.09,1.43,51.98,0.11,0.07,0.0,0.22,649.03,387.83,24.11,1332.66
EGLL,OERK,119,11.72,21.54,-18.09,49.87,0.15,0.11,-0.02,0.33,1097.23,852.31,-144.95,2504.55
EGLL,OJAI,73,24.01,27.12,2.16,41.64,0.06,0.13,-0.12,0.26,175.83,412.38,-439.4,804.0
EGLL,OKKK,86,20.74,27.45,-13.8,68.97,0.08,0.09,-0.04,0.23,617.23,666.21,-266.7,1767.48
EGLL,OLBA,61,5.98,16.69,-18.2,30.6,-0.04,0.09,-0.15,0.06,-103.66,269.11,-509.1,313.3
EGLL,OMAA,124,23.85,16.38,1.63,53.79,0.03,0.09,-0.09,0.19,323.6,877.83,-897.8,2047.5
EGLL,OMDB,273,21.3,20.19,-6.76,52.86,0.13,0.13,-0.06,0.35,1462.08,1473.98,-369.8,4160.0
EGLL,OTHH,204,40.14,21.33,13.05,79.04,0.11,0.08,-0.04,0.25,1022.63,893.56,-342.85,2779.5
EGLL,RJTT,133,-9.69,20.31,-44.08,17.24,-0.06,0.08,-0.18,0.07,-394.72,579.9,-1367.16,413.68
EGLL,RKSI,60,5.56,10.62,-6.97,23.47,0.08,0.06,0.0,0.17,546.88,352.48,25.38,1094.64
EGLL,SBGR,60,2.64,14.11,-13.16,35.74,-0.01,0.07,-0.11,0.07,-76.17,520.64,-808.06,555.35
EGLL,TBPB,57,1.62,4.58,-4.34,7.3,-0.02,0.05,-0.1,0.05,-134.3,338.53,-606.54,308.36
EGLL,VABB,197,9.8,15.19,-5.04,35.44,-0.03,0.08,-0.15,0.08,-142.27,446.13,-785.88,436.12
EGLL,VHHH,206,1.67,13.53,-19.6,20.32,0.02,0.04,-0.05,0.09,138.47,303.73,-289.9,615.88
EGLL,VIDP,223,4.16,11.43,-8.44,17.59,-0.04,0.06,-0.14,0.06,-217.64,365.93,-873.63,309.64
EGLL,VTBS,89,2.68,8.15,-12.22,14.2,-0.06,0.06,-0.15,0.05,-442.66,476.65,-1154.84,356.22
EGLL,WMKK,60,7.93,7.9,-1.56,19.67,0.04,0.05,-0.02,0.11,249.43,261.62,-136.43,653.14
EGLL,WSSS,209,5.77,12.95,-4.66,24.54,0.03,0.07,-0.07,0.14,284.31,659.11,-702.46,1437.32
EGLL,ZBAA,60,-4.37,8.29,-13.82,12.65,0.04,0.05,-0.03,0.13,238.46,286.63,-191.54,726.92
EGLL,ZSPD,102,1.53,8.72,-11.9,16.49,-0.03,0.05,-0.1,0.05,-152.99,318.13,-598.64,378.4
EGNJ,EHAM,75,5.69,3.83,0.68,13.72,0.01,0.05,-0.05,0.09,24.16,97.85,-107.9,181.08
EGNM,EGAC,83,-2.77,6.26,-10.72,4.48,0.03,0.13,-0.33,0.13,24.78,114.72,-301.5,120.0
EGNM,EHAM,106,13.53,5.58,6.8,22.4,0.05,0.05,-0.02,0.13,113.59,108.7,-47.4,287.42
EGNM,EIDW,144,-10.3,14.47,-31.8,10.15,-0.05,0.12,-0.15,0.08,-86.06,176.14,-335.3,83.22
EGNM,GCTS,57,-28.37,12.6,-50.54,-8.56,-0.06,0.07,-0.16,0.05,-149.86,171.88,-376.42,122.64
EGNM,LEAL,72,0.63,10.3,-12.78,17.55,0.04,0.06,-0.06,0.15,98.07,130.75,-140.52,307.28
EGNM,LEMG,63,1.63,17.88,-37.75,32.28,0.06,0.08,-0.08,0.19,140.1,192.75,-194.63,446.9
EGNM,LEPA,88,1.08,12.92,-16.76,19.0,0.0,0.08,-0.13,0.13,6.09,191.66,-304.64,305.89
EGNM,LPFR,45,1.04,7.25,-10.24,13.94,0.02,0.06,-0.05,0.11,48.44,135.6,-112.0,244.0
EGNS,EGCC,83,12.24,8.39,-0.13,24.96,0.09,0.05,0.02,0.18,104.73,60.82,37.22,192.49
EGNS,EGGP,96,8.17,9.13,-1.7,23.5,0.08,0.03,0.03,0.14,125.31,72.41,47.55,279.0
EGNS,EGKK,50,10.1,12.87,-13.56,23.46,0.15,0.12,-0.05,0.34,343.34,266.2,-118.51,760.26
EGNS,EIDW,42,-7.72,12.88,-35.22,7.35,0.03,0.07,-0.09,0.14,28.56,64.5,-78.75,124.67
EGNT,EGAA,63,11.52,15.85,-0.9,37.95,0.03,0.05,-0.03,0.13,73.3,115.26,-66.12,303.65
EGNT,EGHI,71,5.48,11.59,-7.8,27.15,0.0,0.07,-0.09,0.12,1.73,85.8,-123.75,150.95
EGNT,EGLL,120,21.29,10.91,8.48,39.74,0.15,0.13,-0.01,0.38,363.39,291.72,-30.11,875.62
EGNT,EHAM,116,-5.18,11.23,-23.02,6.5,0.03,0.07,-0.05,0.11,67.75,155.78,-123.05,266.0
EGNT,EIDW,95,0.67,16.46,-28.16,23.53,0.06,0.13,-0.06,0.21,77.92,226.27,-137.1,302.19
EGNT,GCTS,56,-25.94,13.81,-47.2,-7.02,-0.1,0.08,-0.23,-0.0,-236.67,179.48,-544.03,-0.18
EGNT,LEAL,80,5.28,13.18,-14.75,27.6,0.03,0.08,-0.09,0.19,63.96,188.89,-214.37,391.83
EGNT,LEIB,54,-7.43,42.45,-34.08,17.71,-0.08,0.12,-0.19,0.04,-188.66,290.39,-459.46,85.33
EGNT,LEPA,105,4.08,16.66,-17.26,31.12,-0.0,0.09,-0.15,0.13,-10.5,204.95,-355.06,295.2
EGNT,LFPG,56,1.29,16.73,-32.4,25.45,0.13,0.07,0.0,0.24,266.96,144.37,10.07,520.3
EGNT,LTAI,58,-12.59,13.43,-38.33,7.22,-0.03,0.09,-0.17,0.1,-77.59,221.36,-406.0,240.0
EGNV,EHAM,70,12.43,26.46,-31.81,44.32,0.06,0.07,-0.07,0.18,108.04,141.53,-130.07,356.94
EGNX,EDDK,48,-34.81,26.85,-89.84,6.44,-0.03,0.11,-0.19,0.17,-136.79,588.01,-954.66,925.59
EGNX,EDDP,176,-52.82,39.14,-128.62,-14.95,-0.09,0.11,-0.3,0.05,-458.96,657.38,-1750.68,263.18
EGNX,EGAA,102,5.71,7.4,-1.6,19.89,0.06,0.12,-0.03,0.15,177.99,386.14,-158.5,516.7
EGNX,EGJB,18,6.06,8.59,-3.39,18.07,-0.05,0.05,-0.11,0.02,-48.66,43.45,-100.4,19.25
EGNX,EGPH,74,13.86,4.87,3.53,22.3,0.08,0.06,0.01,0.18,237.31,159.95,35.9,478.69
EGNX,EIDW,77,-16.31,14.48,-37.9,7.82,-0.07,0.08,-0.18,0.06,-201.25,224.03,-511.28,195.38
EGNX,GCTS,68,-27.29,9.21,-40.93,-9.94,-0.06,0.08,-0.2,0.03,-139.82,186.33,-482.0,63.9
EGNX,LEAL,100,3.97,12.61,-12.44,25.62,0.08,0.08,-0.05,0.19,183.43,189.16,-120.04,448.73
EGNX,LEMG,90,3.38,17.61,-14.01,40.7,0.1,0.09,-0.01,0.28,229.68,207.79,-31.7,605.3
EGNX,LEPA,122,1.17,10.02,-13.88,18.5,0.01,0.08,-0.11,0.14,32.38,185.91,-258.3,327.36
EGNX,LFPG,54,-6.19,16.78,-36.74,17.58,-0.02,0.09,-0.19,0.11,-67.41,320.98,-636.76,406.87
EGNX,LPFR,94,1.38,6.63,-7.15,13.57,0.04,0.05,-0.03,0.13,94.14,117.47,-80.0,316.75
EGPA,EGPD,21,3.17,9.05,-3.5,21.9,0.07,0.05,0.01,0.16,57.34,38.31,8.8,123.4
EGPA,EGPE,55,-4.8,7.74,-12.9,9.8,0.03,0.05,-0.03,0.12,21.75,37.41,-25.86,101.36
EGPB,EGPD,130,4.71,6.36,-2.26,16.76,0.02,0.06,-0.06,0.11,18.12,52.61,-51.29,94.51
EGPD,EGBB,76,10.38,11.66,-5.75,27.48,0.04,0.08,-0.06,0.17,62.25,101.5,-79.47,225.65
EGPD,EGCC,95,-10.08,18.66,-37.43,19.32,-0.04,0.09,-0.16,0.11,-32.18,88.89,-140.0,127.39
EGPD,EGKK,60,12.19,12.16,-7.79,28.76,0.16,0.16,-0.04,0.45,364.11,360.81,-98.78,1032.03
EGPD,EGLL,148,20.47,13.52,5.34,48.3,0.17,0.11,0.02,0.38,409.97,272.47,49.78,901.16
EGPD,EGPA,22,7.06,5.01,0.0,15.88,0.08,0.05,0.03,0.18,65.99,39.22,23.3,117.81
EGPD,EGPB,131,12.69,8.34,2.35,23.55,0.07,0.08,0.01,0.18,64.94,75.28,4.75,157.75
EGPD,EHAM,139,-2.53,10.16,-21.04,10.36,0.07,0.07,-0.04,0.18,148.85,152.51,-83.75,409.77
EGPD,EIDW,60,-8.5,17.16,-46.51,15.13,-0.03,0.08,-0.17,0.06,-27.04,77.78,-153.91,62.66
EGPD,ENBR,53,-3.58,4.78,-13.0,3.2,-0.06,0.04,-0.12,0.0,-64.31,49.62,-135.78,-0.0
EGPD,ENZV,87,-0.07,3.97,-6.3,6.47,0.01,0.06,-0.1,0.09,11.5,79.21,-123.56,124.83
EGPE,EGGW,51,-23.77,10.5,-38.1,-4.2,-0.0,0.06,-0.08,0.13,-7.67,151.21,-169.6,297.15
EGPE,EGKK,77,16.02,11.15,-9.36,29.74,0.23,0.14,0.05,0.48,509.19,319.71,113.28,1054.78
EGPE,EGLL,57,25.83,11.06,14.84,50.28,0.18,0.11,0.04,0.37,430.18,255.87,100.22,870.42
EGPE,EGPA,56,-7.13,5.37,-13.6,1.12,0.02,0.04,-0.03,0.08,14.31,30.9,-28.38,65.95
EGPE,EGPO,71,6.12,7.07,-0.4,19.25,0.1,0.09,0.03,0.21,71.15,67.12,17.15,160.65
EGPE,EHAM,64,-1.67,8.73,-16.74,11.45,0.02,0.06,-0.08,0.12,44.9,125.43,-159.48,231.58
EGPF,EDDF,55,-51.29,12.83,-66.76,-33.77,-0.18,0.07,-0.3,-0.07,-439.81,174.41,-696.79,-170.26
EGPF,EGAA,121,5.86,11.87,-1.8,27.1,0.03,0.06,-0.03,0.12,66.81,138.06,-83.3,291.7
EGPF,EGAC,76,1.08,12.97,-9.3,21.8,0.03,0.06,-0.05,0.13,32.29,78.62,-64.15,182.9
EGPF,EGBB,71,-0.49,11.1,-18.75,18.05,-0.01,0.06,-0.11,0.1,-17.64,139.13,-234.95,219.2
EGPF,EGGD,107,2.6,6.88,-9.91,12.85,0.03,0.06,-0.07,0.12,77.69,136.45,-161.07,299.4
EGPF,EGGW,79,-34.8,12.86,-56.53,-18.64,-0.02,0.08,-0.12,0.09,-40.62,173.9,-258.33,206.5
EGPF,EGHI,100,-5.27,10.14,-14.7,15.54,0.05,0.08,-0.09,0.16,61.95,113.47,-125.3,216.02
EGPF,EGKK,164,2.67,14.03,-25.4,23.91,0.19,0.15,-0.01,0.45,451.5,352.45,-18.86,1063.2
EGPF,EGLC,115,-39.14,18.06,-69.1,-13.84,-0.03,0.12,-0.16,0.1,-55.35,257.78,-345.75,215.94
EGPF,EGLL,237,9.27,14.08,-5.74,37.6,0.13,0.13,-0.03,0.37,321.06,302.79,-78.48,849.22
EGPF,EGPO,77,2.19,8.38,-4.54,19.02,-0.05,0.05,-0.1,0.02,-61.22,72.26,-137.74,30.62
EGPF,EGSS,85,-9.74,11.21,-28.92,9.62,0.05,0.09,-0.04,0.16,123.72,190.79,-77.36,370.34
EGPF,EHAM,131,-11.94,12.77,-32.2,9.1,0.04,0.07,-0.06,0.16,101.71,167.99,-148.6,357.8
EGPF,EIDW,217,-15.8,15.41,-39.98,4.74,-0.03,0.08,-0.14,0.07,-50.63,132.76,-253.3,88.64
EGPF,GCTS,51,-24.57,10.77,-38.75,-2.3,-0.03,0.06,-0.11,0.06,-74.36,130.53,-267.65,127.3
EGPF,LEAL,71,-6.08,15.37,-35.45,15.9,0.03,0.07,-0.06,0.16,66.33,168.43,-154.0,357.9
EGPF,LEMG,67,-4.96,17.21,-31.11,24.79,0.1,0.08,0.02,0.23,229.47,187.85,49.78,503.99
EGPF,LEPA,63,-5.29,14.08,-27.19,17.41,-0.01,0.08,-0.15,0.1,-33.55,219.52,-357.5,240.08
EGPF,LFPG,53,-9.35,18.86,-44.12,27.26,-0.02,0.09,-0.15,0.09,-52.25,193.31,-323.34,221.24
EGPH,EDDF,77,-48.2,12.59,-66.1,-28.7,-0.16,0.07,-0.28,-0.05,-418.32,177.72,-677.26,-115.92
EGPH,EGAA,166,6.75,13.31,-5.5,29.5,0.01,0.05,-0.05,0.1,29.57,120.64,-132.35,240.0
EGPH,EGAC,100,-17.22,18.34,-33.61,16.9,-0.04,0.11,-0.15,0.13,-39.79,95.19,-135.0,120.0
EGPH,EGBB,58,-2.32,12.6,-23.85,19.54,-0.04,0.05,-0.12,0.06,-90.83,131.1,-296.94,136.14
EGPH,EGGD,122,0.44,10.04,-13.89,16.69,0.02,0.06,-0.05,0.12,57.43,149.43,-125.0,291.42
EGPH,EGGW,99,-34.57,14.17,-55.11,-8.96,-0.03,0.07,-0.11,0.1,-68.07,176.08,-248.41,238.94
EGPH,EGHI,123,-5.45,13.98,-25.37,20.9,0.02,0.1,-0.16,0.16,24.43,143.02,-214.21,247.12
EGPH,EGKK,134,-0.86,17.84,-37.37,24.66,0.14,0.14,-0.05,0.38,328.62,344.29,-117.44,953.48
EGPH,EGLC,204,-32.53,19.22,-72.32,-4.35,-0.02,0.08,-0.14,0.09,-47.49,182.41,-314.3,208.88
EGPH,EGLL,311,13.18,15.19,-8.85,40.4,0.14,0.11,-0.02,0.35,349.51,275.63,-42.75,859.4
EGPH,EGNX,66,-14.72,13.17,-32.05,2.05,0.06,0.08,-0.05,0.18,155.53,224.02,-199.98,543.12
EGPH,EGSS,216,-13.42,14.07,-35.0,11.0,0.03,0.07,-0.08,0.14,78.12,202.75,-191.3,371.82
EGPH,EHAM,179,-0.87,9.62,-15.45,14.41,0.06,0.06,-0.02,0.16,145.46,149.67,-48.76,383.44
EGPH,EIDW,294,-23.42,19.6,-58.29,3.52,-0.07,0.13,-0.2,0.07,-87.47,171.83,-302.28,150.07
EGPH,EKCH,72,-25.48,15.72,-51.35,-1.11,-0.09,0.06,-0.16,-0.0,-194.04,127.47,-349.38,-3.77
EGPH,GCTS,77,-24.59,13.4,-42.32,-3.5,-0.07,0.07,-0.19,0.03,-150.3,156.12,-448.0,78.18
EGPH,KEWR,59,0.12,9.74,-16.62,11.28,0.14,0.09,-0.04,0.25,546.48,350.45,-140.82,985.5
EGPH,LEAL,62,-2.79,13.19,-21.4,26.88,0.03,0.07,-0.09,0.14,67.42,162.56,-195.74,334.93
EGPH,LEBL,54,-10.26,16.33,-33.68,17.3,-0.06,0.08,-0.17,0.1,-145.98,190.26,-379.34,238.18
EGPH,LEMD,51,-15.14,18.6,-48.1,3.75,0.0,0.09,-0.12,0.16,11.8,231.51,-300.0,395.85
EGPH,LEPA,89,-9.04,15.02,-30.3,13.38,-0.02,0.08,-0.16,0.09,-56.41,176.32,-368.28,191.1
EGPH,LFPG,159,-7.25,20.97,-38.82,41.61,-0.02,0.09,-0.18,0.11,-69.41,202.48,-451.31,212.21
EGPH,LPFR,60,-1.18,43.61,-7.11,21.79,0.02,0.12,-0.07,0.12,48.0,273.73,-160.0,246.75
EGPH,OTHH,60,23.18,21.73,-4.71,65.79,0.12,0.09,-0.02,0.26,627.66,469.35,-122.83,1342.07
EGPO,EGPE,72,6.36,4.86,-0.4,13.66,0.07,0.04,0.02,0.14,53.02,31.21,14.46,94.27
EGPO,EGPF,77,9.32,6.27,2.76,20.3,-0.0,0.04,-0.07,0.08,-4.6,58.14,-91.22,94.28
EGSH,EHAM,98,3.42,8.72,-16.74,13.33,0.03,0.06,-0.04,0.12,53.38,103.91,-84.15,220.12
EGSS,EDDB,90,15.7,14.09,-1.66,32.68,0.05,0.06,-0.04,0.14,121.85,150.6,-100.38,315.29
EGSS,EDDH,56,-32.47,14.95,-58.85,-4.75,-0.12,0.06,-0.21,-0.01,-280.18,146.83,-498.65,-16.45
EGSS,EDDK,99,-22.05,13.89,-40.03,3.66,-0.04,0.1,-0.13,0.17,-24.15,448.94,-339.81,949.22
EGSS,EGAA,199,-2.78,8.52,-12.72,14.01,0.02,0.06,-0.08,0.1,35.7,146.65,-249.03,240.0
EGSS,EGPF,84,0.05,6.16,-6.86,10.9,0.03,0.04,-0.03,0.09,72.34,88.41,-70.62,216.2
EGSS,EGPH,215,2.26,6.39,-8.0,13.43,0.04,0.06,-0.02,0.11,112.93,148.07,-60.12,306.52
EGSS,EHAM,58,8.1,4.06,3.41,14.84,0.01,0.05,-0.05,0.08,22.35,104.84,-112.88,182.3
EGSS,EHEH,90,4.31,5.93,-2.4,10.38,-0.08,0.06,-0.12,-0.05,-180.41,137.07,-281.3,-108.78
EGSS,EICK,85,0.06,11.03,-9.54,9.26,0.06,0.11,-0.02,0.14,153.03,274.96,-54.9,343.58
EGSS,EIDW,263,-19.85,18.86,-41.99,14.9,-0.04,0.1,-0.15,0.1,-117.47,266.81,-418.63,250.31
EGSS,EINN,73,-3.28,9.93,-21.66,11.78,0.03,0.06,-0.05,0.1,72.84,140.27,-119.54,233.72
EGSS,EKBI,89,5.74,12.57,-10.96,24.34,0.03,0.06,-0.05,0.1,58.65,193.34,-130.5,239.9
EGSS,EKCH,90,-6.59,8.99,-25.78,3.47,-0.07,0.04,-0.13,-0.0,-155.9,100.19,-315.17,-0.82
EGSS,ENGM,51,-12.87,13.02,-33.9,3.15,-0.02,0.05,-0.09,0.09,-53.14,187.36,-231.7,230.0
EGSS,EPGD,60,-39.74,17.45,-68.74,-14.98,-0.12,0.07,-0.27,-0.03,-280.1,156.71,-640.0,-78.0
EGSS,EPKK,81,-27.66,12.69,-50.0,-3.1,-0.05,0.04,-0.12,0.02,-118.26,97.88,-280.0,40.0
EGSS,EPMO,75,-16.67,14.54,-34.65,4.56,-0.05,0.06,-0.13,0.04,-110.75,128.96,-296.0,88.77
EGSS,GCRR,68,-22.97,8.55,-32.26,-10.18,-0.03,0.06,-0.11,0.06,-68.59,153.45,-266.0,146.4
EGSS,GCTS,113,-29.39,18.9,-51.2,-5.9,-0.05,0.06,-0.14,0.05,-112.73,139.92,-325.88,114.44
EGSS,LBSF,73,-27.57,20.08,-54.42,1.54,-0.07,0.06,-0.16,0.0,-168.68,130.53,-386.0,9.86
EGSS,LCPH,60,12.72,10.77,-4.88,25.94,-0.04,0.07,-0.15,0.06,-96.53,169.75,-355.16,123.74
EGSS,LEAL,133,-11.17,12.18,-27.54,9.1,0.04,0.07,-0.06,0.14,93.37,155.13,-139.18,329.9
EGSS,LEBL,120,-20.98,18.26,-50.22,2.29,-0.07,0.09,-0.17,0.05,-158.35,217.36,-414.4,129.66
EGSS,LEGE,61,-13.22,15.59,-29.6,23.7,-0.01,0.08,-0.11,0.12,-13.58,180.42,-258.0,290.7
EGSS,LEIB,102,-35.58,21.34,-69.57,3.42,-0.1,0.1,-0.31,0.04,-248.15,229.08,-734.64,80.91
EGSS,LEMD,90,-11.7,19.54,-39.88,33.74,0.03,0.08,-0.08,0.2,79.64,193.7,-187.08,473.38
EGSS,LEMG,98,-4.55,12.61,-19.12,23.29,0.08,0.07,0.01,0.2,197.98,153.79,12.1,490.9
EGSS,LEPA,169,-16.27,16.28,-40.42,10.92,-0.02,0.09,-0.17,0.1,-52.83,202.24,-413.32,246.78
EGSS,LFML,67,-12.03,17.75,-37.09,14.06,-0.0,0.07,-0.11,0.12,-9.37,162.97,-259.39,272.23
EGSS,LGKR,54,4.54,18.17,-23.18,30.96,-0.03,0.08,-0.16,0.07,-77.59,177.35,-387.74,168.05
EGSS,LGRP,63,5.53,9.68,-5.88,22.74,-0.03,0.06,-0.15,0.05,-81.75,138.51,-369.33,115.24
EGSS,LHBP,119,-14.08,14.17,-31.11,8.69,-0.01,0.07,-0.1,0.07,-23.7,161.96,-239.7,157.44
EGSS,LIMC,116,-53.03,21.23,-82.75,-10.1,-0.21,0.11,-0.37,-0.05,-676.82,603.68,-1880.15,-178.0
EGSS,LIME,117,-45.98,17.96,-71.92,-14.5,-0.1,0.06,-0.2,-0.01,-231.76,151.0,-470.24,-11.22
EGSS,LIPE,52,-12.16,17.12,-29.17,13.15,-0.05,0.07,-0.15,0.04,-123.05,178.05,-356.0,84.68
EGSS,LIPZ,85,-34.9,17.04,-54.4,-5.38,-0.15,0.06,-0.23,-0.05,-350.8,139.64,-560.0,-120.0
EGSS,LIRA,129,-7.18,12.98,-21.84,19.72,-0.02,0.07,-0.12,0.1,-40.2,157.52,-280.0,228.0
EGSS,LIRN,54,-28.02,26.16,-53.65,0.63,-0.06,0.13,-0.17,0.09,-142.27,304.24,-400.0,197.75
EGSS,LIRP,97,1.21,22.78,-49.36,28.64,-0.02,0.07,-0.13,0.07,-44.69,161.39,-318.3,165.5
EGSS,LKPR,74,-17.36,13.03,-36.22,4.27,-0.05,0.05,-0.12,0.04,-121.87,124.74,-294.0,90.89
EGSS,LOWW,58,7.84,16.39,-9.48,38.03,0.03,0.06,-0.05,0.12,67.25,141.49,-120.75,297.94
EGSS,LPFR,130,-6.21,8.77,-18.76,8.15,0.03,0.05,-0.03,0.1,77.9,115.11,-80.0,240.0
EGSS,LPPR,85,-10.89,13.67,-31.36,10.26,0.03,0.06,-0.03,0.11,74.83,142.44,-80.0,272.0
EGSS,LPPT,107,-10.66,18.02,-38.45,12.02,0.07,0.09,-0.03,0.24,172.27,204.31,-80.0,523.5
EGSS,LROP,101,-36.55,15.03,-55.9,-12.3,-0.06,0.05,-0.17,0.0,-145.13,124.03,-400.0,0.0
EGSS,LTAI,120,0.0,15.19,-27.8,23.91,0.01,0.1,-0.15,0.18,35.45,251.98,-362.0,423.61
EGSS,LTBS,62,5.79,18.98,-17.08,37.47,-0.01,0.1,-0.15,0.15,-29.2,249.87,-358.0,420.0
EGSS,LTFJ,207,-13.22,23.51,-42.34,25.32,0.02,0.14,-0.13,0.3,60.92,353.82,-333.4,813.0
EGSS,OMDB,60,18.5,19.24,-7.62,45.63,0.18,0.12,0.03,0.37,1435.68,945.5,251.34,2909.04
EHAM,BIKF,92,-3.47,14.75,-21.02,16.52,0.04,0.07,-0.06,0.15,105.63,178.23,-130.79,353.29
EHAM,CYUL,51,-8.46,10.2,-14.7,0.0,0.0,0.04,-0.07,0.06,20.33,176.44,-303.85,254.25
EHAM,CYYZ,100,-6.78,9.94,-19.79,3.39,0.01,0.05,-0.07,0.09,80.76,316.54,-425.48,647.54
EHAM,EBBR,116,5.41,6.96,-3.65,17.45,0.01,0.05,-0.05,0.08,23.96,100.81,-110.0,200.0
EHAM,EDDB,287,8.56,14.77,-10.51,27.98,0.04,0.06,-0.05,0.14,89.4,140.36,-110.01,310.17
EHAM,EDDF,357,-36.04,9.94,-47.92,-17.82,-0.2,0.06,-0.3,-0.1,-476.91,254.42,-944.78,-206.66
EHAM,EDDH,188,-34.0,18.49,-60.53,-1.74,-0.19,0.07,-0.3,-0.07,-416.93,153.71,-662.98,-142.07
EHAM,EDDL,143,-10.47,7.09,-17.99,2.66,-0.03,0.05,-0.1,0.05,-57.63,100.47,-191.4,106.39
EHAM,EDDM,321,7.2,12.58,-6.3,30.9,-0.05,0.07,-0.17,0.06,-100.13,147.78,-332.9,133.8
EHAM,EDDN,100,-43.01,18.84,-60.9,-7.94,-0.13,0.07,-0.23,-0.02,-272.07,153.54,-535.45,-42.38
EHAM,EDDP,23,-52.16,31.52,-103.67,-0.31,-0.14,0.1,-0.24,-0.01,-708.75,639.76,-1364.53,-34.51
EHAM,EDDS,160,-20.5,7.46,-31.26,-9.9,-0.06,0.06,-0.15,0.04,-129.15,123.39,-301.34,89.22
EHAM,EDDV,105,-4.56,15.92,-20.8,26.28,-0.06,0.05,-0.14,0.01,-125.51,101.29,-275.68,32.02
EHAM,EDDW,98,-17.79,14.8,-37.1,6.9,-0.07,0.05,-0.14,0.03,-124.79,92.95,-246.75,45.75
EHAM,EFHK,153,0.63,9.99,-17.64,16.06,0.04,0.05,-0.04,0.14,155.99,244.44,-124.5,757.8
EHAM,EGBB,187,-9.27,16.77,-31.24,9.44,-0.01,0.15,-0.15,0.09,-22.4,340.47,-325.54,202.75
EHAM,EGCC,323,-23.03,20.36,-44.79,11.68,-0.05,0.09,-0.18,0.1,-132.47,204.01,-432.26,222.24
EHAM,EGFF,89,8.52,9.07,0.04,20.2,0.05,0.06,-0.05,0.15,91.6,116.39,-90.0,294.16
EHAM,EGGD,212,8.57,11.08,0.1,26.19,0.04,0.07,-0.05,0.17,93.18,161.61,-132.92,344.85
EHAM,EGGW,177,-10.7,11.31,-25.6,11.14,-0.02,0.06,-0.1,0.07,-40.25,131.64,-227.38,163.76
EHAM,EGHI,61,5.35,15.55,-4.5,23.1,0.02,0.12,-0.07,0.08,38.1,246.89,-131.0,159.5
EHAM,EGKK,224,10.13,11.19,-5.44,27.26,0.1,0.14,-0.07,0.34,241.99,316.85,-157.96,797.77
EHAM,EGLC,327,2.37,3.88,-2.5,9.2,-0.0,0.07,-0.09,0.09,-10.63,150.2,-192.32,199.3
EHAM,EGLL,456,8.27,11.51,0.7,32.58,0.19,0.11,0.03,0.37,450.25,271.22,73.82,909.12
EHAM,EGNJ,76,4.67,20.98,-11.38,61.48,-0.0,0.09,-0.11,0.21,-7.13,177.86,-203.85,381.25
EHAM,EGNM,105,-2.36,11.5,-14.46,21.5,-0.02,0.07,-0.11,0.11,-38.06,147.52,-230.68,231.6
EHAM,EGNT,117,-3.11,12.96,-32.58,12.92,0.01,0.05,-0.07,0.1,15.61,120.2,-160.0,243.34
EHAM,EGNV,71,-1.53,20.33,-38.45,36.05,0.01,0.07,-0.1,0.14,24.11,138.76,-181.25,258.85
EHAM,EGPD,139,-9.1,17.07,-44.06,11.14,0.02,0.07,-0.1,0.12,35.71,151.81,-214.63,260.31
EHAM,EGPE,64,-18.91,25.41,-71.62,4.51,-0.04,0.1,-0.2,0.12,-71.3,185.88,-359.28,228.86
EHAM,EGPF,131,1.12,8.26,-10.35,13.15,0.04,0.06,-0.04,0.13,97.06,137.15,-98.0,279.8
EHAM,EGPH,179,2.79,6.56,-7.77,13.34,0.04,0.05,-0.03,0.13,93.81,118.06,-59.0,304.0
EHAM,EGSH,98,-8.78,11.99,-26.74,13.73,-0.04,0.05,-0.11,0.04,-68.37,95.96,-225.96,66.15
EHAM,EGSS,59,5.72,13.37,-3.11,21.5,0.04,0.1,-0.06,0.12,90.62,223.49,-121.62,268.86
EHAM,EICK,94,2.9,6.43,-3.34,12.9,0.03,0.07,-0.07,0.13,56.29,143.89,-142.15,293.0
EHAM,EIDW,397,-12.86,15.3,-40.34,11.82,-0.02,0.11,-0.14,0.14,-44.65,255.12,-310.26,303.02
EHAM,EKBI,141,7.82,8.39,-5.8,20.1,0.03,0.05,-0.06,0.1,76.61,119.13,-104.0,276.7
EHAM,EKCH,420,-10.34,8.73,-27.6,1.6,-0.09,0.05,-0.16,-0.01,-190.16,111.93,-371.2,-19.8
EHAM,EKYT,118,-2.72,17.08,-15.56,10.56,0.05,0.07,-0.02,0.14,109.32,155.37,-39.32,304.45
EHAM,ELLX,109,6.58,9.11,-10.06,19.26,0.01,0.05,-0.08,0.09,17.61,104.25,-157.74,193.76
EHAM,ENAL,60,-18.37,13.12,-38.5,-1.78,-0.02,0.08,-0.14,0.12,-40.92,161.88,-254.2,210.72
EHAM,ENBR,115,-22.58,12.74,-40.79,-6.87,-0.02,0.06,-0.1,0.09,-37.58,142.36,-227.77,217.39
EHAM,ENCN,81,-1.36,14.89,-26.4,20.8,0.01,0.07,-0.11,0.11,17.32,137.82,-210.9,238.3
EHAM,ENGM,247,-19.17,15.39,-43.88,1.27,-0.04,0.07,-0.16,0.06,-95.8,161.96,-356.05,142.1
EHAM,ENTO,55,-16.47,14.99,-37.65,0.72,-0.04,0.07,-0.16,0.07,-75.55,140.11,-289.99,133.66
EHAM,ENVA,86,-5.6,8.57,-17.42,7.38,0.01,0.08,-0.12,0.14,27.99,173.43,-251.75,312.6
EHAM,ENZV,134,-20.67,13.7,-43.46,-1.53,-0.06,0.07,-0.17,0.03,-127.39,141.11,-349.87,64.62
EHAM,EPGD,87,-32.4,19.42,-57.64,-2.5,-0.1,0.07,-0.2,0.01,-222.38,155.88,-438.02,21.0
EHAM,EPKK,84,-25.57,15.36,-50.68,2.9,-0.1,0.06,-0.2,-0.02,-250.65,147.7,-476.6,-47.89
EHAM,EPWA,227,-33.71,17.14,-62.0,-9.17,-0.09,0.08,-0.2,0.04,-178.1,153.54,-407.21,79.19
EHAM,ESGG,140,-3.38,10.74,-25.76,6.5,-0.03,0.07,-0.14,0.06,-50.51,132.29,-284.42,136.55
EHAM,ESSA,248,3.2,13.62,-16.16,22.66,0.04,0.06,-0.05,0.12,102.28,152.15,-105.84,296.01
EHAM,ESSL,74,-5.51,5.17,-13.51,2.07,-0.0,0.07,-0.11,0.11,-2.48,142.66,-211.88,219.97
EHAM,EVRA,73,10.25,9.95,-0.84,22.14,0.05,0.06,-0.04,0.15,101.28,114.76,-80.54,285.2
EHAM,GCLP,66,7.52,16.34,-16.45,31.08,0.06,0.08,-0.08,0.21,167.03,250.07,-261.85,532.48
EHAM,HKJK,59,-21.76,10.21,-40.89,-9.06,-0.03,0.05,-0.11,0.03,-178.66,283.07,-570.66,182.59
EHAM,KATL,117,-4.17,10.48,-14.84,7.78,0.01,0.05,-0.05,0.11,73.36,329.97,-349.72,655.56
EHAM,KBOS,85,-4.6,8.3,-17.38,8.28,0.02,0.05,-0.06,0.09,123.35,328.06,-323.5,567.88
EHAM,KDTW,88,-3.57,10.88,-15.16,9.0,0.03,0.06,-0.05,0.15,158.88,343.37,-292.71,876.15
EHAM,KIAD,55,-5.55,8.24,-24.14,6.0,-0.03,0.06,-0.11,0.06,-163.55,323.45,-606.97,368.97
EHAM,KIAH,55,-3.97,9.34,-20.04,9.64,-0.02,0.08,-0.11,0.12,-114.68,516.2,-741.8,762.68
EHAM,KJFK,165,-4.47,8.57,-16.24,4.2,0.06,0.07,-0.05,0.17,343.43,394.5,-190.8,1063.88
EHAM,KLAX,54,-6.31,6.7,-14.92,5.1,-0.01,0.04,-0.07,0.05,-82.55,255.47,-467.88,343.97
EHAM,KMSP,100,-7.25,8.83,-25.51,3.66,0.0,0.04,-0.06,0.07,12.27,262.34,-394.48,444.84
EHAM,KORD,68,-5.05,8.59,-14.03,1.09,-0.01,0.26,-0.07,0.16,-32.33,1359.57,-455.36,1045.99
EHAM,KSEA,58,-7.2,7.44,-13.76,0.46,-0.01,0.04,-0.08,0.05,-56.82,243.37,-466.54,308.47
EHAM,KSFO,60,-8.92,15.47,-50.88,4.6,-0.02,0.07,-0.13,0.08,-95.87,400.49,-693.08,500.47
EHAM,LDZA,90,1.34,9.26,-11.36,15.22,0.01,0.07,-0.11,0.11,24.11,138.66,-211.15,245.83
EHAM,LEAL,163,-0.92,8.62,-8.39,13.39,0.05,0.07,-0.06,0.16,127.53,164.95,-139.68,378.22
EHAM,LEBB,117,-5.97,23.07,-54.56,29.26,-0.04,0.1,-0.18,0.07,-109.53,238.08,-456.56,151.56
EHAM,LEBL,390,-4.47,13.33,-17.1,16.26,-0.02,0.07,-0.12,0.1,-57.95,165.87,-286.27,243.56
EHAM,LEIB,132,-26.35,22.44,-55.1,9.03,-0.07,0.11,-0.2,0.04,-156.94,260.86,-480.54,104.33
EHAM,LEMD,257,-4.18,26.0,-56.02,28.14,0.03,0.09,-0.13,0.18,75.86,241.08,-334.46,458.32
EHAM,LEMG,212,6.32,17.02,-14.54,41.24,0.07,0.08,-0.03,0.22,161.94,181.31,-61.12,511.33
EHAM,LEPA,133,-6.45,15.85,-23.28,15.66,0.01,0.08,-0.12,0.12,25.69,183.78,-299.56,270.2
EHAM,LEVC,143,-6.26,6.97,-16.7,2.79,-0.03,0.06,-0.13,0.06,-78.19,153.06,-323.22,139.49
EHAM,LFBD,83,2.87,12.03,-8.28,20.57,0.05,0.07,-0.04,0.15,110.57,185.28,-70.97,338.82
EHAM,LFBO,107,-7.55,17.16,-35.08,13.2,-0.0,0.08,-0.15,0.11,-10.11,199.54,-352.48,248.1
EHAM,LFLL,116,-3.76,12.71,-24.5,17.42,-0.02,0.07,-0.13,0.09,-52.57,162.18,-316.38,206.82
EHAM,LFML,88,3.91,13.86,-14.76,26.53,0.08,0.1,-0.06,0.23,146.29,182.94,-110.07,419.02
EHAM,LFMN,180,-28.22,31.77,-74.04,20.2,-0.12,0.14,-0.34,0.11,-295.74,334.29,-751.33,252.68
EHAM,LFPG,327,-4.19,10.0,-12.07,15.41,0.04,0.07,-0.06,0.15,95.81,177.62,-151.68,386.84
EHAM,LFRS,84,15.0,16.32,-4.94,41.17,0.02,0.09,-0.09,0.14,49.91,211.4,-221.34,351.13
EHAM,LFSB,181,-13.53,16.53,-42.3,11.9,-0.01,0.08,-0.15,0.1,-36.18,188.54,-356.9,209.6
EHAM,LGAV,158,-4.29,53.86,-24.39,29.54,0.02,0.17,-0.08,0.14,39.17,410.09,-183.76,336.13
EHAM,LGIR,58,-5.06,10.26,-26.68,11.53,-0.02,0.06,-0.1,0.07,-37.91,144.02,-248.0,179.98
EHAM,LGZA,56,24.89,14.89,1.58,44.8,0.07,0.09,-0.05,0.25,162.12,212.8,-127.12,593.42
EHAM,LHBP,148,-14.98,12.74,-30.3,4.0,-0.02,0.06,-0.13,0.07,-53.1,157.84,-269.3,179.87
EHAM,LIMC,177,-40.72,22.9,-65.9,0.0,-0.18,0.1,-0.3,-0.01,-447.67,257.76,-733.36,-31.36
EHAM,LIML,208,34.36,15.25,12.74,48.96,0.07,0.07,-0.03,0.17,160.94,172.42,-70.74,388.76
EHAM,LIPE,93,0.98,11.78,-15.48,16.98,-0.0,0.08,-0.16,0.11,-8.59,189.36,-336.64,258.02
EHAM,LIPZ,129,-29.33,15.72,-50.56,1.22,-0.16,0.05,-0.23,-0.07,-368.41,112.64,-520.0,-160.0
EHAM,LIRF,193,-28.79,19.62,-51.56,4.66,-0.11,0.08,-0.2,0.0,-253.63,187.71,-483.24,0.0
EHAM,LIRN,75,-20.86,23.21,-46.05,16.86,-0.05,0.1,-0.14,0.12,-114.73,228.82,-339.53,276.07
EHAM,LIRP,50,8.68,21.75,-31.06,32.76,0.03,0.05,-0.06,0.12,59.03,124.63,-136.14,290.27
EHAM,LIRQ,149,12.25,16.76,-12.22,35.46,0.01,0.08,-0.1,0.13,10.9,201.4,-260.0,284.56
EHAM,LKPR,187,-15.37,13.43,-31.54,0.87,-0.05,0.07,-0.13,0.05,-115.41,149.51,-320.0,85.5
EHAM,LLBG,124,4.29,12.1,-10.61,26.15,0.01,0.07,-0.1,0.12,48.32,260.73,-250.2,455.55
EHAM,LOWW,254,9.36,17.8,-14.87,45.54,0.04,0.07,-0.05,0.15,95.02,158.73,-115.0,377.94
EHAM,LPFR,76,-1.42,11.13,-16.08,14.85,-0.01,0.06,-0.1,0.08,-32.38,147.4,-250.0,193.77
EHAM,LPPR,118,-2.67,12.14,-23.54,19.33,0.02,0.07,-0.08,0.12,41.04,153.38,-200.0,260.19
EHAM,LPPT,324,-6.26,17.18,-34.68,21.52,0.03,0.09,-0.1,0.18,75.66,206.4,-220.0,473.94
EHAM,LROP,99,-39.3,11.83,-52.01,-11.33,-0.07,0.05,-0.13,0.0,-155.6,114.29,-320.0,4.0
EHAM,LSGG,232,-28.05,18.24,-54.72,-3.81,-0.06,0.09,-0.2,0.1,-141.48,221.26,-495.62,222.24
EHAM,LSZH,221,-3.96,18.98,-29.0,28.4,0.02,0.1,-0.14,0.18,45.87,234.44,-290.0,435.5
EHAM,LTFJ,155,-9.21,26.58,-35.95,31.88,0.03,0.14,-0.14,0.25,80.68,362.9,-378.24,658.0
EHAM,LTFM,164,-22.09,18.86,-42.11,9.75,-0.05,0.1,-0.15,0.08,-277.72,570.37,-901.44,405.39
EHAM,LYBE,101,-5.07,15.33,-24.6,17.1,0.01,0.07,-0.1,0.12,22.67,154.41,-238.9,253.6
EHAM,MMMX,59,-8.07,9.32,-25.61,3.91,-0.0,0.05,-0.09,0.09,-20.71,294.44,-481.89,468.07
EHAM,OMAA,52,11.77,14.66,-4.9,40.79,0.06,0.08,-0.05,0.16,375.48,503.72,-265.68,1095.0
EHAM,OMDB,116,28.3,21.04,-3.7,66.2,0.23,0.1,0.07,0.4,2000.27,986.9,580.55,3748.35
EHAM,OTHH,82,36.53,34.4,0.1,92.44,0.16,0.11,-0.0,0.33,1220.0,844.28,-13.08,2543.64
EHAM,RKSI,56,-2.81,12.22,-17.78,25.55,-0.0,0.05,-0.08,0.08,9.24,361.18,-508.08,562.28
EHAM,TNCC,74,-1.4,6.39,-12.07,9.01,-0.0,0.05,-0.09,0.07,24.6,338.43,-545.02,579.92
EHAM,VHHH,42,-4.91,16.75,-22.88,4.94,-0.0,0.05,-0.06,0.09,-21.34,302.94,-379.98,507.4
EHAM,WSSS,59,-9.96,13.32,-24.04,2.51,0.07,0.05,-0.01,0.15,474.81,341.75,-91.4,934.34
EHAM,ZSPD,107,-8.35,15.08,-29.26,4.73,0.0,0.05,-0.06,0.08,34.98,355.64,-471.5,587.35
EHEH,EGSS,90,5.8,9.64,-3.0,25.2,0.07,0.05,-0.0,0.15,168.11,126.06,-8.48,379.38
EHEH,LBSF,50,-58.57,17.4,-77.47,-26.41,-0.11,0.06,-0.18,-0.02,-256.53,147.92,-423.2,-46.39
EHEH,LEAL,83,-9.29,13.0,-24.03,4.32,0.04,0.08,-0.06,0.14,94.45,185.37,-142.6,338.8
EHEH,LEBL,54,-13.03,12.56,-27.99,2.15,-0.05,0.07,-0.15,0.07,-111.3,172.16,-349.76,172.34
EHEH,LEIB,83,-24.48,21.4,-59.48,13.29,-0.08,0.07,-0.18,0.03,-197.72,171.49,-440.3,83.83
EHEH,LEMG,95,-5.38,21.62,-27.26,27.87,0.06,0.08,-0.06,0.2,138.59,200.77,-148.01,476.19
EHEH,LEPA,61,-14.2,23.96,-35.5,9.4,-0.0,0.1,-0.11,0.13,-9.03,244.0,-266.7,334.0
EHEH,LEVC,71,-14.69,11.51,-28.8,6.2,-0.02,0.05,-0.11,0.04,-56.59,116.87,-269.65,106.3
EHEH,LIRF,59,-44.55,22.1,-77.39,0.2,-0.13,0.07,-0.25,-0.02,-327.89,170.57,-602.5,-40.64
EHEH,LPFR,73,-8.67,14.29,-25.42,14.02,-0.01,0.06,-0.1,0.11,-15.42,152.35,-240.0,256.0
EHRD,EGLC,100,4.04,6.91,-2.4,15.43,0.07,0.13,-0.02,0.15,143.26,282.03,-36.6,330.73
EHRD,LEAL,51,-5.05,9.6,-17.95,12.5,0.03,0.06,-0.07,0.13,66.15,134.46,-178.65,302.0
EHRD,LEIB,56,-35.54,19.63,-61.22,-2.4,-0.12,0.07,-0.22,-0.01,-291.44,152.0,-524.2,-33.3
EHRD,LEMG,59,2.62,19.0,-11.53,36.69,0.07,0.08,-0.05,0.22,172.27,186.07,-114.64,531.97
EICK,EGCC,60,17.93,9.09,-1.86,30.46,0.07,0.06,-0.02,0.16,152.86,130.95,-48.22,380.36
EICK,EGLL,113,19.31,11.38,-0.88,37.74,0.09,0.09,-0.04,0.28,216.58,234.7,-92.78,687.92
EICK,EGSS,85,2.03,11.17,-17.28,19.78,0.06,0.06,-0.03,0.16,148.39,139.58,-75.82,381.3
EICK,EHAM,94,12.23,5.83,2.92,22.74,0.07,0.07,-0.04,0.18,163.01,150.99,-63.35,356.3
EICK,LEMG,51,-10.58,17.65,-36.2,25.55,0.04,0.09,-0.07,0.23,87.41,212.2,-168.4,551.0
EICK,LPFR,50,-1.35,6.83,-12.14,8.91,0.03,0.06,-0.07,0.09,69.85,138.78,-166.6,225.78
EIDL,EIDW,58,-28.68,19.17,-52.5,3.16,-0.05,0.09,-0.15,0.1,-44.42,80.8,-136.46,92.74
EIDW,BIKF,48,0.32,11.35,-12.33,20.65,0.03,0.06,-0.05,0.11,118.8,200.92,-123.74,451.98
EIDW,CYYZ,103,-3.61,19.78,-24.92,10.1,0.03,0.06,-0.08,0.11,175.84,313.72,-253.92,631.12
EIDW,EBBR,140,15.48,12.19,-5.77,34.61,0.07,0.06,-0.02,0.17,182.2,148.34,-49.1,435.88
EIDW,EDDB,112,11.87,13.01,-6.99,27.45,0.07,0.06,-0.03,0.18,177.52,165.44,-77.98,442.68
EIDW,EDDF,180,-40.49,13.75,-60.72,-19.1,-0.14,0.07,-0.23,-0.03,-350.91,190.41,-580.24,-64.98
EIDW,EDDH,59,-38.89,26.96,-64.83,-6.68,-0.12,0.08,-0.23,-0.03,-288.06,199.96,-574.76,-63.21
EIDW,EDDL,75,-14.6,7.11,-25.67,-2.53,0.01,0.05,-0.08,0.08,13.72,124.94,-202.63,185.09
EIDW,EDDM,106,4.03,13.13,-11.9,27.65,-0.06,0.09,-0.23,0.07,-138.46,212.61,-527.12,168.02
EIDW,EGBB,270,10.22,11.09,-2.9,32.35,0.08,0.07,-0.01,0.18,124.06,104.62,-29.38,296.9
EIDW,EGCC,340,18.75,10.14,-2.4,35.21,0.09,0.07,-0.0,0.2,144.21,93.05,-4.04,289.32
EIDW,EGGD,175,6.56,11.56,-11.46,25.21,0.05,0.08,-0.07,0.15,79.57,145.33,-95.19,288.61
EIDW,EGGP,203,10.26,8.57,0.7,24.99,0.05,0.05,-0.02,0.13,83.35,86.4,-59.24,211.3
EIDW,EGGW,106,-29.33,12.49,-45.98,-6.88,-0.06,0.08,-0.15,0.08,-150.87,197.18,-358.0,177.6
EIDW,EGHI,56,-0.86,12.53,-15.35,23.55,0.01,0.1,-0.15,0.13,7.74,89.52,-133.2,123.85
EIDW,EGKK,326,9.83,12.87,-19.0,27.42,0.15,0.14,-0.03,0.39,349.51,338.94,-59.8,950.98
EIDW,EGLC,129,-23.01,23.58,-61.14,-1.94,-0.01,0.1,-0.14,0.15,-27.61,229.44,-318.48,327.3
EIDW,EGLL,500,17.52,14.8,2.4,40.5,0.11,0.12,-0.04,0.3,270.89,277.56,-103.72,741.9
EIDW,EGNM,144,17.56,10.4,3.93,36.95,0.07,0.09,-0.03,0.15,88.17,120.18,-63.16,239.7
EIDW,EGNT,95,1.04,16.37,-25.39,16.56,0.0,0.1,-0.09,0.08,3.82,123.8,-160.0,158.0
EIDW,EGNX,92,-1.09,9.96,-16.4,10.86,0.04,0.05,-0.04,0.11,143.36,202.63,-111.98,559.77
EIDW,EGPD,60,7.12,5.61,-3.2,17.81,0.02,0.05,-0.06,0.1,14.31,47.74,-65.25,89.32
EIDW,EGPF,217,-4.33,11.18,-20.0,10.8,-0.09,0.07,-0.18,0.01,-130.39,111.89,-336.72,7.64
EIDW,EGPH,295,4.77,11.83,-15.46,16.08,0.02,0.07,-0.08,0.13,30.53,110.89,-135.48,198.31
EIDW,EGSS,262,-6.85,10.58,-22.8,13.19,0.01,0.07,-0.07,0.12,43.78,169.46,-176.61,350.0
EIDW,EHAM,397,8.43,6.08,3.58,19.06,0.08,0.06,-0.01,0.16,183.39,139.47,-16.1,383.3
EIDW,EIDL,58,9.88,4.84,3.51,19.08,0.09,0.08,0.06,0.12,84.78,70.98,51.18,108.77
EIDW,EIKY,59,-2.62,14.77,-29.1,21.93,0.02,0.07,-0.1,0.13,42.85,167.72,-245.03,283.65
EIDW,EKCH,91,-14.24,10.89,-30.9,-0.05,-0.08,0.05,-0.16,0.01,-163.77,112.12,-338.25,20.5
EIDW,ESSA,60,-0.19,13.9,-17.51,27.22,0.01,0.07,-0.07,0.11,29.59,158.96,-151.16,262.84
EIDW,GCRR,110,-20.3,11.51,-40.37,-1.21,-0.04,0.08,-0.14,0.09,-163.51,319.34,-755.17,181.7
EIDW,GCTS,65,-24.41,12.12,-37.96,-5.08,-0.06,0.08,-0.19,0.1,-161.76,205.71,-475.94,243.12
EIDW,KBOS,89,-6.16,12.17,-30.1,8.86,0.02,0.06,-0.09,0.12,142.97,376.66,-513.6,713.68
EIDW,KEWR,88,-6.29,12.16,-28.49,5.08,0.1,0.11,-0.09,0.28,404.87,482.3,-396.3,1186.32
EIDW,KIAD,118,-7.49,14.01,-32.96,6.16,0.01,0.09,-0.11,0.17,79.45,511.35,-668.26,1014.24
EIDW,KJFK,90,-7.52,15.36,-30.2,1.83,0.07,0.08,-0.05,0.18,404.92,452.52,-252.46,1061.95
EIDW,KORD,141,-3.29,15.92,-23.2,14.9,0.0,0.07,-0.11,0.09,19.0,379.69,-553.3,513.4
EIDW,KPHL,58,-3.13,17.48,-29.66,16.16,0.01,0.17,-0.13,0.13,-14.37,491.06,-481.19,693.12
EIDW,LEAL,97,-7.62,19.16,-42.0,21.38,0.04,0.08,-0.06,0.13,91.44,181.32,-155.74,308.4
EIDW,LEBL,148,-12.51,12.6,-33.4,8.79,-0.07,0.1,-0.19,0.06,-262.86,367.08,-1031.99,132.65
EIDW,LEMD,130,-10.8,19.86,-43.52,13.37,0.03,0.08,-0.08,0.16,64.97,197.05,-208.36,363.11
EIDW,LEMG,224,-3.86,17.29,-17.94,32.07,0.06,0.07,-0.06,0.19,187.41,270.83,-173.8,646.4
EIDW,LEPA,91,-9.74,11.53,-25.0,9.9,-0.01,0.08,-0.12,0.12,-8.9,224.64,-301.45,295.3
EIDW,LERS,66,-4.67,16.67,-19.73,17.05,-0.01,0.07,-0.11,0.13,-15.79,158.17,-236.73,289.32
EIDW,LFBD,55,-8.64,10.46,-18.65,5.54,-0.03,0.06,-0.12,0.06,-80.62,142.57,-297.41,153.3
EIDW,LFMN,66,6.33,24.06,-15.72,28.8,0.06,0.17,-0.09,0.2,136.55,410.96,-234.35,496.67
EIDW,LFOB,80,-8.0,14.26,-28.1,16.03,-0.01,0.11,-0.1,0.09,-17.37,265.19,-224.06,181.41
EIDW,LFPG,235,-6.51,19.51,-35.38,25.02,-0.01,0.09,-0.13,0.16,-17.63,225.82,-316.38,393.4
EIDW,LFPO,52,-39.11,20.16,-70.28,-6.04,-0.08,0.11,-0.22,0.1,-223.28,335.84,-586.28,251.67
EIDW,LFRS,63,10.91,8.35,-2.95,24.27,0.04,0.06,-0.06,0.13,91.9,142.93,-137.73,290.31
EIDW,LIME,64,-46.43,17.32,-71.4,-20.08,-0.1,0.08,-0.2,0.04,-223.2,180.41,-484.0,92.69
EIDW,LIPZ,65,-38.12,19.52,-68.2,-5.02,-0.17,0.08,-0.3,-0.06,-428.98,213.26,-790.0,-141.64
EIDW,LIRF,113,-50.44,18.29,-78.06,-15.7,-0.14,0.08,-0.27,-0.02,-348.08,191.68,-672.02,-47.86
EIDW,LIRN,60,-22.56,51.32,-61.14,-0.29,-0.05,0.29,-0.23,0.11,-124.74,717.48,-583.3,269.83
EIDW,LOWW,51,9.67,15.07,-11.0,33.75,0.06,0.06,-0.03,0.18,146.62,159.23,-83.3,437.55
EIDW,LPFR,222,-7.6,30.0,-18.88,8.19,0.0,0.09,-0.1,0.1,-5.41,224.27,-303.86,245.0
EIDW,LPPT,172,-9.74,20.32,-38.47,18.22,0.09,0.11,-0.06,0.28,205.79,241.06,-151.23,618.0
EIDW,LSZH,79,-4.36,19.05,-37.03,25.89,-0.01,0.12,-0.17,0.2,-8.8,265.57,-327.95,477.85
EIDW,LTFM,77,-19.98,16.83,-40.02,4.46,-0.03,0.08,-0.13,0.11,-90.17,337.18,-636.0,373.72
EIDW,OMDB,60,15.59,20.18,-5.48,49.83,0.17,0.16,-0.09,0.42,1360.81,1246.6,-708.04,3266.76
EIDW,OTHH,60,39.63,20.09,13.31,75.2,0.16,0.1,0.0,0.34,824.59,498.99,11.49,1782.41
EIKY,EIDW,59,-17.71,13.69,-38.64,6.03,-0.14,0.09,-0.22,0.03,-340.12,209.27,-537.7,75.43
EINN,EGLL,84,17.39,12.68,-7.14,42.18,0.09,0.12,-0.06,0.28,224.38,289.02,-160.2,702.79
EINN,EGSS,73,-0.82,14.25,-30.86,22.38,0.07,0.06,-0.02,0.2,167.39,146.42,-36.52,459.2
EKAH,EKCH,130,-14.86,9.8,-25.91,5.11,-0.08,0.05,-0.15,-0.01,-107.65,71.75,-204.06,-5.47
EKBI,EDDF,98,-44.24,22.2,-70.01,-17.93,-0.17,0.08,-0.28,-0.05,-386.55,184.78,-632.39,-125.02
EKBI,EDDM,60,-18.77,9.81,-31.81,0.11,-0.07,0.06,-0.15,0.04,-104.2,84.28,-211.96,61.06
EKBI,EGSS,85,7.79,9.78,-4.08,24.84,0.12,0.06,0.05,0.2,278.01,129.12,110.84,470.0
EKBI,EHAM,140,5.46,7.1,-4.6,20.2,0.06,0.07,-0.03,0.15,137.55,166.1,-53.92,406.74
EKBI,ENGM,104,-23.15,12.63,-40.94,-5.71,-0.04,0.06,-0.14,0.04,-76.87,110.05,-283.53,57.03
EKBI,ESSA,56,4.13,16.0,-18.4,33.65,0.09,0.09,-0.0,0.21,123.83,131.69,-2.55,293.9
EKBI,LFPG,92,-5.5,13.32,-17.73,21.4,0.08,0.09,-0.11,0.2,170.42,212.08,-257.79,434.7
EKCH,BIKF,139,1.87,9.48,-12.17,18.04,0.06,0.06,-0.03,0.15,154.68,176.73,-57.69,507.01
EKCH,EBBR,187,-0.64,12.88,-23.32,22.28,-0.01,0.08,-0.11,0.12,-12.58,175.9,-269.56,273.61
EKCH,EDDB,182,1.53,17.81,-26.68,22.67,0.02,0.08,-0.1,0.14,51.49,190.11,-245.38,326.54
EKCH,EDDF,189,-35.71,25.06,-67.56,-4.38,-0.15,0.09,-0.28,-0.01,-364.01,213.79,-678.5,-23.14
EKCH,EDDH,134,-52.94,16.57,-65.94,-12.74,-0.19,0.07,-0.27,-0.07,-181.7,62.12,-261.36,-86.35
EKCH,EDDL,147,1.14,9.7,-12.58,20.67,0.06,0.06,-0.03,0.16,94.7,104.83,-61.51,270.17
EKCH,EDDM,207,-17.99,15.91,-38.38,10.16,-0.06,0.07,-0.16,0.04,-140.7,154.38,-392.28,65.65
EKCH,EDDP,31,-75.66,25.4,-112.3,-36.3,-0.2,0.1,-0.36,-0.04,-769.27,422.5,-1456.65,-102.1
EKCH,EFHK,248,-18.51,13.83,-40.63,2.78,-0.0,0.06,-0.09,0.1,-2.84,148.59,-218.14,228.17
EKCH,EGCC,144,-20.39,16.25,-43.08,8.59,-0.0,0.08,-0.14,0.12,-10.66,181.37,-323.86,278.11
EKCH,EGKK,190,7.36,12.73,-15.76,25.92,0.19,0.13,-0.01,0.41,414.43,287.41,-16.87,889.79
EKCH,EGLL,273,6.67,11.7,-13.12,26.84,0.19,0.11,0.05,0.4,457.41,264.03,114.6,986.2
EKCH,EGPH,71,6.26,16.69,-26.95,24.9,0.08,0.07,0.0,0.2,181.63,168.46,0.9,425.55
EKCH,EGSS,90,3.3,14.2,-9.86,20.78,0.11,0.08,0.02,0.21,256.75,200.09,41.22,482.9
EKCH,EHAM,420,7.94,7.42,-4.71,21.73,0.08,0.06,-0.01,0.18,180.25,132.04,-29.62,391.0
EKCH,EIDW,89,-15.11,17.23,-41.66,12.1,-0.02,0.09,-0.14,0.12,-38.49,196.87,-306.62,238.14
EKCH,EKAH,127,-9.96,6.07,-15.6,3.57,-0.01,0.03,-0.05,0.05,-21.09,44.78,-70.63,50.02
EKCH,EKRN,182,-10.22,9.45,-26.6,10.19,0.0,0.06,-0.07,0.08,1.95,41.66,-50.68,70.93
EKCH,EKSB,108,-9.21,6.56,-25.36,-2.7,-0.04,0.03,-0.09,0.01,-36.35,29.26,-79.3,10.38
EKCH,EKVG,95,1.65,12.03,-5.7,10.66,0.06,0.11,-0.04,0.12,138.9,276.9,-87.68,293.98
EKCH,EKYT,439,1.55,8.49,-5.41,13.12,-0.0,0.06,-0.06,0.07,-8.9,100.34,-144.03,123.37
EKCH,ENBR,171,-19.6,29.13,-39.5,-4.35,-0.02,0.16,-0.11,0.08,-26.93,389.31,-241.55,173.0
EKCH,ENGM,540,-15.79,17.43,-34.85,6.12,-0.02,0.09,-0.12,0.1,-49.02,161.8,-280.1,219.84
EKCH,ENVA,69,-1.54,6.06,-9.72,5.46,0.0,0.03,-0.05,0.06,6.26,56.57,-76.04,108.6
EKCH,ENZV,168,-4.65,6.41,-19.08,2.88,-0.0,0.04,-0.09,0.06,2.02,74.9,-128.4,109.38
EKCH,EPGD,102,-32.33,17.75,-57.49,-5.63,-0.09,0.05,-0.17,0.0,-197.31,126.94,-399.71,0.0
EKCH,EPWA,155,-39.7,24.13,-79.58,-7.91,-0.06,0.07,-0.18,0.07,-106.55,128.62,-300.0,107.72
EKCH,ESGG,87,-11.23,10.11,-35.6,-0.83,-0.03,0.05,-0.12,0.02,-63.49,95.82,-220.71,34.01
EKCH,ESSA,497,-11.54,16.3,-42.5,11.08,-0.01,0.08,-0.13,0.09,-35.04,189.03,-296.98,215.44
EKCH,EVRA,118,-11.42,13.1,-32.33,5.71,-0.01,0.07,-0.1,0.11,-28.32,166.23,-283.6,208.08
EKCH,EYPA,54,-27.03,13.66,-51.32,-7.71,-0.03,0.05,-0.12,0.03,-41.64,66.44,-171.52,46.7
EKCH,EYVI,61,-20.81,10.12,-33.5,-4.7,-0.02,0.05,-0.1,0.07,-22.57,66.68,-140.0,93.3
EKCH,KJFK,60,-9.12,14.87,-38.84,1.07,-0.07,0.12,-0.28,0.09,-421.55,692.61,-1544.7,567.86
EKCH,LEAL,84,-3.64,12.77,-26.01,14.11,0.05,0.07,-0.05,0.15,125.05,162.92,-116.14,371.26
EKCH,LEBL,145,-6.08,18.81,-41.08,25.8,-0.04,0.08,-0.15,0.07,-96.66,189.23,-354.3,181.1
EKCH,LEMD,66,-0.15,19.55,-22.4,24.28,0.03,0.1,-0.12,0.22,87.97,266.15,-320.55,558.38
EKCH,LEMG,151,-4.06,15.24,-27.25,17.7,0.05,0.08,-0.09,0.2,103.99,183.3,-200.3,451.75
EKCH,LEPA,120,-13.84,18.66,-44.02,10.14,-0.02,0.08,-0.13,0.11,-37.21,179.07,-314.84,260.52
EKCH,LFMN,105,-46.38,20.1,-78.7,-17.52,-0.16,0.07,-0.27,-0.05,-366.95,168.14,-630.82,-128.96
EKCH,LFPG,301,-5.53,14.22,-29.4,22.2,0.02,0.07,-0.09,0.13,40.07,162.58,-178.5,315.3
EKCH,LGAV,85,-10.72,16.01,-35.48,11.92,0.02,0.08,-0.11,0.14,41.44,180.33,-253.04,369.82
EKCH,LHBP,51,-24.28,14.84,-44.35,-3.0,-0.0,0.05,-0.08,0.08,-7.43,123.35,-182.25,185.65
EKCH,LIMC,140,-39.49,24.1,-72.87,5.34,-0.17,0.09,-0.28,-0.02,-403.67,235.86,-766.98,-37.89
EKCH,LIME,53,-55.22,19.41,-86.64,-25.08,-0.13,0.06,-0.2,-0.03,-296.15,130.77,-481.32,-78.8
EKCH,LIPE,73,-13.59,15.14,-37.9,12.28,-0.03,0.07,-0.14,0.08,-53.65,141.66,-294.0,157.88
EKCH,LIRF,109,-35.58,20.3,-63.42,-2.58,-0.13,0.08,-0.29,-0.01,-304.31,188.49,-681.98,-30.68
EKCH,LKPR,114,-13.33,14.92,-33.64,12.21,-0.05,0.08,-0.2,0.09,-124.36,181.23,-446.4,163.3
EKCH,LOWW,168,-8.64,16.88,-31.15,24.6,0.03,0.07,-0.07,0.17,111.19,273.19,-166.6,550.0
EKCH,LPPT,64,-4.28,19.41,-25.88,36.01,0.08,0.1,-0.03,0.26,193.44,227.96,-83.38,631.01
EKCH,LSGG,86,-6.11,16.48,-47.68,7.75,0.04,0.07,-0.1,0.15,85.77,159.09,-158.32,368.38
EKCH,LSZH,157,-15.24,13.06,-37.24,8.28,-0.04,0.09,-0.16,0.11,-99.53,178.63,-396.92,207.64
EKCH,LTAI,55,-6.48,17.4,-31.22,16.78,0.09,0.1,-0.03,0.22,207.33,215.83,-83.3,465.5
EKCH,LTFJ,65,-16.41,27.91,-43.2,27.86,-0.0,0.16,-0.15,0.29,-11.22,407.01,-375.0,664.0
EKCH,LTFM,105,-16.84,25.72,-40.54,33.16,0.02,0.11,-0.1,0.16,48.32,292.13,-240.0,457.36
EKRN,EKCH,183,-13.69,6.54,-22.47,0.9,-0.11,0.06,-0.19,-0.02,-83.88,51.38,-154.77,-12.09
EKSB,EKCH,108,-18.17,8.15,-29.5,-7.58,-0.15,0.05,-0.2,-0.09,-127.94,44.17,-166.98,-80.04
EKVG,EKCH,94,-18.64,11.42,-35.25,4.9,-0.11,0.06,-0.19,0.0,-267.33,147.73,-453.74,9.41
EKYT,EHAM,118,3.09,7.79,-7.9,16.45,0.11,0.07,0.02,0.19,241.47,150.61,40.25,426.49
EKYT,EKCH,437,-12.32,11.68,-29.7,3.36,-0.1,0.06,-0.2,0.01,-176.74,125.35,-355.08,9.1
ELLX,EDDB,63,-21.63,23.1,-54.57,16.18,-0.1,0.12,-0.28,0.06,-102.7,159.77,-321.68,147.53
ELLX,EDDF,130,-82.17,22.35,-109.16,-43.93,-0.3,0.08,-0.4,-0.19,-551.98,158.97,-803.93,-326.71
ELLX,EDDM,119,-31.98,22.87,-58.71,9.75,-0.2,0.1,-0.31,-0.05,-262.28,129.9,-430.31,-59.22
ELLX,EGLC,141,-15.2,7.74,-24.9,-1.3,-0.16,0.08,-0.23,-0.07,-178.92,86.48,-268.4,-76.6
ELLX,EHAM,109,2.93,12.5,-20.48,20.24,0.03,0.06,-0.1,0.12,56.64,134.99,-215.46,259.3
ELLX,LEPA,81,-1.38,13.56,-17.4,25.0,-0.01,0.08,-0.1,0.13,-15.82,175.45,-219.4,292.1
ELLX,LFMN,63,-36.93,18.3,-63.7,-5.72,-0.16,0.09,-0.28,0.0,-314.0,178.01,-579.27,0.56
ELLX,LFPG,86,11.15,16.06,-0.15,44.22,0.04,0.09,-0.06,0.18,47.42,98.78,-63.45,209.98
ELLX,LIMC,79,-44.31,23.77,-86.52,0.25,-0.25,0.1,-0.42,-0.1,-383.38,163.65,-672.17,-147.92
ELLX,LOWW,65,-18.83,18.91,-45.7,11.44,-0.09,0.08,-0.21,0.05,-107.3,99.81,-268.38,57.5
ELLX,LPPR,134,-1.43,19.53,-28.1,28.3,0.05,0.09,-0.07,0.22,109.65,213.01,-169.54,534.0
ELLX,LPPT,78,-6.62,18.26,-32.43,17.87,0.06,0.09,-0.07,0.2,141.71,211.85,-169.2,455.24
ELLX,LSZH,43,2.0,20.08,-29.47,33.81,0.06,0.13,-0.11,0.3,123.25,288.66,-261.52,669.47
ENAL,EHAM,59,-18.03,14.18,-41.44,0.57,-0.0,0.09,-0.14,0.16,2.92,167.28,-251.25,279.45
ENAL,ENBR,171,-19.43,9.33,-27.85,0.1,-0.07,0.09,-0.18,0.09,-81.27,118.27,-208.3,150.25
ENAL,ENGM,207,-0.63,12.47,-26.62,14.79,-0.02,0.07,-0.14,0.09,-48.92,173.59,-312.7,210.58
ENAN,ENTC,1,10.1,,10.1,10.1,0.01,,0.01,0.01,4.7,,4.7,4.7
ENAT,ENGM,54,-2.92,13.94,-23.65,9.5,0.03,0.08,-0.1,0.18,83.32,177.39,-224.15,421.72
ENAT,ENTC,126,-15.18,12.08,-22.65,0.3,-0.12,0.11,-0.24,0.02,-89.98,71.5,-177.48,40.0
ENBL,ENGM,116,-17.46,10.07,-36.1,-5.08,-0.15,0.06,-0.27,-0.06,-88.72,38.37,-160.57,-38.08
ENBN,ENBO,55,1.28,10.19,-14.08,18.51,-0.15,0.06,-0.23,-0.03,-87.25,38.0,-138.65,-13.38
ENBN,ENVA,97,-12.66,5.55,-18.46,-0.96,-0.27,0.07,-0.36,-0.14,-158.35,42.11,-218.04,-86.2
ENBO,ENBN,53,-14.58,9.23,-32.16,-1.94,-0.15,0.06,-0.22,-0.07,-88.87,35.31,-128.72,-43.56
ENBO,ENEV,4,10.15,26.13,-16.76,34.67,-0.0,0.1,-0.09,0.1,-27.35,100.0,-139.99,63.1
ENBO,ENGM,286,-6.43,12.97,-27.67,13.6,0.04,0.1,-0.12,0.18,96.21,231.55,-286.92,420.8
ENBO,ENLK,178,-10.14,5.63,-13.3,0.02,-0.1,0.07,-0.15,-0.03,-61.43,39.1,-92.53,-18.38
ENBO,ENRA,75,-15.33,11.0,-36.3,0.0,-0.11,0.06,-0.22,-0.02,-65.55,38.4,-134.39,-14.21
ENBO,ENSH,130,-4.37,7.6,-7.88,-0.9,-0.07,0.05,-0.11,-0.04,-42.79,31.88,-65.28,-20.7
ENBO,ENSK,129,-1.21,8.85,-7.2,10.8,-0.08,0.09,-0.13,0.01,-45.17,52.21,-80.6,4.76
ENBO,ENTC,54,15.02,15.29,-2.9,33.47,0.0,0.08,-0.1,0.15,4.63,157.08,-188.42,310.93
ENBO,ENVA,113,-10.14,17.03,-20.78,-3.12,-0.04,0.12,-0.2,0.1,-66.23,165.91,-344.22,162.58
ENBR,EDDF,54,-39.99,24.89,-76.54,-2.63,-0.15,0.09,-0.28,-0.03,-340.81,201.55,-620.78,-62.55
ENBR,EGKK,54,8.53,13.34,-16.22,27.09,0.16,0.13,0.01,0.4,376.48,306.58,17.69,966.74
ENBR,EGPD,53,-22.15,4.11,-26.66,-14.06,-0.01,0.06,-0.12,0.07,-6.61,66.18,-142.36,83.1
ENBR,EHAM,115,-7.85,16.52,-31.52,14.21,0.03,0.08,-0.07,0.16,72.75,199.34,-177.32,376.87
ENBR,EKCH,170,-27.81,12.95,-48.27,-6.66,-0.1,0.06,-0.18,0.0,-198.39,126.39,-404.92,4.42
ENBR,ENAL,168,-34.67,14.96,-54.4,-6.88,-0.12,0.09,-0.24,0.05,-144.52,107.71,-273.49,74.66
ENBR,ENCN,139,-21.48,11.05,-47.51,-8.0,-0.08,0.08,-0.2,0.03,-96.57,87.73,-228.05,38.66
ENBR,ENFL,113,-26.76,11.15,-36.3,-4.76,-0.21,0.06,-0.29,-0.1,-127.28,37.31,-173.16,-61.08
ENBR,ENGM,673,-26.43,11.57,-49.64,-11.56,-0.11,0.06,-0.22,-0.01,-262.34,148.72,-505.0,-9.42
ENBR,ENHD,49,1.57,10.42,-20.64,21.62,-0.01,0.06,-0.11,0.06,-4.34,38.44,-66.28,52.9
ENBR,ENKB,94,-19.81,15.28,-33.74,7.67,-0.12,0.07,-0.23,0.01,-132.0,75.64,-231.96,7.73
ENBR,ENML,72,-21.43,13.93,-33.94,3.5,-0.1,0.06,-0.19,0.01,-114.36,66.85,-203.18,8.48
ENBR,ENSG,51,-48.57,10.62,-58.6,-31.2,-0.29,0.07,-0.37,-0.18,-167.97,43.91,-221.0,-104.75
ENBR,ENTC,12,-14.11,13.1,-27.68,5.31,-0.13,0.09,-0.25,-0.0,-151.78,100.49,-290.56,-3.3
ENBR,ENTO,132,-44.34,5.98,-51.0,-34.83,-0.17,0.06,-0.24,-0.05,-198.17,65.19,-276.74,-59.81
ENBR,ENVA,273,-6.19,17.23,-26.84,28.04,-0.02,0.08,-0.14,0.12,-30.37,125.14,-199.22,211.5
ENBR,ENZV,463,-1.93,11.78,-29.64,9.33,-0.01,0.06,-0.12,0.07,-14.7,96.1,-172.07,137.8
ENBR,ESSA,52,-15.17,11.17,-26.84,5.12,0.02,0.05,-0.04,0.1,34.07,89.92,-80.89,182.54
ENCN,EHAM,81,-21.68,12.27,-38.8,1.5,0.04,0.06,-0.05,0.14,80.03,128.31,-89.5,307.4
ENCN,ENBR,140,-15.52,12.7,-39.61,1.93,-0.09,0.06,-0.18,0.02,-99.04,72.43,-210.08,20.45
ENCN,ENGM,168,-4.25,13.62,-21.67,13.73,-0.07,0.06,-0.16,0.03,-159.76,147.96,-365.2,75.59
ENDU,ENGM,85,-8.06,17.88,-33.96,26.1,0.05,0.11,-0.11,0.24,125.32,250.75,-263.72,557.72
ENEV,ENAN,1,0.0,,0.0,0.0,-0.06,,-0.06,-0.06,-33.0,,-33.0,-33.0
ENEV,ENGM,211,-18.18,13.05,-40.6,1.2,0.02,0.08,-0.11,0.14,50.81,180.84,-250.75,328.2
ENFL,ENBR,113,-19.66,7.23,-24.2,-1.2,-0.16,0.05,-0.23,-0.06,-92.4,32.21,-132.98,-36.98
ENFL,ENGM,78,-5.59,9.57,-21.82,5.7,0.02,0.09,-0.11,0.15,14.59,51.77,-66.48,89.0
ENGM,BIKF,88,3.99,10.1,-10.46,21.52,0.04,0.06,-0.06,0.14,105.6,160.68,-142.31,359.45
ENGM,EBBR,87,1.52,11.51,-14.0,21.26,0.04,0.07,-0.06,0.13,79.99,147.07,-140.56,285.87
ENGM,EDDB,95,3.82,13.96,-16.44,22.62,0.05,0.06,-0.05,0.13,113.32,138.91,-108.6,301.3
ENGM,EDDF,132,-35.65,19.1,-60.94,-4.97,-0.15,0.09,-0.28,-0.02,-363.23,226.98,-680.0,-42.68
ENGM,EDDL,76,0.08,10.49,-12.42,15.45,0.03,0.08,-0.05,0.14,69.79,196.5,-104.92,351.42
ENGM,EDDM,109,-14.18,12.87,-29.92,10.86,-0.11,0.07,-0.24,0.0,-268.42,179.68,-600.96,5.12
ENGM,EFHK,136,0.4,7.02,-10.28,12.98,0.02,0.05,-0.04,0.11,41.72,114.06,-92.98,259.12
ENGM,EGCC,58,-23.34,19.08,-53.72,7.6,-0.04,0.1,-0.16,0.1,-103.07,224.82,-387.84,220.01
ENGM,EGKK,108,9.22,11.93,-4.41,23.39,0.18,0.14,-0.02,0.47,441.52,337.63,-48.39,1117.35
ENGM,EGLL,211,0.59,9.36,-13.65,15.5,0.13,0.13,-0.05,0.39,295.8,306.25,-113.1,912.55
ENGM,EHAM,246,3.54,8.54,-11.65,17.03,0.05,0.06,-0.05,0.14,105.2,140.88,-126.38,315.62
ENGM,EKBI,101,-0.74,5.67,-6.1,7.4,0.04,0.04,-0.02,0.11,75.52,84.66,-36.1,210.7
ENGM,EKCH,541,-11.65,72.29,-28.1,12.8,-0.11,0.17,-0.22,0.02,-243.18,411.27,-509.3,53.1
ENGM,ENAL,212,2.35,8.77,-6.94,9.4,0.05,0.07,-0.06,0.16,115.77,162.69,-150.94,344.92
ENGM,ENAT,54,-7.36,7.69,-21.38,1.43,0.03,0.05,-0.06,0.11,68.14,129.04,-130.1,267.17
ENGM,ENBL,116,-28.79,12.25,-58.25,-9.15,-0.18,0.12,-0.33,-0.07,-104.82,68.16,-196.38,-37.4
ENGM,ENBO,286,1.37,9.72,-9.4,13.4,0.03,0.07,-0.07,0.13,67.96,154.56,-165.6,311.35
ENGM,ENBR,673,-15.49,8.7,-23.0,0.6,-0.03,0.07,-0.14,0.09,-62.44,164.23,-326.66,191.42
ENGM,ENCN,168,-32.19,12.74,-44.03,-8.91,-0.09,0.07,-0.18,-0.0,-216.9,166.76,-428.3,-4.2
ENGM,ENDU,84,10.86,11.83,-6.39,27.78,0.06,0.07,-0.04,0.16,133.48,173.28,-102.34,376.81
ENGM,ENEV,209,10.26,15.0,-9.34,31.0,0.07,0.07,-0.04,0.18,170.35,164.04,-97.7,437.48
ENGM,ENFL,78,-15.15,17.03,-51.28,18.88,-0.01,0.17,-0.18,0.36,-4.57,102.29,-108.36,214.5
ENGM,ENHD,153,-3.4,6.07,-11.24,1.68,0.04,0.06,-0.05,0.14,103.03,150.75,-133.34,336.54
ENGM,ENKB,56,2.89,5.39,-3.02,9.68,0.0,0.09,-0.11,0.1,6.3,203.98,-266.77,233.08
ENGM,ENML,121,-6.1,8.22,-13.9,4.5,0.0,0.08,-0.1,0.1,0.36,180.68,-252.1,256.0
ENGM,ENOV,142,-3.88,11.41,-34.48,6.32,-0.11,0.08,-0.23,0.01,-67.18,44.3,-135.78,5.2
ENGM,ENSG,104,-6.27,23.22,-35.2,-1.96,-0.07,0.17,-0.21,0.01,-42.47,104.29,-124.67,7.73
ENGM,ENTC,337,13.12,17.29,-9.74,34.9,0.07,0.08,-0.06,0.2,165.59,193.58,-136.08,480.62
ENGM,ENVA,669,-6.36,5.44,-15.8,0.9,-0.04,0.05,-0.13,0.05,-95.76,119.73,-287.5,104.62
ENGM,ENZV,586,0.97,7.04,-3.4,11.0,0.04,0.07,-0.05,0.14,79.01,162.91,-123.9,289.77
ENGM,EPGD,68,-25.23,12.48,-47.12,-4.7,-0.08,0.06,-0.15,0.04,-192.24,142.81,-375.0,104.35
ENGM,EPKK,80,-40.61,14.31,-60.4,-17.58,-0.13,0.07,-0.23,-0.02,-317.02,177.42,-607.62,-40.0
ENGM,EPWA,88,-33.06,22.1,-62.95,-4.58,-0.08,0.09,-0.22,0.07,-173.53,194.05,-443.33,161.83
ENGM,ESSA,517,4.82,12.86,-9.5,35.28,0.03,0.08,-0.06,0.15,70.04,233.24,-136.82,360.18
ENGM,EVRA,90,2.67,7.16,-7.16,14.59,0.03,0.06,-0.04,0.14,63.72,115.47,-84.5,293.04
ENGM,LEAL,104,-2.36,10.34,-14.1,16.56,0.03,0.07,-0.08,0.15,69.9,166.54,-193.24,344.79
ENGM,LEBL,86,-6.57,12.07,-25.75,16.95,-0.06,0.07,-0.18,0.06,-144.69,170.19,-435.48,145.68
ENGM,LEMG,94,-1.25,15.72,-19.91,26.78,0.03,0.08,-0.07,0.16,77.29,179.6,-153.34,393.34
ENGM,LEPA,59,-9.18,17.76,-38.7,17.65,-0.03,0.08,-0.15,0.08,-71.4,199.86,-349.54,201.3
ENGM,LFMN,68,-43.87,23.82,-65.53,-2.08,-0.21,0.09,-0.33,-0.07,-483.69,202.59,-787.46,-158.29
ENGM,LFPG,164,-7.14,11.87,-18.47,14.44,0.01,0.08,-0.13,0.12,13.59,184.43,-311.52,279.63
ENGM,LIMC,58,-43.4,23.61,-64.84,7.8,-0.16,0.12,-0.27,-0.01,-367.89,270.34,-635.7,-20.22
ENGM,LIRF,58,-34.06,17.85,-55.94,-2.96,-0.14,0.09,-0.28,-0.0,-335.03,219.92,-661.8,-8.56
ENGM,LKPR,56,-6.9,14.74,-26.12,17.55,-0.02,0.07,-0.12,0.08,-48.73,173.63,-281.48,187.48
ENGM,LSZH,72,-19.49,9.83,-28.74,-6.06,-0.03,0.11,-0.17,0.12,-80.2,247.78,-403.12,223.05
ENGM,LTFM,81,-28.32,27.1,-67.7,10.2,-0.08,0.09,-0.18,0.07,-205.16,325.54,-541.7,186.7
ENGM,OTHH,63,26.43,23.42,-5.56,64.5,0.06,0.09,-0.06,0.21,414.37,566.89,-423.8,1348.31
ENHD,ENBR,48,-10.12,9.47,-27.81,2.42,-0.11,0.06,-0.22,-0.01,-66.85,38.72,-133.68,-3.97
ENHD,ENGM,155,-1.91,11.22,-26.95,11.95,-0.07,0.06,-0.17,0.01,-161.0,142.16,-409.46,32.15
ENHF,ENTC,163,-21.43,10.14,-27.3,0.7,-0.18,0.07,-0.28,-0.02,-107.26,43.17,-165.81,-12.63
ENHV,ENHF,61,-6.22,10.46,-29.5,2.8,-0.08,0.06,-0.2,-0.02,-49.92,35.65,-118.8,-11.2
ENKB,ENBR,96,-40.52,10.13,-50.85,-19.7,-0.15,0.09,-0.3,0.02,-159.69,89.07,-277.92,21.15
ENKB,ENGM,59,1.2,10.91,-16.82,18.39,0.0,0.07,-0.09,0.11,0.6,158.74,-234.77,260.84
ENKR,ENTC,50,-7.26,7.88,-16.7,5.75,-0.01,0.1,-0.16,0.12,47.73,143.33,-96.78,292.87
ENKR,ENVD,70,-4.7,4.51,-8.91,7.01,-0.03,0.04,-0.09,0.03,-20.57,21.36,-51.62,19.66
ENLK,ENBO,176,-4.69,8.54,-16.5,5.4,-0.05,0.05,-0.13,0.03,-29.7,31.35,-78.62,20.55
ENML,ENBR,72,-24.41,10.55,-36.29,-3.84,-0.11,0.06,-0.22,-0.02,-123.46,62.54,-213.1,-21.0
ENML,ENGM,122,0.99,11.38,-22.66,16.68,-0.01,0.07,-0.14,0.09,-17.89,165.96,-325.64,224.56
ENMS,ENBO,52,-7.67,7.86,-14.74,5.52,-0.13,0.05,-0.19,-0.05,-78.98,31.45,-114.02,-27.3
ENMS,ENVA,75,-8.29,6.25,-13.73,0.79,-0.13,0.07,-0.23,-0.03,-78.52,39.9,-137.46,-16.25
ENNA,ENTC,72,-6.04,8.62,-16.65,6.54,0.0,0.07,-0.05,0.08,1.26,44.1,-30.53,49.21
ENNM,ENVA,70,-7.2,7.73,-15.48,5.42,-0.06,0.05,-0.14,0.05,-34.83,31.65,-80.14,29.93
ENOV,ENGM,144,-29.95,10.29,-50.77,-15.68,-0.18,0.07,-0.31,-0.07,-105.87,43.83,-178.66,-43.45
ENRA,ENBO,75,-6.42,7.13,-14.76,3.23,-0.08,0.05,-0.14,0.04,-47.63,32.96,-86.4,21.46
ENRA,ENVA,102,-8.08,4.32,-13.39,0.19,-0.12,0.07,-0.22,-0.0,-69.27,41.53,-130.1,-0.7
ENSD,ENGM,66,-8.01,32.38,-35.0,4.95,-0.09,0.17,-0.26,0.06,-55.59,98.19,-152.77,35.45
ENSG,ENGM,67,-15.44,20.51,-36.78,-5.41,-0.14,0.15,-0.28,-0.05,-85.15,87.84,-154.94,-31.21
ENSG,ENSD,76,-9.17,2.97,-15.3,-5.82,-0.07,0.04,-0.13,-0.02,-41.37,21.12,-78.05,-9.78
ENSH,ENBO,137,-8.82,6.17,-13.9,2.0,-0.07,0.04,-0.12,0.02,-40.96,25.7,-74.02,9.24
ENSK,ENBO,118,-7.72,11.17,-13.62,2.26,-0.09,0.09,-0.17,-0.0,-53.63,51.55,-104.0,-0.05
ENSK,ENTC,51,8.67,12.07,-3.2,25.55,-0.06,0.09,-0.16,0.08,-36.98,51.94,-98.1,49.4
ENST,ENBO,48,-0.05,6.26,-13.22,5.8,-0.08,0.04,-0.15,-0.02,-45.56,26.13,-87.18,-9.17
ENST,ENVA,69,-9.46,5.94,-14.96,2.56,-0.14,0.07,-0.22,-0.02,-79.37,42.62,-134.88,-9.36
ENTC,ENAT,155,1.56,15.39,-8.36,8.44,-0.07,0.12,-0.15,0.01,-47.29,92.29,-128.78,22.08
ENTC,ENBO,55,-29.07,10.29,-38.82,-8.27,-0.08,0.09,-0.22,0.03,-130.26,159.65,-311.82,64.33
ENTC,ENBR,10,-15.6,8.48,-23.84,-0.89,-0.14,0.13,-0.34,0.03,-164.87,154.68,-387.54,36.44
ENTC,ENGM,342,-16.98,15.63,-42.09,14.37,0.02,0.09,-0.13,0.16,54.82,207.19,-293.42,387.54
ENTC,ENHF,137,-17.16,12.77,-22.8,2.48,-0.19,0.09,-0.27,-0.05,-114.43,53.76,-161.1,-30.36
ENTC,ENNA,72,3.25,14.88,-4.54,9.75,0.05,0.12,-0.01,0.11,28.76,74.32,-5.93,64.9
ENTC,ENSK,50,-11.9,3.26,-14.5,-3.0,-0.11,0.04,-0.17,-0.05,-66.67,23.66,-102.32,-28.45
ENTO,EHAM,56,8.91,12.0,-5.12,28.12,0.06,0.06,-0.03,0.16,117.16,118.83,-61.05,327.88
ENTO,ENBR,130,-26.07,9.54,-38.52,-10.84,-0.1,0.07,-0.2,0.03,-112.39,78.77,-232.63,34.05
ENTO,ENVA,60,-16.46,6.53,-25.54,-5.29,-0.09,0.05,-0.17,-0.03,-102.22,55.62,-196.98,-33.21
ENTO,ENZV,69,-1.39,3.32,-8.32,2.22,-0.01,0.04,-0.07,0.04,-16.0,42.07,-82.82,46.14
ENTO,EPGD,71,-17.69,12.83,-38.9,4.35,-0.03,0.03,-0.09,0.02,-67.93,88.11,-227.9,43.3
ENVA,EHAM,86,-13.05,10.82,-29.25,1.92,0.05,0.09,-0.09,0.15,101.85,186.24,-194.68,330.0
ENVA,EKCH,68,-4.85,9.1,-18.83,8.32,-0.07,0.05,-0.15,0.01,-108.25,85.91,-218.7,21.04
ENVA,ENBN,98,-6.21,2.09,-9.6,-2.79,-0.11,0.04,-0.16,-0.05,-65.41,23.42,-98.28,-31.67
ENVA,ENBO,107,4.23,14.53,-7.57,17.55,-0.01,0.08,-0.11,0.12,-27.75,113.2,-216.36,182.94
ENVA,ENBR,279,-12.23,7.51,-20.35,0.61,0.03,0.09,-0.12,0.17,56.26,141.27,-141.67,281.8
ENVA,ENGM,673,-12.83,11.12,-33.44,7.0,-0.02,0.07,-0.14,0.09,-31.08,153.23,-280.48,213.3
ENVA,ENMS,77,0.97,7.24,-4.8,6.5,-0.09,0.08,-0.16,-0.03,-51.38,49.48,-96.38,-17.92
ENVA,ENRA,100,-0.24,4.39,-8.7,8.0,-0.05,0.06,-0.12,0.03,-27.86,37.94,-74.12,20.0
ENVA,ENRM,68,-24.19,6.6,-30.96,-6.56,-0.18,0.08,-0.26,-0.11,-106.3,44.12,-150.6,-65.12
ENVA,ENST,72,-14.56,10.69,-27.84,-2.85,-0.14,0.06,-0.25,-0.07,-82.01,33.75,-148.8,-42.51
ENVA,ENTO,57,-12.37,3.23,-16.8,-5.26,-0.05,0.06,-0.13,0.04,-58.92,70.66,-148.84,48.38
ENVA,ENZV,82,-13.36,8.32,-26.6,0.55,0.03,0.07,-0.06,0.13,59.26,123.15,-81.82,228.48
ENVD,ENKR,69,-5.79,4.75,-17.1,0.7,-0.04,0.04,-0.1,0.02,-23.68,23.67,-62.22,11.6
ENVD,ENTC,51,-9.05,33.51,-19.3,5.8,-0.06,0.15,-0.16,0.03,-36.57,91.98,-98.6,17.0
ENZV,EDDF,60,-37.82,19.33,-66.18,-7.33,-0.14,0.08,-0.27,-0.04,-377.77,229.48,-779.21,-100.15
ENZV,EGPD,86,-17.57,4.23,-22.8,-11.1,0.03,0.06,-0.06,0.13,39.63,90.32,-83.05,221.88
ENZV,EHAM,133,-8.9,19.32,-37.58,14.78,0.04,0.08,-0.09,0.16,90.33,181.42,-174.62,322.06
ENZV,EKCH,166,-25.86,16.47,-50.38,0.15,-0.1,0.07,-0.19,0.06,-169.24,131.09,-331.3,99.0
ENZV,ENBR,458,-29.15,13.28,-59.04,-8.52,-0.09,0.08,-0.23,0.02,-133.46,125.42,-308.6,48.42
ENZV,ENGM,582,-36.98,13.28,-57.36,-15.52,-0.14,0.08,-0.25,-0.0,-316.82,187.12,-587.78,-3.26
ENZV,ENTO,70,-30.77,7.01,-40.58,-17.53,-0.17,0.03,-0.22,-0.12,-193.89,35.07,-250.22,-134.93
ENZV,ENVA,85,-8.28,18.75,-37.52,23.94,-0.0,0.07,-0.11,0.12,-9.65,121.79,-189.4,207.4
EPGD,EDDF,70,-24.3,20.89,-51.66,6.51,-0.15,0.07,-0.26,-0.03,-245.0,120.72,-409.3,-50.23
EPGD,EDDM,60,-5.31,16.45,-25.72,22.52,-0.04,0.07,-0.13,0.1,-50.8,96.4,-178.6,143.65
EPGD,EGGW,60,-6.96,15.49,-32.66,17.57,0.11,0.09,0.0,0.28,287.42,239.72,6.23,785.01
EPGD,EGSS,60,3.92,13.42,-18.45,23.92,0.08,0.04,0.01,0.14,190.86,104.52,29.17,335.84
EPGD,EHAM,87,4.62,9.58,-12.08,20.15,0.06,0.05,-0.05,0.14,128.51,121.3,-116.71,299.41
EPGD,EKCH,102,-19.66,12.42,-34.38,0.89,-0.13,0.07,-0.24,-0.01,-279.62,167.61,-554.47,-14.02
EPGD,ENGM,68,-13.67,14.85,-38.79,3.66,-0.01,0.06,-0.12,0.09,-28.48,150.3,-283.3,228.98
EPGD,ENTO,71,-14.36,16.51,-47.05,4.0,-0.01,0.05,-0.1,0.07,-38.06,129.26,-260.35,156.35
EPGD,EPWA,174,-38.9,20.92,-68.0,-10.46,-0.05,0.06,-0.14,0.07,-83.72,120.24,-250.2,136.97
EPGD,ESGG,50,-2.07,9.48,-23.22,8.65,0.06,0.05,-0.03,0.13,146.5,120.73,-69.1,316.27
EPGD,ESKN,55,-6.89,12.87,-32.76,5.75,0.03,0.05,-0.07,0.1,90.65,146.25,-176.56,273.88
EPGD,ESSA,60,4.54,14.1,-17.46,30.0,0.03,0.08,-0.07,0.14,76.31,187.86,-168.44,342.53
EPKK,EDDF,123,-31.73,20.76,-63.46,0.89,-0.23,0.08,-0.35,-0.11,-561.95,186.79,-877.57,-264.89
EPKK,EDDM,90,-23.83,18.84,-50.06,6.27,-0.12,0.07,-0.25,-0.02,-282.28,178.19,-570.12,-44.92
EPKK,EGGW,60,-8.77,16.4,-32.3,18.32,0.08,0.09,-0.05,0.21,203.75,234.25,-119.5,565.62
EPKK,EGKK,59,8.08,14.86,-13.54,29.83,0.16,0.13,-0.04,0.38,390.74,325.84,-118.85,1052.33
EPKK,EGSS,81,3.12,13.74,-12.3,23.0,0.08,0.06,-0.01,0.17,187.45,138.95,-22.0,403.3
EPKK,EHAM,84,9.66,9.88,-5.37,28.52,0.03,0.07,-0.06,0.13,84.62,165.45,-130.94,340.34
EPKK,ENGM,81,-19.51,18.45,-55.9,1.2,-0.05,0.07,-0.13,0.06,-119.29,167.54,-315.3,144.7
EPKK,EPWA,176,-16.06,16.26,-36.15,10.95,0.0,0.07,-0.08,0.13,7.88,126.02,-155.18,234.05
EPKK,LFPG,61,-1.04,21.39,-32.9,33.2,0.04,0.08,-0.07,0.16,109.19,196.5,-163.9,403.4
EPKK,LOWW,89,5.87,17.31,-18.84,32.8,0.03,0.06,-0.05,0.13,61.14,117.47,-99.0,255.6
EPKT,EDDF,75,-32.91,24.74,-69.25,3.6,-0.2,0.07,-0.3,-0.1,-366.01,134.11,-572.33,-184.8
EPKT,EDLW,93,-10.2,17.86,-35.14,24.52,0.02,0.05,-0.04,0.11,57.82,120.47,-106.26,252.98
EPKT,EGGW,60,-15.62,17.0,-42.51,15.72,0.06,0.07,-0.02,0.19,169.54,184.25,-55.7,489.46
EPKT,EPWA,78,-34.37,17.75,-54.47,-7.27,-0.04,0.07,-0.13,0.06,-74.62,116.37,-221.86,114.26
EPLB,EGGW,51,-25.09,13.77,-44.15,-4.3,0.02,0.06,-0.08,0.11,36.92,147.91,-196.25,265.6
EPMO,EGSS,75,-9.87,14.97,-30.33,15.75,0.05,0.06,-0.05,0.15,115.93,143.49,-122.9,339.3
EPPO,EDDF,81,-24.82,20.6,-47.9,10.3,-0.17,0.05,-0.26,-0.09,-233.83,76.13,-366.4,-131.1
EPPO,EDDM,60,-39.25,17.69,-62.46,-6.92,-0.16,0.07,-0.27,-0.06,-224.01,93.33,-373.65,-79.65
EPPO,EPWA,94,-60.26,20.79,-87.67,-26.02,-0.11,0.07,-0.21,0.02,-201.39,121.09,-378.62,40.45
EPRZ,EPWA,139,-53.66,22.21,-83.6,-19.4,-0.09,0.07,-0.17,0.05,-164.95,144.66,-346.25,96.38
EPSC,EPWA,86,-53.68,22.06,-81.9,-19.23,-0.14,0.06,-0.24,-0.04,-252.15,117.52,-449.4,-66.47
EPWA,CYYZ,57,8.75,26.96,-4.4,20.14,0.04,0.31,-0.07,0.1,218.92,1726.62,-370.62,509.42
EPWA,EBBR,130,-1.06,13.26,-14.16,20.58,-0.0,0.07,-0.1,0.12,-2.72,147.23,-203.53,283.4
EPWA,EDDF,192,-25.15,20.08,-53.59,5.38,-0.14,0.09,-0.27,-0.01,-327.73,229.1,-691.49,-30.81
EPWA,EDDH,62,-39.17,15.93,-57.78,-8.81,-0.09,0.06,-0.16,0.01,-154.0,100.5,-266.53,9.97
EPWA,EDDL,83,6.23,8.69,-3.65,20.49,0.05,0.05,-0.03,0.15,89.52,99.54,-59.35,266.63
EPWA,EDDM,203,-8.33,13.15,-25.29,16.82,-0.05,0.07,-0.15,0.03,-83.18,118.83,-247.94,69.97
EPWA,EETN,99,-31.25,10.02,-48.76,-13.8,-0.11,0.05,-0.19,-0.02,-208.45,103.99,-369.03,-30.0
EPWA,EFHK,86,-26.6,9.84,-39.08,-6.6,-0.07,0.05,-0.14,0.02,-149.49,101.46,-292.98,47.7
EPWA,EGGW,83,-4.87,16.22,-24.35,24.54,0.09,0.11,-0.03,0.25,236.07,302.13,-71.86,712.64
EPWA,EGLL,170,10.29,13.41,-8.49,33.46,0.18,0.13,0.03,0.43,411.19,296.86,70.68,1017.4
EPWA,EHAM,227,7.29,10.47,-9.11,24.65,0.04,0.06,-0.05,0.13,85.29,127.2,-89.57,280.48
EPWA,EKCH,155,-15.64,21.54,-71.7,11.98,-0.1,0.07,-0.23,-0.01,-196.14,129.31,-433.51,-19.61
EPWA,ENGM,88,-12.06,16.12,-38.08,13.23,-0.05,0.06,-0.14,0.03,-109.97,123.98,-325.56,45.81
EPWA,EPGD,175,-24.51,17.25,-41.2,8.34,-0.02,0.05,-0.08,0.07,-37.1,91.43,-150.0,120.0
EPWA,EPKK,176,-25.38,10.1,-42.62,-7.4,-0.05,0.04,-0.12,0.02,-95.27,75.29,-216.02,30.0
EPWA,EPKT,77,-25.82,11.48,-38.34,-1.36,-0.04,0.03,-0.08,0.0,-73.02,58.99,-150.0,0.0
EPWA,EPPO,93,-6.06,20.42,-26.5,23.96,0.0,0.04,-0.06,0.07,7.6,73.43,-111.32,130.68
EPWA,EPRZ,138,-37.8,13.76,-57.7,-15.45,-0.03,0.04,-0.09,0.04,-65.42,79.18,-180.0,75.81
EPWA,EPSC,87,-6.99,17.5,-23.6,29.37,0.03,0.04,-0.04,0.1,52.71,80.47,-77.5,177.0
EPWA,EPWR,175,4.37,11.76,-8.53,24.09,0.03,0.04,-0.02,0.1,59.3,65.9,-32.78,180.0
EPWA,ESSA,87,6.08,16.18,-25.36,31.14,0.04,0.09,-0.07,0.17,87.8,177.21,-123.62,338.63
EPWA,EVRA,60,-23.33,14.64,-54.2,-4.79,-0.07,0.05,-0.17,-0.0,-128.88,94.95,-292.94,-7.27
EPWA,EYVI,131,-13.81,11.32,-32.25,5.25,-0.03,0.06,-0.11,0.04,-67.04,134.92,-215.0,81.7
EPWA,KJFK,58,5.74,9.65,-6.1,22.73,0.06,0.06,-0.03,0.16,331.27,321.48,-147.44,829.78
EPWA,LBSF,61,-39.88,40.68,-66.0,-18.1,-0.08,0.19,-0.2,-0.02,-152.53,349.59,-371.5,-32.1
EPWA,LEBL,55,-3.89,11.47,-20.01,19.0,-0.01,0.07,-0.12,0.11,-19.49,165.86,-275.74,260.6
EPWA,LFPG,208,0.27,13.81,-17.44,27.66,0.04,0.08,-0.08,0.18,84.95,170.44,-159.98,385.36
EPWA,LHBP,143,-20.01,11.7,-37.17,-5.11,-0.03,0.04,-0.09,0.04,-64.86,85.0,-184.4,82.85
EPWA,LIMC,77,-40.05,20.12,-62.6,-5.3,-0.18,0.11,-0.3,-0.03,-356.17,212.42,-611.14,-54.0
EPWA,LIRF,54,-37.86,13.32,-58.73,-15.47,-0.1,0.09,-0.2,-0.0,-259.62,238.58,-552.46,-13.67
EPWA,LKPR,120,-8.02,12.13,-25.1,9.8,-0.02,0.06,-0.08,0.1,-31.25,106.42,-161.0,170.5
EPWA,LLBG,98,-27.46,18.7,-55.56,3.16,-0.01,0.08,-0.11,0.15,-10.79,190.41,-250.91,335.8
EPWA,LOWW,186,7.63,15.21,-9.3,35.83,0.05,0.06,-0.03,0.17,94.12,119.56,-79.75,322.12
EPWA,LROP,91,-71.6,22.8,-112.3,-33.2,-0.14,0.06,-0.25,-0.03,-263.19,124.84,-465.0,-60.0
EPWA,LSGG,58,3.05,4.89,-6.09,9.73,0.06,0.06,-0.01,0.16,126.81,115.4,-27.76,296.44
EPWA,LSZH,120,-13.45,10.03,-22.64,10.81,-0.03,0.07,-0.14,0.11,-56.46,142.54,-310.6,215.75
EPWA,LTFM,116,-59.88,25.74,-104.82,-19.1,-0.11,0.09,-0.24,0.03,-248.12,250.03,-560.85,60.0
EPWA,LUKK,60,-45.88,14.8,-65.64,-19.82,-0.11,0.05,-0.18,-0.05,-202.17,91.61,-366.7,-89.0
EPWA,LYPG,53,-9.72,6.59,-19.88,0.5,0.01,0.05,-0.09,0.08,20.98,115.64,-158.7,213.1
EPWA,OMDB,60,-24.13,26.62,-61.58,22.12,0.1,0.14,-0.11,0.3,721.81,876.91,-270.56,2261.24
EPWR,EDDF,107,-26.69,20.8,-52.67,3.18,-0.16,0.07,-0.26,-0.07,-250.76,104.24,-405.57,-97.6
EPWR,EDDM,80,-11.35,15.34,-30.42,19.7,-0.09,0.06,-0.2,0.02,-130.45,95.33,-280.06,22.52
EPWR,EPWA,175,-49.74,17.29,-71.86,-15.84,-0.08,0.09,-0.18,0.07,-155.58,160.44,-363.94,120.03
ESDF,ESSA,70,-17.67,20.15,-42.23,12.8,0.0,0.12,-0.12,0.18,4.56,130.8,-157.98,164.46
ESDF,ESSB,65,-12.28,2.64,-15.4,-8.62,-0.04,0.03,-0.09,0.01,-37.64,30.02,-78.68,7.76
ESGG,EBBR,61,-1.47,15.15,-13.0,24.1,0.05,0.08,-0.05,0.18,104.12,185.03,-110.0,399.1
ESGG,EDDF,123,-30.8,19.99,-54.88,-4.11,-0.14,0.07,-0.25,-0.03,-339.03,161.16,-592.26,-71.21
ESGG,EDDM,88,-5.09,15.62,-27.21,28.65,-0.05,0.08,-0.18,0.11,-129.77,196.32,-461.13,256.63
ESGG,EFHK,114,-5.46,8.6,-17.34,10.57,0.03,0.06,-0.06,0.13,21.26,48.77,-48.97,112.21
ESGG,EGLL,79,5.82,14.08,-12.72,33.69,0.23,0.12,0.06,0.44,520.4,278.9,139.17,1006.32
ESGG,EHAM,139,9.33,9.06,-1.51,26.24,0.06,0.07,-0.06,0.16,122.67,143.53,-104.93,334.8
ESGG,EKCH,86,-14.25,14.84,-36.78,0.9,-0.12,0.06,-0.22,-0.04,-167.57,74.41,-308.45,-59.25
ESGG,EPGD,50,-32.3,16.1,-50.22,-12.42,-0.03,0.06,-0.08,0.04,-72.15,140.42,-222.05,118.98
ESGG,ESSA,237,2.89,15.64,-21.92,32.38,0.05,0.08,-0.06,0.2,106.41,194.02,-124.38,455.92
ESGG,ESSB,123,-12.04,7.9,-30.48,-0.92,-0.05,0.04,-0.11,0.01,-44.8,36.61,-99.47,9.4
ESGG,LEAL,54,-2.54,9.12,-16.14,14.65,0.06,0.06,-0.03,0.16,141.05,141.11,-58.57,379.9
ESGG,LEMG,56,-1.36,13.03,-21.42,15.88,0.05,0.08,-0.06,0.16,101.44,176.86,-141.7,344.65
ESGG,LFPG,81,-0.64,17.21,-15.9,25.9,0.1,0.1,-0.06,0.27,220.37,217.56,-146.0,570.2
ESGG,LSZH,60,-18.55,9.73,-27.11,-0.61,-0.02,0.05,-0.09,0.08,-40.89,104.11,-166.86,142.6
ESGG,LTFM,50,-32.06,19.8,-58.39,0.82,0.02,0.12,-0.08,0.14,45.77,302.55,-233.3,386.97
ESKN,EPGD,55,-30.05,15.32,-57.63,-1.34,-0.03,0.05,-0.12,0.05,-81.46,127.71,-294.01,140.0
ESMQ,ESSB,71,-9.12,3.24,-13.25,-4.0,-0.04,0.05,-0.09,0.05,-31.7,45.89,-80.5,42.15
ESMS,ESSA,164,-4.45,17.5,-40.02,17.3,0.03,0.09,-0.09,0.15,56.89,201.57,-206.88,372.65
ESMS,ESSB,168,-3.47,3.89,-7.2,1.53,0.01,0.04,-0.04,0.07,17.96,86.08,-61.64,122.63
ESMT,ESSB,71,-4.49,4.49,-13.55,0.65,-0.0,0.05,-0.08,0.08,-1.41,47.9,-68.75,72.25
ESNN,ESSA,63,3.74,8.69,-7.27,19.11,0.08,0.07,-0.01,0.2,77.87,62.07,-4.7,186.68
ESNQ,ESSA,50,7.67,11.55,-6.71,34.7,-0.01,0.13,-0.21,0.2,-28.0,307.11,-479.57,472.91
ESNS,ESSA,144,6.71,11.75,-2.57,31.5,0.06,0.1,-0.08,0.23,125.19,224.36,-192.19,504.15
ESNU,ESSA,258,-2.56,15.86,-28.02,25.53,0.06,0.08,-0.05,0.21,149.56,189.49,-88.62,497.81
ESNU,ESSB,79,-4.71,6.72,-12.26,2.7,-0.03,0.06,-0.12,0.09,-22.99,56.22,-105.6,83.02
ESNZ,ESSA,99,5.22,15.76,-28.02,33.01,0.04,0.09,-0.06,0.2,114.94,225.52,-131.62,458.29
ESPA,ESSA,343,7.58,14.37,-8.9,34.85,0.06,0.09,-0.06,0.21,142.36,208.49,-131.91,484.14
ESSA,BIKF,51,3.59,12.33,-16.45,24.8,0.05,0.06,-0.04,0.17,123.6,175.67,-84.0,416.0
ESSA,EDDB,118,6.02,13.83,-10.92,28.12,0.05,0.05,-0.04,0.11,113.68,129.1,-90.09,277.71
ESSA,EDDF,166,-34.11,22.4,-59.38,-3.1,-0.16,0.08,-0.27,-0.05,-382.1,202.88,-672.38,-119.9
ESSA,EDDH,51,-40.67,31.19,-80.95,0.0,-0.12,0.12,-0.29,0.05,-176.19,198.44,-429.55,118.5
ESSA,EDDL,91,-5.63,11.1,-19.2,12.6,0.02,0.09,-0.11,0.13,41.89,173.49,-164.1,299.1
ESSA,EDDM,153,-15.24,13.86,-33.76,10.92,-0.11,0.07,-0.22,-0.01,-266.01,167.8,-534.3,-24.56
ESSA,EETN,137,-14.04,13.22,-39.24,0.0,-0.03,0.06,-0.13,0.07,-50.56,81.8,-189.04,94.24
ESSA,EFHK,421,1.54,6.08,-9.9,13.1,0.0,0.05,-0.09,0.09,3.89,124.06,-207.7,202.9
ESSA,EFTU,71,-12.55,12.33,-28.15,0.7,-0.03,0.05,-0.11,0.04,-26.99,49.36,-101.0,33.1
ESSA,EGKK,102,4.76,15.16,-15.53,22.35,0.18,0.13,-0.0,0.41,424.64,321.59,-0.53,995.13
ESSA,EGLL,245,-0.92,16.47,-17.44,19.86,0.17,0.13,0.0,0.38,393.79,317.58,3.92,912.2
ESSA,EHAM,248,4.25,8.88,-10.15,17.9,0.05,0.06,-0.04,0.15,120.7,147.3,-76.6,359.56
ESSA,EIDW,60,-18.62,19.05,-48.49,16.62,0.0,0.1,-0.12,0.12,14.6,245.48,-287.1,268.68
ESSA,EKBI,55,-15.35,9.42,-26.03,-0.41,-0.03,0.06,-0.1,0.05,-41.6,78.83,-143.38,67.43
ESSA,EKCH,498,-12.21,25.84,-26.69,9.21,-0.08,0.09,-0.16,0.03,-172.47,213.02,-386.92,70.36
ESSA,ENBR,52,-22.2,9.33,-31.68,-5.39,-0.0,0.05,-0.07,0.06,-11.42,81.83,-153.2,119.55
ESSA,ENGM,519,-8.63,5.26,-16.61,-0.09,-0.01,0.05,-0.08,0.08,-3.56,158.02,-202.9,206.08
ESSA,EPGD,60,-51.62,17.62,-77.2,-21.55,-0.11,0.04,-0.18,-0.02,-259.87,106.52,-440.0,-40.0
ESSA,EPWA,87,-40.53,22.43,-69.97,-6.21,-0.1,0.06,-0.19,0.0,-190.2,125.43,-409.84,7.94
ESSA,ESDF,69,-19.08,10.44,-31.42,-2.64,-0.09,0.06,-0.17,-0.02,-91.14,53.78,-158.1,-15.3
ESSA,ESGG,224,-16.3,15.17,-48.78,11.85,-0.02,0.07,-0.16,0.09,-18.28,141.94,-187.76,203.26
ESSA,ESMS,162,-8.9,18.7,-54.08,15.0,-0.02,0.06,-0.15,0.06,-39.33,116.46,-226.86,148.23
ESSA,ESNN,62,-22.54,17.22,-39.29,9.87,-0.13,0.07,-0.21,-0.02,-116.9,61.96,-188.45,-15.52
ESSA,ESNQ,50,19.3,17.6,-8.54,46.42,0.08,0.08,-0.03,0.18,192.05,183.38,-63.5,450.0
ESSA,ESNS,142,30.09,8.9,10.22,40.68,0.07,0.05,-0.0,0.15,154.33,108.78,-4.73,346.29
ESSA,ESNU,257,20.8,13.29,0.0,37.38,0.04,0.07,-0.08,0.13,83.1,157.2,-180.22,307.44
ESSA,ESNZ,99,10.99,10.06,-9.02,25.96,0.04,0.05,-0.04,0.11,82.67,120.62,-106.97,239.64
ESSA,ESPA,343,19.92,12.78,-0.09,37.7,0.04,0.08,-0.09,0.15,99.95,198.02,-210.29,337.16
ESSA,ESSV,89,-16.55,15.47,-35.46,5.94,-0.03,0.08,-0.13,0.12,-38.3,79.68,-134.4,90.7
ESSA,ESTA,82,-10.92,7.88,-20.69,2.09,-0.03,0.04,-0.09,0.04,-46.03,57.14,-124.25,63.85
ESSA,EVRA,109,-2.76,8.55,-13.1,8.74,-0.0,0.05,-0.07,0.08,-9.24,106.46,-174.7,158.52
ESSA,EYVI,60,-12.55,9.18,-27.94,-0.29,-0.02,0.04,-0.07,0.05,-29.11,59.53,-93.4,80.66
ESSA,LEAL,112,-9.49,12.63,-32.96,10.09,0.03,0.07,-0.06,0.14,75.89,151.81,-134.77,308.01
ESSA,LEBL,96,-9.98,13.13,-29.18,11.75,-0.07,0.09,-0.2,0.09,-161.88,212.63,-486.38,205.4
ESSA,LEMG,147,-7.14,14.61,-28.63,14.32,0.04,0.08,-0.1,0.16,81.06,196.41,-224.37,382.31
ESSA,LEPA,78,-9.64,15.44,-32.98,18.93,-0.0,0.08,-0.12,0.1,-2.7,181.74,-290.08,221.5
ESSA,LFMN,68,-46.85,23.21,-73.96,-6.94,-0.19,0.1,-0.36,-0.05,-457.4,226.83,-851.04,-113.19
ESSA,LFPG,186,-10.09,14.92,-29.68,17.35,0.01,0.09,-0.13,0.13,29.69,220.29,-333.98,324.0
ESSA,LGAV,51,-13.33,23.7,-49.8,24.65,0.0,0.1,-0.1,0.14,10.55,246.72,-233.5,360.7
ESSA,LIRF,82,-42.35,18.69,-63.79,-6.54,-0.15,0.08,-0.25,-0.05,-357.05,178.19,-596.69,-125.0
ESSA,LKPR,60,-17.16,13.66,-37.78,4.0,-0.03,0.09,-0.12,0.07,-78.13,217.32,-281.2,164.0
ESSA,LOWW,133,-3.38,19.22,-33.68,31.46,0.03,0.07,-0.07,0.14,67.77,156.04,-166.64,321.7
ESSA,LSZH,109,-27.4,9.89,-38.3,-7.18,-0.11,0.07,-0.22,0.03,-257.78,169.3,-551.1,60.8
ESSA,LTAI,50,-19.01,18.86,-46.46,3.86,-0.01,0.08,-0.12,0.12,-22.63,183.54,-291.66,258.71
ESSA,LTFM,88,-36.06,24.77,-71.74,3.23,-0.05,0.1,-0.18,0.12,-130.06,296.56,-629.77,355.62
ESSB,EBBR,72,-1.5,10.62,-18.3,14.17,0.04,0.05,-0.04,0.12,78.74,117.32,-88.25,256.7
ESSB,ESDF,64,-5.7,6.02,-13.7,3.93,-0.05,0.05,-0.15,0.01,-45.86,40.9,-130.67,5.6
ESSB,ESGG,123,-4.6,9.15,-14.19,18.53,-0.05,0.05,-0.13,0.04,-45.56,45.44,-112.83,37.75
ESSB,ESMQ,70,-8.89,5.74,-18.72,-2.54,-0.01,0.13,-0.08,0.04,-6.09,114.45,-73.02,32.06
ESSB,ESMS,168,-3.18,7.24,-12.1,6.8,0.0,0.05,-0.08,0.07,16.04,89.78,-96.34,152.29
ESSB,ESMT,70,-2.0,2.86,-6.16,3.03,0.01,0.04,-0.04,0.07,12.08,32.75,-35.9,59.51
ESSB,ESNU,78,-7.63,8.71,-16.82,4.23,-0.01,0.04,-0.07,0.07,-9.67,37.2,-60.13,60.77
ESSB,ESSV,182,-7.3,6.2,-15.3,1.48,-0.01,0.04,-0.06,0.06,-10.25,35.67,-56.48,52.1
ESSB,ESTA,121,-4.73,5.45,-13.8,3.3,-0.02,0.05,-0.11,0.06,-19.3,46.09,-102.8,51.5
ESSL,EHAM,74,13.34,9.37,3.09,26.85,0.05,0.07,-0.06,0.16,112.77,153.94,-114.69,359.9
ESSV,ESSA,89,8.22,12.86,-22.54,24.1,0.06,0.05,-0.03,0.15,65.15,71.14,-35.6,192.3
ESSV,ESSB,181,-15.15,8.64,-24.4,-1.4,-0.03,0.03,-0.09,0.02,-31.1,29.42,-80.0,16.0
ESTA,ESSA,82,1.36,12.33,-16.28,18.26,0.04,0.1,-0.07,0.17,50.29,138.55,-102.98,231.98
ESTA,ESSB,122,-0.01,2.63,-3.8,5.07,0.0,0.04,-0.05,0.09,3.38,34.7,-41.77,76.51
EVRA,EDDB,65,10.22,10.76,-2.86,27.26,0.1,0.05,0.03,0.17,209.63,101.82,57.18,388.16
EVRA,EDDF,95,-39.21,18.61,-62.6,-8.64,-0.16,0.08,-0.29,-0.04,-371.73,184.4,-671.18,-84.09
EVRA,EDDM,51,-16.82,17.05,-44.65,17.35,-0.05,0.07,-0.17,0.06,-113.21,166.73,-370.0,118.75
EVRA,EETN,129,-18.99,13.74,-31.0,-5.5,0.0,0.11,-0.06,0.06,0.59,200.04,-113.94,115.88
EVRA,EFHK,223,-12.91,15.26,-33.59,12.51,-0.0,0.07,-0.12,0.12,0.65,81.18,-117.02,142.99
EVRA,EGKK,50,7.51,12.96,-6.18,26.69,0.18,0.13,0.02,0.45,349.73,251.49,39.97,856.98
EVRA,EHAM,72,3.23,6.85,-5.3,13.08,0.09,0.05,0.03,0.19,176.08,103.21,57.74,360.02
EVRA,EKCH,121,-24.69,11.49,-39.8,-3.9,-0.11,0.08,-0.24,-0.0,-276.11,207.53,-678.7,-9.3
EVRA,ENGM,92,-15.29,98.86,-14.05,0.79,0.0,0.26,-0.06,0.1,3.74,492.44,-135.67,202.78
EVRA,EPWA,58,-58.33,17.96,-79.44,-27.37,-0.19,0.07,-0.27,-0.06,-342.73,123.07,-502.08,-107.54
EVRA,ESSA,109,-3.43,9.02,-15.76,13.28,0.06,0.06,-0.02,0.16,133.61,124.9,-43.72,304.76
EVRA,EYVI,120,-16.65,6.95,-22.9,-2.84,0.02,0.03,-0.02,0.08,46.97,56.88,-31.6,159.88
EVRA,LOWW,51,1.47,20.29,-29.9,32.0,0.05,0.06,-0.03,0.16,108.14,109.04,-63.3,297.7
EVRA,LTFM,59,-25.73,23.75,-65.61,4.99,-0.0,0.12,-0.15,0.17,-0.2,251.72,-295.0,333.03
EYKA,EGGW,52,-8.27,12.07,-28.4,6.37,0.06,0.06,-0.04,0.14,141.37,145.08,-103.7,343.62
EYPA,EKCH,54,-33.18,10.96,-47.5,-14.93,-0.12,0.06,-0.24,-0.02,-166.83,90.37,-330.15,-27.55
EYVI,EDDF,54,-42.96,19.85,-65.53,-15.25,-0.17,0.08,-0.33,-0.06,-438.04,205.41,-789.82,-142.24
EYVI,EFHK,117,0.81,9.38,-15.3,16.5,0.02,0.07,-0.09,0.12,19.33,58.21,-74.68,105.28
EYVI,EGGW,60,-21.31,16.27,-45.12,6.33,0.09,0.1,-0.04,0.27,220.17,259.45,-86.3,684.79
EYVI,EKCH,60,-20.83,11.24,-37.62,-2.74,-0.13,0.05,-0.2,-0.05,-181.58,72.24,-279.36,-76.17
EYVI,EPWA,131,-56.35,15.4,-77.3,-30.2,-0.13,0.05,-0.21,-0.06,-266.04,98.77,-424.1,-120.25
EYVI,ESSA,58,-16.2,19.37,-38.75,25.26,-0.05,0.12,-0.19,0.12,-64.29,180.38,-264.33,237.46
EYVI,EVRA,121,7.12,8.45,0.1,24.6,0.06,0.07,-0.02,0.18,114.25,131.64,-39.6,335.1
EYVI,LTFM,61,-31.89,18.98,-58.1,-4.4,0.01,0.08,-0.1,0.18,10.0,210.05,-260.0,448.7
FAOR,EGLL,90,22.11,20.98,-3.35,57.68,0.01,0.17,-0.28,0.29,329.74,1790.38,-2528.48,3163.17
FMEE,LFPG,55,-14.79,21.66,-43.3,19.1,0.05,0.11,-0.11,0.26,331.45,851.5,-851.51,1712.65
FMEE,LFPO,104,-19.87,15.6,-43.16,11.64,0.04,0.1,-0.1,0.21,282.08,621.16,-536.58,1378.51
FNLU,LPPT,89,-24.65,44.27,-84.88,24.22,0.03,0.13,-0.2,0.2,228.63,800.18,-1145.4,1476.8
GCFV,EDDF,39,-64.68,22.89,-100.71,-28.63,-0.25,0.11,-0.43,-0.09,-604.5,254.34,-1028.75,-209.14
GCFV,EDDL,37,-18.09,25.87,-51.66,22.76,-0.05,0.09,-0.19,0.08,-110.01,217.22,-451.3,190.32
GCFV,EGCC,51,-6.32,16.34,-30.85,18.55,-0.06,0.11,-0.24,0.13,-241.27,408.05,-1028.2,333.95
GCFV,GCLP,506,-2.37,8.89,-14.48,9.7,0.03,0.05,-0.04,0.12,27.84,47.88,-37.33,105.95
GCFV,GCXO,310,-8.67,5.78,-17.86,0.48,-0.1,0.04,-0.15,-0.03,-85.69,35.33,-131.92,-25.89
GCFV,LEMD,97,2.53,18.88,-18.98,43.34,0.05,0.08,-0.07,0.18,129.23,200.71,-161.34,458.32
GCGM,GCLP,59,3.82,25.01,-0.41,2.55,-0.14,0.03,-0.19,-0.1,-124.09,25.8,-170.02,-87.41
GCGM,GCXO,60,7.3,8.7,-8.62,19.12,0.02,0.05,-0.05,0.11,16.04,45.97,-43.27,96.13
GCHI,GCLP,74,-4.54,3.87,-8.67,1.27,-0.0,0.02,-0.03,0.03,-1.95,18.48,-29.98,26.72
GCHI,GCXO,171,2.6,7.66,-9.95,14.05,-0.02,0.04,-0.09,0.06,-14.66,38.84,-82.65,50.7
GCLA,GCLP,196,3.78,7.65,-7.02,16.23,0.04,0.04,-0.01,0.11,33.48,35.42,-9.7,98.15
GCLA,GCTS,60,-6.17,4.68,-12.1,1.14,0.01,0.03,-0.02,0.07,9.49,27.48,-21.08,59.0
GCLA,GCXO,585,6.72,7.66,-8.2,18.26,-0.01,0.05,-0.09,0.06,-10.69,40.84,-80.06,55.96
GCLP,EDDF,38,-54.93,33.3,-102.23,-15.98,-0.24,0.14,-0.44,-0.08,-580.84,350.92,-1116.38,-213.43
GCLP,EDDL,37,-18.97,20.55,-47.0,16.42,-0.05,0.11,-0.18,0.14,-113.99,243.1,-425.44,304.04
GCLP,EGCC,69,-4.51,18.46,-32.26,21.74,-0.07,0.1,-0.23,0.07,-238.44,329.28,-901.32,193.14
GCLP,EGGD,50,6.16,13.24,-12.46,23.91,-0.01,0.08,-0.12,0.11,-28.11,183.2,-284.64,262.0
GCLP,EGKK,63,8.22,13.9,-13.07,27.23,0.02,0.12,-0.16,0.24,38.5,278.71,-371.56,561.19
GCLP,EHAM,66,11.96,14.05,-10.52,31.65,0.0,0.09,-0.13,0.14,3.25,304.31,-478.95,455.7
GCLP,GCFV,504,1.7,2.24,-0.48,2.0,0.04,0.04,0.01,0.08,38.37,37.35,10.0,75.08
GCLP,GCGM,60,-30.76,8.49,-43.73,-20.11,-0.23,0.04,-0.29,-0.15,-200.19,37.47,-255.22,-134.82
GCLP,GCHI,74,-26.18,9.34,-40.78,-12.87,-0.03,0.06,-0.1,0.09,-26.75,52.92,-94.42,77.03
GCLP,GCLA,196,1.24,3.28,-1.92,3.62,0.02,0.03,-0.02,0.07,20.71,27.55,-19.88,63.6
GCLP,GCRR,668,1.88,3.91,-1.8,6.3,0.02,0.03,-0.01,0.07,21.14,25.86,-6.56,64.43
GCLP,GCTS,149,-41.25,10.25,-56.88,-27.38,-0.1,0.05,-0.16,0.01,-90.57,48.67,-143.24,7.18
GCLP,GCXO,677,-2.22,4.4,-2.7,-2.68,-0.08,0.04,-0.11,-0.01,-72.83,39.88,-104.9,-17.36
GCLP,LEBL,113,-4.85,16.93,-31.4,26.3,-0.02,0.08,-0.14,0.11,-66.79,202.65,-369.4,250.82
GCLP,LEMD,378,1.93,20.79,-25.64,48.44,0.04,0.09,-0.1,0.2,92.87,239.92,-240.0,503.0
GCLP,LEMG,69,-11.56,13.77,-32.86,0.3,0.01,0.05,-0.07,0.1,25.82,129.71,-172.36,244.48
GCLP,LEST,50,6.21,11.21,-11.0,23.6,0.02,0.07,-0.1,0.13,41.79,169.15,-239.8,307.0
GCLP,LEZL,73,-5.71,11.46,-39.42,3.96,0.02,0.04,-0.05,0.08,45.25,106.78,-136.7,198.8
GCRR,EGBB,52,-1.76,15.65,-25.79,26.91,-0.06,0.09,-0.22,0.05,-168.02,270.17,-606.71,125.18
GCRR,EGCC,103,-1.57,18.79,-33.31,23.87,-0.0,0.11,-0.17,0.16,-16.13,392.49,-618.97,577.0
GCRR,EGGD,60,7.89,12.65,-9.6,27.4,-0.03,0.08,-0.17,0.08,-73.45,188.37,-384.14,192.05
GCRR,EGKK,112,14.66,34.73,-12.87,34.33,0.07,0.17,-0.15,0.32,164.29,410.91,-358.97,795.4
GCRR,EGSS,69,2.88,12.75,-10.28,22.02,0.05,0.08,-0.07,0.16,111.23,172.21,-166.9,363.18
GCRR,EIDW,112,-18.96,21.0,-49.88,12.21,-0.06,0.12,-0.21,0.08,-234.08,375.98,-867.25,221.4
GCRR,GCLP,669,-15.9,9.93,-29.4,5.16,-0.01,0.06,-0.11,0.09,-12.78,54.82,-95.2,80.38
GCRR,GCTS,61,-25.88,10.1,-39.9,-5.1,-0.15,0.06,-0.22,-0.06,-137.72,55.68,-221.5,-50.2
GCRR,GCXO,393,-14.6,4.95,-20.2,-4.42,-0.11,0.04,-0.17,-0.04,-99.65,34.33,-152.9,-35.76
GCRR,LEBL,73,1.21,14.61,-20.4,27.38,-0.03,0.08,-0.17,0.09,-67.85,197.13,-424.78,203.94
GCRR,LEMD,153,-2.12,21.88,-26.66,43.82,0.03,0.08,-0.07,0.22,80.38,208.06,-181.32,538.1
GCTS,EBBR,63,6.76,17.65,-22.05,32.15,-0.05,0.09,-0.18,0.1,-123.57,220.51,-454.14,240.59
GCTS,EDDF,52,-56.67,108.3,-117.2,-22.1,-0.18,0.28,-0.4,-0.0,-464.28,721.82,-1076.2,-12.34
GCTS,EDDL,46,-22.71,28.19,-66.2,10.95,-0.08,0.13,-0.25,0.1,-184.32,316.92,-631.6,248.68
GCTS,EGBB,83,-10.27,20.19,-47.4,16.26,-0.08,0.07,-0.2,0.03,-235.9,238.57,-570.41,71.33
GCTS,EGCC,180,-6.59,20.71,-40.9,19.91,-0.05,0.1,-0.21,0.12,-183.54,388.7,-866.22,307.69
GCTS,EGGD,83,4.57,17.42,-20.05,26.4,-0.01,0.08,-0.14,0.12,-33.14,197.09,-331.97,278.83
GCTS,EGKK,136,4.19,18.4,-31.95,32.62,0.04,0.14,-0.16,0.29,89.99,377.14,-388.72,740.52
GCTS,EGNM,57,-0.17,14.26,-19.8,19.84,-0.06,0.08,-0.17,0.1,-134.17,189.96,-398.3,210.06
GCTS,EGNT,56,2.44,15.65,-24.12,29.28,-0.03,0.09,-0.17,0.12,-61.4,209.11,-400.0,280.0
GCTS,EGNX,68,-5.79,12.6,-23.95,16.7,-0.03,0.09,-0.2,0.09,-84.71,211.15,-473.84,194.0
GCTS,EGPF,51,-12.9,14.09,-35.4,7.5,-0.09,0.07,-0.21,0.03,-207.57,172.2,-507.65,60.25
GCTS,EGPH,77,-8.99,17.27,-37.98,9.34,-0.07,0.1,-0.24,0.12,-163.68,236.08,-565.76,266.12
GCTS,EGSS,112,-4.27,19.18,-33.62,15.85,0.02,0.09,-0.11,0.15,45.84,208.92,-260.0,310.28
GCTS,EIDW,65,-24.56,17.31,-60.62,3.6,-0.16,0.1,-0.3,0.0,-385.93,233.37,-760.56,4.1
GCTS,GCLA,60,1.84,2.15,-2.42,3.7,0.05,0.02,0.01,0.09,43.57,21.2,9.2,77.52
GCTS,GCLP,175,-14.0,6.93,-22.8,-4.3,-0.05,0.07,-0.21,0.01,-80.16,156.3,-468.4,12.59
GCTS,GCRR,65,3.73,5.87,-1.66,10.14,0.04,0.05,-0.02,0.13,38.71,55.17,-16.64,132.8
GCTS,LEMD,101,-8.04,22.45,-46.2,38.2,0.02,0.1,-0.1,0.2,48.23,248.1,-250.0,474.0
GCXO,GCFV,310,-8.15,6.06,-22.4,1.51,0.01,0.06,-0.05,0.07,8.45,50.44,-40.66,64.83
GCXO,GCGM,60,-1.51,5.47,-2.7,-1.1,-0.38,0.04,-0.43,-0.33,-329.79,38.84,-375.38,-283.3
GCXO,GCHI,172,6.27,8.81,-2.8,20.64,0.05,0.06,-0.01,0.15,44.31,50.46,-13.0,131.72
GCXO,GCLA,587,2.34,5.25,-1.3,9.8,0.03,0.03,-0.0,0.1,29.76,28.82,-3.14,87.68
GCXO,GCLP,670,17.93,11.02,1.5,37.48,-0.02,0.06,-0.11,0.08,-16.51,69.36,-96.61,98.61
GCXO,GCRR,393,-1.11,5.32,-11.44,5.98,0.04,0.03,-0.01,0.09,33.0,28.62,-8.08,81.96
GCXO,LEBL,131,3.83,18.78,-22.4,36.6,0.08,0.08,-0.06,0.2,203.9,214.41,-149.85,491.8
GCXO,LEMD,346,-0.79,20.86,-28.0,42.12,0.03,0.1,-0.12,0.22,74.43,279.67,-312.92,571.17
GCXO,LEMG,60,-8.85,19.42,-31.5,16.52,0.11,0.06,0.01,0.2,266.48,156.19,12.89,497.27
GCXO,LEZL,89,-9.09,19.76,-47.58,16.34,0.05,0.11,-0.09,0.2,125.41,260.9,-232.64,499.0
GEML,LEMD,104,10.5,30.36,-15.27,76.18,0.08,0.13,-0.05,0.39,74.73,120.98,-45.0,349.72
GEML,LEMG,210,-62.11,18.45,-83.3,-29.53,-0.18,0.08,-0.3,-0.03,-164.92,76.1,-266.88,-30.89
GMAD,GMMN,109,-15.64,14.75,-43.4,9.62,-0.0,0.06,-0.1,0.11,-22.31,118.23,-239.2,129.66
GMAD,LFPO,125,-3.3,21.97,-34.46,28.92,-0.01,0.08,-0.13,0.09,-33.45,181.97,-311.06,221.6
GMFO,GMMN,60,0.26,13.89,-10.6,24.15,0.12,0.09,0.02,0.29,141.1,92.49,20.9,284.12
GMFO,LFPO,90,-6.63,22.21,-38.96,34.6,-0.01,0.08,-0.12,0.13,-19.25,191.33,-295.82,285.11
GMME,LFPG,74,-14.36,12.48,-27.06,7.27,-0.05,0.07,-0.19,0.06,-121.08,168.37,-465.82,152.75
GMME,LFPO,72,-5.28,18.35,-36.27,28.59,-0.0,0.08,-0.13,0.12,-5.41,193.66,-296.15,279.49
GMMH,GMMN,54,-12.87,7.62,-20.94,0.0,0.01,0.06,-0.07,0.13,26.06,155.7,-169.4,301.6
GMML,GMMN,58,-15.74,6.56,-21.85,-4.72,0.03,0.1,-0.08,0.24,77.61,235.91,-181.89,571.1
GMMN,CYUL,72,0.3,4.57,-5.7,6.4,0.05,0.07,-0.04,0.17,259.34,394.02,-226.2,968.2
GMMN,DIAP,54,4.85,18.51,-8.2,30.7,-0.0,0.07,-0.08,0.1,-2.9,157.43,-181.19,244.79
GMMN,DTTA,101,2.04,22.16,-39.0,26.0,0.03,0.07,-0.08,0.11,66.9,162.48,-200.7,269.3
GMMN,EBBR,69,17.26,11.71,-4.68,34.76,0.07,0.08,-0.06,0.2,237.83,317.62,-132.0,780.36
GMMN,EDDF,59,-51.48,25.42,-92.72,-4.68,-0.21,0.09,-0.35,-0.07,-543.65,232.5,-902.35,-194.67
GMMN,GMAD,110,-3.41,7.35,-14.56,10.3,-0.03,0.05,-0.11,0.04,-44.83,78.86,-155.12,51.1
GMMN,GMFO,59,-3.26,6.78,-10.1,8.7,0.1,0.15,0.01,0.25,142.24,309.84,21.7,307.09
GMMN,GMMH,52,8.51,6.78,-3.54,18.9,0.04,0.05,-0.04,0.1,98.42,116.8,-84.6,242.52
GMMN,GMML,58,9.63,7.42,-4.16,20.14,0.08,0.06,0.01,0.14,201.39,139.37,31.1,336.49
GMMN,GMMX,132,-7.4,10.5,-21.83,14.02,0.03,0.07,-0.05,0.16,55.62,128.65,-79.91,293.1
GMMN,GOBD,61,14.03,15.83,-7.0,38.5,0.11,0.11,-0.02,0.35,529.23,589.07,-40.7,1801.3
GMMN,GQNO,56,6.13,9.01,-8.2,18.45,0.16,0.12,0.02,0.34,305.24,192.53,51.15,573.85
GMMN,HECA,90,14.08,20.01,-10.66,38.35,0.06,0.09,-0.06,0.24,133.44,218.67,-136.72,568.6
GMMN,KJFK,51,-1.15,4.47,-7.3,3.1,0.07,0.09,-0.02,0.26,380.58,451.61,-103.35,1345.55
GMMN,LEBL,63,0.85,17.97,-20.04,28.28,0.01,0.07,-0.07,0.14,32.55,173.53,-174.43,342.44
GMMN,LEMD,106,-0.74,17.04,-23.62,35.78,0.08,0.09,-0.03,0.26,168.78,201.57,-50.7,560.0
GMMN,LEMG,63,-17.5,24.84,-77.54,2.98,0.02,0.09,-0.11,0.18,103.52,307.01,-266.66,702.71
GMMN,LFLL,62,9.38,18.71,-21.57,29.5,0.05,0.08,-0.08,0.16,127.28,200.95,-201.13,365.79
GMMN,LFPG,151,-9.66,14.54,-30.3,18.7,-0.04,0.08,-0.16,0.08,-99.52,218.05,-405.0,206.0
GMMN,LFPO,238,3.57,19.89,-28.63,37.02,0.04,0.08,-0.08,0.18,93.93,219.0,-191.0,496.44
GMMN,LIMC,54,-60.72,15.36,-76.06,-24.56,-0.21,0.06,-0.28,-0.1,-550.94,288.08,-986.14,-240.0
GMMN,LIPE,66,-5.24,15.12,-35.12,17.35,0.01,0.07,-0.09,0.11,30.27,170.35,-233.88,273.32
GMMN,LPPT,112,-17.97,20.53,-57.44,4.87,0.03,0.09,-0.1,0.19,75.47,215.65,-206.7,407.02
GMMN,LTFJ,61,-20.99,19.07,-43.8,7.1,0.01,0.11,-0.1,0.23,17.39,264.2,-250.0,583.3
GMMN,LTFM,57,-13.94,18.81,-40.98,16.4,-0.01,0.1,-0.14,0.19,-80.24,597.04,-839.02,982.72
GMMN,OEJN,42,32.87,18.74,8.99,58.19,0.19,0.09,0.08,0.31,1139.66,580.99,493.36,2022.65
GMMW,EBBR,52,17.72,11.78,-1.99,35.87,0.02,0.08,-0.12,0.12,53.44,186.21,-288.59,285.41
GMMX,EGKK,118,16.45,12.54,-5.97,36.85,0.1,0.15,-0.1,0.38,259.0,369.45,-238.92,915.24
GMMX,GMMN,126,4.78,9.15,-7.1,18.98,0.04,0.07,-0.06,0.16,48.86,99.31,-74.27,248.72
GMMX,LEMD,103,6.46,21.83,-13.38,48.61,0.03,0.11,-0.12,0.18,80.74,265.94,-275.59,499.4
GMMX,LFPG,123,-4.6,14.59,-24.79,20.01,-0.04,0.09,-0.18,0.1,-96.09,229.11,-452.19,254.52
GMMX,LFPO,182,5.89,15.97,-25.7,33.77,0.02,0.07,-0.09,0.14,41.78,172.26,-227.68,339.03
GMMX,LFRS,65,6.01,15.63,-17.0,28.3,0.06,0.13,-0.08,0.19,135.23,292.57,-186.68,424.18
GMMX,LPPT,73,-17.55,22.32,-61.4,7.58,0.03,0.11,-0.13,0.2,59.77,230.09,-307.02,418.04
GMMX,LSGG,58,1.95,13.52,-26.85,19.81,-0.04,0.13,-0.2,0.16,-68.4,277.0,-473.21,383.94
GMTT,EBBR,62,15.94,15.73,-2.58,38.46,0.05,0.09,-0.09,0.17,138.31,226.81,-232.4,419.84
GMTT,LEBL,59,2.31,19.4,-19.84,30.42,-0.0,0.09,-0.13,0.12,-1.21,226.87,-331.13,304.18
GMTT,LEMD,91,1.01,19.65,-17.2,49.6,2.21,6.66,-0.08,23.46,4664.92,13994.33,-187.5,47283.35
GOBD,GMMN,60,-3.29,12.75,-15.58,24.04,0.02,0.07,-0.1,0.13,59.56,299.58,-480.26,515.69
GOBD,LFPG,62,-15.45,35.33,-58.04,12.0,0.0,0.12,-0.19,0.16,69.63,834.93,-1012.12,1159.67
GQNO,GMMN,53,-13.91,8.54,-27.68,-2.22,0.16,0.07,0.03,0.26,360.77,240.6,77.28,602.68
GVAC,LPPT,51,-1.89,23.57,-25.15,39.8,0.06,0.14,-0.12,0.27,142.4,341.74,-312.5,666.7
GVNP,LPPT,74,-15.88,22.5,-57.4,23.91,0.02,0.09,-0.12,0.16,37.27,207.6,-284.27,357.56
HAAB,EIDW,92,-15.61,18.83,-43.35,7.74,-0.02,0.07,-0.13,0.06,-130.69,414.56,-885.4,428.12
HAAB,LLBG,59,-25.93,18.61,-61.66,-2.41,-0.03,0.09,-0.14,0.07,-74.03,298.33,-534.86,338.73
HAAB,LTFM,62,-25.92,16.65,-55.7,3.17,-0.07,0.1,-0.2,0.09,-306.07,423.03,-997.53,227.29
HAAB,OLBA,60,-15.09,12.55,-31.96,4.07,-0.03,0.07,-0.13,0.07,-166.73,309.06,-717.44,253.88
HECA,EDDF,92,-17.45,20.39,-47.3,10.29,-0.15,0.1,-0.31,0.03,-560.98,520.36,-1703.56,113.09
HECA,EDDM,60,14.48,14.17,-4.96,39.66,-0.06,0.07,-0.18,0.06,-155.15,176.26,-444.96,133.92
HECA,EGLL,120,13.24,21.67,-7.58,39.4,0.11,0.11,-0.06,0.3,461.46,609.52,-139.59,1660.39
HECA,GMMN,89,-3.97,16.05,-27.38,20.32,0.01,0.09,-0.11,0.16,21.28,207.45,-265.18,373.72
HECA,LEMD,63,12.03,18.12,-5.38,45.69,0.06,0.08,-0.06,0.19,140.41,195.1,-137.7,463.84
HECA,LFPG,85,1.54,20.0,-38.82,29.1,0.02,0.08,-0.12,0.13,165.39,451.3,-527.02,737.9
HECA,LGAV,136,5.01,10.21,-5.45,20.7,0.02,0.06,-0.06,0.1,47.11,142.83,-135.65,261.27
HECA,LIMC,95,-52.56,13.77,-67.59,-28.9,-0.22,0.07,-0.31,-0.1,-622.58,377.11,-1517.63,-229.61
HECA,LIRF,123,-33.73,22.86,-61.68,5.68,-0.1,0.08,-0.21,0.01,-226.39,182.36,-498.95,32.34
HECA,LOWW,60,11.16,19.63,-15.6,49.28,0.01,0.05,-0.07,0.1,28.51,136.91,-207.88,238.41
HECA,LTFM,200,-14.2,21.53,-43.54,15.84,-0.01,0.09,-0.12,0.12,-43.0,291.83,-481.45,364.87
HECA,OLBA,152,-19.76,11.0,-37.58,-3.31,-0.04,0.06,-0.12,0.05,-96.18,148.83,-298.03,121.73
HECA,UUDD,60,-10.92,36.07,-46.18,12.76,-0.11,0.09,-0.21,-0.01,-300.78,495.75,-506.97,-13.27
HEGN,EDDF,49,-20.94,21.62,-46.38,11.04,-0.1,0.12,-0.31,0.05,-413.87,686.81,-1465.58,108.28
HEGN,EDDL,34,-4.16,16.25,-24.32,20.02,0.04,0.07,-0.04,0.16,91.2,153.64,-93.72,372.97
HEGN,EDDM,56,14.73,15.44,-3.25,39.62,-0.0,0.07,-0.12,0.11,-13.21,190.49,-328.2,271.0
HEGN,LSZH,60,8.88,19.57,-23.48,34.58,-0.02,0.13,-0.22,0.16,-54.85,327.24,-556.89,399.2
HESH,LIMC,77,-47.95,12.97,-63.96,-27.32,-0.21,0.07,-0.32,-0.1,-588.3,312.93,-1433.66,-250.0
HESH,UUEE,54,-62.84,57.34,-127.68,19.65,-0.16,0.23,-0.44,0.24,-1109.11,1264.56,-2737.18,665.58
HKJK,EBLG,17,-15.19,31.17,-50.02,40.86,0.01,0.1,-0.12,0.18,52.89,808.68,-915.64,1430.0
HKJK,EGLL,73,14.43,22.43,-17.32,48.62,0.01,0.14,-0.25,0.21,51.84,786.6,-1320.7,1219.28
HKJK,EHAM,63,1.87,20.85,-24.92,39.53,-0.04,0.14,-0.26,0.13,-160.44,789.37,-1365.81,834.65
HKJK,LFPG,80,8.27,37.12,-45.12,65.78,0.04,0.14,-0.24,0.25,197.77,748.49,-1264.54,1365.22
HKJK,LTFM,50,-32.52,20.46,-64.36,0.77,0.02,0.37,-0.22,0.24,-157.06,960.38,-1231.01,681.37
HLLB,DTTA,76,9.5,10.89,0.1,20.15,0.11,0.05,0.05,0.18,273.33,114.43,113.92,460.4
HLLM,LTFM,159,-26.99,32.24,-65.71,10.31,0.01,0.11,-0.11,0.17,38.47,364.2,-312.53,516.77
KATL,EDDF,98,-45.44,17.94,-73.67,-14.37,-0.11,0.1,-0.28,0.05,-710.65,621.1,-1748.8,353.99
KATL,EGLL,115,22.78,16.28,-0.59,54.51,0.2,0.13,0.01,0.41,1164.69,778.69,71.33,2408.57
KATL,EHAM,117,9.07,15.19,-26.86,28.84,0.1,0.1,-0.06,0.29,665.4,639.52,-397.86,1831.22
KATL,LFPG,149,-9.59,22.85,-51.42,21.52,0.05,0.13,-0.14,0.28,303.36,752.45,-863.82,1622.76
KATL,LIRF,60,-33.37,30.46,-68.81,11.84,-0.05,0.13,-0.2,0.16,-325.63,792.41,-1268.26,999.31
KBOS,EDDF,2,-47.65,19.45,-60.02,-35.28,-0.11,0.2,-0.24,0.01,-689.05,1207.81,-1457.7,79.59
KBOS,EGLL,234,21.08,16.28,-1.21,42.79,0.17,0.12,0.0,0.38,1094.39,1003.66,24.32,2475.72
KBOS,EHAM,84,8.3,10.27,-2.06,22.99,0.06,0.07,-0.04,0.17,394.05,430.66,-223.26,1084.87
KBOS,EIDW,91,-11.01,18.92,-43.05,22.35,-0.04,0.11,-0.16,0.17,-213.61,671.28,-986.0,1026.25
KBOS,LFPG,79,-8.28,19.98,-40.09,10.56,0.05,0.11,-0.13,0.22,290.08,647.77,-728.1,1298.77
KBOS,LIRF,59,-45.38,21.89,-68.79,-10.89,-0.13,0.1,-0.27,0.04,-809.21,581.84,-1624.97,260.29
KBOS,LPPT,89,-13.63,27.93,-69.02,26.14,0.03,0.1,-0.13,0.2,101.59,374.96,-636.16,788.32
KBOS,LSZH,59,13.77,13.95,-4.39,36.21,-0.0,0.14,-0.22,0.23,-14.89,851.57,-1335.05,1396.33
KCLT,EDDM,30,7.58,13.68,-15.43,27.24,-0.04,0.08,-0.15,0.07,-285.94,498.3,-1008.02,489.21
KCLT,EGLL,90,15.27,18.69,-11.22,48.21,0.15,0.13,-0.04,0.35,973.49,845.06,-255.04,2342.45
KCVG,EDDP,70,-27.24,29.43,-74.0,15.69,-0.05,0.1,-0.21,0.09,-409.7,744.93,-1610.25,632.05
KDEN,EDDF,59,-35.94,20.09,-72.06,-1.47,-0.08,0.11,-0.24,0.08,-431.47,616.92,-1311.65,418.92
KDEN,EDDM,60,8.94,17.59,-20.95,33.76,0.04,0.09,-0.09,0.21,212.82,520.26,-488.78,1177.72
KDEN,EGLL,90,21.84,20.14,-5.06,58.96,0.22,0.13,0.03,0.43,1287.19,771.22,202.66,2471.8
KDFW,EDDF,70,-33.81,25.89,-66.4,16.06,-0.09,0.09,-0.21,0.02,-529.55,519.24,-1433.36,136.54
KDFW,EGLL,145,20.28,18.26,-0.94,55.2,0.15,0.15,-0.07,0.41,1278.35,1419.97,-471.0,4041.16
KDFW,LEMD,59,-3.8,17.5,-28.03,22.72,0.01,0.14,-0.2,0.2,6.23,829.99,-1250.33,1102.67
KDFW,LFPG,63,-15.82,25.78,-54.47,23.77,0.09,0.09,-0.07,0.24,485.07,536.39,-345.95,1335.0
KDFW,OTHH,61,10.47,17.87,-14.7,30.5,0.02,0.11,-0.13,0.18,152.13,761.54,-1022.7,1055.3
KDTW,EDDF,57,-41.75,22.27,-76.08,-8.98,-0.13,0.1,-0.3,0.04,-738.95,607.02,-1770.46,230.12
KDTW,EGLL,51,21.81,14.24,2.6,47.2,0.19,0.1,0.04,0.36,1143.56,617.16,222.5,2179.2
KDTW,EHAM,88,7.34,15.0,-22.49,30.75,0.11,0.07,-0.02,0.21,660.82,452.1,-91.15,1300.77
KDTW,LFPG,60,-9.7,18.95,-35.77,16.63,0.07,0.11,-0.1,0.25,446.91,666.03,-633.15,1506.89
KEWR,EDDF,59,-42.66,22.16,-68.13,-18.43,-0.16,0.12,-0.39,-0.0,-1035.5,803.04,-2730.71,-45.3
KEWR,EDDM,30,7.23,23.88,-26.18,37.56,-0.09,0.14,-0.31,0.1,-496.53,747.73,-1727.79,576.26
KEWR,EGLL,265,19.97,18.97,-1.72,46.66,0.22,0.16,-0.01,0.52,1330.97,997.19,-92.24,3335.54
KEWR,EGPH,59,10.01,37.82,-22.78,41.44,0.04,0.2,-0.13,0.22,143.32,792.29,-501.33,874.62
KEWR,EIDW,90,-24.56,73.83,-68.76,14.78,-0.11,0.19,-0.29,0.1,-453.36,976.65,-1217.97,550.72
KEWR,LFPG,104,1.29,20.59,-29.47,35.6,0.06,0.13,-0.18,0.3,342.62,802.59,-1166.16,1634.52
KEWR,LFPO,58,-46.34,21.27,-77.6,-14.1,-0.02,0.1,-0.19,0.15,-1.09,402.82,-571.92,709.53
KEWR,LGAV,59,5.01,27.0,-32.39,45.11,0.06,0.12,-0.1,0.28,450.12,889.37,-752.12,2206.78
KEWR,LIMC,53,-54.83,30.04,-97.12,-1.9,-0.16,0.16,-0.39,0.07,-893.58,987.12,-2586.48,182.9
KEWR,LIRF,58,-32.7,27.51,-67.28,13.0,-0.05,0.14,-0.21,0.21,-355.54,931.11,-1389.88,1353.68
KEWR,LLBG,98,7.97,20.61,-17.89,37.73,0.03,0.09,-0.1,0.19,183.08,581.87,-669.56,1113.75
KEWR,LPPR,59,-9.92,24.9,-42.23,28.01,-0.01,0.12,-0.17,0.18,-85.85,388.96,-871.6,503.34
KEWR,LPPT,89,-15.01,32.21,-69.82,28.24,0.03,0.12,-0.13,0.21,184.86,607.42,-642.0,1191.66
KEWR,LSZH,59,5.08,14.55,-17.13,25.73,-0.04,0.11,-0.22,0.12,-228.67,616.28,-1341.11,645.05
KIAD,EDDF,62,-43.66,33.16,-80.9,-1.36,-0.14,0.11,-0.34,0.02,-1007.7,782.67,-2262.3,136.95
KIAD,EDDM,27,18.82,21.05,-3.15,49.78,-0.02,0.09,-0.17,0.09,-162.42,612.49,-1135.74,609.96
KIAD,EGLL,174,21.85,36.43,-4.84,55.81,0.19,0.15,-0.04,0.43,1251.11,1108.05,-241.8,3231.62
KIAD,EHAM,55,13.14,13.15,-7.99,34.03,0.08,0.12,-0.12,0.24,448.84,664.95,-633.4,1383.97
KIAD,EIDW,88,-6.21,21.85,-39.29,28.77,-0.04,0.13,-0.22,0.17,-90.3,640.7,-1074.24,994.59
KIAD,LFPG,118,1.68,27.47,-37.7,38.05,0.05,0.12,-0.12,0.22,368.97,791.07,-805.62,1610.13
KIAD,LIRF,59,-36.74,29.17,-74.96,18.07,-0.12,0.14,-0.3,0.12,-752.46,855.17,-1886.95,719.5
KIAD,LPPT,74,4.05,26.63,-39.78,51.68,0.05,0.12,-0.17,0.22,108.9,436.8,-652.76,728.4
KIAD,LTFM,60,-28.22,73.3,-93.52,19.14,0.05,0.15,-0.1,0.18,298.33,1112.74,-786.5,1031.86
KIAD,OTHH,60,26.02,28.45,-5.14,77.14,0.07,0.1,-0.09,0.24,514.82,704.72,-497.77,1738.28
KIAH,EDDF,41,-43.21,21.06,-73.8,-17.2,-0.15,0.1,-0.34,-0.03,-1045.83,682.97,-2621.7,-205.3
KIAH,EGLL,114,20.72,15.26,1.9,45.65,0.18,0.13,-0.02,0.36,1142.67,840.1,-131.73,2392.31
KIAH,EHAM,55,12.35,18.71,-14.67,44.11,0.06,0.11,-0.12,0.24,398.57,725.94,-811.97,1488.33
KIAH,LTFM,56,-24.66,28.06,-68.9,17.23,-0.04,0.1,-0.17,0.1,-306.23,767.87,-1300.0,611.5
KJFK,EBBR,61,27.26,16.69,8.3,52.6,0.08,0.11,-0.1,0.28,437.94,654.38,-620.0,1558.3
KJFK,EDDF,107,-46.99,22.06,-79.66,-15.7,-0.09,0.11,-0.26,0.07,-580.58,689.21,-1689.75,509.19
KJFK,EGCC,60,13.88,19.59,-7.04,39.95,0.04,0.1,-0.13,0.16,258.85,602.62,-778.66,928.88
KJFK,EGKK,113,16.69,22.31,-13.68,39.8,0.18,0.16,-0.03,0.48,939.44,948.47,-122.94,2921.6
KJFK,EGLL,660,22.71,18.58,-1.8,56.0,0.22,0.19,-0.03,0.46,1375.2,1053.13,-126.65,3225.92
KJFK,EHAM,166,9.4,15.18,-8.38,36.3,0.13,0.1,-0.04,0.28,776.03,605.36,-92.9,1797.9
KJFK,EIDW,89,-12.23,26.01,-52.36,24.5,0.01,0.16,-0.21,0.23,37.09,924.13,-1159.56,1374.32
KJFK,EKCH,60,-8.44,21.28,-50.7,24.12,-0.06,0.1,-0.23,0.1,-362.79,585.36,-1242.67,621.81
KJFK,EPWA,57,-27.17,25.46,-68.24,8.5,0.0,0.09,-0.14,0.13,4.8,487.53,-792.66,692.48
KJFK,GMMN,51,0.22,15.59,-19.95,31.95,0.07,0.05,-0.02,0.15,360.78,283.81,-127.6,800.55
KJFK,LEBL,89,-7.98,17.63,-41.64,19.88,0.01,0.12,-0.15,0.18,37.71,705.54,-944.9,1093.64
KJFK,LEMD,141,-5.12,17.05,-26.6,29.5,0.04,0.11,-0.13,0.22,226.99,656.74,-773.4,1282.6
KJFK,LFPG,346,-7.36,23.46,-44.88,31.92,0.07,0.11,-0.1,0.28,500.82,779.29,-558.33,2011.72
KJFK,LGAV,83,-2.1,23.1,-28.31,49.42,0.01,0.12,-0.17,0.18,18.25,707.35,-1119.07,1116.16
KJFK,LIMC,162,-51.57,25.3,-88.8,-1.26,-0.16,0.13,-0.35,0.07,-1133.2,1041.19,-2831.84,400.12
KJFK,LIRF,240,-36.0,28.28,-73.04,15.22,-0.08,0.12,-0.24,0.15,-477.55,698.54,-1410.81,858.01
KJFK,LLBG,111,10.05,14.51,-9.6,36.55,0.07,0.12,-0.1,0.24,394.37,662.7,-557.35,1390.0
KJFK,LPPT,61,-13.1,27.63,-57.4,22.4,0.04,0.1,-0.12,0.23,223.79,566.0,-641.7,1260.0
KJFK,LSGG,60,-16.28,17.19,-34.2,15.45,-0.07,0.15,-0.33,0.22,-435.82,919.58,-2039.83,1222.14
KJFK,LSZH,89,10.14,16.87,-9.7,36.4,0.06,0.13,-0.14,0.27,353.2,795.76,-892.42,1680.92
KJFK,LTFM,119,-26.45,34.02,-73.39,16.6,-0.05,0.12,-0.17,0.19,-278.94,799.13,-1064.39,1431.67
KJFK,OMAA,60,26.73,16.2,-2.74,48.24,0.12,0.09,-0.02,0.27,686.24,524.83,-109.37,1562.7
KJFK,OMDB,59,22.17,24.25,-5.92,68.92,0.17,0.13,-0.06,0.37,1990.74,1584.9,-694.97,4494.7
KJFK,OTHH,90,28.87,26.3,-4.74,64.65,0.09,0.13,-0.13,0.31,597.02,909.87,-939.34,1994.83
KJFK,VIDP,58,29.09,47.07,-19.74,103.03,0.11,0.19,-0.16,0.37,849.93,1454.73,-1273.43,2866.58
KLAS,EGLL,59,22.61,17.22,3.57,53.67,0.13,0.15,-0.07,0.43,759.51,864.61,-385.63,2517.36
KLAX,EDDF,34,-57.85,18.11,-83.16,-27.87,-0.12,0.09,-0.22,0.02,-719.96,494.53,-1412.64,74.2
KLAX,EGLL,351,21.01,19.3,-0.15,56.75,0.16,0.15,-0.05,0.42,1033.73,993.2,-330.0,2858.3
KLAX,EHAM,50,11.04,10.13,-2.81,26.76,0.17,0.06,0.08,0.27,1129.62,408.92,488.56,1773.78
KLAX,LFPG,154,-5.29,35.74,-47.02,33.57,0.11,0.1,-0.06,0.28,752.1,751.02,-392.93,2061.92
KLAX,LTFM,60,-17.04,22.21,-44.66,13.23,0.06,0.12,-0.07,0.2,408.98,705.16,-461.48,1321.12
KLAX,OTHH,59,21.45,21.7,-9.23,58.82,0.09,0.08,-0.02,0.21,506.73,491.49,-138.09,1224.9
KMCO,EGCC,76,20.59,24.7,-10.6,70.22,0.05,0.11,-0.11,0.2,319.0,686.26,-672.1,1155.58
KMCO,EGKK,71,13.89,26.08,-26.7,54.4,0.23,0.15,0.01,0.48,1422.97,962.94,37.6,3160.65
KMIA,EGLL,132,28.28,22.79,0.28,67.48,0.13,0.19,-0.11,0.37,884.13,1257.54,-862.9,3089.31
KMIA,EHAM,24,16.75,14.6,-4.59,40.94,0.05,0.09,-0.11,0.19,252.33,488.16,-629.1,1026.97
KMIA,LEMD,120,-0.34,18.75,-25.51,32.61,-0.04,0.1,-0.18,0.1,-228.93,576.99,-1141.86,560.2
KMIA,LTFM,47,-7.43,29.03,-49.52,43.72,-0.0,0.12,-0.19,0.14,-32.71,807.04,-1482.0,988.89
KMSP,EHAM,100,8.78,14.88,-4.95,24.92,0.08,0.06,-0.02,0.22,497.37,388.87,-96.92,1203.53
KMSP,LFPG,61,-25.25,55.05,-46.6,15.9,0.0,0.11,-0.14,0.16,-7.58,652.57,-883.5,1012.7
KORD,EDDF,105,-47.96,33.2,-76.92,-19.94,-0.11,0.1,-0.25,0.01,-744.22,697.95,-1845.62,50.3
KORD,EDDM,60,2.26,31.63,-16.98,27.25,0.01,0.07,-0.1,0.12,59.6,408.05,-572.84,699.94
KORD,EGLL,258,18.55,20.4,-4.31,47.75,0.18,0.12,0.01,0.39,1100.38,917.42,71.06,2366.89
KORD,EHAM,71,1.43,24.22,-21.75,16.3,0.11,0.07,-0.02,0.24,699.02,491.09,-101.3,1593.2
KORD,EIDW,118,-26.78,42.78,-144.27,13.21,-0.03,0.11,-0.18,0.17,-136.09,587.12,-1054.3,762.25
KORD,ELLX,1,13.8,,13.8,13.8,0.22,,0.22,0.22,1731.2,,1731.2,1731.2
KORD,LEBL,58,-3.42,13.09,-23.16,15.16,0.02,0.11,-0.17,0.2,82.82,595.98,-889.94,1031.16
KORD,LFPG,98,-12.66,22.87,-50.95,16.12,0.05,0.09,-0.09,0.19,309.24,474.84,-488.51,1051.53
KORD,LIRF,60,-18.06,36.26,-64.5,42.94,0.01,0.11,-0.14,0.21,39.22,650.0,-927.84,1171.68
KORD,LSZH,89,4.92,15.86,-23.0,29.84,0.02,0.12,-0.18,0.24,128.37,708.39,-1083.94,1394.12
KORD,LTFM,61,-20.5,20.89,-51.8,7.4,0.04,0.14,-0.1,0.15,255.85,1074.58,-780.0,1170.0
KPHL,EGLL,88,47.6,141.47,-3.92,88.4,0.26,0.31,0.04,0.43,1618.38,1739.2,221.48,3346.0
KPHL,EIDW,57,-2.93,22.95,-43.38,34.2,-0.01,0.09,-0.14,0.12,7.14,328.52,-510.74,453.6
KPHX,EGLL,58,12.12,48.46,-7.29,56.52,0.14,0.11,-0.04,0.3,900.26,696.87,-271.0,1974.07
KSDF,EDDK,1,-18.0,,-18.0,-18.0,0.01,,0.01,0.01,53.5,,53.5,53.5
KSEA,EDDF,58,-39.5,20.83,-70.48,-11.3,-0.08,0.1,-0.26,0.09,-469.37,600.54,-1443.14,518.49
KSEA,EGLL,148,19.97,19.19,3.3,43.32,0.16,0.13,-0.06,0.4,1035.63,847.67,-361.96,2522.4
KSEA,EHAM,58,4.81,11.83,-11.43,21.58,0.08,0.1,-0.04,0.25,482.58,603.41,-247.66,1550.18
KSFO,EDDF,81,-42.73,27.57,-81.1,0.9,-0.15,0.1,-0.3,-0.01,-1134.7,737.9,-2342.2,-78.0
KSFO,EDDM,60,-1.68,19.39,-25.58,25.67,-0.01,0.1,-0.17,0.16,-90.77,639.3,-1075.31,1042.29
KSFO,EGLL,205,20.43,13.95,0.02,45.08,0.16,0.15,-0.06,0.44,1201.88,1166.55,-349.96,3431.22
KSFO,EHAM,61,7.22,9.64,-4.4,26.4,0.1,0.12,-0.15,0.24,620.42,733.32,-811.3,1532.9
KSFO,LFPG,81,-0.44,18.16,-35.5,32.8,0.07,0.12,-0.17,0.24,524.48,865.61,-1153.2,1768.0
KSFO,LSZH,55,-0.6,13.04,-15.48,21.37,-0.01,0.16,-0.26,0.31,-123.58,1106.1,-1759.99,2030.21
KSFO,LTFM,61,-37.29,205.46,-38.6,13.1,0.05,0.41,-0.05,0.41,21.25,4653.79,-275.0,2271.8
LATI,EDDF,51,-14.26,29.46,-48.05,17.25,-0.09,0.22,-0.24,0.03,-238.36,610.46,-645.6,70.15
LATI,EDDM,55,24.25,30.88,-0.38,47.32,0.03,0.2,-0.12,0.17,75.18,506.34,-335.05,431.16
LATI,EGGW,73,-8.16,18.9,-37.68,25.96,-0.0,0.08,-0.12,0.16,-1.08,209.14,-307.68,420.12
LATI,LGAV,70,2.23,21.03,-18.94,28.69,0.05,0.09,-0.06,0.17,120.64,220.04,-148.68,471.98
LATI,LIBD,61,21.15,18.59,-6.8,58.1,0.07,0.09,-0.03,0.28,188.43,248.29,-83.4,725.1
LATI,LIMC,115,-64.04,40.34,-93.93,-26.78,-0.18,0.28,-0.33,-0.05,-454.91,687.96,-833.3,-122.0
LATI,LIME,96,-41.6,48.99,-108.55,8.25,-0.06,0.21,-0.28,0.09,-163.15,505.82,-740.62,231.2
LATI,LIPE,87,-25.27,32.12,-67.38,4.32,-0.01,0.19,-0.15,0.15,-14.03,478.06,-374.52,378.02
LATI,LIPX,68,-21.47,20.87,-41.3,8.73,-0.01,0.06,-0.1,0.09,-18.56,165.84,-255.4,203.4
LATI,LIRF,126,-41.28,21.89,-68.2,-0.48,-0.1,0.09,-0.23,0.04,-235.73,214.6,-569.1,84.5
LATI,LIRP,94,-0.81,27.52,-38.8,23.0,0.07,0.13,-0.05,0.18,158.58,314.26,-113.12,445.41
LATI,LOWW,82,30.44,43.14,-11.3,64.57,0.11,0.26,-0.08,0.28,267.27,681.72,-208.2,774.47
LATI,LTFM,71,-20.55,12.71,-36.0,1.05,-0.0,0.1,-0.13,0.16,-12.68,231.25,-322.55,356.55
LATI,LYBE,58,7.91,21.74,-14.19,53.44,0.09,0.09,-0.01,0.27,138.62,158.07,-10.47,463.04
LBSF,EDDF,105,-16.91,19.5,-46.18,10.68,-0.14,0.1,-0.27,0.01,-349.85,243.39,-722.02,15.66
LBSF,EDDM,85,18.33,13.65,-1.48,41.56,-0.01,0.08,-0.1,0.13,-17.19,186.61,-258.18,331.92
LBSF,EGGW,73,1.95,14.53,-19.5,24.82,0.11,0.1,-0.01,0.24,283.23,261.29,-23.04,666.26
LBSF,EGSS,73,8.68,16.56,-10.62,33.3,0.08,0.06,-0.02,0.19,171.96,144.49,-41.62,412.78
LBSF,EHEH,50,-3.73,15.51,-29.46,20.54,0.04,0.05,-0.04,0.12,89.89,133.14,-88.52,330.41
LBSF,EPWA,61,-8.24,20.31,-33.3,21.3,-0.04,0.07,-0.15,0.07,-75.99,127.27,-284.0,136.9
LBSF,LBWN,86,-5.42,16.52,-51.02,9.38,0.05,0.07,-0.14,0.13,99.87,159.24,-328.58,245.45
LBSF,LEBL,51,-4.97,17.25,-29.5,16.9,0.0,0.1,-0.1,0.09,0.65,239.83,-247.05,231.55
LBSF,LGAV,66,-20.63,18.65,-45.48,9.48,-0.01,0.08,-0.13,0.11,6.08,147.63,-174.7,275.88
LBSF,LIME,61,-60.8,20.54,-83.6,-23.5,-0.16,0.09,-0.27,-0.03,-394.7,215.94,-640.0,-70.0
LBSF,LLBG,74,0.13,14.73,-20.18,25.91,0.01,0.07,-0.09,0.12,17.45,172.4,-229.72,299.85
LBSF,LOWW,129,13.94,18.1,-9.2,48.56,0.05,0.07,-0.05,0.15,102.45,136.74,-121.0,333.0
LBSF,LROP,52,-5.75,11.25,-14.44,19.03,-0.05,0.06,-0.14,0.03,-59.66,68.73,-160.0,59.37
LBSF,LTFM,90,-40.74,20.95,-62.06,-0.07,-0.08,0.1,-0.18,0.08,-190.94,264.36,-466.66,206.35
LBWN,LBSF,86,-9.9,116.37,-69.72,20.5,0.01,0.3,-0.19,0.13,-0.29,657.6,-485.95,248.55
LCLK,EGCC,55,3.46,11.57,-19.84,19.2,-0.04,0.09,-0.15,0.09,-94.48,253.93,-454.06,309.02
LCLK,EGGW,55,-25.38,23.42,-76.53,7.09,-0.04,0.1,-0.2,0.1,-99.09,243.07,-509.12,253.16
LCLK,EGKK,104,1.75,16.77,-25.23,24.18,0.03,0.12,-0.13,0.24,70.78,297.08,-318.78,599.2
LCLK,EGLL,115,8.92,26.2,-12.99,31.89,0.09,0.2,-0.06,0.29,227.74,490.79,-154.48,724.93
LCLK,LGAV,383,11.47,16.97,-7.16,32.98,0.06,0.09,-0.05,0.17,150.46,220.0,-119.96,424.58
LCLK,LGTS,95,-13.92,26.63,-45.63,13.72,-0.04,0.1,-0.16,0.1,-90.56,242.13,-373.32,239.58
LCLK,LKPR,55,-22.25,13.09,-44.11,-4.89,-0.06,0.06,-0.17,0.04,-151.81,147.61,-403.48,94.38
LCLK,LLBG,270,8.49,12.82,-8.7,32.0,0.05,0.08,-0.05,0.18,129.07,231.84,-126.26,511.0
LCLK,LOWW,80,-1.51,40.09,-26.0,29.08,0.0,0.14,-0.1,0.1,2.64,290.68,-280.0,281.24
LCLK,LSZH,78,5.7,17.2,-29.12,30.88,-0.04,0.13,-0.23,0.18,-92.83,330.6,-587.33,441.26
LCLK,LYBE,69,-3.74,28.86,-52.92,51.28,0.02,0.09,-0.13,0.16,60.43,224.28,-321.7,461.22
LCLK,OLBA,71,3.25,3.99,-0.7,7.8,0.06,0.06,-0.0,0.12,139.7,161.47,-5.3,284.35
LCLK,OTHH,60,-4.14,15.88,-28.86,21.68,0.05,0.1,-0.1,0.19,128.34,254.69,-238.11,476.76
LCLK,UDYZ,72,-42.64,29.08,-99.13,-7.25,-0.05,0.09,-0.21,0.07,-114.19,201.68,-500.0,166.64
LCPH,EGCC,90,6.06,16.87,-15.54,24.56,-0.01,0.1,-0.17,0.13,-44.19,322.32,-457.68,391.3
LCPH,EGKK,134,9.18,14.74,-11.14,32.27,0.05,0.13,-0.14,0.26,135.85,367.04,-341.88,809.22
LCPH,EGSS,58,3.29,13.13,-15.72,26.72,0.0,0.11,-0.22,0.15,-2.13,266.11,-483.5,321.45
LCPH,LLBG,119,9.38,18.92,-4.2,30.21,0.03,0.1,-0.08,0.13,62.53,238.29,-190.87,315.96
LDDU,EDDF,57,-22.76,28.38,-52.5,-1.38,-0.06,0.09,-0.2,0.03,-147.56,208.6,-444.76,78.66
LDDU,EDDM,60,3.89,13.78,-14.76,25.38,-0.01,0.07,-0.11,0.08,-36.21,167.55,-301.2,180.97
LDDU,EGKK,122,8.92,15.83,-13.08,30.28,0.16,0.14,-0.03,0.39,410.33,351.7,-86.06,981.0
LDDU,LDZA,119,-9.27,15.3,-25.66,17.37,-0.02,0.07,-0.1,0.07,-21.44,116.57,-155.59,159.43
LDDU,LOWW,57,16.92,16.69,-3.8,43.86,0.06,0.06,-0.02,0.15,142.78,140.33,-57.7,381.24
LDSP,EDDF,71,-23.33,18.52,-52.15,2.25,-0.07,0.08,-0.2,0.06,-177.86,203.82,-553.7,128.65
LDSP,EDDL,60,-9.21,12.66,-25.28,12.72,0.04,0.07,-0.06,0.16,88.1,167.91,-149.88,443.53
LDSP,EDDM,95,13.53,14.96,-1.52,34.53,0.02,0.08,-0.08,0.15,29.05,129.11,-193.37,215.23
LDSP,EGGW,59,-12.95,25.34,-65.87,15.23,0.02,0.11,-0.18,0.15,41.37,268.56,-476.81,401.53
LDSP,EGKK,88,18.94,11.99,2.81,35.15,0.18,0.14,0.03,0.44,427.86,336.05,59.99,1018.14
LDSP,EKCH,50,-12.9,17.02,-28.2,6.55,-0.07,0.08,-0.21,0.04,-157.91,182.2,-487.42,85.21
LDSP,LDZA,117,-9.21,21.71,-27.5,23.0,0.01,0.08,-0.06,0.11,32.92,114.8,-70.94,194.46
LDSP,LIRF,70,-45.59,40.26,-54.96,-17.89,-0.16,0.11,-0.24,-0.07,-322.06,296.39,-573.76,-76.6
LDSP,LOWW,73,16.01,13.82,-2.7,39.22,0.08,0.05,0.0,0.17,160.05,113.56,0.48,391.64
LDZA,EDDF,135,-20.94,17.9,-48.1,0.1,-0.08,0.06,-0.17,0.01,-180.29,146.92,-428.82,27.59
LDZA,EDDM,69,12.73,12.98,-3.26,39.68,-0.02,0.07,-0.13,0.07,-50.79,137.41,-325.82,123.94
LDZA,EHAM,89,5.88,8.31,-6.18,19.76,0.07,0.07,-0.04,0.18,146.46,151.08,-103.7,373.04
LDZA,LDDU,118,-2.13,10.52,-13.38,14.59,0.03,0.08,-0.05,0.1,68.65,179.32,-59.6,214.58
LDZA,LDSP,118,-1.62,10.47,-15.77,22.27,0.04,0.05,-0.04,0.12,73.74,95.0,-44.34,228.22
LDZA,LFPG,60,-6.2,12.71,-19.72,19.53,0.07,0.06,-0.0,0.17,160.95,122.3,-1.42,377.3
LDZA,LOWW,72,20.31,12.4,3.49,40.8,0.08,0.05,0.01,0.15,123.8,83.11,16.5,256.53
LDZA,LQSA,53,3.48,3.37,-0.1,10.06,0.04,0.04,-0.0,0.12,58.99,70.73,-0.8,194.68
LDZA,LSZH,59,17.66,8.07,1.09,28.48,0.07,0.09,-0.04,0.22,99.59,144.81,-46.11,377.89
LDZA,LTFM,60,-19.1,17.29,-38.68,9.74,0.03,0.12,-0.07,0.17,92.24,311.45,-200.34,470.45
LDZA,LYBE,60,-6.93,13.37,-29.3,9.35,-0.02,0.06,-0.1,0.07,-16.8,53.16,-93.4,61.93
LEAL,EBBR,124,7.45,13.09,-17.68,25.8,-0.04,0.09,-0.19,0.1,-94.11,230.11,-464.84,240.0
LEAL,EBCI,50,-8.47,10.76,-24.44,3.56,-0.01,0.06,-0.11,0.07,-22.12,143.5,-262.0,140.0
LEAL,EDDL,52,-26.67,19.28,-53.72,4.35,-0.05,0.08,-0.19,0.09,-117.11,197.09,-412.96,219.64
LEAL,EGAA,57,-2.07,14.28,-22.82,19.18,-0.02,0.07,-0.14,0.08,-35.85,156.15,-308.06,203.06
LEAL,EGBB,95,-7.91,18.48,-36.85,14.92,-0.07,0.09,-0.24,0.05,-175.71,226.17,-565.91,129.69
LEAL,EGCC,217,5.4,16.34,-28.32,26.26,0.0,0.09,-0.13,0.18,4.01,267.23,-409.76,455.96
LEAL,EGGD,138,-3.74,21.78,-48.34,24.26,-0.04,0.08,-0.17,0.09,-105.47,195.19,-400.2,226.4
LEAL,EGGP,70,-4.84,37.22,-40.74,18.64,0.01,0.13,-0.13,0.11,20.82,326.93,-299.22,255.57
LEAL,EGGW,94,-58.37,27.46,-93.29,-17.43,-0.17,0.12,-0.36,0.01,-408.16,278.94,-810.81,14.37
LEAL,EGKK,230,1.05,20.34,-37.69,27.76,0.08,0.14,-0.11,0.34,195.96,318.46,-261.23,827.74
LEAL,EGNM,72,-4.38,15.31,-30.82,19.04,-0.01,0.07,-0.13,0.1,-30.57,164.16,-301.4,225.62
LEAL,EGNT,81,5.02,16.77,-9.2,17.8,-0.01,0.09,-0.16,0.13,-22.22,219.12,-330.2,298.7
LEAL,EGNX,99,-4.37,13.91,-22.19,14.52,-0.01,0.08,-0.14,0.09,-27.69,184.19,-346.96,210.4
LEAL,EGPF,71,5.68,10.33,-10.45,17.55,-0.03,0.06,-0.12,0.06,-66.47,148.07,-297.35,147.9
LEAL,EGPH,61,6.79,11.38,-9.3,21.5,-0.0,0.07,-0.11,0.1,-8.38,163.64,-253.3,224.0
LEAL,EGSS,132,-2.27,11.72,-24.76,14.74,0.04,0.07,-0.06,0.15,98.67,154.36,-152.38,348.43
LEAL,EHAM,163,3.87,14.16,-22.17,23.13,0.04,0.08,-0.1,0.17,100.89,191.6,-248.38,417.37
LEAL,EHEH,81,-4.14,10.57,-20.3,8.8,-0.08,0.07,-0.18,0.02,-182.8,161.83,-430.7,44.3
LEAL,EHRD,51,-0.27,11.76,-16.55,19.9,-0.03,0.06,-0.13,0.06,-72.33,138.81,-308.3,140.0
LEAL,EIDW,97,-38.57,26.43,-76.9,-2.9,-0.12,0.15,-0.27,0.06,-276.41,358.31,-594.4,150.6
LEAL,EKCH,83,-16.58,33.28,-43.14,8.27,-0.11,0.09,-0.24,0.01,-250.45,201.07,-530.57,26.51
LEAL,ENGM,103,-28.99,20.91,-59.01,-5.57,-0.12,0.09,-0.27,-0.01,-275.79,206.8,-619.31,-12.51
LEAL,ESGG,54,-13.95,14.17,-37.04,7.8,-0.05,0.06,-0.15,0.03,-118.79,139.37,-356.16,68.72
LEAL,ESSA,112,-6.24,17.66,-38.96,24.73,0.02,0.08,-0.11,0.14,42.12,187.2,-252.5,291.66
LEAL,LEBB,55,-20.7,14.17,-42.76,-3.6,-0.04,0.06,-0.14,0.03,-109.07,138.25,-362.5,77.33
LEAL,LEBL,110,-11.07,13.95,-34.04,16.54,-0.1,0.05,-0.18,-0.02,-244.88,135.71,-440.12,-56.47
LEAL,LEIB,66,-23.52,15.63,-53.7,0.0,-0.08,0.05,-0.16,-0.01,-149.2,105.55,-330.58,-10.35
LEAL,LEMD,158,-2.24,10.46,-16.26,14.63,0.03,0.08,-0.08,0.15,65.83,177.9,-167.28,360.0
LEAL,LEPA,163,-5.47,12.06,-25.78,12.8,-0.01,0.06,-0.11,0.08,-12.26,152.1,-264.9,194.64
LEAL,LEST,64,6.57,11.43,-10.37,26.31,-0.05,0.07,-0.14,0.04,-117.92,164.21,-314.53,96.19
LEAL,LFPO,90,-2.84,15.31,-34.48,19.06,-0.01,0.07,-0.1,0.11,-18.76,169.85,-255.77,282.18
LEAM,LEMD,89,-10.08,23.06,-39.34,41.7,0.03,0.13,-0.11,0.26,57.05,278.44,-225.98,526.64
LEAS,LEBL,107,2.14,10.72,-16.62,19.59,-0.05,0.08,-0.16,0.07,-128.09,196.26,-387.31,184.16
LEAS,LEMD,127,-0.81,11.9,-21.27,17.57,0.01,0.1,-0.13,0.16,22.4,236.28,-312.23,378.32
LEBB,EDDF,76,-57.74,73.37,-100.05,-28.72,-0.23,0.2,-0.39,-0.12,-582.72,500.17,-969.3,-308.8
LEBB,EDDM,115,-18.33,14.79,-40.79,5.28,-0.13,0.09,-0.28,-0.0,-289.66,195.64,-619.9,-1.44
LEBB,EGKK,105,14.66,11.41,-7.44,29.4,0.13,0.13,-0.02,0.34,308.02,315.95,-60.14,828.16
LEBB,EHAM,117,0.33,11.91,-23.96,17.38,-0.0,0.09,-0.16,0.12,-12.14,215.9,-415.34,293.04
LEBB,LEAL,55,-24.07,17.75,-59.06,0.0,-0.01,0.07,-0.13,0.09,-33.6,173.82,-311.63,219.16
LEBB,LEBL,178,-5.21,17.2,-29.78,24.3,-0.05,0.08,-0.14,0.06,-121.27,197.18,-345.4,156.3
LEBB,LEIB,51,-34.06,27.8,-62.55,-1.75,-0.1,0.07,-0.19,-0.0,-248.93,183.75,-468.45,-8.4
LEBB,LEMD,266,-12.51,17.42,-48.02,2.0,0.02,0.08,-0.12,0.15,40.09,199.08,-271.0,366.08
LEBB,LEMG,90,-3.26,20.2,-37.77,30.4,0.05,0.07,-0.05,0.15,126.82,179.29,-124.28,367.9
LEBB,LEMH,64,-13.93,13.08,-33.76,8.13,-0.02,0.07,-0.11,0.1,-39.61,165.54,-279.16,235.89
LEBB,LEPA,98,-8.02,14.31,-29.74,17.16,-0.03,0.07,-0.13,0.09,-65.36,169.75,-312.74,217.98
LEBB,LEST,19,16.53,9.95,2.72,29.06,0.02,0.06,-0.05,0.11,53.44,135.38,-90.86,286.85
LEBB,LEVC,58,-23.19,24.7,-66.07,8.86,-0.05,0.09,-0.19,0.1,-116.56,192.94,-443.17,234.05
LEBB,LEZL,109,-4.52,12.12,-14.58,7.76,0.02,0.05,-0.06,0.08,51.32,115.13,-138.28,206.52
LEBB,LFPG,106,-25.55,14.45,-51.78,-2.98,0.01,0.09,-0.15,0.16,10.65,214.84,-369.4,344.65
LEBB,LPPT,78,-26.18,20.66,-63.09,5.06,-0.04,0.11,-0.2,0.13,-13.04,144.02,-182.25,239.24
LEBL,EBBR,212,6.81,14.71,-23.26,31.34,0.02,0.09,-0.13,0.14,68.01,240.41,-331.53,404.93
LEBL,EDDB,128,-10.22,16.99,-40.71,15.28,0.0,0.06,-0.09,0.08,4.49,146.66,-212.54,207.91
LEBL,EDDF,211,-55.03,25.7,-101.05,-15.0,-0.24,0.08,-0.37,-0.13,-651.97,246.47,-959.85,-357.8
LEBL,EDDH,82,-44.38,20.81,-76.93,-13.96,-0.12,0.19,-0.27,-0.0,-296.0,467.54,-679.42,-10.69
LEBL,EDDK,113,-25.97,19.9,-48.3,11.02,-0.05,0.13,-0.2,0.16,-56.99,513.32,-506.52,892.52
LEBL,EDDL,116,-25.81,24.23,-55.45,9.8,-0.05,0.1,-0.2,0.07,-130.25,249.28,-478.4,167.38
LEBL,EDDM,233,-14.91,15.15,-35.64,11.7,-0.16,0.09,-0.31,-0.04,-413.56,218.26,-754.7,-99.5
LEBL,EDDS,100,-15.44,11.19,-37.1,1.43,-0.03,0.07,-0.15,0.07,-65.73,174.18,-342.26,162.26
LEBL,EGBB,64,-16.02,21.16,-54.87,9.48,-0.01,0.08,-0.13,0.11,-12.55,191.33,-299.79,277.55
LEBL,EGCC,135,6.47,12.65,-14.4,26.12,0.03,0.07,-0.08,0.15,73.9,187.69,-202.8,375.42
LEBL,EGGD,86,5.49,18.19,-23.8,28.25,-0.01,0.07,-0.11,0.12,-30.55,169.81,-261.4,263.15
LEBL,EGGW,81,-48.5,26.08,-83.4,-0.5,-0.14,0.1,-0.28,0.04,-325.1,238.65,-659.8,96.0
LEBL,EGKK,340,1.3,14.75,-24.3,22.55,0.13,0.14,-0.05,0.36,305.64,335.85,-117.82,860.85
LEBL,EGLL,205,5.73,16.47,-11.18,26.54,0.1,0.1,-0.02,0.28,241.08,245.51,-48.66,675.28
LEBL,EGPH,55,1.6,12.77,-16.26,17.62,0.04,0.06,-0.04,0.12,86.83,152.36,-86.95,310.74
LEBL,EGSS,120,-5.32,12.91,-22.42,14.81,0.05,0.05,-0.04,0.14,114.97,127.53,-86.14,332.2
LEBL,EHAM,388,1.14,15.29,-27.29,21.76,0.06,0.07,-0.06,0.16,144.56,171.84,-156.11,408.49
LEBL,EHEH,54,-11.55,13.66,-34.86,6.88,-0.1,0.06,-0.19,-0.01,-236.62,133.29,-455.61,-29.95
LEBL,EIDW,148,-41.46,124.14,-67.6,5.67,-0.11,0.31,-0.26,0.15,-345.08,1596.3,-647.14,468.6
LEBL,EKCH,145,-21.66,13.32,-44.88,-2.98,-0.12,0.06,-0.22,-0.02,-291.91,143.6,-536.38,-58.58
LEBL,ENGM,86,-29.63,17.89,-58.22,3.1,-0.08,0.08,-0.2,0.06,-194.25,202.19,-479.5,136.9
LEBL,EPWA,55,-48.96,16.73,-71.67,-22.86,-0.08,0.06,-0.15,0.02,-184.01,137.68,-361.15,39.03
LEBL,ESSA,96,-7.72,17.64,-36.98,21.3,0.0,0.09,-0.1,0.1,5.08,202.88,-240.72,236.7
LEBL,GCLP,111,-2.42,19.53,-42.4,24.05,0.07,0.07,-0.03,0.19,180.85,180.11,-75.45,491.3
LEBL,GCRR,74,-33.47,20.81,-65.55,-5.63,-0.07,0.07,-0.17,0.03,-161.82,155.6,-426.12,73.78
LEBL,GCXO,131,-2.97,19.65,-38.75,22.95,-0.01,0.07,-0.13,0.11,-17.29,184.81,-316.9,284.85
LEBL,GMMN,63,-7.28,21.16,-40.05,21.87,0.04,0.11,-0.11,0.26,97.23,269.1,-266.05,631.94
LEBL,GMTT,59,-29.97,23.19,-67.3,6.27,0.0,0.08,-0.11,0.15,12.3,196.84,-268.13,381.21
LEBL,KJFK,90,-3.54,10.93,-20.84,17.96,0.01,0.1,-0.12,0.17,54.76,596.71,-820.49,937.92
LEBL,KORD,58,-6.58,8.66,-21.0,3.86,-0.03,0.07,-0.18,0.06,-157.03,367.2,-947.94,310.82
LEBL,LBSF,51,-38.65,24.31,-66.4,1.0,-0.07,0.07,-0.17,0.04,-173.23,178.47,-423.6,92.25
LEBL,LEAL,110,-11.52,14.99,-41.42,6.79,0.03,0.06,-0.08,0.14,73.26,151.84,-187.71,340.59
LEBL,LEAS,107,-3.41,13.52,-15.9,24.03,0.01,0.06,-0.09,0.11,29.83,146.9,-205.22,276.29
LEBL,LEBB,182,2.63,18.18,-17.28,32.57,0.04,0.09,-0.05,0.15,97.62,212.9,-112.92,397.53
LEBL,LECO,63,-1.62,16.41,-20.83,33.76,0.04,0.06,-0.04,0.11,88.63,152.26,-97.39,266.94
LEBL,LEGR,110,-7.12,14.34,-39.46,9.06,0.13,0.06,0.04,0.24,322.42,153.7,87.52,625.76
LEBL,LEIB,391,-26.68,17.44,-53.25,0.0,-0.08,0.07,-0.18,0.03,-190.64,171.78,-434.05,81.65
LEBL,LEJR,56,-12.0,17.25,-41.2,12.22,0.05,0.05,-0.02,0.12,118.91,118.85,-52.72,302.97
LEBL,LEMD,466,-7.43,19.29,-48.3,8.38,0.0,0.08,-0.13,0.12,0.86,250.01,-364.0,366.7
LEBL,LEMG,219,-18.73,18.58,-57.53,3.53,0.07,0.07,-0.03,0.2,171.71,168.0,-68.82,473.9
LEBL,LEMH,313,-23.31,12.7,-49.9,-4.0,-0.07,0.06,-0.17,0.02,-180.09,137.53,-416.66,45.86
LEBL,LEPA,684,-12.5,10.71,-28.58,-1.01,-0.01,0.06,-0.1,0.1,-17.74,155.45,-236.26,236.08
LEBL,LESO,58,-1.05,11.78,-15.6,24.32,0.06,0.05,-0.02,0.15,121.58,111.94,-36.24,338.68
LEBL,LEST,103,2.45,11.62,-23.35,15.98,-0.03,0.06,-0.13,0.04,-69.57,137.27,-314.53,99.23
LEBL,LEVC,61,-19.89,17.06,-47.0,-1.0,-0.08,0.1,-0.22,0.07,-284.38,357.16,-916.7,186.8
LEBL,LEVX,67,-11.29,12.93,-28.59,5.44,0.02,0.06,-0.07,0.11,58.26,150.17,-176.06,248.83
LEBL,LEXJ,59,-5.93,20.18,-22.63,16.68,0.02,0.07,-0.05,0.1,46.1,167.42,-121.58,234.76
LEBL,LEZL,243,-10.67,35.37,-42.9,17.6,0.02,0.08,-0.06,0.11,62.67,206.59,-138.17,268.79
LEBL,LFLL,71,-9.81,16.92,-37.1,16.8,-0.02,0.06,-0.11,0.06,-45.16,130.88,-260.3,146.6
LEBL,LFMN,94,-17.42,14.53,-40.11,2.62,-0.02,0.07,-0.13,0.09,-50.25,156.95,-288.64,210.57
LEBL,LFPG,304,-21.06,14.81,-48.24,0.39,-0.05,0.09,-0.21,0.09,-132.0,221.65,-517.46,204.27
LEBL,LFPO,230,-4.05,14.73,-30.54,19.89,-0.02,0.06,-0.11,0.08,-61.56,153.68,-296.65,206.96
LEBL,LFRS,93,2.95,11.62,-16.26,20.8,0.01,0.06,-0.07,0.08,25.01,145.67,-165.68,223.2
LEBL,LFSB,89,-36.31,12.92,-58.22,-19.04,-0.13,0.07,-0.23,-0.04,-332.18,262.32,-635.2,-81.74
LEBL,LGAV,97,-17.15,16.76,-31.56,7.76,-0.03,0.08,-0.13,0.1,-70.45,194.37,-314.44,275.46
LEBL,LHBP,76,-25.78,12.22,-42.75,-5.08,-0.01,0.06,-0.1,0.07,-17.22,138.55,-232.48,171.15
LEBL,LIMC,314,-72.97,22.6,-96.88,-32.49,-0.28,0.11,-0.42,-0.13,-757.44,431.46,-1435.98,-303.6
LEBL,LIME,85,-46.62,14.17,-68.84,-20.82,-0.11,0.09,-0.18,-0.03,-270.24,221.31,-440.0,-68.38
LEBL,LIPE,117,-13.85,28.34,-35.02,5.12,-0.01,0.16,-0.1,0.09,-23.61,384.13,-258.24,202.56
LEBL,LIPZ,141,-39.78,17.47,-64.7,-7.9,-0.15,0.06,-0.25,-0.05,-389.83,143.06,-606.7,-140.0
LEBL,LIRF,431,-44.18,24.48,-69.4,-9.2,-0.15,0.1,-0.26,-0.05,-354.79,263.18,-625.0,-120.0
LEBL,LIRN,112,-39.73,25.35,-76.6,-4.72,-0.07,0.1,-0.19,0.08,-171.14,237.01,-464.56,187.81
LEBL,LIRQ,74,-27.15,11.24,-43.2,-11.36,-0.08,0.06,-0.21,0.01,-179.91,134.37,-462.34,30.29
LEBL,LKPR,89,-32.86,23.69,-80.92,-6.34,-0.08,0.07,-0.19,0.02,-186.97,173.33,-483.32,43.26
LEBL,LLBG,101,-12.95,13.12,-27.9,11.0,-0.02,0.08,-0.13,0.08,-56.12,193.44,-333.3,204.0
LEBL,LOWW,158,-5.44,14.71,-25.02,19.64,0.03,0.06,-0.07,0.13,66.47,161.91,-167.21,336.94
LEBL,LPPR,170,-12.29,22.12,-50.86,15.76,0.02,0.07,-0.08,0.12,47.92,174.33,-218.37,286.43
LEBL,LPPT,330,-14.28,26.6,-56.01,26.43,0.07,0.1,-0.08,0.23,165.58,235.84,-191.66,528.91
LEBL,LROP,65,-38.58,17.08,-62.24,-9.96,-0.06,0.08,-0.18,0.05,-154.46,192.23,-458.38,135.76
LEBL,LSGG,155,-24.76,13.53,-43.68,-4.74,-0.0,0.07,-0.11,0.09,-1.86,153.02,-250.82,224.92
LEBL,LSZH,179,-22.87,19.51,-55.53,5.69,-0.05,0.08,-0.18,0.09,-123.14,208.92,-438.48,226.64
LEBL,LTFM,109,-33.06,16.34,-56.54,0.28,-0.08,0.1,-0.22,0.1,-419.82,551.92,-1343.36,316.0
LEBL,LYBE,70,-23.12,18.88,-43.28,4.25,-0.05,0.07,-0.16,0.07,-120.08,185.52,-378.15,193.56
LEBL,OMDB,60,5.62,23.7,-26.91,43.9,0.19,0.11,0.01,0.37,1509.02,848.97,116.56,2899.08
LEBL,OTHH,60,9.34,20.58,-17.22,48.54,0.08,0.09,-0.03,0.24,441.05,499.6,-194.2,1365.04
LECO,LEBL,63,-4.93,9.34,-18.04,11.52,-0.02,0.07,-0.13,0.09,-63.17,169.02,-324.72,218.51
LECO,LEMD,244,1.34,8.88,-8.82,14.54,0.02,0.08,-0.09,0.15,52.52,189.49,-225.48,371.3
LEGE,EBCI,55,8.02,13.38,-18.47,25.78,-0.04,0.05,-0.12,0.03,-103.43,111.9,-292.0,72.61
LEGE,EGSS,61,9.8,9.8,-4.0,28.0,0.07,0.05,-0.01,0.15,156.22,121.89,-23.3,368.0
LEGR,LEBL,110,3.64,16.38,-15.78,31.66,0.02,0.06,-0.07,0.12,45.35,152.29,-167.59,279.96
LEGR,LEMD,89,0.59,12.06,-16.1,19.18,0.01,0.1,-0.1,0.18,26.17,197.97,-198.64,358.94
LEIB,EBBR,52,13.12,13.73,-9.22,29.25,-0.03,0.1,-0.17,0.08,-73.88,225.78,-383.35,193.88
LEIB,EDDL,59,-26.17,15.89,-52.86,-1.46,-0.07,0.05,-0.14,0.01,-158.86,122.3,-333.66,21.99
LEIB,EDDM,60,-10.88,16.19,-36.43,18.38,-0.16,0.09,-0.31,0.01,-412.67,242.32,-760.76,17.87
LEIB,EGBB,66,-11.86,15.38,-38.22,15.48,-0.05,0.07,-0.17,0.06,-129.11,174.89,-386.98,145.82
LEIB,EGCC,131,12.48,10.08,0.2,29.0,0.02,0.07,-0.08,0.13,57.94,252.05,-249.15,478.1
LEIB,EGGD,60,12.85,12.41,-7.5,31.03,-0.01,0.06,-0.1,0.08,-24.93,143.31,-241.42,186.03
LEIB,EGKK,154,6.88,16.75,-17.1,25.96,0.06,0.12,-0.1,0.27,138.65,296.23,-251.3,663.35
LEIB,EGLC,55,-20.19,15.58,-49.27,-2.5,-0.01,0.09,-0.15,0.1,-28.87,195.92,-334.32,227.38
LEIB,EGLL,65,13.46,6.55,6.04,23.6,0.08,0.1,-0.06,0.32,204.53,258.88,-156.94,813.76
LEIB,EGNT,54,12.39,9.85,0.37,25.05,0.01,0.08,-0.11,0.12,25.99,181.03,-265.24,294.0
LEIB,EGSS,104,2.6,11.9,-15.83,20.41,0.04,0.07,-0.08,0.16,83.67,170.46,-203.4,348.19
LEIB,EHAM,134,9.12,18.02,-17.24,30.98,0.05,0.09,-0.09,0.16,109.65,210.67,-194.2,384.05
LEIB,EHEH,83,-1.14,9.42,-16.0,11.94,-0.08,0.1,-0.18,-0.02,-195.4,239.97,-433.6,-46.46
LEIB,EHRD,55,4.79,10.03,-11.03,20.1,-0.02,0.06,-0.12,0.06,-36.46,137.08,-282.8,155.72
LEIB,LEAL,66,-9.02,16.06,-36.3,15.45,0.04,0.07,-0.06,0.13,79.48,164.5,-138.48,279.23
LEIB,LEBB,51,-5.38,18.1,-31.3,31.05,-0.0,0.07,-0.12,0.12,-2.31,171.87,-281.8,275.6
LEIB,LEBL,384,-2.47,9.83,-15.18,18.31,-0.06,0.06,-0.15,0.04,-151.93,160.22,-363.94,95.61
LEIB,LEMD,331,-3.85,14.28,-19.9,22.6,0.04,0.07,-0.05,0.17,95.9,181.11,-125.0,416.65
LEIB,LEMG,59,-20.79,16.23,-45.6,0.36,0.08,0.08,-0.03,0.21,176.7,186.64,-71.31,482.56
LEIB,LEPA,328,-17.9,13.16,-36.51,0.0,-0.04,0.06,-0.14,0.05,-55.73,79.46,-200.86,59.79
LEIB,LEVC,144,9.8,20.6,-18.07,41.54,0.01,0.07,-0.1,0.11,19.68,150.12,-215.34,264.61
LEIB,LFPO,98,5.2,13.24,-17.66,31.64,-0.01,0.07,-0.14,0.09,-18.93,163.95,-348.65,220.15
LEIB,LIMC,108,-70.04,24.72,-102.53,-23.15,-0.29,0.11,-0.43,-0.14,-725.88,290.2,-1128.58,-342.71
LEIB,LIME,72,-41.71,20.24,-68.64,-13.36,-0.1,0.12,-0.22,-0.01,-236.07,284.8,-503.5,-28.51
LEIB,LIRF,67,-34.66,22.87,-62.86,-2.9,-0.13,0.06,-0.21,-0.03,-310.98,156.66,-514.0,-84.61
LEIB,LPPT,60,-14.2,19.46,-47.97,18.03,0.05,0.09,-0.08,0.22,129.46,222.54,-192.53,536.86
LEIB,LSZH,62,-24.5,18.77,-48.64,5.57,-0.09,0.11,-0.25,0.14,-220.75,269.64,-536.98,345.87
LEJR,LEBL,56,0.44,18.24,-22.78,33.33,-0.02,0.07,-0.15,0.08,-57.11,174.35,-345.98,184.7
LEJR,LEMD,85,-14.79,16.5,-30.58,3.22,-0.04,0.09,-0.13,0.1,-79.53,191.7,-290.86,241.66
LEMD,EBBR,313,15.75,12.17,-4.74,34.12,0.01,0.09,-0.13,0.14,31.83,242.18,-375.0,394.0
LEMD,EDDB,113,1.21,17.35,-25.16,30.38,0.02,0.07,-0.09,0.14,39.02,168.5,-214.14,357.86
LEMD,EDDF,268,-51.88,61.59,-99.15,-8.54,-0.16,0.22,-0.33,-0.01,-425.52,555.38,-943.36,-25.73
LEMD,EDDH,53,-60.31,21.25,-91.0,-29.08,-0.19,0.08,-0.35,-0.08,-457.78,179.98,-793.72,-177.4
LEMD,EDDL,108,-21.74,17.62,-50.3,9.65,-0.05,0.08,-0.18,0.09,-133.91,192.15,-461.67,193.04
LEMD,EDDM,266,1.62,14.3,-17.75,23.08,-0.1,0.09,-0.26,0.03,-242.15,208.62,-618.08,79.97
LEMD,EDDP,26,-26.06,25.03,-69.5,-0.85,-0.09,0.07,-0.21,0.03,-218.6,183.99,-526.75,80.0
LEMD,EGKK,164,12.08,10.67,-7.37,30.37,0.16,0.14,-0.01,0.43,390.34,333.08,-24.09,1049.16
LEMD,EGLL,360,15.97,9.61,3.7,31.02,0.12,0.11,-0.04,0.31,339.69,405.02,-122.42,928.16
LEMD,EGPH,52,9.56,7.75,-0.93,23.32,0.04,0.07,-0.06,0.15,87.69,173.95,-134.5,353.04
LEMD,EGSS,91,3.35,21.62,-12.55,26.95,0.08,0.1,-0.02,0.17,186.06,239.84,-59.65,410.35
LEMD,EHAM,262,14.3,12.56,-6.38,30.6,0.09,0.07,-0.01,0.19,256.46,188.68,-34.78,535.3
LEMD,EIDW,129,-25.43,22.43,-59.46,5.02,-0.07,0.12,-0.23,0.12,-162.32,295.79,-546.76,307.88
LEMD,EKCH,67,-7.53,12.48,-32.65,7.91,-0.1,0.07,-0.21,0.0,-242.96,177.24,-506.63,11.9
LEMD,GCFV,97,-41.36,11.86,-59.8,-27.12,-0.1,0.06,-0.22,-0.01,-251.06,156.43,-578.34,-34.82
LEMD,GCLP,380,4.13,12.39,-11.62,28.14,0.07,0.07,-0.05,0.19,199.76,205.88,-115.14,528.26
LEMD,GCRR,154,-25.62,10.46,-41.64,-8.82,-0.08,0.08,-0.23,0.03,-199.73,205.37,-571.11,60.94
LEMD,GCTS,101,-28.34,13.52,-40.8,-3.9,-0.07,0.06,-0.16,0.03,-162.19,144.87,-408.4,70.0
LEMD,GCXO,343,6.46,10.23,-10.8,21.69,0.01,0.06,-0.1,0.09,22.06,158.65,-256.65,274.69
LEMD,GEML,104,3.79,7.9,-5.18,15.34,0.0,0.06,-0.08,0.1,3.11,55.63,-71.33,88.5
LEMD,GMMN,97,-8.28,21.1,-30.64,21.92,0.02,0.09,-0.07,0.16,52.93,195.39,-153.92,370.54
LEMD,GMMX,102,-16.51,18.33,-42.0,6.69,0.02,0.07,-0.09,0.15,41.26,179.88,-222.23,370.45
LEMD,GMTT,111,-15.34,24.52,-73.55,17.75,0.04,0.08,-0.09,0.16,98.7,189.0,-225.35,402.6
LEMD,KDFW,59,-0.84,3.75,-6.22,5.08,-0.02,0.05,-0.13,0.04,-119.4,288.4,-797.91,238.72
LEMD,KJFK,143,-2.35,13.75,-12.8,5.11,0.02,0.08,-0.1,0.13,120.17,449.57,-577.83,785.0
LEMD,KMIA,120,-1.24,6.46,-7.52,5.8,-0.03,0.05,-0.11,0.04,-193.23,269.49,-617.23,211.28
LEMD,LEAL,159,0.79,12.86,-14.0,23.08,0.04,0.05,-0.04,0.13,94.62,120.71,-71.99,321.13
LEMD,LEAM,89,-12.83,14.85,-33.66,9.7,-0.03,0.04,-0.09,0.04,-56.86,88.94,-196.04,86.24
LEMD,LEAS,126,0.49,13.21,-13.55,19.45,-0.02,0.07,-0.12,0.07,-49.51,157.25,-285.42,163.32
LEMD,LEBB,266,-4.33,13.43,-16.35,8.1,0.01,0.09,-0.07,0.08,33.08,201.38,-156.85,200.02
LEMD,LEBL,462,-1.21,9.77,-16.4,15.4,-0.06,0.07,-0.16,0.06,-165.27,188.11,-462.75,135.4
LEMD,LECO,244,12.2,8.14,0.76,20.7,0.04,0.07,-0.05,0.16,107.34,163.83,-114.32,381.7
LEMD,LEGR,89,-0.74,6.54,-8.84,12.5,0.04,0.05,-0.03,0.14,88.16,106.8,-57.94,288.02
LEMD,LEIB,330,-15.91,20.2,-44.51,9.1,-0.03,0.07,-0.11,0.07,-84.74,169.23,-280.88,172.55
LEMD,LEJR,85,-8.28,9.09,-18.32,5.12,0.0,0.05,-0.06,0.09,12.14,103.46,-134.86,189.62
LEMD,LEMG,250,-3.58,20.06,-18.71,29.44,0.08,0.1,-0.03,0.22,185.32,191.52,-75.5,533.3
LEMD,LEMH,142,-8.19,13.36,-30.32,17.34,-0.01,0.06,-0.1,0.09,-34.86,140.66,-253.7,222.17
LEMD,LEPA,518,-11.1,20.44,-51.83,21.1,-0.06,0.09,-0.18,0.11,-137.81,214.34,-441.75,252.02
LEMD,LEPP,89,13.3,14.23,-0.36,32.72,0.04,0.06,-0.04,0.15,85.52,122.77,-78.7,290.44
LEMD,LESO,84,12.52,11.25,2.81,34.49,0.06,0.08,-0.04,0.16,132.5,173.22,-97.8,347.56
LEMD,LEST,121,10.7,10.84,-0.3,29.1,-0.01,0.11,-0.1,0.08,-32.14,237.34,-222.2,164.4
LEMD,LEVC,167,-0.6,19.29,-25.54,29.73,0.04,0.07,-0.04,0.17,81.14,154.98,-87.62,379.48
LEMD,LEVX,245,3.87,7.57,-5.08,8.3,0.04,0.07,-0.05,0.16,101.26,166.19,-119.34,392.4
LEMD,LEXJ,120,13.28,10.23,-10.37,25.7,0.01,0.07,-0.06,0.08,15.01,160.77,-125.79,158.56
LEMD,LEZL,110,-8.77,6.7,-18.65,1.26,0.03,0.05,-0.03,0.12,87.12,115.69,-84.64,292.12
LEMD,LFBD,94,12.09,9.95,-4.27,27.68,0.05,0.05,-0.03,0.12,100.76,95.82,-62.24,238.5
LEMD,LFBO,98,-5.86,12.2,-22.19,12.69,0.01,0.06,-0.06,0.07,10.31,132.24,-141.82,137.28
LEMD,LFLL,95,9.67,10.76,-4.56,26.03,0.02,0.06,-0.07,0.1,60.69,140.47,-184.74,261.84
LEMD,LFML,120,13.62,16.6,-3.74,40.01,0.08,0.08,-0.02,0.21,171.21,164.09,-32.32,477.5
LEMD,LFMN,89,-0.94,14.18,-22.24,22.9,0.04,0.07,-0.06,0.15,79.03,137.26,-149.8,331.2
LEMD,LFPG,271,-12.59,14.9,-41.6,11.75,-0.01,0.09,-0.15,0.17,-28.7,230.91,-394.9,382.5
LEMD,LFPO,372,1.23,16.18,-28.64,31.84,-0.01,0.08,-0.14,0.11,-47.52,252.62,-436.7,262.19
LEMD,LFRS,106,-17.23,21.87,-32.9,6.3,-0.03,0.1,-0.14,0.08,-73.72,196.79,-310.73,153.48
LEMD,LGAV,134,-2.3,16.22,-20.91,30.0,-0.02,0.08,-0.15,0.08,-44.48,194.59,-357.24,180.09
LEMD,LHBP,66,-15.33,13.78,-35.47,3.4,-0.02,0.07,-0.14,0.08,-40.15,166.71,-329.45,202.48
LEMD,LIMC,189,-50.09,18.95,-67.5,-3.46,-0.22,0.1,-0.35,-0.05,-593.5,344.07,-1188.22,-136.32
LEMD,LIMF,69,-12.12,11.06,-31.2,3.42,-0.01,0.05,-0.09,0.06,-17.32,98.89,-182.9,121.64
LEMD,LIML,89,2.6,14.01,-25.54,18.1,0.01,0.08,-0.12,0.11,13.07,193.73,-332.28,295.42
LEMD,LIPE,110,-4.19,20.31,-23.14,20.5,0.01,0.07,-0.07,0.13,26.26,136.62,-160.0,251.61
LEMD,LIPZ,142,-28.54,20.21,-61.08,0.3,-0.15,0.09,-0.3,-0.02,-356.23,226.69,-749.95,-41.95
LEMD,LIRF,434,-30.74,19.86,-53.38,3.4,-0.11,0.07,-0.23,0.0,-309.22,229.53,-607.5,0.0
LEMD,LIRN,64,-32.78,25.46,-66.76,3.62,-0.06,0.08,-0.2,0.08,-158.99,197.21,-495.0,182.7
LEMD,LIRQ,52,-6.06,12.3,-17.54,5.11,-0.02,0.06,-0.11,0.06,-33.19,141.39,-236.52,124.14
LEMD,LKPR,56,-9.61,11.01,-25.2,5.2,-0.06,0.08,-0.15,0.06,-155.66,186.56,-385.42,133.75
LEMD,LLBG,119,12.02,13.94,-8.19,33.99,0.03,0.07,-0.08,0.16,124.78,253.64,-197.15,532.73
LEMD,LOWW,120,8.5,12.9,-11.96,31.61,0.03,0.07,-0.08,0.12,77.16,169.88,-209.39,280.58
LEMD,LPPR,348,-0.81,14.55,-17.39,19.02,0.03,0.07,-0.07,0.14,77.21,176.34,-166.66,360.0
LEMD,LPPT,551,-0.02,15.63,-20.8,31.3,0.06,0.09,-0.07,0.19,145.16,205.21,-153.3,459.15
LEMD,LROP,85,-26.21,15.9,-46.12,1.2,-0.07,0.08,-0.21,0.07,-163.92,199.02,-516.0,160.0
LEMD,LSGG,155,-6.38,11.75,-31.13,5.53,-0.04,0.1,-0.21,0.12,-102.6,239.8,-516.61,252.29
LEMD,LSZH,178,-0.15,11.26,-13.98,16.42,0.01,0.08,-0.11,0.16,13.63,189.31,-273.08,378.28
LEMD,LTFM,109,-15.71,17.85,-39.7,20.3,-0.03,0.09,-0.15,0.12,-189.97,424.79,-870.68,381.3
LEMD,MDSD,68,-2.49,7.5,-10.6,5.68,0.0,0.06,-0.07,0.09,10.75,354.0,-436.84,525.33
LEMD,MMMX,149,-1.92,7.38,-10.98,7.18,0.02,0.05,-0.05,0.11,104.34,285.42,-318.32,610.42
LEMD,MMUN,52,-3.53,4.31,-11.94,0.22,0.02,0.05,-0.05,0.1,112.71,286.72,-306.87,554.45
LEMD,MUHA,70,-2.01,4.39,-7.8,3.71,0.01,0.04,-0.06,0.07,42.8,260.18,-383.29,441.69
LEMD,OTHH,81,21.48,19.75,-6.0,52.9,0.1,0.09,-0.04,0.26,742.22,700.06,-255.7,1997.7
LEMD,SAEZ,137,-2.81,10.48,-14.72,11.14,0.02,0.08,-0.09,0.14,112.89,438.48,-507.5,800.0
LEMD,SBGR,89,-3.39,10.13,-14.28,16.12,-0.02,0.06,-0.12,0.06,-132.5,382.21,-708.48,437.64
LEMD,SCEL,64,-0.52,7.81,-7.57,16.33,0.03,0.06,-0.03,0.14,172.86,327.7,-168.32,787.72
LEMD,SKBO,218,-1.05,10.53,-11.49,8.23,0.02,0.06,-0.07,0.1,115.8,339.27,-410.94,562.59
LEMD,SPJC,132,-2.26,6.64,-10.69,9.97,0.01,0.04,-0.07,0.07,48.83,244.95,-414.52,407.9
LEMD,SVMI,51,-2.39,3.81,-6.55,3.6,-0.01,0.09,-0.16,0.12,-92.15,507.78,-950.0,687.5
LEMG,EBBR,144,3.36,14.18,-23.84,25.04,-0.05,0.1,-0.2,0.1,-131.62,236.66,-479.14,240.0
LEMG,EDDB,66,-5.55,19.06,-36.83,24.22,0.01,0.07,-0.09,0.14,29.47,171.88,-231.15,320.6
LEMG,EDDF,91,-56.85,27.8,-102.2,-9.5,-0.21,0.09,-0.37,-0.07,-566.16,239.27,-938.5,-187.15
LEMG,EDDL,91,-25.36,26.85,-64.75,21.55,-0.01,0.11,-0.15,0.14,-32.57,274.48,-400.2,363.95
LEMG,EDDM,63,-6.53,11.88,-27.93,8.95,-0.15,0.09,-0.29,-0.01,-384.59,224.25,-723.99,-23.52
LEMG,EFHK,94,-15.73,12.42,-33.04,5.44,-0.01,0.07,-0.13,0.09,-11.33,183.8,-305.16,258.59
LEMG,EGAA,70,-0.4,11.18,-19.01,18.95,0.0,0.08,-0.12,0.13,8.37,179.6,-273.82,280.0
LEMG,EGBB,82,-10.77,22.5,-51.46,26.84,-0.04,0.11,-0.21,0.13,-120.28,351.04,-554.03,284.21
LEMG,EGCC,159,-2.17,12.5,-19.69,18.69,0.01,0.09,-0.11,0.17,11.89,249.04,-319.84,367.56
LEMG,EGGD,129,3.48,14.65,-18.42,23.7,0.01,0.09,-0.12,0.15,21.3,218.23,-287.02,354.32
LEMG,EGGP,78,-4.39,12.12,-17.36,15.79,0.03,0.07,-0.11,0.13,69.09,163.93,-244.0,305.56
LEMG,EGGW,119,-65.24,32.88,-95.62,-19.07,-0.15,0.13,-0.3,0.01,-357.69,298.54,-698.21,33.84
LEMG,EGKK,345,3.95,15.12,-19.66,25.68,0.12,0.14,-0.07,0.37,305.12,335.55,-175.76,885.48
LEMG,EGLL,73,3.59,11.56,-11.96,19.58,0.08,0.12,-0.08,0.25,189.67,301.46,-202.86,616.66
LEMG,EGNM,63,-6.45,11.86,-26.63,12.08,-0.02,0.08,-0.13,0.11,-40.6,200.41,-320.64,270.03
LEMG,EGNX,90,-11.74,15.42,-27.21,7.13,-0.01,0.09,-0.17,0.1,-33.28,220.3,-413.6,216.02
LEMG,EGPF,67,-3.89,13.83,-27.18,16.44,-0.02,0.07,-0.16,0.09,-49.58,172.27,-363.84,187.92
LEMG,EGSS,99,-7.93,22.43,-27.56,11.53,0.08,0.1,-0.04,0.17,181.42,236.22,-107.63,393.93
LEMG,EHAM,213,0.98,16.54,-27.8,22.08,0.04,0.08,-0.09,0.15,93.9,188.82,-216.2,349.3
LEMG,EHEH,94,-10.65,10.18,-24.46,6.57,-0.09,0.07,-0.22,-0.0,-221.46,176.38,-519.81,-0.05
LEMG,EHRD,59,-3.21,10.93,-20.35,13.84,-0.05,0.06,-0.15,0.04,-123.61,139.38,-338.11,105.1
LEMG,EICK,50,-17.14,19.69,-45.68,14.48,-0.03,0.07,-0.16,0.07,-80.08,173.36,-390.35,166.64
LEMG,EIDW,224,-39.97,22.55,-74.92,-6.47,-0.11,0.13,-0.26,0.04,-336.68,570.03,-1271.24,115.55
LEMG,EKCH,149,-25.72,16.55,-54.5,0.48,-0.13,0.08,-0.25,-0.01,-296.93,181.3,-584.6,-18.02
LEMG,ENGM,94,-27.73,21.05,-57.04,7.37,-0.1,0.08,-0.22,0.04,-228.08,195.85,-523.66,100.74
LEMG,ESGG,56,-14.31,17.32,-49.58,7.88,-0.04,0.07,-0.18,0.05,-91.4,159.54,-412.8,111.98
LEMG,ESSA,147,-11.86,15.2,-36.5,17.6,0.01,0.08,-0.11,0.13,12.32,178.07,-269.85,265.3
LEMG,GCLP,69,1.36,18.55,-22.08,17.24,0.06,0.06,-0.04,0.14,148.98,154.96,-93.66,339.74
LEMG,GCXO,60,-10.85,15.22,-35.43,5.84,-0.04,0.04,-0.11,0.03,-86.66,106.85,-279.31,85.82
LEMG,GEML,212,4.17,5.88,-2.13,14.54,0.03,0.03,-0.0,0.1,30.85,29.8,-4.22,88.37
LEMG,GMMN,62,-0.24,13.42,-13.99,21.68,0.08,0.07,-0.01,0.19,183.03,221.49,-23.22,659.4
LEMG,LEBB,91,-21.16,89.39,-34.1,18.45,-0.04,0.18,-0.1,0.08,-94.79,461.61,-234.2,180.5
LEMG,LEBL,219,-4.06,15.14,-28.7,24.4,-0.01,0.06,-0.1,0.11,-13.25,160.28,-250.21,265.79
LEMG,LEIB,56,-25.19,19.03,-57.52,0.45,-0.05,0.06,-0.15,0.08,-124.52,140.62,-355.12,169.18
LEMG,LEMD,249,-20.32,56.91,-35.58,4.54,0.02,0.14,-0.08,0.17,41.84,322.62,-204.98,430.68
LEMG,LEPA,106,-8.95,17.28,-36.02,10.73,-0.0,0.07,-0.12,0.11,-11.29,170.26,-289.42,265.4
LEMG,LEST,56,-15.97,63.35,-38.33,20.27,-0.05,0.12,-0.13,0.05,-114.04,296.69,-307.38,115.78
LEMG,LEVC,66,-9.38,10.15,-25.65,5.8,-0.05,0.06,-0.15,0.04,-83.93,117.37,-286.62,66.6
LEMG,LFPG,101,-24.1,17.22,-51.5,1.8,-0.02,0.09,-0.16,0.15,-57.0,210.87,-377.1,336.7
LEMG,LFPO,136,-8.58,16.59,-39.9,18.32,-0.04,0.07,-0.17,0.08,-100.84,165.79,-386.38,187.5
LEMG,LIMC,87,-60.31,15.79,-80.94,-35.65,-0.25,0.07,-0.37,-0.12,-600.84,179.25,-865.22,-303.48
LEMG,LIRF,97,-28.87,19.28,-53.16,-2.02,-0.11,0.06,-0.2,0.0,-255.52,151.31,-504.0,0.0
LEMG,LOWW,75,8.48,15.47,-19.66,36.08,0.04,0.06,-0.05,0.14,106.62,139.01,-125.0,345.88
LEMG,LPPT,90,-25.13,30.78,-86.34,1.24,-0.04,0.1,-0.22,0.07,-90.95,217.86,-460.13,146.7
LEMG,LSGG,65,-12.28,9.77,-29.14,1.84,0.0,0.08,-0.14,0.11,12.96,175.34,-284.58,247.4
LEMG,LSZH,109,-11.48,15.73,-34.76,12.92,-0.07,0.08,-0.18,0.07,-184.59,187.99,-471.74,177.04
LEMG,LTFM,60,-17.94,30.04,-50.86,29.64,-0.03,0.09,-0.15,0.12,-73.56,229.04,-377.08,327.03
LEMH,EGCC,65,11.53,11.23,-10.6,28.74,-0.0,0.08,-0.11,0.11,-10.24,243.61,-337.18,424.24
LEMH,EGKK,130,6.67,14.64,-9.11,26.62,0.13,0.13,-0.02,0.36,295.75,304.29,-54.26,853.85
LEMH,LEBB,63,-15.61,24.26,-64.64,14.55,-0.0,0.09,-0.15,0.15,-6.22,228.01,-374.81,357.76
LEMH,LEBL,314,0.8,15.4,-8.6,17.52,-0.02,0.08,-0.11,0.08,-58.63,201.72,-267.73,204.43
LEMH,LEMD,142,-5.0,13.99,-26.14,26.16,0.02,0.07,-0.07,0.14,48.31,181.1,-166.7,335.87
LEMH,LEPA,303,-3.62,9.9,-13.87,15.73,0.0,0.05,-0.07,0.09,-0.63,89.35,-123.34,151.91
LEMH,LEVC,84,7.88,16.25,-19.11,32.01,-0.02,0.08,-0.17,0.1,-44.25,175.24,-341.78,245.6
LEMI,EGKK,58,12.24,29.82,-13.93,40.15,0.13,0.19,-0.08,0.5,304.96,425.85,-174.16,1104.35
LEPA,EBBR,61,8.89,14.78,-10.7,23.9,-0.02,0.1,-0.12,0.12,-43.88,240.04,-291.7,280.0
LEPA,EDDB,249,-1.65,16.47,-29.16,23.76,-0.0,0.07,-0.12,0.1,-5.37,171.64,-292.38,232.68
LEPA,EDDC,55,0.63,18.2,-24.9,22.66,0.03,0.07,-0.07,0.15,81.9,176.13,-170.75,386.93
LEPA,EDDF,241,-49.15,24.47,-89.0,-10.3,-0.18,0.09,-0.33,-0.04,-451.07,240.92,-855.6,-82.2
LEPA,EDDG,99,-9.06,18.2,-32.73,17.6,0.0,0.07,-0.1,0.1,11.41,178.81,-245.11,255.01
LEPA,EDDH,307,-39.57,17.24,-61.71,-8.33,-0.12,0.07,-0.24,-0.0,-308.59,184.06,-597.46,-12.37
LEPA,EDDK,322,-19.94,19.22,-46.26,10.6,-0.05,0.1,-0.2,0.1,-130.66,232.49,-476.96,242.22
LEPA,EDDL,395,-22.88,20.07,-55.45,12.22,-0.04,0.08,-0.18,0.1,-135.81,284.7,-585.49,245.45
LEPA,EDDM,237,-6.98,14.61,-25.94,14.26,-0.09,0.07,-0.2,0.03,-233.44,175.87,-492.8,76.66
LEPA,EDDN,160,-48.92,29.08,-84.02,-2.03,-0.13,0.09,-0.25,0.02,-325.38,213.47,-612.77,57.05
LEPA,EDDP,86,-41.34,25.97,-82.52,-4.12,-0.09,0.07,-0.2,0.03,-237.64,194.27,-544.3,92.07
LEPA,EDDS,239,-6.32,12.89,-26.73,10.6,-0.01,0.07,-0.12,0.11,-15.94,167.67,-289.61,262.98
LEPA,EDDV,123,-6.25,14.9,-29.57,16.16,-0.01,0.06,-0.1,0.08,-35.0,140.17,-245.75,184.35
LEPA,EDDW,76,-6.35,11.87,-24.33,11.18,0.01,0.06,-0.09,0.1,23.38,132.16,-192.02,228.85
LEPA,EDJA,53,-13.81,22.94,-52.66,20.54,-0.0,0.09,-0.13,0.13,-10.67,227.6,-308.28,321.3
LEPA,EDLP,67,-2.13,17.94,-22.86,25.71,0.01,0.09,-0.11,0.13,23.19,213.89,-275.24,313.27
LEPA,EDLV,56,-15.25,16.48,-40.75,2.3,0.0,0.07,-0.08,0.06,6.7,158.26,-172.35,131.82
LEPA,EDLW,77,-13.96,12.01,-35.3,3.34,-0.03,0.07,-0.16,0.07,-81.89,181.6,-393.5,178.5
LEPA,EDSB,106,3.25,17.01,-20.52,26.48,-0.02,0.07,-0.13,0.09,-54.84,175.25,-332.45,211.48
LEPA,EGAA,85,12.44,8.67,1.32,26.26,0.02,0.05,-0.08,0.1,36.2,125.82,-196.66,227.44
LEPA,EGBB,161,-8.94,18.64,-40.7,17.2,-0.04,0.08,-0.17,0.08,-115.57,210.84,-504.7,177.8
LEPA,EGCC,275,10.78,12.29,-6.11,29.01,0.01,0.08,-0.11,0.15,44.7,251.29,-316.85,470.07
LEPA,EGGD,175,14.07,14.73,-10.28,32.05,0.0,0.07,-0.1,0.12,6.21,161.82,-249.51,280.0
LEPA,EGGP,72,5.34,10.05,-14.87,22.25,0.02,0.06,-0.08,0.12,50.18,146.8,-186.68,298.17
LEPA,EGGW,140,-50.93,24.17,-80.4,-4.66,-0.14,0.11,-0.3,0.05,-317.6,249.49,-684.6,101.29
LEPA,EGHH,52,0.59,8.08,-10.42,17.0,-0.03,0.08,-0.1,0.04,-69.22,181.84,-244.18,91.13
LEPA,EGKK,249,6.24,16.04,-19.1,30.08,0.11,0.14,-0.07,0.37,272.46,349.36,-180.16,889.5
LEPA,EGLL,83,12.77,10.94,0.46,29.78,0.11,0.1,-0.02,0.29,254.29,245.02,-49.24,735.33
LEPA,EGNM,88,6.42,11.81,-11.73,23.12,0.01,0.06,-0.12,0.11,25.45,153.14,-283.0,252.46
LEPA,EGNT,107,10.53,8.82,-2.92,22.8,-0.0,0.06,-0.1,0.08,-5.08,137.01,-240.0,178.32
LEPA,EGNX,124,-1.26,10.48,-13.07,15.57,-0.02,0.08,-0.14,0.1,-48.08,184.82,-344.2,237.91
LEPA,EGPF,64,10.51,12.24,-5.48,24.15,0.01,0.09,-0.09,0.09,25.51,202.95,-208.4,293.29
LEPA,EGPH,88,12.32,6.46,0.74,22.72,0.04,0.06,-0.08,0.13,81.22,138.67,-189.28,296.9
LEPA,EGSS,170,2.93,12.2,-17.79,23.38,0.04,0.07,-0.09,0.15,100.1,160.0,-209.11,350.4
LEPA,EHAM,131,7.57,13.38,-17.4,25.6,0.04,0.08,-0.09,0.16,99.98,177.75,-210.1,364.15
LEPA,EHEH,60,-0.93,8.34,-13.62,12.46,-0.06,0.05,-0.13,0.02,-138.73,129.0,-318.8,39.77
LEPA,EIDW,91,-29.62,21.04,-57.35,6.75,-0.1,0.1,-0.22,0.04,-250.69,242.05,-593.1,81.65
LEPA,EKCH,120,-15.46,13.66,-38.71,3.61,-0.1,0.07,-0.21,0.01,-219.37,161.33,-501.06,25.14
LEPA,ELLX,80,-0.41,12.88,-17.28,24.9,0.01,0.09,-0.12,0.13,29.85,197.73,-262.06,314.97
LEPA,ENGM,59,-27.57,22.11,-70.95,-2.08,-0.08,0.07,-0.18,0.07,-202.02,207.28,-439.7,159.5
LEPA,ESSA,78,-1.15,15.85,-25.94,28.49,0.01,0.07,-0.12,0.1,33.09,171.66,-291.91,243.24
LEPA,LEAL,164,3.05,12.49,-9.98,16.85,0.09,0.09,-0.0,0.19,229.25,219.91,-8.28,453.6
LEPA,LEBB,98,1.8,20.39,-22.39,32.03,0.03,0.1,-0.12,0.16,82.25,245.99,-294.33,361.22
LEPA,LEBL,684,-4.79,19.09,-21.84,15.79,-0.04,0.07,-0.15,0.07,-103.93,177.13,-348.37,168.99
LEPA,LEIB,342,-24.27,18.23,-50.55,0.0,-0.07,0.07,-0.19,0.05,-99.81,106.73,-295.1,47.79
LEPA,LEMD,516,1.49,12.55,-9.18,27.88,0.05,0.07,-0.04,0.18,129.7,183.73,-98.43,460.4
LEPA,LEMG,106,-11.34,12.32,-32.38,6.3,0.08,0.07,-0.02,0.19,192.66,166.02,-56.7,471.58
LEPA,LEMH,298,6.33,9.6,-6.6,22.86,0.04,0.04,-0.02,0.12,60.2,74.71,-34.65,209.15
LEPA,LEST,65,7.53,7.62,-3.6,19.68,0.0,0.05,-0.1,0.08,10.01,133.39,-242.08,203.66
LEPA,LEVC,278,14.85,14.48,-3.4,36.1,0.02,0.09,-0.1,0.13,53.6,210.73,-214.47,290.79
LEPA,LEZL,138,4.2,15.42,-10.0,34.23,0.08,0.08,0.01,0.17,202.1,192.66,21.8,417.32
LEPA,LFBD,50,-18.32,87.34,-17.79,19.17,-0.03,0.19,-0.07,0.08,-82.82,465.23,-165.8,178.2
LEPA,LFBO,53,4.37,6.84,-8.08,14.46,0.02,0.05,-0.06,0.09,45.81,123.41,-128.62,209.48
LEPA,LFLL,67,1.73,16.59,-20.28,20.38,0.03,0.07,-0.09,0.14,60.46,176.48,-224.22,340.92
LEPA,LFML,65,4.78,15.93,-14.9,33.4,0.04,0.09,-0.11,0.2,81.28,208.49,-269.62,449.02
LEPA,LFPO,161,-0.09,14.42,-21.9,31.6,-0.0,0.06,-0.09,0.1,-5.8,145.62,-229.1,233.3
LEPA,LFRS,63,6.74,14.89,-9.61,26.09,0.0,0.06,-0.1,0.11,13.07,147.31,-234.16,267.27
LEPA,LFSB,104,-32.07,13.14,-52.8,-15.63,-0.12,0.06,-0.22,-0.04,-297.5,140.55,-548.95,-89.19
LEPA,LIMC,102,-64.67,51.4,-89.26,-17.21,-0.27,0.13,-0.37,-0.12,-628.27,346.73,-880.0,-291.78
LEPA,LKPR,50,-28.15,27.41,-76.36,-3.78,-0.09,0.12,-0.35,0.03,-223.34,269.94,-834.12,81.81
LEPA,LOWW,193,4.98,14.59,-17.46,27.96,0.05,0.07,-0.05,0.16,113.1,167.52,-125.0,391.64
LEPA,LPPT,54,-10.62,20.43,-43.36,22.85,0.05,0.1,-0.09,0.23,131.22,246.21,-222.9,570.85
LEPA,LSGG,86,-18.47,36.23,-46.9,-3.58,0.02,0.14,-0.13,0.15,38.42,324.68,-266.68,306.3
LEPA,LSZH,274,-12.32,15.63,-35.94,7.0,-0.02,0.1,-0.16,0.14,-63.2,245.97,-399.26,351.19
LEPP,LEMD,87,8.42,8.2,-4.59,19.64,0.04,0.09,-0.08,0.17,81.7,181.18,-156.68,343.03
LERS,EIDW,67,-33.14,19.18,-57.17,1.67,-0.09,0.14,-0.25,0.09,-213.15,318.64,-540.52,209.6
LESO,LEBL,58,-12.43,15.03,-35.02,16.5,-0.05,0.07,-0.15,0.07,-109.39,156.09,-333.1,155.21
LESO,LEMD,84,-1.48,7.45,-11.18,9.84,0.06,0.08,-0.05,0.18,130.98,177.06,-104.51,401.65
LEST,GCLP,50,12.77,11.36,0.0,32.05,0.09,0.06,-0.02,0.16,214.98,140.05,-55.58,395.82
LEST,LEAL,64,-6.06,10.55,-23.15,11.93,-0.0,0.06,-0.09,0.08,-1.08,133.22,-219.36,203.68
LEST,LEBB,19,-1.68,20.45,-25.44,39.44,0.0,0.08,-0.11,0.15,9.45,184.69,-210.65,370.23
LEST,LEBL,103,-0.88,9.62,-20.41,14.38,-0.02,0.05,-0.09,0.07,-56.67,128.4,-230.03,158.25
LEST,LEMD,121,5.26,8.52,-5.6,17.8,0.02,0.08,-0.08,0.15,51.8,182.71,-175.0,330.0
LEST,LEMG,55,-5.58,15.34,-30.11,19.81,0.07,0.08,-0.03,0.23,164.44,185.41,-67.3,531.79
LEST,LEPA,65,-6.25,18.53,-44.0,13.86,-0.03,0.07,-0.15,0.06,-60.91,168.2,-361.48,137.64
LEST,LEZL,68,-1.54,14.01,-19.66,20.38,0.06,0.09,-0.05,0.21,154.3,205.85,-134.94,501.46
LEVC,EBBR,58,14.79,11.12,-1.09,35.06,0.02,0.07,-0.12,0.12,57.89,179.85,-299.54,282.29
LEVC,EDDF,63,-55.47,27.24,-99.81,-2.97,-0.25,0.1,-0.43,-0.09,-653.37,258.89,-1031.15,-232.07
LEVC,EGKK,111,5.93,12.08,-16.65,25.2,0.12,0.14,-0.05,0.36,284.32,315.45,-111.9,823.3
LEVC,EHAM,144,8.07,14.06,-16.81,28.29,0.06,0.08,-0.07,0.19,143.83,192.59,-159.71,458.82
LEVC,EHEH,72,-3.44,8.74,-15.74,10.14,-0.09,0.05,-0.17,-0.01,-217.57,125.68,-406.03,-27.27
LEVC,LEBB,58,-22.63,16.62,-56.56,0.41,-0.08,0.07,-0.2,0.02,-173.3,157.85,-490.18,39.92
LEVC,LEBL,63,-3.69,8.73,-17.84,11.71,-0.04,0.09,-0.17,0.11,-99.28,224.87,-395.45,289.1
LEVC,LEIB,142,-18.64,16.4,-46.48,0.0,-0.07,0.06,-0.16,0.04,-147.95,133.35,-365.52,60.19
LEVC,LEMD,167,0.34,12.38,-9.88,22.57,0.05,0.07,-0.03,0.17,116.05,150.97,-66.7,364.62
LEVC,LEMG,67,-10.15,9.06,-23.8,3.12,-0.03,0.08,-0.15,0.08,-35.2,153.4,-281.85,193.7
LEVC,LEMH,84,-11.05,12.52,-29.85,9.77,-0.06,0.08,-0.16,0.06,-133.26,184.17,-361.62,144.21
LEVC,LEPA,274,-11.91,18.74,-45.75,5.31,-0.09,0.09,-0.23,0.07,-195.44,208.05,-506.96,150.49
LEVC,LEZL,103,-2.04,13.32,-15.89,24.42,0.02,0.06,-0.05,0.11,57.14,138.56,-103.51,246.76
LEVC,LFPG,79,-14.31,19.73,-49.9,9.16,0.04,0.08,-0.05,0.19,93.55,180.1,-131.61,425.82
LEVC,LFPO,124,-1.19,14.14,-28.33,22.42,-0.01,0.07,-0.12,0.11,-37.55,186.62,-298.76,266.1
LEVC,LIPE,52,-15.14,12.33,-35.32,1.26,-0.0,0.05,-0.08,0.08,-9.02,125.2,-185.32,200.0
LEVC,LIRF,106,-35.11,19.03,-56.2,-0.9,-0.1,0.08,-0.2,0.02,-240.35,192.97,-500.0,40.0
LEVC,LPPT,85,-15.26,22.53,-41.1,14.62,0.05,0.1,-0.1,0.22,103.6,215.86,-248.0,469.28
LEVC,LSZH,78,-8.99,23.0,-59.82,10.55,-0.07,0.09,-0.2,0.06,-163.95,217.86,-497.7,147.42
LEVC,LTFM,58,-17.84,21.66,-44.34,20.23,0.04,0.08,-0.07,0.17,79.24,175.85,-171.01,363.75
LEVT,LEZL,54,-12.18,15.63,-34.01,11.9,0.01,0.07,-0.08,0.13,19.23,233.93,-331.74,424.53
LEVX,LEBL,67,-3.64,11.72,-22.6,15.94,-0.02,0.07,-0.12,0.09,-42.68,174.23,-296.34,227.05
LEVX,LEMD,245,2.86,7.55,-6.88,15.8,0.05,0.08,-0.07,0.18,107.79,183.0,-166.68,436.0
LEXJ,LEBL,59,-3.29,10.12,-16.88,16.41,-0.01,0.06,-0.09,0.11,-13.86,140.57,-224.03,254.1
LEXJ,LEMD,119,-4.23,9.38,-21.53,11.2,0.02,0.07,-0.07,0.13,40.43,140.72,-136.72,270.4
LEZL,EGKK,110,-0.02,12.67,-25.2,16.01,0.08,0.12,-0.09,0.28,203.14,289.34,-221.38,630.16
LEZL,GCLP,73,9.52,9.14,-4.98,23.68,0.09,0.04,0.02,0.14,212.82,104.4,40.14,360.6
LEZL,GCXO,89,9.63,7.63,0.64,24.32,0.01,0.04,-0.06,0.07,31.25,101.25,-161.56,185.86
LEZL,LEBB,109,-14.96,11.07,-32.28,5.9,-0.02,0.04,-0.08,0.05,-43.08,92.74,-189.74,122.76
LEZL,LEBL,242,-17.26,17.49,-43.34,12.22,-0.04,0.06,-0.12,0.08,-93.76,152.4,-307.83,200.56
LEZL,LEMD,108,-0.02,20.03,-12.3,16.6,0.04,0.07,-0.03,0.17,106.63,188.6,-83.4,443.7
LEZL,LEPA,137,-20.31,21.67,-63.72,8.3,-0.01,0.09,-0.17,0.12,-21.4,207.37,-411.74,295.4
LEZL,LEST,68,7.43,18.31,-21.78,29.3,-0.01,0.06,-0.1,0.08,-26.45,142.72,-239.5,198.21
LEZL,LEVC,102,-26.76,15.51,-48.68,0.09,-0.05,0.06,-0.14,0.04,-101.23,133.78,-325.1,92.65
LEZL,LEVT,54,-5.73,16.19,-17.24,7.87,0.01,0.12,-0.15,0.14,37.78,460.88,-363.5,492.84
LEZL,LFPG,58,-20.25,16.21,-47.84,9.45,0.02,0.11,-0.11,0.23,26.48,250.4,-277.17,511.17
LEZL,LFPO,71,-6.38,12.64,-19.4,15.2,0.01,0.08,-0.09,0.17,16.16,184.1,-211.65,399.0
LEZL,LPPT,94,-22.22,34.79,-84.94,13.87,-0.02,0.12,-0.24,0.18,-27.88,224.41,-416.14,310.34
LFBD,EGKK,100,0.4,13.56,-18.74,19.05,0.09,0.12,-0.05,0.33,228.84,296.67,-118.59,780.31
LFBD,EHAM,84,14.77,11.98,-6.99,32.18,0.07,0.08,-0.08,0.19,152.89,191.6,-199.4,452.72
LFBD,EIDW,55,-25.22,15.41,-48.62,0.36,-0.07,0.08,-0.18,0.07,-159.63,193.33,-444.03,186.08
LFBD,LEMD,94,-1.19,7.8,-13.7,12.71,0.06,0.07,-0.02,0.18,120.32,149.15,-40.0,366.64
LFBD,LFLL,165,3.35,10.84,-14.08,19.26,0.03,0.08,-0.09,0.18,57.72,189.4,-193.54,392.46
LFBD,LFML,121,-24.01,11.56,-40.9,2.2,-0.09,0.06,-0.16,0.0,-203.36,146.94,-375.8,0.7
LFBD,LFMN,103,4.1,11.14,-8.9,27.73,0.03,0.06,-0.06,0.14,55.72,145.51,-131.51,318.01
LFBD,LFPG,252,-12.3,13.51,-43.12,7.99,0.02,0.09,-0.12,0.16,42.06,273.23,-327.27,529.28
LFBD,LFQQ,60,-5.46,8.25,-18.71,6.73,-0.07,0.05,-0.15,-0.0,-176.86,117.15,-370.31,-5.11
LFBD,LPPR,69,-1.36,16.4,-25.02,21.48,0.02,0.08,-0.1,0.13,41.0,190.19,-250.0,311.98
LFBD,LPPT,58,-9.17,18.24,-40.4,17.87,0.05,0.07,-0.05,0.17,115.07,177.96,-130.25,422.95
LFBD,LSGG,70,-8.43,9.7,-18.72,8.66,0.01,0.13,-0.18,0.18,33.13,319.75,-447.64,445.68
LFBO,EBBR,78,26.31,37.35,-0.68,45.15,-0.01,0.14,-0.14,0.12,-5.26,317.71,-338.3,283.95
LFBO,EDDF,98,-33.18,65.01,-108.5,11.24,-0.2,0.19,-0.38,-0.01,-488.44,468.14,-947.96,-32.15
LFBO,EDDM,107,6.6,11.19,-7.97,24.68,-0.1,0.07,-0.22,0.02,-228.19,170.54,-513.62,52.4
LFBO,EGLL,78,19.19,9.98,4.8,34.99,0.16,0.09,0.02,0.32,387.19,227.0,53.3,809.22
LFBO,EHAM,107,18.39,13.96,-5.42,39.6,0.05,0.08,-0.08,0.17,105.98,179.82,-175.96,383.35
LFBO,LEMD,100,-10.6,12.81,-23.27,3.94,-0.0,0.08,-0.1,0.08,-3.91,171.97,-200.0,184.23
LFBO,LEPA,53,-2.14,8.94,-15.8,9.76,0.03,0.08,-0.09,0.18,69.81,179.2,-209.82,396.66
LFBO,LFLL,132,14.5,14.33,-3.3,30.8,0.06,0.09,-0.06,0.19,192.54,269.77,-153.87,747.55
LFBO,LFPG,283,-4.97,12.73,-26.05,13.62,-0.0,0.09,-0.16,0.15,-8.96,204.99,-360.16,340.67
LFBO,LFPO,478,8.69,14.11,-12.94,35.59,-0.05,0.06,-0.14,0.06,-116.61,153.57,-342.4,141.24
LFBO,LFQQ,69,-3.97,9.34,-18.92,11.26,-0.07,0.05,-0.16,-0.0,-154.69,113.91,-364.66,-4.06
LFBO,LFRS,119,15.67,10.53,2.0,34.9,0.0,0.09,-0.09,0.11,-8.13,99.18,-195.25,128.75
LFBO,LPPT,107,-6.19,22.61,-35.8,25.86,0.08,0.1,-0.05,0.26,169.49,234.06,-101.99,581.69
LFBP,LFLL,10,12.82,8.89,-2.28,22.3,0.2,0.05,0.13,0.26,340.45,81.87,227.3,450.44
LFBP,LFPG,90,-33.38,18.92,-68.13,-0.88,0.07,0.07,-0.03,0.2,151.98,143.7,-50.72,399.6
LFBP,LFPO,55,-15.98,15.95,-29.03,10.33,-0.06,0.07,-0.17,0.04,-152.58,160.94,-415.51,105.08
LFBT,LFPO,60,-18.19,14.55,-27.22,13.54,-0.03,0.07,-0.15,0.08,-69.68,163.79,-334.45,166.02
LFBZ,LFLL,81,7.38,12.38,-10.6,26.7,0.06,0.1,-0.11,0.2,91.72,202.83,-270.9,337.2
LFBZ,LFPG,124,-9.57,14.15,-41.71,12.79,0.11,0.1,-0.12,0.25,212.24,205.7,-293.91,482.68
LFBZ,LFPO,83,5.64,10.67,-1.9,31.02,0.0,0.06,-0.1,0.11,7.5,153.08,-232.64,265.9
LFKB,LFML,139,13.99,14.38,0.2,38.19,0.1,0.08,-0.02,0.23,229.73,197.87,-58.03,547.8
LFKB,LFMN,87,7.92,10.76,-6.2,30.06,0.07,0.05,-0.0,0.17,61.12,47.91,-2.02,153.39
LFKB,LFPO,143,0.1,11.04,-14.24,19.03,0.06,0.07,-0.05,0.17,149.74,169.49,-106.17,432.13
LFKC,LFML,60,2.31,10.47,-7.0,21.36,0.02,0.06,-0.04,0.16,14.49,56.25,-39.38,142.54
LFKC,LFPO,55,-2.33,15.54,-8.48,15.39,0.06,0.07,-0.03,0.17,140.46,172.61,-86.14,400.22
LFKF,LFML,65,-6.44,13.9,-20.48,25.24,-0.04,0.11,-0.13,0.14,-22.85,117.01,-122.74,164.42
LFKF,LFPO,56,5.48,13.77,-2.88,20.48,0.08,0.06,-0.01,0.15,203.13,154.89,-33.5,380.72
LFKJ,LFML,114,-1.58,13.8,-19.21,22.84,0.04,0.08,-0.08,0.18,102.95,203.15,-204.26,438.72
LFKJ,LFMN,87,-5.68,7.31,-16.34,6.72,-0.03,0.04,-0.08,0.04,-23.79,43.29,-74.5,39.6
LFKJ,LFPO,159,-0.2,18.94,-20.05,21.48,0.05,0.09,-0.06,0.16,128.06,205.4,-142.02,403.15
LFLC,LFPG,84,18.22,13.98,-1.9,37.84,0.15,0.05,0.08,0.22,300.39,105.07,140.8,480.4
LFLL,DAAG,52,4.2,11.0,-11.75,20.0,0.04,0.06,-0.05,0.11,84.45,169.89,-114.32,269.6
LFLL,DTTA,92,-0.75,15.67,-16.42,27.4,0.02,0.07,-0.06,0.16,61.91,170.58,-154.3,410.84
LFLL,EBBR,69,-12.68,20.14,-38.34,18.94,-0.1,0.09,-0.23,0.03,-227.57,192.36,-513.3,75.62
LFLL,EDDF,100,-53.95,42.7,-135.2,-3.59,-0.28,0.1,-0.47,-0.14,-668.54,240.1,-1087.25,-340.62
LFLL,EDDM,90,-0.6,10.88,-15.92,17.36,-0.13,0.07,-0.23,-0.02,-220.41,142.31,-493.12,-32.8
LFLL,EGKK,55,11.32,12.4,-0.81,29.4,0.16,0.13,0.01,0.38,363.77,282.12,15.9,838.67
LFLL,EGLL,62,7.8,13.08,-3.3,35.29,0.18,0.09,0.04,0.33,431.91,233.7,89.56,825.64
LFLL,EHAM,115,2.06,14.19,-23.18,22.52,0.01,0.08,-0.13,0.13,31.99,201.74,-314.86,314.1
LFLL,GMMN,62,-4.3,15.8,-24.96,18.49,0.03,0.08,-0.07,0.13,72.1,178.33,-166.96,303.2
LFLL,LEBL,71,-8.63,12.06,-24.65,19.75,-0.07,0.06,-0.17,0.01,-167.05,133.75,-379.2,33.05
LFLL,LEMD,95,-3.57,10.13,-15.09,13.62,0.04,0.06,-0.03,0.16,93.66,158.08,-83.4,387.51
LFLL,LEPA,67,-9.27,10.88,-22.59,10.06,0.01,0.06,-0.09,0.12,12.66,154.6,-210.21,299.04
LFLL,LFBD,165,-3.14,10.35,-14.6,16.9,0.01,0.09,-0.1,0.16,19.81,196.59,-231.3,341.36
LFLL,LFBO,150,-1.46,16.97,-32.73,18.65,0.03,0.09,-0.11,0.17,106.13,274.22,-295.17,565.45
LFLL,LFBP,10,-8.84,4.3,-11.96,-2.4,0.16,0.09,0.07,0.29,265.55,148.18,118.15,488.44
LFLL,LFBZ,80,-4.07,9.59,-21.28,8.85,0.08,0.11,-0.08,0.22,129.94,208.58,-210.32,381.02
LFLL,LFML,64,7.75,9.83,-3.08,21.28,0.12,0.06,0.04,0.21,262.66,180.61,95.04,596.32
LFLL,LFMN,67,1.88,9.69,-9.8,16.42,0.0,0.07,-0.09,0.11,13.06,179.17,-202.07,295.41
LFLL,LFPG,163,-2.32,12.25,-13.9,25.71,0.01,0.08,-0.1,0.16,38.42,194.6,-239.05,389.46
LFLL,LFRB,73,-17.34,9.0,-28.26,-1.84,0.06,0.1,-0.12,0.18,92.08,190.17,-266.92,303.86
LFLL,LFRK,60,4.96,8.56,-0.42,25.64,0.12,0.09,-0.08,0.26,199.11,170.73,-187.84,437.81
LFLL,LFRN,55,-31.2,17.16,-52.59,-7.17,0.05,0.06,-0.02,0.16,79.85,100.44,-40.74,267.98
LFLL,LFRS,146,0.11,11.3,-12.58,20.02,0.0,0.1,-0.14,0.17,-0.45,221.28,-298.08,357.2
LFLL,LFST,53,-42.1,10.74,-54.34,-23.12,0.03,0.08,-0.16,0.13,54.58,134.39,-265.2,226.86
LFLL,LIRF,70,-34.85,23.74,-60.76,11.14,-0.11,0.08,-0.19,0.0,-258.94,181.42,-433.88,0.0
LFLL,LPPR,77,6.12,11.18,-6.26,26.72,0.07,0.07,-0.02,0.15,172.3,163.86,-45.28,375.0
LFLL,LPPT,108,2.78,23.17,-27.39,41.89,0.11,0.1,-0.02,0.27,241.5,224.0,-39.95,610.45
LFLL,LTFJ,61,-22.42,19.47,-47.1,18.1,-0.03,0.11,-0.14,0.17,-63.0,261.99,-340.3,416.7
LFLL,LTFM,64,-21.69,22.92,-41.47,8.46,0.0,0.09,-0.08,0.15,8.84,250.63,-233.3,407.01
LFLW,LFPO,52,-2.56,14.24,-26.84,18.86,-0.01,0.08,-0.13,0.1,-9.52,48.94,-81.31,66.28
LFML,DAAG,124,7.99,10.69,-9.18,23.56,0.03,0.07,-0.1,0.13,97.17,133.14,-93.7,302.71
LFML,DABC,59,8.68,10.76,-7.4,25.21,0.04,0.05,-0.04,0.13,108.58,129.46,-111.72,317.29
LFML,DAOO,61,0.95,11.0,-6.9,16.5,0.03,0.07,-0.06,0.18,75.84,172.72,-140.0,424.0
LFML,DTTA,106,3.34,17.96,-23.82,32.25,0.03,0.07,-0.08,0.15,72.09,159.11,-184.35,342.02
LFML,EBCI,55,-4.85,11.43,-25.4,11.83,0.01,0.05,-0.07,0.09,24.55,119.0,-160.0,208.76
LFML,EDDF,74,-53.1,27.86,-105.48,-16.51,-0.21,0.09,-0.36,-0.06,-520.3,223.35,-927.61,-161.21
LFML,EDDM,85,2.43,12.6,-13.82,25.32,-0.08,0.08,-0.21,0.06,-188.65,178.75,-462.1,138.62
LFML,EGKK,50,13.99,10.7,2.5,34.28,0.17,0.13,0.03,0.43,393.36,302.53,75.79,1035.32
LFML,EGLL,118,9.28,11.89,0.5,30.83,0.14,0.1,-0.02,0.32,324.5,228.15,-34.59,722.03
LFML,EGSS,68,-0.88,11.59,-26.46,13.17,0.07,0.06,-0.03,0.17,170.42,136.17,-101.14,373.08
LFML,EHAM,88,6.33,13.3,-17.75,27.61,0.14,0.08,0.02,0.27,251.68,147.13,31.22,465.75
LFML,LEMD,120,-0.75,13.33,-13.34,20.02,0.01,0.07,-0.08,0.12,31.17,162.01,-166.7,292.02
LFML,LEPA,65,-1.59,10.0,-14.4,14.82,0.01,0.07,-0.09,0.14,16.34,160.52,-210.92,334.54
LFML,LFBD,122,3.25,11.92,-11.05,21.28,0.02,0.06,-0.08,0.12,42.7,153.63,-195.65,276.2
LFML,LFBO,1,12.3,,12.3,12.3,0.02,,0.02,0.02,85.6,,85.6,85.6
LFML,LFKB,119,9.56,11.27,-4.12,24.73,0.04,0.07,-0.06,0.13,87.02,158.75,-161.59,318.1
LFML,LFKC,60,-0.56,7.81,-9.8,13.46,-0.03,0.06,-0.1,0.08,-28.61,60.78,-87.12,72.2
LFML,LFKF,64,-20.52,12.08,-34.96,0.13,-0.07,0.06,-0.15,0.05,-74.78,102.47,-135.28,53.9
LFML,LFKJ,136,-24.43,12.33,-43.55,-2.92,-0.03,0.06,-0.14,0.05,-62.86,147.93,-334.92,128.07
LFML,LFLL,69,19.92,11.84,1.14,31.44,0.11,0.05,0.05,0.18,248.62,142.21,100.76,515.94
LFML,LFPG,284,-2.17,16.19,-17.2,26.88,0.04,0.08,-0.06,0.2,86.52,166.69,-115.98,392.44
LFML,LFPO,144,4.29,15.37,-14.48,20.28,0.01,0.07,-0.08,0.11,17.13,159.89,-179.82,247.51
LFML,LFRS,110,-3.1,12.9,-19.26,22.31,0.04,0.06,-0.05,0.16,97.33,154.23,-120.58,373.11
LFML,LIRF,60,-39.44,14.12,-61.2,-26.57,-0.14,0.07,-0.23,-0.03,-445.59,331.54,-1164.19,-78.0
LFML,LPPT,107,-5.46,24.11,-38.69,22.83,0.09,0.09,-0.03,0.26,192.67,191.91,-77.99,598.82
LFML,LTFM,59,-11.71,24.06,-38.77,15.76,0.04,0.08,-0.05,0.15,107.83,211.66,-140.0,420.0
LFMN,DTTA,81,11.68,13.28,-2.7,29.6,0.06,0.05,-0.02,0.13,133.95,127.21,-52.0,332.0
LFMN,EBBR,89,-4.12,19.29,-39.4,25.58,-0.04,0.08,-0.15,0.08,-104.7,179.72,-371.64,191.66
LFMN,EDDF,121,-36.57,52.93,-77.6,-7.0,-0.16,0.16,-0.32,-0.03,-380.4,409.11,-791.6,-81.9
LFMN,EDDL,61,-23.19,18.72,-68.0,2.0,-0.07,0.08,-0.2,0.03,-164.92,192.72,-501.4,64.8
LFMN,EDDM,117,5.89,10.84,-6.86,26.04,-0.11,0.09,-0.24,0.05,-262.1,207.42,-551.1,94.7
LFMN,EGGW,65,-51.68,23.39,-77.58,-1.14,-0.09,0.1,-0.23,0.07,-218.01,227.65,-523.9,158.02
LFMN,EGKK,214,10.93,9.96,-2.34,26.96,0.16,0.12,0.03,0.34,385.51,297.88,65.02,847.94
LFMN,EGLC,50,-2.67,11.74,-13.81,13.34,0.04,0.05,-0.03,0.14,92.99,117.27,-73.4,313.48
LFMN,EGLL,205,9.26,14.65,-5.46,35.12,0.15,0.1,0.01,0.33,349.51,237.16,12.5,763.08
LFMN,EHAM,180,-0.83,14.47,-26.48,20.81,0.04,0.08,-0.1,0.15,90.27,190.47,-233.31,367.98
LFMN,EIDW,65,-12.61,17.0,-34.56,13.88,-0.02,0.09,-0.13,0.1,-55.68,208.49,-314.3,237.46
LFMN,EKCH,105,-9.57,12.61,-31.18,7.98,-0.09,0.06,-0.18,-0.01,-202.91,131.83,-426.48,-12.3
LFMN,ELLX,63,-0.98,18.8,-32.0,19.64,-0.02,0.11,-0.21,0.11,-21.5,210.94,-437.91,248.57
LFMN,ENGM,69,-19.34,17.18,-47.6,9.92,-0.07,0.07,-0.17,0.04,-170.64,157.66,-412.28,99.96
LFMN,ESSA,69,3.87,15.06,-27.38,24.94,0.01,0.07,-0.09,0.13,34.69,180.5,-211.76,321.22
LFMN,LEBL,94,-18.82,13.2,-33.26,4.64,-0.09,0.07,-0.19,0.05,-219.23,174.66,-437.08,120.34
LFMN,LEMD,89,-18.09,12.4,-41.94,0.32,-0.02,0.08,-0.11,0.12,-48.27,172.31,-231.98,297.26
LFMN,LFBD,102,-3.21,12.24,-18.78,12.64,0.01,0.04,-0.05,0.08,23.92,102.58,-121.45,169.74
LFMN,LFKB,87,-5.89,8.65,-14.5,9.24,0.03,0.04,-0.02,0.11,23.23,37.1,-20.72,98.86
LFMN,LFKJ,89,-30.74,25.52,-45.5,-8.64,-0.06,0.16,-0.15,0.02,-57.85,147.12,-133.48,23.62
LFMN,LFLL,67,11.43,12.36,-11.04,28.51,0.04,0.06,-0.05,0.13,108.11,151.11,-132.56,400.97
LFMN,LFPG,343,-5.68,20.61,-19.6,18.19,0.04,0.11,-0.05,0.13,86.37,272.48,-140.84,324.87
LFMN,LFPO,538,-2.05,10.62,-16.82,16.8,0.02,0.07,-0.08,0.12,44.69,157.74,-188.2,291.21
LFMN,LFQQ,107,-19.32,8.12,-30.67,-8.16,-0.09,0.04,-0.16,-0.02,-206.28,103.48,-369.08,-57.12
LFMN,LFRS,104,-1.88,13.99,-18.62,26.0,0.01,0.07,-0.09,0.16,30.5,166.47,-205.28,356.45
LFMN,LFSB,65,-29.38,13.18,-49.96,-13.96,-0.12,0.06,-0.21,-0.02,-297.44,152.83,-513.5,-60.68
LFMN,LIRF,139,-36.98,49.94,-69.12,-7.2,-0.13,0.1,-0.24,-0.01,-310.25,229.73,-550.0,-25.83
LFMN,LIRN,55,-29.59,24.73,-67.7,2.99,-0.1,0.1,-0.23,0.05,-238.63,236.75,-572.99,125.0
LFMN,LOWW,81,14.78,12.04,2.4,42.1,0.06,0.05,0.0,0.13,137.45,114.04,0.0,291.7
LFMN,LPPT,95,-16.1,21.37,-35.8,19.71,0.07,0.1,-0.06,0.26,151.92,215.7,-137.51,635.5
LFMN,LSGG,155,-16.59,11.36,-33.41,0.5,0.01,0.06,-0.08,0.13,18.16,151.49,-198.25,295.56
LFMN,LSZH,106,-12.63,15.5,-45.97,5.28,0.0,0.09,-0.11,0.13,1.37,198.27,-254.5,327.08
LFMN,LTFM,59,-20.97,30.55,-42.53,19.21,-0.0,0.1,-0.12,0.15,-4.77,245.82,-291.7,384.17
LFMP,LFPO,71,-4.25,13.57,-21.8,23.1,-0.04,0.07,-0.14,0.05,-92.87,158.2,-336.0,126.0
LFMT,EGKK,61,11.46,12.79,-2.5,34.4,0.16,0.12,-0.0,0.38,361.3,282.54,-1.8,845.1
LFMT,LFPG,122,-8.28,13.93,-29.6,12.29,0.02,0.06,-0.06,0.13,58.83,150.28,-170.28,296.89
LFMT,LFPO,90,-5.04,11.53,-22.58,7.18,0.01,0.06,-0.07,0.1,32.73,133.66,-171.72,242.9
LFMT,LFRS,55,-4.4,12.17,-22.38,18.52,-0.06,0.07,-0.19,0.07,-135.91,161.56,-408.78,145.46
LFOB,EIDW,80,-18.21,20.24,-43.21,8.75,-0.06,0.09,-0.17,0.07,-144.01,201.88,-419.64,153.44
LFOB,LIRA,60,-5.84,16.73,-28.06,25.24,0.03,0.08,-0.05,0.16,56.37,184.89,-121.0,343.9
LFOB,LPPR,94,-1.1,11.32,-21.48,19.07,0.03,0.06,-0.06,0.13,80.37,144.64,-134.0,294.0
LFOB,LPPT,56,-4.07,14.19,-24.05,18.12,0.05,0.09,-0.08,0.18,115.61,204.92,-200.0,405.0
LFPG,BIKF,84,-13.08,181.8,-9.02,24.47,0.03,0.37,-0.04,0.18,-47.31,2374.02,-98.16,689.9
LFPG,CYUL,192,0.64,6.84,-9.78,9.2,0.04,0.05,-0.02,0.12,303.52,335.72,-135.29,943.06
LFPG,CYYZ,107,0.63,6.28,-9.7,7.38,0.04,0.04,-0.01,0.11,226.24,219.95,-81.71,553.09
LFPG,DAAG,290,-4.56,15.02,-26.31,17.08,0.02,0.08,-0.08,0.16,62.98,218.72,-248.48,450.02
LFPG,DAOO,72,-17.06,15.94,-33.68,10.07,-0.01,0.11,-0.16,0.23,-20.41,265.28,-394.31,544.99
LFPG,DIAP,53,-2.34,33.15,-21.6,18.1,0.03,0.07,-0.03,0.09,252.56,565.25,-270.4,675.6
LFPG,DTTA,188,1.07,14.67,-20.46,24.91,-0.01,0.07,-0.12,0.1,-19.68,163.89,-305.82,260.93
LFPG,DTTJ,95,-12.34,9.43,-27.4,2.85,-0.02,0.04,-0.08,0.05,-38.54,104.49,-196.7,136.1
LFPG,EBBR,89,18.0,9.56,-0.26,33.2,0.02,0.06,-0.07,0.13,85.77,211.22,-195.42,439.2
LFPG,EDDB,262,1.91,14.88,-20.74,23.67,0.03,0.06,-0.06,0.11,58.02,133.45,-167.63,264.94
LFPG,EDDF,378,-64.57,23.11,-97.43,-30.88,-0.23,0.14,-0.43,-0.01,-614.45,443.86,-1216.21,-30.42
LFPG,EDDH,144,-37.7,19.92,-69.99,-6.55,-0.08,0.1,-0.21,0.02,-172.14,210.06,-511.04,35.54
LFPG,EDDK,95,-18.98,24.61,-54.28,14.18,0.04,0.13,-0.12,0.27,192.21,522.57,-422.34,1123.17
LFPG,EDDL,166,-21.21,17.55,-52.08,5.28,0.06,0.08,-0.03,0.17,126.73,162.94,-76.5,376.45
LFPG,EDDM,330,-1.92,13.53,-18.5,22.79,-0.08,0.1,-0.25,0.07,-193.55,238.41,-590.98,152.18
LFPG,EDDN,109,-60.01,23.3,-94.12,-18.54,-0.07,0.07,-0.18,0.04,-172.72,182.06,-478.26,79.8
LFPG,EDDP,58,-43.29,33.94,-89.3,-8.7,-0.06,0.14,-0.21,0.09,-307.02,506.12,-1121.02,392.01
LFPG,EDDS,78,-19.5,15.13,-36.36,5.31,0.03,0.09,-0.09,0.16,70.43,225.62,-213.6,376.76
LFPG,EDDV,144,-16.76,22.09,-51.82,22.08,0.01,0.09,-0.12,0.15,7.95,201.78,-328.57,297.75
LFPG,EFHK,165,-1.47,10.83,-17.14,14.98,0.04,0.06,-0.05,0.14,94.58,135.95,-120.12,315.96
LFPG,EGBB,117,-6.62,13.31,-27.84,13.2,0.08,0.07,-0.04,0.19,170.3,158.05,-93.2,422.9
LFPG,EGCC,198,15.19,7.72,3.09,25.04,0.07,0.09,-0.05,0.21,149.26,204.96,-117.4,469.97
LFPG,EGGD,54,6.41,9.15,-2.3,23.08,-0.02,0.07,-0.13,0.08,-42.9,170.19,-318.62,192.08
LFPG,EGGW,92,-51.44,18.14,-73.54,-16.6,-0.15,0.07,-0.27,-0.03,-355.5,172.65,-657.53,-62.64
LFPG,EGKK,111,9.31,8.27,1.85,21.75,0.09,0.1,-0.03,0.25,216.91,238.83,-66.05,620.8
LFPG,EGLL,330,9.44,13.07,-0.99,34.71,0.19,0.1,0.05,0.37,398.44,221.08,105.51,795.76
LFPG,EGNT,60,11.92,8.22,2.58,19.71,0.1,0.08,-0.01,0.19,211.99,176.09,-12.38,423.01
LFPG,EGNX,55,-3.83,9.09,-17.13,13.55,-0.02,0.06,-0.12,0.08,-46.1,202.53,-293.52,321.24
LFPG,EGPF,54,11.13,13.19,3.3,18.27,0.03,0.11,-0.05,0.12,71.4,226.59,-120.87,277.67
LFPG,EGPH,156,9.97,9.51,-0.08,21.15,0.04,0.08,-0.1,0.14,91.75,142.51,-113.45,321.38
LFPG,EGSS,55,-9.91,15.73,-34.88,16.45,0.05,0.06,-0.05,0.16,327.32,400.74,-257.57,1020.35
LFPG,EHAM,331,14.36,10.52,-6.2,29.75,0.1,0.06,-0.02,0.18,238.83,156.92,-40.15,486.2
LFPG,EIDW,231,-5.66,20.79,-36.7,32.15,0.0,0.11,-0.13,0.18,8.34,279.4,-333.05,427.9
LFPG,EKBI,76,11.54,10.01,-3.38,27.02,0.08,0.06,0.01,0.18,168.5,125.35,16.62,405.95
LFPG,EKCH,298,-11.63,10.92,-31.99,2.33,-0.08,0.05,-0.16,-0.0,-182.14,123.34,-370.36,-2.81
LFPG,ELLX,86,5.02,11.65,-9.1,27.0,0.0,0.05,-0.07,0.09,0.84,52.29,-77.28,99.02
LFPG,ENGM,188,-16.75,16.39,-42.12,6.6,-0.03,0.07,-0.13,0.08,-69.83,156.84,-294.23,179.66
LFPG,EPKK,61,-24.24,44.87,-171.3,12.9,-0.1,0.16,-0.6,0.07,-233.7,386.78,-1320.0,166.6
LFPG,EPWA,208,-39.38,23.44,-73.74,-2.26,-0.07,0.09,-0.18,0.08,-157.04,193.36,-442.16,155.28
LFPG,ESGG,80,0.49,9.9,-19.65,13.23,0.03,0.06,-0.06,0.13,69.54,128.19,-122.12,281.41
LFPG,ESSA,188,2.55,12.46,-21.48,19.06,0.05,0.06,-0.04,0.14,116.07,155.39,-118.14,357.25
LFPG,FMEE,52,-25.55,14.14,-45.76,-0.83,-0.06,0.07,-0.16,0.05,-431.23,517.48,-1231.68,372.46
LFPG,GMME,75,-6.46,28.13,-26.2,13.46,0.01,0.17,-0.11,0.15,35.51,452.49,-279.38,363.39
LFPG,GMMN,150,4.28,18.01,-21.63,30.23,0.03,0.08,-0.09,0.15,87.17,228.6,-228.86,525.56
LFPG,GMMX,122,-14.49,22.05,-35.25,7.61,-0.02,0.1,-0.13,0.12,-44.16,254.8,-316.47,301.52
LFPG,GOBD,61,14.21,21.9,-16.6,43.8,0.15,0.16,-0.07,0.42,941.65,949.74,-360.0,2271.0
LFPG,HECA,85,16.4,16.12,-8.1,35.54,0.11,0.11,-0.06,0.25,681.33,696.28,-154.48,1686.5
LFPG,HKJK,59,-25.09,13.18,-48.38,-6.09,-0.06,0.09,-0.22,0.05,-321.52,503.02,-1165.51,261.81
LFPG,KATL,151,0.24,7.33,-10.8,10.5,0.05,0.07,-0.05,0.16,311.19,388.49,-301.0,859.65
LFPG,KBOS,80,1.56,8.86,-11.88,12.25,0.08,0.06,-0.01,0.19,438.16,350.1,-67.87,1020.67
LFPG,KDFW,63,-0.35,7.45,-14.07,8.12,0.01,0.06,-0.06,0.09,64.43,308.5,-340.5,536.97
LFPG,KDTW,59,-3.15,8.79,-19.37,8.21,0.07,0.07,-0.02,0.17,444.49,436.64,-105.63,1076.27
LFPG,KEWR,105,-1.9,6.86,-16.7,5.56,0.08,0.09,-0.06,0.22,539.42,593.58,-415.8,1449.52
LFPG,KIAD,117,1.05,15.4,-11.18,9.9,0.02,0.08,-0.1,0.12,166.8,538.43,-584.88,916.02
LFPG,KJFK,346,0.68,7.27,-12.8,8.28,0.07,0.08,-0.05,0.21,466.18,536.4,-267.92,1426.2
LFPG,KLAX,156,-0.78,7.72,-10.3,13.45,0.05,0.24,-0.06,0.12,359.81,1856.06,-416.48,834.08
LFPG,KMEM,49,-4.61,9.3,-24.18,4.96,0.06,0.07,-0.03,0.2,465.87,555.19,-204.1,1526.62
LFPG,KMSP,61,-3.69,8.57,-21.7,8.0,0.04,0.05,-0.03,0.13,216.0,297.96,-182.5,760.5
LFPG,KORD,107,-1.14,6.66,-12.73,7.53,0.02,0.05,-0.07,0.1,122.54,325.83,-387.36,625.07
LFPG,KSFO,81,-0.15,6.61,-12.0,10.6,0.02,0.05,-0.07,0.1,170.29,361.03,-454.7,712.8
LFPG,LDZA,60,-1.15,12.53,-18.29,20.46,0.07,0.06,-0.03,0.15,149.3,135.91,-59.7,333.2
LFPG,LEBB,107,-19.29,26.08,-60.36,17.68,0.02,0.12,-0.12,0.2,40.98,264.99,-272.63,435.06
LFPG,LEBL,300,-2.88,12.38,-19.04,20.53,-0.02,0.08,-0.12,0.12,-50.7,190.07,-292.72,287.75
LFPG,LEMD,288,-10.1,17.73,-30.76,19.92,0.02,0.08,-0.08,0.15,56.05,256.69,-249.42,424.61
LFPG,LEMG,102,-5.39,16.37,-25.68,25.3,0.05,0.08,-0.05,0.2,134.65,194.18,-113.43,459.66
LFPG,LEVC,82,-9.3,9.46,-20.68,1.73,0.02,0.06,-0.07,0.09,55.63,135.23,-179.72,223.22
LFPG,LEZL,58,-4.21,9.3,-17.24,8.87,0.04,0.07,-0.09,0.15,94.92,164.6,-211.01,319.59
LFPG,LFBD,235,-11.13,13.26,-27.43,13.78,0.05,0.07,-0.06,0.16,118.47,182.47,-150.75,393.05
LFPG,LFBO,283,-8.55,33.87,-39.95,10.08,0.01,0.1,-0.12,0.13,18.02,252.23,-290.69,280.38
LFPG,LFBP,90,-20.99,9.84,-34.35,-8.94,0.07,0.05,0.0,0.16,131.96,88.78,1.71,296.67
LFPG,LFBZ,125,-8.57,9.32,-21.4,8.48,0.1,0.09,-0.1,0.21,181.96,177.63,-240.32,395.56
LFPG,LFLC,85,-3.72,6.86,-12.22,3.56,0.12,0.06,0.02,0.18,233.86,110.03,36.6,395.28
LFPG,LFLL,160,-1.79,14.68,-18.92,17.0,-0.06,0.06,-0.15,0.04,-169.42,161.4,-365.62,94.37
LFPG,LFML,279,-3.07,13.57,-22.81,20.92,0.0,0.09,-0.13,0.15,1.97,204.03,-275.13,339.71
LFPG,LFMN,351,-1.45,13.88,-18.0,22.45,0.05,0.07,-0.04,0.17,123.88,202.33,-117.45,475.6
LFPG,LFMT,123,-4.85,17.5,-20.79,14.72,-0.07,0.09,-0.15,0.01,-191.66,240.25,-401.33,30.34
LFPG,LFRB,107,2.25,7.12,-3.67,20.81,0.04,0.08,-0.06,0.19,77.7,159.45,-157.73,343.3
LFPG,LFRS,148,8.6,13.22,-7.7,33.03,0.09,0.09,-0.05,0.25,209.85,206.16,-117.4,552.61
LFPG,LFSB,92,4.38,8.78,-12.76,14.93,0.07,0.05,0.01,0.14,173.19,109.72,35.0,328.62
LFPG,LGAV,239,-5.07,16.87,-28.78,17.58,-0.01,0.09,-0.14,0.11,-32.04,234.06,-356.59,277.82
LFPG,LGIR,50,-16.52,14.32,-45.41,4.1,-0.05,0.06,-0.16,0.03,-124.06,160.94,-390.42,83.61
LFPG,LHBP,94,-19.74,15.16,-38.96,2.44,-0.03,0.08,-0.16,0.09,-73.91,186.58,-362.1,210.99
LFPG,LIMC,326,-50.01,22.93,-79.25,-8.2,-0.21,0.1,-0.34,-0.06,-552.37,275.02,-957.62,-158.3
LFPG,LIMF,84,14.78,13.68,-1.34,34.57,0.12,0.07,0.05,0.2,239.35,142.58,110.0,398.9
LFPG,LIML,247,26.33,17.95,2.3,47.9,-0.01,0.08,-0.13,0.11,-19.99,194.65,-294.24,254.62
LFPG,LIPE,106,-7.47,15.82,-32.83,20.12,-0.02,0.07,-0.13,0.1,-33.56,163.37,-253.38,258.3
LFPG,LIPZ,244,-31.12,18.33,-59.98,0.0,-0.14,0.08,-0.28,-0.0,-329.9,212.18,-680.17,-3.09
LFPG,LIRF,309,-43.15,18.05,-68.94,-6.38,-0.11,0.07,-0.22,0.0,-267.05,177.72,-568.36,0.0
LFPG,LIRN,127,-26.73,20.07,-55.7,1.1,-0.07,0.08,-0.17,0.08,-176.1,201.07,-466.7,198.45
LFPG,LIRQ,43,-14.28,12.63,-35.05,0.0,-0.06,0.05,-0.15,0.02,-141.88,120.91,-330.0,34.74
LFPG,LKPR,163,-16.08,13.7,-35.12,1.48,-0.05,0.07,-0.15,0.07,-119.29,169.08,-365.94,156.67
LFPG,LLBG,168,2.52,17.99,-22.24,27.7,0.03,0.09,-0.12,0.18,164.2,405.27,-376.19,842.36
LFPG,LOWW,265,2.24,17.23,-19.62,29.1,0.02,0.07,-0.07,0.13,50.71,179.96,-208.3,345.32
LFPG,LPPR,107,-7.24,12.5,-29.02,10.29,0.02,0.07,-0.1,0.12,47.64,158.56,-205.88,280.0
LFPG,LPPT,197,-9.07,17.82,-37.52,16.0,0.02,0.09,-0.13,0.15,39.39,236.09,-333.3,417.28
LFPG,LROP,144,-40.7,15.43,-62.66,-13.16,-0.07,0.07,-0.18,0.06,-153.07,154.89,-402.8,138.0
LFPG,LSGG,239,-25.15,10.71,-41.74,-7.39,0.02,0.1,-0.12,0.17,27.76,206.22,-290.54,346.01
LFPG,LSZH,188,10.79,13.15,-5.33,36.67,0.08,0.08,-0.02,0.21,178.18,167.86,-52.38,463.39
LFPG,LTFJ,117,-5.71,27.42,-29.92,33.58,0.06,0.15,-0.12,0.32,155.27,366.57,-299.0,877.34
LFPG,LTFM,257,-23.94,27.23,-47.8,19.48,-0.04,0.13,-0.18,0.12,-197.8,670.81,-1051.66,428.66
LFPG,LYBE,60,-9.6,15.51,-32.8,12.98,0.02,0.05,-0.05,0.07,45.62,108.51,-117.39,184.5
LFPG,MMMX,89,-0.73,5.82,-11.86,7.74,0.05,0.05,-0.02,0.13,313.23,290.32,-84.36,830.76
LFPG,OLBA,97,-2.77,13.0,-22.7,21.72,0.01,0.1,-0.14,0.16,140.78,454.23,-403.48,1089.72
LFPG,OMDB,146,19.48,21.83,-13.3,53.28,0.24,0.11,0.06,0.41,2447.28,1264.09,659.4,4330.73
LFPG,OTHH,112,28.56,27.41,-6.24,70.79,0.15,0.09,0.01,0.31,1174.29,861.07,48.52,2433.27
LFPG,RJTT,90,-13.37,33.05,-56.32,42.37,-0.04,0.11,-0.21,0.12,-257.83,850.36,-1455.57,946.47
LFPG,RKSI,69,-7.27,12.89,-24.64,11.38,0.03,0.08,-0.11,0.16,195.91,504.46,-836.3,931.24
LFPG,SBGR,89,-3.62,9.86,-15.86,13.42,0.03,0.06,-0.07,0.14,189.66,331.2,-376.68,766.58
LFPG,VHHH,79,-4.46,13.48,-25.24,13.64,0.01,0.06,-0.07,0.1,72.63,421.28,-576.98,663.6
LFPG,VIDP,104,-4.75,10.47,-20.08,9.32,0.02,0.06,-0.08,0.1,114.92,360.25,-390.95,698.18
LFPG,WSSS,108,-7.6,15.98,-27.24,12.83,0.1,0.07,0.01,0.23,717.99,482.6,68.78,1569.09
LFPG,ZBAA,60,-6.37,14.14,-29.4,19.92,0.06,0.05,-0.01,0.14,354.32,306.45,-84.35,875.59
LFPG,ZSPD,76,-2.88,11.85,-21.1,17.2,0.03,0.07,-0.04,0.15,253.92,482.26,-294.25,1090.58
LFPO,DAAG,226,1.03,8.72,-8.9,17.8,0.04,0.07,-0.06,0.14,110.21,190.02,-196.08,390.5
LFPO,DAOO,58,-4.13,14.7,-18.47,9.44,0.03,0.07,-0.05,0.13,73.1,165.06,-129.6,317.0
LFPO,DTMB,68,-5.46,15.32,-27.36,14.48,0.03,0.06,-0.05,0.11,60.51,133.54,-128.29,268.73
LFPO,DTTA,223,6.02,16.05,-16.79,30.42,0.03,0.08,-0.06,0.13,98.14,208.89,-153.87,414.57
LFPO,DTTJ,112,-12.54,9.83,-32.07,1.22,-0.01,0.05,-0.08,0.07,-18.3,127.24,-203.74,173.3
LFPO,EDDB,83,3.63,15.93,-15.7,29.49,0.06,0.07,-0.05,0.15,138.25,174.93,-119.25,376.75
LFPO,EDDM,60,-3.72,11.84,-20.14,16.63,-0.06,0.07,-0.16,0.05,-114.45,126.46,-288.65,89.6
LFPO,EGKK,67,2.59,13.22,-12.43,20.97,0.15,0.1,0.01,0.36,402.66,283.95,34.85,1018.67
LFPO,EIDW,53,-16.03,17.58,-41.34,6.96,0.03,0.13,-0.11,0.23,70.85,326.87,-296.98,558.8
LFPO,FMEE,104,-20.49,12.16,-36.68,0.17,-0.02,0.05,-0.09,0.07,-80.38,332.18,-490.58,507.25
LFPO,GMAD,125,-14.2,14.86,-30.6,6.52,-0.05,0.07,-0.16,0.07,-125.14,181.6,-384.7,164.32
LFPO,GMFO,87,-20.77,17.24,-46.33,7.49,0.01,0.09,-0.09,0.15,37.34,217.51,-206.42,379.58
LFPO,GMME,73,-3.8,11.94,-18.2,10.32,0.02,0.06,-0.06,0.1,49.45,144.63,-147.18,249.58
LFPO,GMMN,217,-2.81,17.22,-21.92,29.86,0.02,0.08,-0.1,0.15,68.9,226.11,-235.62,424.78
LFPO,GMMX,182,-7.06,17.28,-25.28,14.27,0.03,0.1,-0.11,0.14,73.25,247.61,-259.26,340.5
LFPO,KEWR,62,-0.28,9.8,-15.28,10.45,0.1,0.08,-0.04,0.25,433.39,419.65,-120.59,1326.0
LFPO,LEAL,91,-3.53,7.21,-10.85,11.1,0.09,0.06,0.0,0.17,223.73,167.66,1.4,440.65
LFPO,LEBL,228,0.29,10.55,-11.79,22.33,0.01,0.07,-0.09,0.13,17.82,187.22,-242.62,365.06
LFPO,LEIB,98,-23.85,21.1,-53.36,13.92,-0.05,0.08,-0.16,0.08,-118.47,195.42,-383.3,194.42
LFPO,LEMD,375,-7.12,17.53,-29.66,19.25,0.03,0.09,-0.08,0.2,87.77,298.09,-238.31,532.5
LFPO,LEMG,137,-1.42,35.91,-16.22,38.64,0.09,0.11,-0.04,0.27,208.06,269.73,-92.72,639.94
LFPO,LEPA,161,-3.11,10.83,-19.2,15.8,0.04,0.07,-0.05,0.14,110.46,163.61,-130.0,394.7
LFPO,LEVC,125,-6.05,13.6,-16.16,5.58,0.02,0.08,-0.06,0.11,55.79,199.26,-138.62,266.78
LFPO,LEZL,72,-2.47,10.8,-14.01,18.92,0.05,0.06,-0.04,0.15,128.65,145.87,-97.47,355.8
LFPO,LFBO,479,-6.23,18.39,-35.21,13.1,-0.02,0.08,-0.15,0.08,-53.42,182.9,-342.98,195.16
LFPO,LFBP,55,-10.78,12.39,-25.07,6.02,-0.02,0.07,-0.15,0.1,-54.47,179.07,-357.5,233.39
LFPO,LFBT,60,-31.51,15.25,-44.91,-1.7,-0.05,0.05,-0.14,0.02,-116.64,119.43,-318.92,36.41
LFPO,LFBZ,86,-6.66,9.05,-17.32,9.07,0.0,0.06,-0.09,0.1,8.78,143.74,-210.32,230.5
LFPO,LFKB,143,1.68,13.61,-13.05,12.89,0.01,0.06,-0.07,0.09,28.71,150.45,-163.66,214.53
LFPO,LFKC,55,-3.53,9.2,-12.17,5.77,0.03,0.07,-0.05,0.11,74.18,166.2,-128.75,278.57
LFPO,LFKF,56,-17.45,9.01,-26.2,-0.92,0.01,0.06,-0.06,0.11,22.86,147.53,-154.75,263.2
LFPO,LFKJ,159,-22.66,25.96,-40.17,4.21,-0.03,0.14,-0.11,0.08,-63.62,345.42,-267.74,177.96
LFPO,LFLW,52,-5.26,18.23,-18.6,40.54,0.01,0.08,-0.06,0.21,8.27,50.05,-39.74,134.07
LFPO,LFML,146,4.64,16.26,-12.05,28.68,-0.03,0.09,-0.13,0.1,-71.02,218.9,-327.3,226.58
LFPO,LFMN,535,2.85,11.51,-10.6,24.62,0.05,0.06,-0.05,0.15,112.86,147.84,-106.21,351.79
LFPO,LFMP,71,-7.17,8.73,-21.1,8.95,0.0,0.08,-0.11,0.09,7.44,184.4,-262.35,218.35
LFPO,LFMT,89,-1.48,12.08,-16.28,19.38,-0.07,0.08,-0.16,0.02,-159.64,182.42,-391.22,53.98
LFPO,LFTH,79,-9.38,11.28,-26.67,9.41,0.05,0.06,-0.05,0.14,112.44,147.52,-109.5,327.07
LFPO,LGAV,89,-7.99,18.22,-26.56,21.54,0.02,0.1,-0.09,0.14,36.92,244.43,-215.46,353.26
LFPO,LGIR,91,-9.71,22.71,-25.7,6.1,0.01,0.1,-0.06,0.11,35.77,241.58,-147.3,275.7
LFPO,LICJ,62,2.92,17.65,-31.68,25.94,0.04,0.09,-0.15,0.18,104.66,231.16,-372.92,453.38
LFPO,LIMC,73,-49.46,25.81,-86.3,-3.52,-0.15,0.1,-0.3,0.01,-421.68,269.55,-835.98,18.64
LFPO,LIML,130,4.97,17.43,-14.66,42.39,-0.0,0.07,-0.09,0.1,-2.02,172.51,-226.92,232.32
LFPO,LIPZ,111,-33.26,19.17,-62.4,-1.4,-0.14,0.09,-0.28,-0.02,-327.67,201.73,-630.6,-41.6
LFPO,LIRF,284,-42.21,18.36,-69.35,-7.43,-0.1,0.07,-0.2,0.02,-242.1,173.35,-500.0,39.74
LFPO,LIRN,115,-23.44,22.41,-52.22,11.06,-0.02,0.12,-0.14,0.17,-49.83,295.15,-339.22,416.63
LFPO,LIRQ,53,-13.14,9.54,-31.88,-1.38,-0.01,0.07,-0.1,0.12,-12.43,147.05,-220.24,256.7
LFPO,LLBG,77,2.11,14.37,-16.58,25.06,0.08,0.08,-0.05,0.2,198.55,198.51,-109.22,483.74
LFPO,LMML,63,18.9,13.88,-9.37,39.46,0.05,0.1,-0.05,0.13,124.87,252.15,-134.95,325.9
LFPO,LPFR,103,-7.23,15.7,-26.64,9.46,0.04,0.07,-0.07,0.17,98.34,177.17,-156.0,414.94
LFPO,LPPR,355,-11.77,15.7,-34.53,9.43,0.05,0.07,-0.05,0.14,117.52,165.86,-115.0,353.49
LFPO,LPPT,460,-11.74,17.56,-43.33,18.23,0.07,0.09,-0.05,0.22,174.17,225.28,-125.75,560.0
LFPO,LSGG,50,-23.57,10.03,-38.48,-9.59,-0.08,0.06,-0.19,0.04,-195.26,156.5,-464.98,88.79
LFPO,TFFF,78,-0.67,7.24,-10.36,12.72,0.08,0.09,-0.07,0.21,457.21,536.42,-408.9,1117.57
LFPO,TFFR,86,-2.42,7.27,-12.08,12.98,0.08,0.07,-0.03,0.21,479.26,439.55,-152.2,1123.95
LFQQ,LFBD,59,-10.54,10.12,-24.32,5.21,-0.01,0.05,-0.08,0.07,-18.83,116.2,-190.89,161.37
LFQQ,LFBO,69,-5.26,16.34,-31.5,14.6,-0.07,0.08,-0.21,0.04,-156.13,178.87,-452.2,84.78
LFQQ,LFMN,108,4.37,12.86,-14.72,27.1,-0.02,0.08,-0.16,0.11,-57.77,182.01,-371.12,244.88
LFRB,LFLL,73,-0.23,12.1,-15.94,17.58,0.01,0.08,-0.14,0.13,-3.87,170.84,-316.42,221.02
LFRB,LFPG,106,0.29,13.67,-20.85,17.48,0.03,0.11,-0.14,0.21,33.52,229.7,-322.23,372.08
LFRK,LFLL,63,4.65,16.7,-9.27,23.36,-0.01,0.1,-0.16,0.1,-33.59,182.96,-385.71,164.28
LFRN,LFLL,55,-12.02,10.63,-27.33,7.36,0.03,0.05,-0.03,0.1,48.98,88.55,-53.27,162.99
LFRS,EHAM,83,21.86,11.54,0.91,39.13,0.09,0.07,-0.04,0.18,208.19,181.29,-99.78,452.85
LFRS,EIDW,62,-26.89,17.02,-53.88,-1.53,-0.08,0.12,-0.23,0.13,-179.16,281.25,-543.96,302.02
LFRS,GMMX,63,-10.32,14.82,-33.45,12.23,0.04,0.07,-0.05,0.11,94.55,151.19,-116.33,272.09
LFRS,LEBL,93,-11.16,12.46,-35.38,6.58,-0.05,0.07,-0.16,0.05,-127.15,169.75,-385.98,126.92
LFRS,LEMD,104,-17.2,17.45,-49.84,0.45,-0.01,0.08,-0.13,0.15,-10.31,173.55,-262.2,299.01
LFRS,LEPA,63,-11.46,21.38,-25.93,14.9,0.02,0.07,-0.05,0.15,59.88,158.15,-110.08,350.26
LFRS,LFBO,83,-7.71,9.48,-24.0,3.29,-0.02,0.07,-0.12,0.04,-51.97,167.12,-264.96,81.68
LFRS,LFLL,141,-2.68,9.78,-15.7,13.6,-0.05,0.08,-0.17,0.09,-124.48,186.03,-382.0,199.3
LFRS,LFML,111,-3.49,23.17,-48.55,33.3,0.01,0.08,-0.11,0.14,19.82,190.48,-271.0,325.65
LFRS,LFMN,103,0.68,13.75,-16.69,25.69,0.03,0.06,-0.06,0.12,75.91,133.77,-138.78,296.75
LFRS,LFMT,56,-6.9,13.79,-27.1,11.12,-0.13,0.12,-0.25,-0.05,-283.44,260.93,-547.0,-100.5
LFRS,LFPG,149,-4.72,15.75,-28.88,15.36,0.04,0.1,-0.08,0.21,99.19,252.42,-207.72,467.08
LFRS,LGIR,51,-12.33,11.83,-27.2,5.7,-0.01,0.06,-0.09,0.08,-34.07,133.51,-219.4,182.0
LFRS,LPPR,62,-5.53,12.83,-29.7,16.44,0.05,0.07,-0.07,0.17,128.89,176.78,-166.7,415.93
LFRS,LPPT,61,-2.37,22.93,-37.2,35.1,0.08,0.09,-0.03,0.25,203.07,225.52,-80.0,625.0
LFRS,LSGG,73,-16.18,10.76,-32.2,1.78,-0.01,0.14,-0.22,0.18,-15.1,341.62,-544.28,410.94
LFSB,BKPR,104,-11.69,18.92,-43.06,17.56,0.02,0.07,-0.1,0.12,35.16,167.4,-250.0,280.0
LFSB,EDDB,61,-8.34,13.14,-29.8,14.1,-0.0,0.06,-0.09,0.08,-1.32,147.16,-219.4,192.9
LFSB,EDDF,142,-53.17,20.17,-88.39,-21.92,-0.22,0.05,-0.31,-0.13,-310.75,75.01,-429.52,-187.32
LFSB,EGKK,55,9.44,30.66,-8.56,24.81,0.13,0.17,-0.02,0.36,302.09,384.6,-39.32,854.56
LFSB,EGLL,74,1.9,13.87,-14.54,27.84,0.15,0.09,0.05,0.29,359.32,204.53,122.38,732.38
LFSB,EHAM,181,-13.21,15.39,-42.2,8.9,0.06,0.1,-0.14,0.18,122.48,232.28,-317.1,390.5
LFSB,LEBL,84,-9.0,13.29,-24.36,9.95,-0.07,0.07,-0.2,0.03,-165.54,147.29,-431.5,74.51
LFSB,LEPA,104,-7.81,11.26,-24.16,11.45,0.0,0.06,-0.09,0.12,7.44,157.74,-213.32,297.26
LFSB,LFMN,65,-52.26,16.84,-79.08,-27.12,-0.21,0.06,-0.31,-0.12,-533.92,146.62,-781.44,-306.0
LFSB,LFPG,91,5.66,17.85,-16.7,32.8,0.1,0.09,0.02,0.18,262.35,232.71,36.85,546.65
LFSB,LHBP,50,-16.83,12.86,-30.41,0.4,0.0,0.05,-0.07,0.1,11.13,136.42,-177.14,239.49
LFSB,LPPR,59,2.09,17.01,-8.5,28.12,0.03,0.09,-0.08,0.14,77.69,224.3,-212.47,341.64
LFSB,LTAI,105,2.41,19.49,-23.48,27.88,0.07,0.1,-0.07,0.28,167.05,241.92,-166.7,633.16
LFSB,LTFJ,77,-5.99,25.44,-33.7,50.6,0.07,0.16,-0.12,0.32,171.12,387.24,-291.62,799.94
LFSB,LTFM,68,-20.47,15.66,-40.46,7.87,0.02,0.08,-0.08,0.16,18.42,252.1,-400.0,413.0
LFST,LFLL,54,-2.69,16.51,-13.18,22.31,0.11,0.1,0.05,0.22,186.99,173.89,80.56,372.93
LFTH,LFPO,77,0.15,8.23,-12.7,19.52,0.04,0.06,-0.04,0.12,93.74,132.55,-105.84,299.1
LGAL,LGAV,122,0.03,14.05,-16.5,26.84,0.03,0.09,-0.06,0.15,41.49,100.48,-84.66,226.64
LGAV,EBBR,114,-10.9,20.4,-42.61,22.58,-0.05,0.11,-0.22,0.1,-123.04,255.34,-553.37,237.0
LGAV,EDDB,60,-19.96,15.99,-36.75,10.31,-0.01,0.06,-0.13,0.07,-33.66,158.83,-312.15,203.89
LGAV,EDDF,129,-27.91,24.88,-64.96,11.28,-0.17,0.09,-0.32,-0.04,-454.08,242.74,-833.46,-97.54
LGAV,EDDL,74,-12.52,21.99,-43.04,20.8,-0.02,0.1,-0.18,0.13,-54.09,240.04,-449.93,327.59
LGAV,EDDM,227,4.13,17.77,-23.81,35.49,-0.05,0.08,-0.17,0.08,-147.22,229.64,-473.67,235.39
LGAV,EGKK,141,9.34,18.06,-20.3,34.7,0.07,0.14,-0.11,0.34,187.36,350.73,-263.2,836.8
LGAV,EGLL,226,8.98,17.48,-17.03,36.38,0.1,0.11,-0.06,0.3,246.42,280.07,-139.92,735.38
LGAV,EHAM,157,-0.57,20.36,-29.7,29.84,0.03,0.07,-0.08,0.15,72.94,179.79,-202.5,345.14
LGAV,EKCH,85,-42.92,41.47,-82.64,4.74,-0.18,0.1,-0.32,-0.06,-415.19,230.7,-776.22,-132.4
LGAV,ESSA,51,-9.58,17.62,-36.9,11.9,-0.03,0.08,-0.14,0.09,-69.79,182.76,-351.8,231.2
LGAV,HECA,137,10.5,13.93,-9.7,33.72,0.1,0.09,-0.01,0.26,230.47,206.03,-13.36,618.26
LGAV,KEWR,59,2.53,30.39,-41.17,32.18,0.09,0.13,-0.08,0.27,650.77,945.63,-614.48,2051.62
LGAV,KJFK,84,3.69,22.09,-43.78,28.16,0.03,0.11,-0.13,0.18,137.0,628.15,-877.68,998.43
LGAV,LATI,70,9.88,22.99,-20.13,44.78,0.04,0.07,-0.06,0.16,99.5,181.44,-155.56,408.16
LGAV,LBSF,65,-58.45,21.49,-84.16,-14.68,-0.16,0.14,-0.42,-0.01,-213.12,114.48,-389.18,-14.14
LGAV,LCLK,378,4.4,9.22,-11.06,19.5,0.05,0.05,-0.03,0.13,106.47,108.79,-60.84,306.6
LGAV,LEBL,97,7.14,19.87,-22.2,43.96,-0.0,0.08,-0.09,0.13,-4.77,209.89,-262.6,306.7
LGAV,LEMD,134,15.51,19.99,-7.69,52.14,-0.01,0.1,-0.17,0.16,-23.94,234.92,-416.7,370.06
LGAV,LFPG,214,13.64,18.68,-16.95,51.13,0.04,0.08,-0.08,0.18,105.18,237.6,-203.54,487.92
LGAV,LFPO,90,8.0,11.87,-12.38,26.5,0.02,0.09,-0.12,0.16,56.68,206.57,-290.2,394.01
LGAV,LGAL,122,-7.76,11.83,-12.0,1.42,-0.01,0.09,-0.08,0.08,-7.09,90.45,-124.72,148.75
LGAV,LGHI,181,-3.47,5.07,-7.6,2.4,-0.0,0.06,-0.09,0.1,-1.24,56.68,-84.0,87.8
LGAV,LGIK,56,-32.5,5.76,-40.9,-21.92,-0.17,0.07,-0.28,-0.09,-149.78,60.49,-247.73,-77.85
LGAV,LGIO,56,2.12,15.58,-29.45,17.95,-0.01,0.09,-0.13,0.13,-9.88,79.86,-118.12,121.38
LGAV,LGIR,333,-9.72,10.26,-27.7,4.24,-0.02,0.06,-0.14,0.08,-52.12,157.51,-308.94,201.46
LGAV,LGKF,101,19.29,16.93,-12.8,38.8,0.08,0.11,-0.06,0.26,106.66,146.56,-66.2,391.7
LGAV,LGKO,157,-14.58,11.31,-32.1,5.02,-0.05,0.07,-0.16,0.06,-49.56,85.25,-184.16,131.42
LGAV,LGKP,64,-10.73,10.56,-26.48,6.54,-0.08,0.1,-0.23,0.06,-63.08,102.68,-193.67,47.16
LGAV,LGKR,168,1.98,13.85,-18.8,18.28,0.05,0.06,-0.02,0.15,93.23,131.97,-35.02,231.94
LGAV,LGLM,65,-11.12,5.36,-14.08,-5.68,-0.07,0.12,-0.25,0.05,-66.82,110.45,-227.52,45.0
LGAV,LGMK,368,-7.66,15.51,-29.85,11.56,-0.0,0.09,-0.11,0.12,29.42,184.63,-173.86,295.56
LGAV,LGML,74,-8.11,5.87,-17.32,4.84,-0.05,0.05,-0.1,0.02,-33.33,29.79,-66.86,15.38
LGAV,LGMT,162,-6.11,7.1,-13.4,-0.61,0.0,0.06,-0.1,0.1,31.33,98.68,-92.78,235.09
LGAV,LGNX,150,-15.3,6.3,-23.6,-4.4,-0.06,0.06,-0.2,0.01,-46.1,54.22,-179.28,7.1
LGAV,LGPA,300,-10.06,7.19,-17.0,0.0,-0.05,0.05,-0.12,0.04,-44.95,43.75,-108.62,34.33
LGAV,LGPL,52,-23.32,6.6,-31.99,-12.12,0.0,0.04,-0.04,0.05,1.61,23.79,-28.17,32.5
LGAV,LGRP,219,-3.75,10.12,-24.0,14.88,-0.03,0.07,-0.13,0.06,-71.56,136.93,-273.39,159.84
LGAV,LGSA,264,-2.31,16.58,-30.7,19.08,-0.01,0.1,-0.19,0.12,24.86,175.53,-193.12,311.5
LGAV,LGSK,86,-5.08,24.99,-41.82,13.2,0.05,0.14,-0.11,0.22,46.07,124.02,-100.85,196.15
LGAV,LGSM,121,-44.5,10.76,-56.8,-25.5,-0.23,0.09,-0.32,-0.04,-205.91,78.85,-291.0,-52.4
LGAV,LGSR,643,0.31,11.25,-16.79,18.99,0.01,0.07,-0.09,0.12,41.64,143.11,-162.86,292.47
LGAV,LGTS,450,-40.11,25.59,-72.7,-0.2,-0.09,0.09,-0.2,0.06,-200.4,204.19,-477.84,153.72
LGAV,LGZA,86,19.08,11.39,5.4,38.33,-0.02,0.09,-0.17,0.14,-6.9,126.36,-161.8,235.1
LGAV,LIMC,168,-38.61,27.92,-69.99,12.49,-0.2,0.11,-0.35,-0.02,-482.43,252.63,-830.64,-59.51
LGAV,LIRF,268,-31.11,21.42,-57.4,9.26,-0.09,0.08,-0.21,0.02,-222.87,185.16,-527.1,46.7
LGAV,LLBG,229,-1.82,12.86,-21.52,21.6,0.02,0.07,-0.08,0.13,61.68,185.47,-204.98,360.0
LGAV,LOWW,119,8.33,67.33,-35.41,46.0,0.04,0.25,-0.07,0.13,100.81,591.49,-170.03,321.33
LGAV,LPPT,52,12.7,20.59,-10.78,49.73,0.04,0.08,-0.07,0.2,96.92,189.85,-159.38,460.0
LGAV,LROP,97,-39.33,13.16,-57.14,-16.9,-0.07,0.07,-0.15,0.03,-155.74,124.94,-300.72,65.28
LGAV,LSGG,62,7.6,19.73,-22.08,38.89,0.02,0.07,-0.1,0.12,61.6,161.47,-189.36,311.66
LGAV,LSZH,132,-2.31,36.87,-30.75,29.97,-0.04,0.13,-0.2,0.11,-90.98,329.69,-544.05,245.23
LGAV,LTFM,206,-24.03,17.02,-47.4,0.88,-0.02,0.07,-0.13,0.1,-95.79,280.74,-640.83,291.7
LGAV,LYBE,77,-31.56,27.42,-73.28,13.7,-0.05,0.09,-0.18,0.07,-109.87,185.81,-382.56,167.28
LGAV,OLBA,63,-6.47,9.79,-22.53,6.2,0.01,0.04,-0.04,0.07,16.86,93.25,-94.27,165.79
LGAV,OMDB,60,13.51,26.66,-18.6,52.82,0.18,0.11,0.01,0.37,1366.26,825.47,62.48,2881.12
LGAV,OTHH,91,18.59,19.0,-5.0,51.5,0.09,0.09,-0.02,0.25,295.89,314.19,-52.4,805.95
LGHI,LGAV,182,-3.87,12.76,-21.48,16.29,-0.03,0.11,-0.13,0.08,-22.9,101.5,-114.11,73.47
LGIK,LGAV,56,13.37,40.03,-4.1,31.58,0.07,0.46,-0.13,0.17,60.78,413.61,-116.35,155.73
LGIO,LGAV,56,-11.5,11.94,-23.68,7.25,-0.2,0.09,-0.33,-0.05,-184.4,85.12,-315.83,-83.45
LGIR,EBBR,77,-4.51,13.18,-18.8,24.6,-0.05,0.1,-0.2,0.1,-134.07,253.68,-500.0,242.0
LGIR,EDDB,53,5.97,11.47,-6.88,19.66,-0.0,0.07,-0.11,0.1,-2.49,170.4,-273.1,241.54
LGIR,EDDF,138,-21.22,21.66,-55.96,6.93,-0.1,0.09,-0.24,0.03,-252.17,232.5,-596.09,79.31
LGIR,EDDH,63,-39.99,13.08,-54.73,-16.42,-0.12,0.09,-0.24,0.02,-285.8,213.24,-609.39,42.56
LGIR,EDDL,133,-6.73,12.36,-24.1,16.54,-0.0,0.09,-0.13,0.12,0.43,210.99,-329.82,332.56
LGIR,EDDM,136,10.89,30.12,-5.82,35.22,-0.02,0.1,-0.13,0.11,-37.71,250.08,-307.75,283.65
LGIR,EDDS,89,-0.11,17.04,-24.26,31.72,0.02,0.11,-0.14,0.21,46.58,258.67,-333.32,500.4
LGIR,EGCC,83,9.33,11.54,-7.18,26.57,-0.03,0.1,-0.18,0.1,-66.51,269.16,-563.16,359.87
LGIR,EGKK,112,11.99,12.05,-2.79,34.32,0.11,0.12,-0.04,0.37,273.37,302.67,-89.56,916.19
LGIR,EHAM,65,16.15,12.55,-0.74,36.28,0.06,0.08,-0.06,0.2,152.84,209.81,-173.2,510.82
LGIR,LFPG,50,3.64,19.82,-20.37,27.05,0.08,0.07,-0.02,0.17,200.85,174.37,-60.77,412.37
LGIR,LFPO,90,3.76,10.8,-8.29,21.49,0.07,0.06,-0.03,0.17,176.71,150.63,-73.52,396.6
LGIR,LFRS,52,1.41,18.66,-19.44,30.17,0.03,0.11,-0.13,0.21,80.24,266.63,-316.88,506.43
LGIR,LGAV,336,7.13,11.65,-4.62,24.25,0.04,0.06,-0.05,0.13,100.5,150.38,-115.95,344.42
LGIR,LGTS,84,-2.79,14.44,-18.03,21.24,0.03,0.05,-0.06,0.11,62.97,129.73,-142.73,252.27
LGIR,LLBG,138,13.6,14.23,-6.4,36.5,0.03,0.07,-0.07,0.15,69.32,171.98,-167.3,367.86
LGIR,LOWW,100,8.6,19.13,-22.8,41.32,0.05,0.06,-0.05,0.13,115.59,163.91,-127.08,373.3
LGIR,LSZH,112,-1.71,20.04,-29.68,26.7,-0.02,0.13,-0.21,0.19,-38.31,313.9,-468.28,484.2
LGKF,EGCC,54,11.82,15.44,-7.05,39.55,-0.03,0.1,-0.15,0.16,-65.54,241.91,-397.19,373.31
LGKF,EGKK,69,13.09,14.18,-6.6,40.1,0.13,0.13,-0.06,0.34,303.11,303.42,-130.48,812.82
LGKF,LGAV,101,5.09,12.72,-13.4,25.8,-0.05,0.08,-0.21,0.07,-56.07,108.2,-222.2,114.2
LGKO,EDDL,59,-14.49,12.75,-29.1,6.5,-0.0,0.09,-0.15,0.11,-6.37,215.07,-364.61,301.66
LGKO,EGCC,79,-1.88,15.91,-29.92,20.13,-0.04,0.09,-0.16,0.14,-118.4,327.24,-417.7,346.17
LGKO,EGKK,79,-1.96,14.28,-20.72,22.57,0.04,0.1,-0.1,0.21,112.78,284.62,-249.92,559.99
LGKO,LGAV,157,15.19,9.88,4.86,34.92,0.03,0.07,-0.06,0.14,53.66,102.56,-68.46,230.52
LGKO,LSZH,52,-8.25,20.21,-44.1,20.42,-0.09,0.12,-0.26,0.11,-228.3,303.36,-648.3,272.92
LGKP,LGAV,64,14.52,10.32,2.34,32.29,-0.04,0.09,-0.17,0.08,-27.29,111.9,-149.24,73.6
LGKR,EDDL,43,-17.27,16.3,-48.89,1.63,-0.01,0.08,-0.1,0.1,-30.91,195.49,-229.84,229.76
LGKR,EGCC,109,7.7,12.17,-9.94,22.94,-0.01,0.09,-0.13,0.14,-16.82,275.73,-391.14,360.02
LGKR,EGKK,125,11.55,15.06,-7.32,38.66,0.12,0.13,-0.04,0.35,292.37,328.88,-98.6,847.78
LGKR,EGLL,69,7.07,12.46,-8.6,32.56,0.09,0.09,-0.06,0.24,227.91,223.05,-144.62,595.44
LGKR,EGSS,54,5.33,16.05,-11.3,25.41,0.03,0.1,-0.11,0.16,69.42,245.65,-272.39,364.64
LGKR,LGAV,164,-5.51,10.97,-19.38,12.24,-0.03,0.05,-0.11,0.06,-57.86,110.75,-249.84,134.01
LGLM,LGAV,65,-0.58,15.0,-16.76,19.24,-0.05,0.09,-0.17,0.1,-46.23,81.12,-160.2,90.68
LGMK,LGAV,379,10.39,15.7,0.5,24.88,0.06,0.1,-0.07,0.16,109.5,222.44,-162.09,336.37
LGMK,LIMC,51,-54.44,20.8,-80.1,-13.0,-0.25,0.07,-0.34,-0.13,-603.54,157.72,-801.8,-326.65
LGMK,LIRN,50,-21.33,27.34,-53.67,22.43,-0.07,0.09,-0.19,0.08,-165.1,215.41,-460.18,200.0
LGML,LGAV,73,6.24,8.25,-5.94,21.74,0.04,0.07,-0.08,0.14,26.57,43.92,-45.44,90.2
LGMT,LGAV,163,-2.07,28.13,-20.77,19.62,0.02,0.17,-0.15,0.12,36.64,185.16,-138.13,194.62
LGNX,LGAV,151,19.18,17.68,8.65,37.3,0.05,0.12,-0.1,0.21,34.52,82.49,-64.5,152.7
LGPA,LGAV,302,16.6,8.94,8.1,30.19,0.04,0.08,-0.04,0.19,36.4,70.85,-35.76,173.98
LGPL,LGAV,52,11.27,10.01,1.3,31.44,0.13,0.04,0.07,0.22,82.39,29.05,43.4,140.76
LGRP,EDDF,52,-25.03,17.49,-48.68,0.76,-0.12,0.1,-0.28,0.01,-299.63,261.2,-705.0,28.78
LGRP,EDDL,54,-8.95,11.33,-24.48,9.19,0.01,0.08,-0.12,0.14,21.04,207.05,-291.66,404.09
LGRP,EFHK,73,-2.8,11.34,-19.12,9.2,0.01,0.07,-0.11,0.12,22.18,181.84,-276.5,325.38
LGRP,EGBB,66,-17.74,21.4,-39.08,13.32,-0.1,0.14,-0.25,0.12,-238.68,318.76,-607.33,296.5
LGRP,EGCC,120,0.72,13.47,-21.34,20.48,-0.04,0.09,-0.2,0.11,-131.2,293.01,-684.54,296.86
LGRP,EGGD,57,7.07,18.27,-15.28,35.92,0.0,0.12,-0.2,0.18,3.46,286.85,-484.0,445.6
LGRP,EGKK,140,3.99,14.24,-13.86,29.94,0.07,0.14,-0.11,0.3,183.02,354.58,-275.46,762.73
LGRP,EGSS,63,-1.48,13.67,-20.15,22.99,0.0,0.1,-0.17,0.16,3.72,238.1,-399.63,332.79
LGRP,LGAV,220,16.34,14.69,7.39,35.03,0.07,0.08,-0.02,0.16,170.6,170.5,-45.69,391.86
LGRP,LKPR,59,-21.11,8.57,-33.03,-5.69,-0.1,0.09,-0.22,0.05,-245.83,205.76,-514.06,111.5
LGRP,LLBG,122,16.15,25.95,-33.37,45.27,0.03,0.09,-0.13,0.16,77.98,229.22,-320.0,415.32
LGRP,LOWW,59,5.51,20.14,-19.5,41.22,0.04,0.07,-0.07,0.15,94.94,175.52,-168.7,420.85
LGSA,EFHK,77,-13.97,10.78,-33.6,2.84,-0.04,0.07,-0.14,0.06,-89.74,162.81,-359.4,133.14
LGSA,EGKK,64,13.59,18.51,-12.53,48.12,0.12,0.13,-0.07,0.39,284.81,330.63,-164.53,939.67
LGSA,LGAV,264,-19.25,18.19,-43.78,0.31,-0.09,0.08,-0.17,0.01,-186.34,194.32,-424.9,12.65
LGSK,LGAV,84,-2.88,20.81,-27.78,32.11,-0.04,0.1,-0.21,0.11,-34.93,102.2,-190.56,92.3
LGSM,LGAV,122,-15.21,11.44,-27.9,5.16,-0.1,0.08,-0.2,0.03,-88.27,92.02,-180.38,29.68
LGSR,EGKK,76,14.54,18.99,-7.93,45.45,0.1,0.13,-0.06,0.32,259.89,317.75,-134.35,809.05
LGSR,LGAV,648,5.51,15.43,-12.6,29.13,0.06,0.09,-0.06,0.17,105.63,174.5,-95.41,342.67
LGTS,EDDB,57,0.74,9.16,-13.44,14.74,0.03,0.06,-0.06,0.1,59.58,136.28,-149.42,247.18
LGTS,EDDF,59,-15.94,23.45,-48.42,8.88,-0.12,0.1,-0.25,0.02,-291.93,246.9,-643.3,39.86
LGTS,EDDL,66,-12.31,20.0,-32.28,19.05,0.02,0.08,-0.08,0.14,46.96,193.11,-166.92,304.6
LGTS,EDDM,90,4.32,12.12,-12.72,23.61,-0.04,0.06,-0.13,0.07,-87.07,137.67,-281.66,153.36
LGTS,EDDS,65,1.29,11.84,-13.94,19.18,0.04,0.07,-0.07,0.16,107.26,178.05,-183.14,392.26
LGTS,EGKK,86,0.38,16.09,-22.92,28.58,0.09,0.13,-0.08,0.33,231.83,312.71,-193.9,811.32
LGTS,LCLK,94,-3.78,14.66,-26.45,15.82,0.03,0.06,-0.06,0.12,65.78,133.59,-142.17,289.42
LGTS,LGAV,426,-0.87,28.56,-33.0,34.55,-0.04,0.13,-0.17,0.1,-91.18,301.72,-385.12,258.85
LGTS,LGIR,85,-5.44,21.91,-24.94,12.68,-0.06,0.1,-0.21,0.03,-148.82,237.08,-482.34,83.42
LGTS,LLBG,64,-2.9,14.89,-26.94,22.59,-0.04,0.08,-0.17,0.08,-96.7,188.16,-400.0,201.05
LGTS,LOWW,76,7.93,17.11,-15.9,42.4,0.04,0.05,-0.05,0.12,89.18,112.36,-125.0,254.58
LGTS,LSZH,57,1.77,14.78,-25.54,25.36,0.01,0.1,-0.16,0.16,11.63,228.18,-414.36,334.82
LGTS,LTFM,60,-4.84,13.26,-23.48,20.05,-0.03,0.06,-0.1,0.05,-85.53,158.11,-260.0,130.5
LGZA,EGCC,60,14.47,13.49,-3.92,34.77,-0.01,0.09,-0.16,0.15,-22.4,250.16,-411.17,382.63
LGZA,EGKK,51,17.29,13.87,-1.5,39.75,0.17,0.12,0.03,0.36,409.42,293.17,67.05,900.0
LGZA,EHAM,57,16.51,13.53,-0.68,36.28,0.04,0.06,-0.07,0.14,92.38,147.24,-158.16,324.16
LGZA,LGAV,87,-10.41,16.19,-23.97,17.19,-0.07,0.09,-0.17,0.06,-89.33,104.39,-322.17,49.05
LHBP,EBBR,50,6.91,15.69,-6.89,24.35,-0.01,0.08,-0.12,0.09,-19.01,166.84,-266.39,201.86
LHBP,EBCI,57,-22.6,11.64,-38.8,1.96,-0.02,0.06,-0.1,0.09,-42.05,157.43,-251.74,214.72
LHBP,EDDB,65,3.36,10.07,-11.82,19.0,0.01,0.06,-0.06,0.08,26.56,135.26,-145.76,197.46
LHBP,EDDF,130,-13.96,17.86,-45.46,6.3,-0.12,0.09,-0.29,-0.0,-309.1,228.57,-730.1,-1.45
LHBP,EDDM,111,14.34,16.69,-7.25,43.8,-0.04,0.07,-0.15,0.08,-82.05,170.63,-343.7,203.15
LHBP,EFHK,57,1.25,10.72,-18.58,16.38,0.03,0.06,-0.05,0.11,61.75,133.17,-114.42,266.54
LHBP,EGGW,92,0.16,15.18,-19.84,25.74,0.08,0.08,-0.05,0.2,199.23,195.59,-119.21,497.52
LHBP,EGLL,107,18.06,13.53,1.1,38.34,0.23,0.12,0.05,0.44,506.68,263.42,110.66,970.53
LHBP,EGSS,119,10.29,10.09,-2.32,29.63,0.1,0.06,-0.0,0.2,222.8,138.38,-1.05,452.07
LHBP,EHAM,144,14.19,9.28,2.42,31.63,0.07,0.07,-0.03,0.17,165.06,158.65,-59.07,410.09
LHBP,EKCH,51,-19.96,11.59,-36.55,0.5,-0.11,0.06,-0.21,-0.02,-247.2,130.17,-447.8,-45.35
LHBP,EPWA,143,-12.2,15.69,-29.99,16.39,-0.02,0.06,-0.11,0.09,-37.24,119.43,-227.32,173.74
LHBP,LEBL,76,-3.97,10.51,-22.1,13.32,0.01,0.09,-0.11,0.13,28.73,216.93,-278.08,349.38
LHBP,LEMD,66,1.01,17.72,-14.05,16.05,0.0,0.09,-0.13,0.17,7.83,217.13,-299.5,437.12
LHBP,LFPG,89,5.47,14.26,-11.86,33.36,0.06,0.09,-0.11,0.21,134.71,216.36,-273.48,470.3
LHBP,LFSB,50,-22.51,16.01,-45.76,4.32,0.02,0.06,-0.1,0.11,42.96,152.59,-239.37,264.08
LHBP,LIMC,63,-49.28,12.45,-66.35,-33.15,-0.19,0.06,-0.28,-0.08,-519.53,171.16,-787.42,-237.31
LHBP,LIME,51,-38.52,20.61,-61.15,-5.05,-0.05,0.08,-0.15,0.05,-123.96,184.32,-335.0,104.0
LHBP,LKPR,55,-10.19,10.68,-28.66,6.48,-0.02,0.05,-0.09,0.07,-34.36,160.37,-271.6,252.44
LHBP,LLBG,118,-8.88,14.35,-32.79,14.87,0.02,0.08,-0.1,0.14,45.34,191.12,-245.28,328.25
LHBP,LOWW,91,20.4,17.61,-1.7,60.15,0.07,0.07,-0.03,0.19,129.84,125.93,-60.0,338.75
LHBP,LSZH,65,15.98,10.39,-2.3,29.2,0.05,0.09,-0.11,0.22,95.95,195.53,-237.06,467.84
LHBP,LTFM,129,-43.07,22.27,-69.46,-2.7,-0.03,0.09,-0.13,0.1,-111.19,316.08,-435.04,247.84
LHBP,LYBE,63,-7.88,13.34,-26.01,18.97,0.01,0.06,-0.07,0.14,-3.06,112.48,-70.23,122.3
LHBP,OMDB,74,1.43,21.62,-31.8,40.41,0.17,0.14,-0.05,0.45,949.77,1100.91,-103.32,3328.31
LIBD,EDDM,60,9.79,19.93,-8.92,33.4,0.01,0.08,-0.11,0.11,25.62,141.35,-192.72,204.0
LIBD,EGKK,53,15.64,33.01,-7.66,48.56,0.2,0.15,0.02,0.52,502.29,390.52,41.38,1228.92
LIBD,LATI,60,-11.97,27.12,-48.21,20.19,0.0,0.11,-0.16,0.13,9.89,293.61,-390.87,377.17
LIBD,LIMC,130,-55.52,32.91,-93.5,-4.1,-0.2,0.15,-0.34,-0.02,-466.66,346.17,-827.19,-44.0
LIBD,LIME,95,-21.24,29.97,-68.53,2.48,-0.04,0.1,-0.18,0.09,-89.94,231.48,-421.39,206.98
LIBD,LIMF,50,3.36,26.8,-12.16,11.07,0.02,0.07,-0.04,0.07,47.73,178.45,-100.5,156.28
LIBD,LIML,169,-10.69,13.05,-37.18,8.18,-0.01,0.07,-0.1,0.07,-16.57,159.04,-214.46,148.46
LIBD,LIPE,60,-3.4,28.51,-38.41,8.67,0.04,0.19,-0.06,0.13,97.09,453.62,-152.96,280.32
LIBD,LIPZ,60,-22.65,18.89,-47.65,8.42,-0.1,0.07,-0.17,0.03,-229.63,159.09,-413.5,80.06
LIBD,LIRF,201,-36.83,20.42,-62.4,-1.7,-0.11,0.08,-0.23,0.02,-252.57,184.95,-561.5,52.0
LIBP,LIME,52,-23.32,11.3,-34.68,-1.94,-0.07,0.05,-0.15,-0.0,-159.81,102.94,-344.3,-2.2
LIBR,LIMC,107,-47.47,28.74,-76.08,0.34,-0.17,0.15,-0.31,-0.01,-403.66,365.34,-720.77,-31.34
LIBR,LIME,106,-18.43,22.27,-55.98,2.55,-0.03,0.09,-0.16,0.09,-56.68,199.27,-344.05,202.7
LIBR,LIML,87,-0.91,10.32,-18.47,17.71,0.01,0.08,-0.1,0.08,15.0,157.68,-190.19,194.5
LIBR,LIPE,72,-8.29,15.98,-37.92,1.96,0.0,0.06,-0.09,0.1,6.09,141.71,-202.52,241.67
LIBR,LIRF,145,-37.4,32.15,-64.46,0.28,-0.09,0.1,-0.2,0.02,-225.91,229.66,-479.42,40.36
LIBR,LSZH,61,-4.49,16.8,-26.3,22.8,0.01,0.08,-0.1,0.14,9.02,175.36,-287.0,336.5
LICA,LIMC,152,-50.28,24.83,-78.89,1.78,-0.24,0.11,-0.37,-0.05,-569.46,264.94,-880.0,-129.16
LICA,LIME,77,-8.29,12.12,-16.84,15.3,-0.0,0.1,-0.09,0.1,-1.96,221.65,-209.0,243.6
LICA,LIML,89,-0.06,12.34,-14.14,17.38,-0.01,0.07,-0.08,0.11,-16.95,166.16,-208.36,255.66
LICA,LIPE,51,-6.26,13.13,-27.2,15.1,0.0,0.06,-0.08,0.11,1.16,147.46,-180.0,237.35
LICA,LIRF,90,-43.27,22.78,-68.11,-3.66,-0.12,0.08,-0.21,0.0,-286.06,200.16,-524.38,0.0
LICC,EDDM,85,8.11,11.88,-3.64,27.96,-0.07,0.09,-0.21,0.07,-166.15,219.33,-521.08,154.38
LICC,EGKK,90,10.86,17.21,-16.86,33.86,0.14,0.13,-0.02,0.39,363.07,330.01,-56.98,962.85
LICC,LIMC,279,-56.54,22.39,-86.32,-7.4,-0.22,0.1,-0.32,-0.07,-520.78,237.39,-791.61,-144.03
LICC,LIME,105,-21.97,16.32,-48.62,-7.34,-0.01,0.1,-0.12,0.1,-29.13,224.14,-275.0,241.04
LICC,LIMF,78,-9.27,11.47,-36.33,3.07,-0.02,0.06,-0.12,0.06,-58.38,141.35,-280.0,144.0
LICC,LIML,264,-1.57,9.88,-13.9,9.38,-0.0,0.07,-0.08,0.1,-2.39,157.94,-208.3,220.0
LICC,LIPE,147,-17.34,18.0,-53.25,3.47,-0.02,0.07,-0.12,0.1,-43.96,167.84,-280.0,238.2
LICC,LIPX,96,-11.64,13.21,-28.45,4.55,-0.0,0.06,-0.07,0.09,-9.9,142.48,-172.85,238.0
LICC,LIPZ,121,-20.74,14.41,-38.5,2.4,-0.07,0.05,-0.15,0.0,-179.21,125.26,-360.0,0.0
LICC,LIRF,470,-51.76,21.77,-77.05,-11.58,-0.12,0.08,-0.23,0.0,-305.32,190.92,-583.3,1.74
LICC,LIRN,127,-29.11,19.39,-52.48,0.47,-0.08,0.08,-0.19,0.07,-190.33,188.69,-458.3,176.0
LICC,LIRP,60,-20.26,13.67,-47.29,-5.98,-0.01,0.06,-0.09,0.07,-26.73,129.75,-221.37,165.23
LICC,LMML,142,12.78,16.96,-14.28,38.04,0.02,0.06,-0.06,0.12,51.82,146.27,-139.24,297.5
LICJ,LFPO,62,5.85,10.92,-8.9,25.87,0.06,0.06,-0.01,0.14,142.5,134.65,-23.6,348.56
LICJ,LIMC,213,-45.54,23.33,-66.02,0.24,-0.23,0.1,-0.33,-0.07,-537.32,241.19,-792.82,-160.0
LICJ,LIME,107,-13.57,9.28,-27.11,1.21,-0.04,0.06,-0.1,0.03,-84.6,138.88,-240.0,77.0
LICJ,LIMF,69,5.47,6.72,-4.58,13.62,0.01,0.15,-0.07,0.09,37.34,378.57,-160.0,224.0
LICJ,LIML,196,3.33,9.61,-6.52,12.1,-0.02,0.06,-0.08,0.05,-39.19,151.18,-186.42,125.0
LICJ,LIPE,81,-7.12,11.3,-25.9,6.0,-0.01,0.06,-0.08,0.07,-34.9,126.36,-200.0,140.0
LICJ,LIPX,86,-9.12,8.66,-19.08,2.05,-0.02,0.06,-0.08,0.04,-54.65,143.17,-200.0,89.0
LICJ,LIPZ,103,-18.86,14.31,-32.95,5.99,-0.07,0.07,-0.15,0.05,-165.08,158.55,-360.0,124.5
LICJ,LIRF,510,-32.92,20.67,-59.8,3.85,-0.13,0.08,-0.25,0.02,-310.85,200.75,-585.16,44.78
LICJ,LIRN,110,-23.92,25.17,-56.06,12.08,-0.09,0.09,-0.2,0.08,-212.7,204.74,-458.4,184.91
LICJ,LIRP,59,-6.53,7.6,-21.77,3.54,0.01,0.05,-0.06,0.08,27.29,111.43,-135.64,186.5
LICJ,LSZH,68,-6.0,15.32,-26.26,18.74,-0.03,0.08,-0.13,0.11,-73.54,185.28,-320.41,285.58
LICR,LIML,60,-6.59,6.07,-15.42,4.63,-0.03,0.09,-0.12,0.08,-59.75,206.17,-260.36,185.7
LICR,LIRF,56,-49.19,20.77,-73.2,-9.85,-0.16,0.07,-0.25,-0.04,-361.29,164.26,-583.3,-91.35
LICT,LIPE,60,-13.3,9.54,-27.6,-1.93,-0.03,0.05,-0.1,0.05,-59.18,120.6,-240.0,122.0
LIEA,LIMC,57,-49.69,23.97,-80.14,-2.58,-0.21,0.15,-0.34,-0.08,-508.17,361.47,-808.0,-181.14
LIEA,LIML,90,-5.97,16.56,-32.57,21.3,-0.07,0.05,-0.14,0.03,-178.24,136.11,-334.84,79.3
LIEA,LIPE,55,-24.05,18.62,-58.01,4.03,-0.06,0.08,-0.15,0.06,-138.56,174.7,-332.0,144.0
LIEA,LIRF,89,-23.73,20.56,-47.72,6.9,-0.14,0.06,-0.23,-0.05,-333.74,143.82,-544.0,-120.0
LIEE,LIMC,81,-40.53,16.07,-59.9,-8.0,-0.21,0.09,-0.3,-0.07,-528.5,248.12,-791.6,-160.0
LIEE,LIME,100,-19.47,9.98,-33.33,-3.4,-0.07,0.09,-0.15,0.0,-148.19,204.4,-361.0,5.82
LIEE,LIMF,54,4.81,8.69,-2.84,21.46,-0.01,0.07,-0.08,0.06,-17.48,168.2,-200.0,132.24
LIEE,LIML,186,2.63,9.86,-8.62,18.6,-0.02,0.05,-0.09,0.08,-40.81,127.43,-231.4,185.27
LIEE,LIPE,63,-5.02,13.56,-25.25,16.04,-0.01,0.08,-0.1,0.11,-13.8,176.51,-238.87,275.0
LIEE,LIPX,76,-7.96,12.16,-27.25,10.42,-0.05,0.06,-0.14,0.04,-109.93,138.24,-330.0,95.0
LIEE,LIPZ,56,-21.72,18.46,-45.78,6.12,-0.12,0.07,-0.23,0.0,-288.37,165.38,-556.7,0.0
LIEE,LIRA,52,-14.93,9.76,-27.69,2.69,-0.01,0.07,-0.12,0.12,-33.86,172.82,-280.0,283.25
LIEE,LIRF,232,-38.12,20.05,-64.74,-4.08,-0.13,0.06,-0.22,-0.01,-315.15,164.88,-568.4,-29.57
LIEE,LIRP,60,-14.96,20.62,-49.33,14.14,-0.01,0.07,-0.14,0.09,-32.0,162.77,-327.4,207.87
LIEO,EDDM,69,-12.1,13.53,-28.36,7.98,-0.1,0.07,-0.2,0.01,-230.66,174.59,-528.78,37.34
LIEO,EGKK,52,9.92,13.71,-2.16,33.28,0.13,0.12,0.0,0.32,302.93,264.33,-0.08,757.74
LIEO,LIMC,116,-52.57,20.59,-92.4,-9.28,-0.24,0.09,-0.33,-0.11,-587.21,209.31,-833.32,-267.88
LIEO,LIME,61,-26.94,24.06,-46.4,1.4,-0.09,0.13,-0.22,0.01,-217.09,312.34,-500.0,35.5
LIEO,LIML,118,-24.83,25.03,-52.34,16.62,-0.12,0.09,-0.23,0.03,-284.17,226.85,-560.0,80.0
LIEO,LIPX,86,-22.38,16.23,-41.98,8.75,-0.06,0.05,-0.13,0.03,-139.16,123.96,-333.4,73.22
LIEO,LIRF,174,-30.27,23.27,-70.01,14.04,-0.14,0.07,-0.23,-0.04,-346.1,169.57,-580.12,-106.05
LIEO,LIRN,53,-40.4,50.72,-80.12,23.04,-0.06,0.18,-0.22,0.22,-156.52,452.08,-558.38,552.74
LIMC,DTTA,56,7.02,15.8,-20.8,33.52,0.07,0.07,-0.03,0.19,169.93,154.27,-62.78,421.62
LIMC,EBBR,51,-7.75,12.87,-25.45,12.0,-0.04,0.06,-0.14,0.03,-97.02,141.58,-312.3,72.1
LIMC,EBLG,65,-70.06,18.2,-95.48,-36.14,-0.3,0.14,-0.5,-0.12,-352.5,91.51,-465.0,-185.66
LIMC,EDDF,153,-62.09,20.34,-90.06,-32.1,-0.29,0.08,-0.38,-0.19,-706.56,184.73,-931.12,-462.18
LIMC,EDDK,60,-25.39,15.45,-47.86,1.42,-0.08,0.1,-0.24,0.06,-196.87,236.86,-562.86,126.13
LIMC,EDDL,63,-34.43,19.67,-54.45,4.61,-0.07,0.09,-0.2,0.11,-151.64,217.97,-458.61,285.28
LIMC,EDDM,130,-7.73,18.04,-40.27,18.83,-0.09,0.06,-0.18,0.01,-171.87,111.79,-330.05,21.3
LIMC,EDDP,100,-55.21,29.34,-94.05,-20.77,-0.12,0.1,-0.26,0.02,-493.89,554.28,-1335.07,64.49
LIMC,EFHK,59,-13.12,18.56,-49.22,10.3,0.03,0.07,-0.1,0.14,73.14,200.05,-279.59,379.85
LIMC,EGCC,87,11.02,11.54,-0.82,26.73,0.06,0.08,-0.04,0.17,134.9,186.42,-97.86,406.47
LIMC,EGKK,199,15.24,11.72,-0.01,36.72,0.15,0.13,0.01,0.41,349.81,310.48,13.4,956.27
LIMC,EGLL,103,10.45,16.14,-4.18,37.26,0.16,0.1,0.04,0.35,379.53,248.33,98.13,848.7
LIMC,EGSS,105,-3.78,17.72,-31.6,22.16,0.08,0.09,-0.07,0.23,167.9,235.28,-256.66,541.5
LIMC,EHAM,170,5.05,16.4,-30.11,27.72,0.06,0.07,-0.05,0.16,148.09,158.46,-122.11,395.5
LIMC,EKCH,139,-31.92,18.23,-57.93,0.05,-0.14,0.07,-0.24,-0.01,-326.7,168.45,-593.81,-25.32
LIMC,ELLX,79,-22.02,15.63,-42.02,0.89,-0.05,0.06,-0.13,0.04,-76.83,110.56,-294.06,75.68
LIMC,ENGM,60,-47.29,19.58,-73.58,-19.16,-0.15,0.09,-0.29,0.0,-331.95,212.06,-667.66,11.02
LIMC,EPWA,77,-20.74,18.98,-48.14,13.22,-0.0,0.08,-0.13,0.11,-4.29,159.94,-234.5,226.48
LIMC,GMMN,51,4.41,14.0,-11.15,30.05,0.06,0.09,-0.06,0.2,135.87,206.45,-145.65,490.7
LIMC,HECA,92,25.97,13.8,5.76,50.03,0.13,0.1,0.02,0.26,365.93,317.49,45.43,988.01
LIMC,HESH,67,21.14,17.69,-12.97,45.15,0.09,0.1,-0.06,0.21,223.95,269.89,-148.41,598.23
LIMC,KJFK,166,7.43,17.11,-12.05,42.6,0.09,0.12,-0.05,0.31,751.64,1262.49,-343.62,2868.35
LIMC,LATI,114,-13.02,19.06,-32.8,18.24,-0.02,0.1,-0.19,0.12,-47.97,259.45,-486.72,281.18
LIMC,LEBL,310,-1.4,14.87,-21.93,22.93,-0.02,0.08,-0.15,0.12,-40.79,222.96,-369.72,321.06
LIMC,LEIB,108,-14.77,21.84,-41.3,22.24,-0.04,0.08,-0.16,0.08,-94.34,213.08,-431.72,209.91
LIMC,LEMD,205,0.56,11.6,-16.7,16.68,0.02,0.06,-0.08,0.13,55.93,203.09,-224.0,357.32
LIMC,LEMG,87,-5.09,12.72,-28.38,15.9,0.07,0.06,-0.03,0.18,159.99,149.28,-69.57,413.22
LIMC,LEPA,102,-5.49,12.69,-24.8,16.58,0.01,0.07,-0.09,0.13,22.75,171.05,-205.24,320.35
LIMC,LFPG,329,6.86,16.16,-7.78,39.66,0.04,0.07,-0.06,0.16,125.94,241.55,-143.6,539.04
LIMC,LFPO,77,2.18,15.34,-13.94,26.72,0.07,0.07,-0.03,0.17,198.12,202.52,-81.66,478.76
LIMC,LGAV,191,-1.55,55.01,-19.1,28.7,0.01,0.15,-0.11,0.15,39.69,374.83,-262.1,379.3
LIMC,LGMK,57,8.36,19.46,-16.14,35.62,0.02,0.08,-0.09,0.14,42.97,192.08,-203.5,336.4
LIMC,LHBP,57,-13.77,18.84,-38.54,6.08,0.02,0.06,-0.05,0.09,49.62,183.69,-140.48,229.1
LIMC,LIBD,128,-2.31,35.53,-35.08,29.11,-0.02,0.14,-0.15,0.11,-34.98,342.98,-363.06,259.77
LIMC,LIBR,104,12.72,15.03,-9.67,35.43,0.04,0.07,-0.06,0.14,88.02,167.87,-155.5,342.14
LIMC,LICA,151,4.09,21.35,-23.85,33.7,-0.0,0.09,-0.12,0.13,-3.28,221.6,-283.5,292.5
LIMC,LICC,274,-43.28,22.88,-77.37,-1.63,-0.01,0.08,-0.13,0.12,-32.18,180.64,-310.04,284.06
LIMC,LICJ,206,-8.7,19.7,-40.7,19.42,-0.05,0.08,-0.17,0.07,-121.8,198.8,-416.7,156.68
LIMC,LIEA,55,-1.53,13.09,-16.39,22.49,-0.03,0.08,-0.12,0.1,-68.39,187.84,-280.21,233.12
LIMC,LIEE,79,-4.38,19.71,-35.45,32.53,-0.08,0.08,-0.2,0.07,-183.62,195.52,-500.0,163.33
LIMC,LIEO,116,-60.45,20.77,-83.15,-19.27,-0.24,0.09,-0.35,-0.06,-575.91,224.76,-875.0,-148.98
LIMC,LIRN,203,-21.33,21.93,-47.65,5.72,-0.07,0.13,-0.2,0.08,-174.83,298.77,-500.0,199.74
LIMC,LKPR,101,-15.87,14.36,-39.0,7.1,-0.01,0.06,-0.12,0.05,-30.21,137.75,-291.7,125.0
LIMC,LLBG,103,12.3,14.65,-9.42,36.45,0.04,0.08,-0.1,0.17,93.86,205.37,-263.32,424.16
LIMC,LOWW,163,5.8,16.82,-16.61,38.39,0.07,0.06,-0.02,0.17,136.81,120.92,-30.0,330.0
LIMC,LPPR,61,-12.94,15.57,-32.0,13.2,-0.01,0.07,-0.1,0.1,-32.49,164.32,-250.0,240.0
LIMC,LPPT,185,-2.1,18.66,-30.94,30.7,0.05,0.08,-0.08,0.2,118.22,207.52,-208.38,498.38
LIMC,LSZH,88,-44.89,21.44,-76.69,-7.16,-0.12,0.13,-0.31,0.07,-413.01,470.77,-1358.79,139.72
LIMC,LTFM,136,-13.15,21.45,-31.62,12.28,-0.0,0.12,-0.12,0.13,-48.68,445.39,-705.82,537.25
LIMC,OMDB,60,23.72,28.19,-9.99,51.42,0.26,0.1,0.09,0.4,3113.1,1230.02,1084.03,4767.5
LIMC,OTHH,114,32.67,26.23,1.37,77.44,0.13,0.08,0.01,0.26,842.79,589.3,54.91,1801.22
LIMC,RKSI,30,7.24,14.06,-7.16,28.44,0.04,0.06,-0.05,0.13,294.89,450.92,-386.52,1038.8
LIME,EBCI,72,-61.73,18.08,-87.0,-31.31,-0.15,0.06,-0.23,-0.04,-348.25,138.38,-561.8,-93.75
LIME,EDDK,69,18.81,20.97,-1.26,49.3,0.1,0.1,-0.01,0.25,402.26,503.55,-32.42,1188.62
LIME,EGSS,117,-3.8,14.35,-28.06,19.32,0.07,0.07,-0.03,0.19,152.99,177.22,-77.3,475.92
LIME,EIDW,64,-23.54,18.38,-51.07,10.34,-0.07,0.1,-0.24,0.06,-166.27,230.05,-564.59,139.2
LIME,EKCH,53,9.03,10.62,-10.18,25.12,-0.03,0.05,-0.1,0.06,-56.89,116.31,-212.92,132.42
LIME,LATI,96,-20.92,16.72,-38.75,10.7,-0.01,0.07,-0.09,0.08,-25.55,168.97,-218.72,198.23
LIME,LBSF,63,-12.35,23.09,-44.75,17.27,-0.03,0.07,-0.14,0.06,-61.7,162.98,-353.47,158.23
LIME,LEBL,86,0.03,13.2,-17.95,25.32,-0.01,0.07,-0.11,0.11,-16.07,169.79,-258.7,261.5
LIME,LEIB,72,-15.43,20.47,-50.36,11.51,-0.02,0.09,-0.12,0.08,-55.0,188.49,-265.82,174.36
LIME,LHBP,51,-3.26,12.0,-20.15,17.7,0.02,0.06,-0.08,0.1,51.3,133.87,-174.4,226.65
LIME,LIBD,95,-11.94,25.59,-42.33,30.74,-0.03,0.1,-0.16,0.16,-61.6,219.24,-344.6,326.68
LIME,LIBP,51,-3.41,6.8,-14.05,6.35,-0.02,0.04,-0.08,0.03,-53.91,83.81,-195.0,68.9
LIME,LIBR,106,9.6,27.96,-15.2,36.48,0.02,0.09,-0.08,0.13,50.23,203.28,-195.52,312.7
LIME,LICA,77,14.36,16.39,-3.7,41.86,0.03,0.08,-0.08,0.18,57.57,174.54,-177.2,393.28
LIME,LICC,105,-32.23,24.38,-57.26,13.32,0.01,0.09,-0.13,0.17,16.09,203.52,-297.6,372.0
LIME,LICJ,105,3.14,12.32,-17.82,25.0,-0.01,0.07,-0.1,0.06,-31.34,176.88,-240.0,134.96
LIME,LIEE,100,-2.25,18.67,-38.54,32.3,-0.03,0.06,-0.13,0.07,-78.36,144.8,-321.5,141.0
LIME,LIEO,61,-52.32,24.4,-79.9,-14.2,-0.21,0.11,-0.38,-0.03,-499.09,261.76,-880.0,-73.3
LIME,LIRF,66,-26.58,21.27,-50.18,2.95,-0.13,0.09,-0.24,-0.02,-111.08,142.24,-217.5,-20.18
LIME,LIRN,96,-21.74,17.83,-43.92,3.98,-0.06,0.08,-0.15,0.07,-139.67,182.76,-360.0,145.0
LIME,LOWW,60,24.99,10.86,12.56,41.1,0.06,0.04,-0.0,0.12,143.42,95.16,-1.75,291.7
LIME,LPPT,65,4.53,13.87,-11.56,36.54,0.07,0.07,-0.02,0.18,157.08,168.58,-41.7,440.0
LIME,LRCL,65,8.62,11.53,-4.4,23.58,0.03,0.06,-0.03,0.09,80.57,139.89,-55.9,239.06
LIME,LROP,96,-18.7,13.77,-35.85,5.0,-0.04,0.06,-0.14,0.03,-93.63,149.9,-343.8,73.32
LIME,LTFJ,80,7.25,32.6,-28.09,60.36,0.02,0.14,-0.13,0.32,47.6,361.8,-320.0,794.11
LIMF,EDDF,66,-32.67,18.06,-64.9,-3.32,-0.19,0.07,-0.27,-0.11,-360.64,130.11,-548.3,-207.12
LIMF,EDDM,69,-6.04,12.51,-26.0,10.88,-0.09,0.07,-0.18,0.01,-168.94,117.22,-330.6,13.5
LIMF,EHAM,50,-2.07,20.26,-31.93,33.31,0.1,0.07,-0.01,0.21,203.35,161.96,-23.37,469.9
LIMF,LEMD,69,-15.83,16.81,-42.96,7.8,-0.07,0.08,-0.18,0.06,-149.22,169.07,-410.64,119.98
LIMF,LFPG,83,-2.15,19.71,-22.49,33.73,0.15,0.07,0.04,0.25,296.24,132.1,85.39,516.6
LIMF,LIBD,50,-7.86,24.68,-40.46,20.0,-0.04,0.08,-0.17,0.06,-91.3,195.77,-400.38,138.8
LIMF,LICC,77,-25.59,23.74,-54.36,15.3,-0.01,0.08,-0.12,0.15,-21.43,194.75,-299.76,368.0
LIMF,LICJ,68,15.05,14.75,-8.66,46.98,-0.0,0.07,-0.1,0.12,-4.73,161.23,-240.0,280.0
LIMF,LIEE,54,4.45,19.71,-31.7,37.18,-0.07,0.09,-0.19,0.03,-152.08,196.98,-440.0,80.0
LIMF,LIRF,107,-32.95,12.37,-44.57,-0.56,-0.09,0.08,-0.21,0.03,-212.16,193.48,-505.95,75.61
LIMF,LIRN,69,-21.84,17.09,-40.14,7.9,-0.1,0.09,-0.2,0.07,-240.41,211.83,-480.0,176.7
LIMJ,LIRF,111,-29.48,16.7,-43.95,2.55,-0.03,0.08,-0.17,0.12,-82.6,183.1,-410.7,221.7
LIML,EBBR,150,-19.43,21.85,-46.43,13.82,-0.08,0.08,-0.17,0.04,-165.55,177.94,-366.7,88.25
LIML,EDDB,79,8.99,12.87,-11.88,29.17,0.02,0.05,-0.08,0.11,51.36,126.42,-195.74,246.58
LIML,EDDF,196,-20.73,30.68,-51.62,39.28,-0.16,0.13,-0.28,0.1,-360.01,292.7,-689.3,241.85
LIML,EDDM,58,0.43,12.42,-19.79,19.29,-0.1,0.05,-0.17,-0.02,-173.68,93.27,-311.8,-29.2
LIML,EGLL,189,-1.48,16.0,-23.5,24.58,0.12,0.1,-0.01,0.31,291.98,243.08,-32.22,732.66
LIML,EHAM,208,-0.01,16.26,-25.6,20.09,0.05,0.07,-0.08,0.16,119.51,178.44,-166.96,382.49
LIML,LEMD,89,-31.37,13.43,-45.82,-2.22,-0.03,0.07,-0.13,0.08,-79.12,176.24,-306.7,233.3
LIML,LFPG,251,1.23,13.98,-28.0,27.25,0.04,0.06,-0.05,0.15,86.93,143.03,-131.85,326.35
LIML,LFPO,127,2.44,10.71,-13.96,19.71,0.01,0.07,-0.09,0.11,10.71,157.36,-215.61,253.85
LIML,LIBD,169,13.75,13.13,-6.98,39.02,0.03,0.06,-0.08,0.12,52.7,131.01,-170.36,252.88
LIML,LIBR,87,5.64,15.7,-15.25,28.43,0.02,0.07,-0.08,0.12,47.49,143.12,-202.3,248.7
LIML,LICA,89,13.49,13.5,-0.26,32.26,0.02,0.07,-0.08,0.13,35.18,167.12,-198.34,293.36
LIML,LICC,263,-33.28,20.6,-64.19,3.39,0.0,0.08,-0.12,0.12,-1.71,180.36,-290.58,291.69
LIML,LICJ,198,10.2,9.76,-2.59,28.1,0.06,0.07,-0.04,0.16,145.98,156.95,-87.39,375.75
LIML,LICR,60,4.52,13.89,-0.3,8.48,-0.06,0.1,-0.14,0.04,-132.41,210.28,-301.36,78.75
LIML,LIEA,91,-20.08,8.73,-24.25,-0.75,-0.08,0.05,-0.16,0.02,-207.86,125.37,-369.8,51.35
LIML,LIEE,183,9.56,18.62,-22.57,39.68,-0.02,0.08,-0.14,0.09,-52.78,190.11,-350.77,237.18
LIML,LIEO,118,-38.97,27.73,-74.09,-5.68,-0.15,0.11,-0.29,-0.03,-360.54,257.12,-686.0,-67.2
LIML,LIRF,372,-25.0,20.41,-40.0,4.3,-0.1,0.09,-0.2,0.02,-233.22,199.07,-476.6,38.89
LIML,LIRN,151,-20.12,19.53,-43.25,4.6,-0.08,0.09,-0.18,0.06,-170.7,205.54,-410.0,131.8
LIPE,EDDF,95,-39.83,18.55,-65.5,-7.22,-0.24,0.07,-0.35,-0.13,-592.38,176.23,-848.95,-302.59
LIPE,EDDK,41,3.66,10.97,-15.2,19.4,-0.0,0.06,-0.1,0.08,0.05,132.32,-231.3,188.7
LIPE,EDDM,86,10.15,10.62,-3.75,32.88,-0.04,0.07,-0.14,0.09,-72.03,125.39,-249.25,156.5
LIPE,EGLL,57,-0.54,27.48,-28.44,35.54,0.13,0.14,-0.02,0.35,309.01,347.32,-53.82,862.32
LIPE,EGSS,50,5.0,22.3,-15.95,31.06,0.04,0.08,-0.04,0.13,95.28,180.95,-98.96,318.9
LIPE,EHAM,93,-0.23,14.3,-28.72,17.74,0.02,0.07,-0.1,0.13,49.9,160.36,-227.3,294.58
LIPE,EKCH,73,-2.92,27.94,-28.3,10.82,-0.09,0.1,-0.2,0.03,-166.89,190.14,-411.4,37.88
LIPE,GMMN,65,-6.5,17.45,-28.1,29.84,0.05,0.11,-0.08,0.29,121.61,264.33,-181.18,699.62
LIPE,LATI,87,-28.58,20.01,-55.08,1.08,-0.05,0.06,-0.14,0.03,-131.08,158.74,-378.87,75.49
LIPE,LEBL,115,-13.39,14.13,-36.38,9.53,-0.04,0.06,-0.13,0.06,-98.85,150.32,-322.27,156.54
LIPE,LEMD,110,-1.56,14.48,-19.21,28.01,0.03,0.09,-0.08,0.18,68.43,181.52,-166.7,385.01
LIPE,LEVC,52,-30.94,150.08,-26.68,2.44,-0.05,0.34,-0.09,0.06,-128.99,825.41,-215.02,135.49
LIPE,LFPG,123,-4.38,16.03,-25.03,26.37,0.04,0.06,-0.04,0.12,96.6,134.11,-92.48,297.73
LIPE,LIBD,60,-24.22,37.33,-54.7,14.75,-0.1,0.14,-0.22,0.11,-227.58,335.29,-520.0,228.97
LIPE,LIBR,71,-7.03,55.96,-20.4,22.95,-0.01,0.14,-0.09,0.13,-16.94,329.45,-205.0,292.65
LIPE,LICA,51,-5.27,20.65,-31.75,30.85,-0.05,0.08,-0.15,0.08,-110.23,180.82,-360.0,200.0
LIPE,LICC,146,-45.16,20.72,-75.62,-4.62,-0.03,0.06,-0.13,0.07,-76.91,134.89,-290.88,160.0
LIPE,LICJ,82,-3.23,16.04,-30.05,26.48,-0.03,0.07,-0.1,0.08,-57.49,157.34,-240.0,196.8
LIPE,LICT,60,-3.4,18.53,-22.54,22.37,-0.04,0.1,-0.15,0.05,-102.21,218.16,-352.4,113.86
LIPE,LIEA,54,-29.65,18.83,-61.2,3.65,-0.09,0.05,-0.17,-0.01,-207.2,125.63,-402.34,-26.0
LIPE,LIEE,63,-14.47,24.59,-57.51,30.43,-0.08,0.08,-0.22,0.03,-185.02,178.99,-513.5,76.0
LIPE,LIRF,87,-30.92,16.82,-49.3,-0.58,-0.15,0.07,-0.23,-0.01,-346.96,169.93,-550.0,-22.81
LIPE,LOWW,84,22.37,12.34,6.24,43.0,0.08,0.06,-0.02,0.17,155.12,110.34,-27.9,300.0
LIPE,LPPT,57,-0.48,18.14,-20.44,33.46,0.09,0.09,-0.02,0.25,216.03,219.18,-54.92,625.0
LIPE,LROP,56,-32.96,10.68,-42.6,-8.3,-0.07,0.05,-0.16,-0.02,-175.43,125.67,-395.82,-40.0
LIPE,LTFM,77,-23.86,23.23,-46.66,24.94,0.01,0.11,-0.1,0.19,14.44,293.89,-264.0,473.34
LIPH,EBCI,69,-49.54,11.49,-62.66,-31.66,-0.11,0.05,-0.19,-0.04,-254.9,125.18,-464.0,-96.0
LIPH,LROP,68,-47.91,20.93,-69.85,-6.8,-0.07,0.08,-0.16,0.1,-176.94,188.19,-402.1,251.75
LIPQ,EDDF,51,-24.35,21.34,-59.6,6.55,-0.15,0.08,-0.27,-0.02,-319.25,167.49,-578.4,-47.7
LIPQ,LIRF,112,-36.69,18.85,-61.04,-6.18,-0.08,0.1,-0.25,0.07,-158.01,210.53,-584.83,126.7
LIPX,EDDF,52,-32.97,18.21,-56.13,8.3,-0.2,0.05,-0.27,-0.11,-372.85,111.62,-557.14,-205.7
LIPX,EDDM,56,8.57,12.16,-7.0,27.12,-0.07,0.08,-0.18,0.06,-120.24,136.57,-328.0,111.88
LIPX,EGKK,77,4.08,41.17,-32.64,25.62,0.13,0.15,-0.06,0.34,322.0,379.97,-142.62,850.26
LIPX,LATI,68,-10.09,30.68,-35.43,14.64,-0.01,0.1,-0.11,0.17,-36.09,237.64,-294.72,397.39
LIPX,LICC,96,-49.07,24.04,-85.78,-5.45,-0.04,0.07,-0.17,0.07,-107.14,174.49,-410.92,175.02
LIPX,LICJ,85,-1.87,26.1,-25.72,15.88,-0.02,0.26,-0.15,0.06,-40.82,639.3,-352.0,153.42
LIPX,LIEE,77,-1.83,55.11,-60.0,32.94,-0.05,0.11,-0.19,0.05,-125.78,254.47,-452.0,125.0
LIPX,LIEO,85,-39.55,28.07,-82.9,7.6,-0.14,0.09,-0.27,-0.0,-342.83,225.37,-666.7,-8.34
LIPZ,EDDB,62,5.0,15.62,-16.78,24.0,0.02,0.05,-0.06,0.1,56.74,120.67,-121.68,238.33
LIPZ,EDDF,117,-29.52,21.75,-59.78,2.2,-0.15,0.08,-0.26,-0.01,-373.02,196.15,-642.3,-36.28
LIPZ,EDDK,58,0.2,19.0,-22.02,28.34,0.05,0.1,-0.1,0.22,245.54,416.54,-225.14,1084.97
LIPZ,EDDM,111,2.56,10.47,-13.15,22.75,-0.08,0.06,-0.17,0.02,-149.8,107.94,-299.75,31.0
LIPZ,EGCC,53,9.6,7.82,0.96,22.84,0.03,0.06,-0.07,0.14,80.48,155.16,-169.66,348.54
LIPZ,EGKK,109,7.12,11.2,-9.14,22.58,0.14,0.11,-0.0,0.34,331.86,266.4,-7.84,840.82
LIPZ,EGLL,107,-2.12,12.88,-17.64,21.92,0.11,0.12,-0.05,0.31,280.2,297.73,-113.13,777.97
LIPZ,EGSS,83,-5.71,13.69,-22.99,14.89,0.06,0.06,-0.02,0.15,132.75,142.11,-55.63,370.88
LIPZ,EHAM,127,-0.62,12.31,-23.6,17.75,0.01,0.06,-0.08,0.1,17.24,133.93,-185.71,238.5
LIPZ,EIDW,65,-16.18,23.0,-42.8,19.72,-0.04,0.16,-0.17,0.18,-90.64,383.49,-397.52,380.82
LIPZ,LEBL,141,-7.95,13.93,-32.8,14.5,-0.01,0.06,-0.1,0.1,-27.14,158.62,-232.0,247.3
LIPZ,LEMD,142,-5.7,11.29,-21.9,12.6,0.02,0.07,-0.07,0.15,48.89,188.31,-166.7,401.88
LIPZ,LFPG,249,-7.75,166.91,-17.14,28.04,0.02,0.36,-0.06,0.14,-19.54,1929.45,-130.82,329.68
LIPZ,LFPO,111,0.12,11.77,-16.7,20.75,0.04,0.07,-0.08,0.13,86.9,171.33,-207.75,334.7
LIPZ,LIBD,60,-16.82,20.51,-42.76,21.45,-0.06,0.08,-0.18,0.07,-150.64,192.43,-440.14,160.56
LIPZ,LICC,116,-40.72,27.68,-64.93,-7.25,-0.02,0.11,-0.15,0.07,-57.28,295.78,-359.52,160.0
LIPZ,LICJ,105,-0.3,32.82,-23.56,17.32,-0.01,0.13,-0.16,0.1,-25.45,325.89,-373.06,228.24
LIPZ,LIEE,56,1.56,21.61,-28.58,28.15,0.03,0.28,-0.11,0.1,61.31,674.31,-260.0,232.98
LIPZ,LIRF,113,-31.58,13.43,-46.8,0.0,-0.15,0.06,-0.23,-0.03,-359.82,151.89,-583.3,-69.34
LIPZ,LIRN,106,-20.9,22.43,-46.4,10.8,-0.06,0.1,-0.18,0.09,-139.73,231.34,-437.48,205.02
LIPZ,LOWW,172,13.08,15.08,-5.24,35.79,0.07,0.06,-0.02,0.16,138.79,112.9,-34.5,309.0
LIPZ,LPPT,76,1.83,15.92,-22.68,27.52,0.07,0.08,-0.04,0.21,183.67,204.91,-92.55,516.25
LIPZ,LSZH,72,-9.77,18.02,-32.43,20.57,-0.02,0.09,-0.15,0.11,-48.74,209.11,-342.2,248.82
LIPZ,LTFM,90,-23.62,18.09,-52.88,5.84,0.02,0.09,-0.08,0.14,41.73,223.99,-222.1,399.03
LIRA,EGSS,129,-1.13,10.14,-15.02,14.48,0.07,0.06,-0.02,0.17,159.61,140.2,-36.82,404.52
LIRA,LFOB,60,-7.05,8.95,-15.76,6.41,-0.02,0.08,-0.12,0.09,-37.29,189.97,-261.92,183.49
LIRA,LIEE,52,-7.91,11.84,-28.27,4.11,-0.06,0.05,-0.13,0.01,-137.25,121.89,-298.0,18.0
LIRA,LPPT,56,1.92,13.72,-20.0,20.9,0.06,0.08,-0.03,0.21,150.05,191.73,-80.0,500.0
LIRF,CYUL,55,-7.26,9.33,-21.98,8.81,-0.0,0.06,-0.1,0.07,-32.07,403.49,-664.37,552.49
LIRF,CYYZ,63,-5.8,23.86,-26.07,6.61,-0.02,0.1,-0.16,0.11,-74.01,715.72,-949.92,743.96
LIRF,DAAG,56,0.61,20.82,-16.95,31.58,0.04,0.07,-0.04,0.19,107.2,184.06,-105.25,466.65
LIRF,DTTA,83,10.31,12.75,-7.34,30.76,0.05,0.06,-0.03,0.16,116.9,129.24,-62.92,368.08
LIRF,EBBR,174,-10.68,12.32,-26.17,13.24,-0.08,0.07,-0.19,0.05,-190.95,174.07,-464.77,116.75
LIRF,EDDB,93,5.16,10.57,-7.14,16.04,0.02,0.05,-0.07,0.08,39.04,123.44,-162.78,184.2
LIRF,EDDF,176,-29.25,20.8,-57.98,1.1,-0.17,0.08,-0.3,-0.04,-431.01,210.29,-750.9,-99.25
LIRF,EDDK,71,8.28,12.17,-5.85,28.6,0.03,0.13,-0.14,0.17,67.72,301.71,-346.0,383.85
LIRF,EDDL,53,-8.44,20.63,-27.04,9.5,0.03,0.09,-0.05,0.13,62.18,195.3,-113.46,331.02
LIRF,EDDM,174,10.29,11.29,-1.8,32.24,-0.08,0.07,-0.18,0.04,-197.27,173.81,-476.57,94.58
LIRF,EFHK,60,-5.49,9.72,-22.36,10.61,0.04,0.05,-0.05,0.12,102.97,142.78,-126.08,346.88
LIRF,EGKK,209,7.12,13.7,-9.0,27.36,0.15,0.12,-0.02,0.38,360.31,296.71,-46.88,896.84
LIRF,EGLL,224,6.13,14.56,-10.84,32.46,0.11,0.09,-0.03,0.25,259.01,231.4,-66.83,624.2
LIRF,EHAM,192,2.34,14.43,-22.99,23.65,0.04,0.07,-0.05,0.15,104.56,173.72,-123.4,337.21
LIRF,EHEH,58,-17.43,13.02,-34.72,3.82,-0.01,0.07,-0.1,0.07,-35.21,166.81,-252.08,158.15
LIRF,EIDW,112,-15.99,22.27,-51.82,23.77,-0.06,0.13,-0.2,0.09,-138.05,327.02,-471.22,208.73
LIRF,EKCH,109,-6.57,12.6,-24.54,9.78,-0.1,0.07,-0.22,0.02,-219.84,166.99,-507.18,47.1
LIRF,ENGM,58,-15.69,15.35,-40.13,7.37,-0.07,0.06,-0.17,0.04,-169.95,147.88,-399.0,96.71
LIRF,EPWA,55,-32.38,16.74,-55.13,-1.58,-0.04,0.05,-0.11,0.04,-111.7,139.75,-293.03,95.27
LIRF,ESSA,82,4.65,14.0,-20.54,23.96,0.03,0.06,-0.08,0.11,71.78,146.91,-182.54,265.91
LIRF,HECA,116,14.33,16.35,-9.05,40.25,0.09,0.11,-0.04,0.26,217.18,253.37,-97.45,545.1
LIRF,KATL,60,-7.08,9.25,-20.36,6.91,-0.01,0.07,-0.12,0.12,-54.32,432.23,-713.36,718.91
LIRF,KBOS,59,-9.0,8.79,-22.73,4.18,-0.01,0.06,-0.11,0.11,-87.28,397.18,-684.95,667.22
LIRF,KEWR,57,-5.46,10.52,-24.32,7.12,0.05,0.08,-0.09,0.18,312.05,546.93,-588.86,1187.02
LIRF,KIAD,60,-5.84,8.72,-21.92,5.54,-0.03,0.06,-0.12,0.06,-185.58,396.57,-810.28,379.09
LIRF,KJFK,238,-6.75,9.01,-22.83,9.36,0.01,0.09,-0.14,0.17,47.48,541.91,-844.37,971.05
LIRF,KORD,60,-2.02,7.67,-14.58,9.68,-0.04,0.06,-0.11,0.04,-216.11,344.72,-702.32,266.58
LIRF,KSFO,50,-4.51,27.12,-24.98,16.06,-0.03,0.09,-0.16,0.07,-214.82,608.97,-1042.91,416.54
LIRF,LATI,126,-31.06,26.94,-64.1,16.15,-0.04,0.07,-0.13,0.08,-87.94,164.45,-314.2,185.05
LIRF,LDSP,69,-7.0,9.07,-23.3,6.8,0.0,0.05,-0.07,0.08,-4.17,92.72,-152.04,144.28
LIRF,LEBL,405,-0.16,11.93,-15.26,23.46,-0.02,0.07,-0.12,0.1,-51.38,161.88,-288.46,238.86
LIRF,LEIB,66,-14.37,17.25,-31.0,20.23,-0.03,0.06,-0.13,0.07,-70.27,146.0,-303.8,184.9
LIRF,LEMD,437,-3.65,140.07,-24.28,32.74,0.0,0.35,-0.1,0.17,-62.51,2124.65,-280.0,438.38
LIRF,LEMG,97,-8.03,15.77,-32.98,6.82,0.05,0.06,-0.06,0.13,114.8,151.18,-136.96,313.26
LIRF,LEVC,107,15.4,24.16,-1.77,38.92,0.06,0.12,-0.05,0.15,135.79,288.45,-110.91,356.26
LIRF,LFLL,70,9.3,9.88,-4.8,23.63,0.04,0.04,-0.02,0.11,87.6,103.15,-51.48,286.44
LIRF,LFML,60,15.33,17.03,-3.02,49.97,0.09,0.1,-0.05,0.24,248.51,369.64,-294.78,1007.03
LIRF,LFMN,139,10.03,10.66,-2.8,27.81,0.02,0.07,-0.09,0.14,57.55,162.26,-209.27,342.84
LIRF,LFPG,309,-7.85,154.13,-27.62,27.22,0.02,0.36,-0.06,0.14,-40.66,2344.01,-134.84,358.54
LIRF,LFPO,282,1.14,9.27,-15.38,18.36,0.04,0.06,-0.06,0.15,97.88,156.63,-147.0,367.07
LIRF,LGAV,249,-13.11,43.24,-35.16,17.66,-0.04,0.12,-0.14,0.09,-89.58,296.89,-321.0,197.58
LIRF,LIBD,201,-16.98,31.42,-71.5,21.1,-0.06,0.1,-0.23,0.07,-154.62,226.69,-560.0,179.2
LIRF,LIBR,143,1.81,15.35,-19.0,23.19,-0.02,0.07,-0.12,0.11,-40.32,159.36,-270.36,236.84
LIRF,LICA,91,-5.04,16.54,-27.5,22.4,-0.11,0.08,-0.21,0.05,-259.91,178.6,-499.2,108.85
LIRF,LICC,463,-33.39,23.88,-52.2,0.0,-0.04,0.09,-0.15,0.08,-94.05,217.79,-368.86,190.77
LIRF,LICJ,507,5.9,10.51,-5.8,26.84,-0.01,0.06,-0.1,0.08,-26.04,136.6,-240.0,200.0
LIRF,LICR,56,-19.66,3.29,-24.42,-13.75,-0.17,0.05,-0.24,-0.07,-377.92,112.88,-558.33,-156.0
LIRF,LIEA,89,-5.08,7.18,-13.06,7.04,-0.03,0.05,-0.11,0.03,-82.2,128.43,-270.4,80.0
LIRF,LIEE,238,-0.83,15.44,-11.53,10.5,-0.04,0.09,-0.15,0.06,-102.91,221.73,-333.4,158.1
LIRF,LIEO,176,-21.27,16.52,-43.4,0.5,-0.14,0.08,-0.27,-0.03,-357.32,188.52,-666.7,-78.32
LIRF,LIME,67,-27.21,11.01,-47.84,-12.46,-0.08,0.11,-0.2,0.06,-64.6,193.41,-180.0,57.0
LIRF,LIMF,106,-0.93,3.88,-4.3,7.35,0.01,0.06,-0.08,0.13,14.55,136.62,-191.68,247.9
LIRF,LIMJ,111,1.89,10.85,-13.55,19.65,0.04,0.06,-0.07,0.15,65.71,124.42,-156.7,285.0
LIRF,LIML,368,-1.79,8.71,-10.1,7.49,-0.02,0.08,-0.1,0.1,-48.96,176.11,-250.0,209.5
LIRF,LIPE,87,-1.57,8.69,-14.89,11.99,-0.01,0.11,-0.08,0.08,-17.55,270.54,-208.3,164.21
LIRF,LIPQ,112,-5.99,7.63,-14.94,6.2,0.04,0.04,-0.04,0.1,79.96,85.1,-95.31,190.0
LIRF,LIPZ,115,-20.83,11.32,-34.2,0.6,-0.11,0.06,-0.19,-0.02,-250.12,147.86,-470.33,-38.6
LIRF,LIRN,109,-23.51,28.52,-64.46,6.24,0.0,0.14,-0.19,0.23,2.18,325.09,-475.34,462.32
LIRF,LIRQ,110,1.39,7.85,-2.48,7.93,-0.04,0.06,-0.1,0.06,-85.34,121.54,-218.34,122.1
LIRF,LKPR,116,-10.94,12.73,-35.9,5.92,-0.02,0.06,-0.1,0.07,-48.48,137.07,-240.0,161.65
LIRF,LLBG,185,1.64,15.14,-18.72,29.58,0.02,0.07,-0.08,0.13,47.11,192.81,-204.8,373.32
LIRF,LMML,115,22.32,12.43,0.0,38.5,0.05,0.06,-0.05,0.14,121.08,159.35,-135.98,351.68
LIRF,LOWW,153,11.94,15.99,-12.88,38.52,0.06,0.05,-0.03,0.15,158.62,129.34,-68.24,375.0
LIRF,LPPT,119,3.23,17.84,-16.86,35.86,0.07,0.09,-0.03,0.24,185.44,213.29,-83.3,586.26
LIRF,LROP,57,-23.79,15.99,-48.8,-1.72,-0.03,0.05,-0.13,0.05,-81.32,124.24,-293.3,125.0
LIRF,LSGG,90,-0.06,20.23,-25.26,29.76,-0.03,0.09,-0.15,0.11,-80.85,203.59,-375.36,237.36
LIRF,LSZH,163,-10.78,17.99,-32.79,15.74,-0.03,0.08,-0.14,0.08,-84.9,202.92,-351.56,203.7
LIRF,LTFJ,89,-36.64,25.53,-70.86,16.96,-0.05,0.1,-0.17,0.13,-117.09,245.97,-416.66,327.98
LIRF,LTFM,120,-38.11,23.29,-64.94,-6.78,-0.06,0.13,-0.17,0.07,-232.05,441.6,-828.86,208.03
LIRF,LYBE,63,-4.54,35.39,-30.96,34.3,0.01,0.21,-0.12,0.2,29.81,508.31,-288.28,383.55
LIRF,OMAA,60,13.38,19.37,-7.71,36.97,0.02,0.07,-0.09,0.11,170.46,369.56,-229.52,873.57
LIRF,OMDB,60,12.71,18.56,-14.25,40.22,0.23,0.1,0.09,0.39,2284.55,1235.41,1020.42,4637.2
LIRF,OTHH,77,11.55,20.42,-15.52,41.08,0.06,0.08,-0.06,0.18,349.08,466.42,-316.7,1079.12
LIRF,SAEZ,52,-4.52,13.34,-26.26,16.94,-0.0,0.08,-0.1,0.08,-6.37,462.07,-553.64,484.68
LIRF,SBGR,58,5.53,17.74,-5.96,27.74,0.0,0.07,-0.08,0.06,-11.04,383.13,-601.82,377.05
LIRN,EDDF,74,-40.76,23.29,-69.84,-6.25,-0.17,0.1,-0.31,-0.04,-429.82,258.68,-779.06,-101.77
LIRN,EDDM,108,-7.13,24.24,-31.4,24.0,-0.07,0.09,-0.19,0.07,-162.29,240.48,-458.72,177.65
LIRN,EGKK,91,-11.36,15.06,-35.25,15.1,0.13,0.13,-0.04,0.35,317.5,325.65,-100.15,865.3
LIRN,EGLL,77,-2.38,19.11,-28.58,32.84,0.12,0.11,-0.03,0.3,283.75,263.12,-72.7,685.06
LIRN,EGSS,53,-12.99,14.25,-34.72,10.9,0.04,0.06,-0.06,0.16,91.91,142.93,-139.46,346.14
LIRN,EHAM,77,-10.01,17.25,-40.44,13.66,0.02,0.07,-0.1,0.16,56.08,180.7,-244.78,383.18
LIRN,EIDW,58,-23.57,28.37,-58.4,22.5,-0.03,0.15,-0.19,0.11,-73.31,356.86,-452.67,264.28
LIRN,LEBL,112,-5.06,15.96,-22.34,26.16,-0.02,0.07,-0.11,0.12,-50.43,170.71,-276.64,315.27
LIRN,LEMD,65,-0.53,17.73,-15.24,23.02,0.03,0.08,-0.08,0.18,82.93,195.38,-193.32,427.0
LIRN,LFMN,55,-5.01,13.96,-21.66,22.67,0.01,0.07,-0.12,0.13,21.19,171.63,-271.89,296.4
LIRN,LFPG,129,-5.63,19.07,-29.46,31.3,0.04,0.07,-0.08,0.15,89.5,188.4,-199.76,401.26
LIRN,LFPO,115,-13.57,16.61,-30.76,14.06,0.03,0.07,-0.07,0.14,64.05,177.08,-174.62,342.93
LIRN,LGAV,50,1.19,31.12,-16.9,25.94,0.02,0.14,-0.08,0.16,43.93,339.7,-211.4,400.69
LIRN,LGMK,51,-16.17,14.3,-36.75,10.8,-0.01,0.09,-0.14,0.12,-15.66,215.12,-313.5,284.3
LIRN,LICC,128,-48.54,23.05,-80.09,-0.42,-0.08,0.07,-0.19,0.03,-189.33,182.6,-463.44,66.59
LIRN,LICJ,119,2.09,19.69,-26.8,31.12,-0.03,0.08,-0.15,0.1,-84.5,200.74,-375.0,241.67
LIRN,LIEO,53,-25.36,10.9,-45.02,-12.46,-0.12,0.06,-0.22,-0.02,-291.75,144.51,-546.38,-62.46
LIRN,LIMC,201,-61.73,24.72,-89.0,-13.9,-0.25,0.1,-0.38,-0.1,-597.25,240.55,-880.0,-250.0
LIRN,LIME,96,-26.45,13.81,-45.8,-4.25,-0.05,0.05,-0.12,0.03,-107.27,109.7,-260.92,69.97
LIRN,LIMF,70,-12.67,18.06,-31.97,3.58,-0.03,0.09,-0.12,0.03,-75.63,224.31,-291.7,80.0
LIRN,LIML,151,-17.62,14.59,-37.6,-1.25,-0.05,0.09,-0.14,0.07,-101.33,197.49,-296.65,126.7
LIRN,LIPZ,106,-27.77,19.54,-61.7,0.0,-0.1,0.07,-0.2,0.0,-241.88,161.47,-480.0,0.0
LIRN,LIRF,100,-66.93,23.93,-110.86,-31.5,-0.16,0.09,-0.3,-0.03,-344.09,223.08,-718.94,-61.72
LIRN,LMML,51,17.07,14.11,-7.1,32.6,0.05,0.07,-0.04,0.14,113.72,180.63,-104.55,332.5
LIRN,LOWW,82,14.3,19.29,-8.87,46.86,0.07,0.06,-0.03,0.18,174.02,159.82,-83.3,429.34
LIRN,LSZH,80,-22.38,21.74,-54.4,12.08,0.0,0.11,-0.12,0.21,2.07,232.85,-236.82,402.32
LIRN,LTFM,52,-25.96,16.3,-45.66,2.9,-0.02,0.06,-0.11,0.1,-55.9,157.51,-242.25,240.0
LIRP,EBCI,50,-52.57,20.9,-73.69,-7.84,-0.13,0.07,-0.21,0.02,-290.77,170.21,-486.72,48.99
LIRP,EDDF,53,-18.71,27.97,-53.42,27.62,-0.13,0.12,-0.25,0.13,-248.71,226.24,-480.34,231.6
LIRP,EGCC,52,7.56,9.59,-2.23,18.71,0.02,0.06,-0.06,0.11,46.92,138.83,-153.72,278.36
LIRP,EGKK,69,11.67,11.32,-4.14,25.06,0.14,0.13,-0.02,0.33,325.67,291.89,-45.82,765.52
LIRP,EGLL,64,7.77,14.63,-7.45,35.04,0.11,0.11,-0.01,0.29,276.25,277.5,-14.48,708.16
LIRP,EGSS,95,2.86,15.35,-18.57,21.5,0.08,0.07,-0.02,0.19,186.37,154.39,-44.88,439.1
LIRP,EHAM,50,5.75,16.24,-22.89,25.72,0.06,0.07,-0.07,0.15,140.32,172.0,-168.5,354.33
LIRP,LATI,94,-32.39,23.55,-60.77,4.13,-0.06,0.06,-0.16,0.04,-164.84,168.25,-416.6,85.08
LIRP,LICC,60,-26.47,22.63,-50.94,15.59,0.01,0.07,-0.1,0.15,24.29,169.27,-242.0,316.28
LIRP,LICJ,60,11.89,16.74,-16.77,40.72,0.02,0.07,-0.07,0.12,40.46,177.59,-155.33,294.63
LIRP,LIEE,60,-3.33,22.57,-37.32,33.18,-0.05,0.08,-0.15,0.08,-105.41,187.28,-360.0,200.16
LIRQ,EDDF,107,-27.25,27.66,-55.81,0.31,-0.16,0.14,-0.29,-0.01,-303.91,257.13,-554.75,-24.3
LIRQ,EDDM,85,6.86,9.93,-4.62,27.4,-0.07,0.06,-0.15,0.04,-119.34,113.47,-278.4,69.5
LIRQ,EGKK,60,-3.23,16.95,-23.71,19.46,0.19,0.15,0.02,0.47,427.56,329.36,52.49,1025.79
LIRQ,EGLC,55,-5.34,9.36,-17.97,11.43,0.02,0.05,-0.06,0.1,54.32,118.58,-130.36,223.3
LIRQ,EHAM,149,3.16,11.67,-16.2,21.5,0.05,0.07,-0.06,0.15,104.14,154.09,-146.04,336.02
LIRQ,LEBL,75,-9.48,16.91,-36.35,18.26,-0.03,0.06,-0.12,0.08,-56.14,141.97,-269.53,168.72
LIRQ,LEMD,53,-4.65,8.02,-14.06,11.0,0.05,0.09,-0.06,0.25,104.28,202.47,-136.04,550.0
LIRQ,LFPG,39,3.99,10.19,-0.14,22.27,0.08,0.07,-0.01,0.19,180.56,146.11,-29.1,413.32
LIRQ,LFPO,53,-0.79,6.12,-4.4,10.06,0.06,0.05,-0.0,0.15,141.8,111.17,-8.12,330.34
LIRQ,LIRF,109,-35.45,15.5,-53.68,-3.0,-0.15,0.06,-0.22,-0.06,-320.59,123.8,-488.04,-123.74
LIRQ,LOWW,58,20.24,13.47,2.14,41.5,0.07,0.05,-0.0,0.17,119.06,94.37,-4.5,304.5
LIRQ,LSZH,40,-8.12,22.0,-27.44,9.45,-0.01,0.09,-0.09,0.11,-13.61,237.13,-227.76,278.41
LJLJ,EDDF,81,-51.37,18.48,-80.1,-28.1,-0.21,0.07,-0.29,-0.11,-301.99,123.44,-502.9,-163.7
LJLJ,LTFM,52,-29.04,20.64,-51.39,15.7,0.0,0.08,-0.08,0.14,8.22,220.61,-233.3,368.68
LJLJ,LYBE,59,-21.52,14.62,-40.8,1.53,-0.05,0.06,-0.12,0.06,-44.37,78.1,-117.6,102.74
LKPR,EBBR,77,-8.78,12.74,-24.32,14.78,-0.02,0.07,-0.11,0.08,-53.26,155.69,-254.6,154.26
LKPR,EDDF,129,-38.0,17.15,-59.52,-7.12,-0.21,0.08,-0.32,-0.08,-515.68,194.7,-800.12,-216.26
LKPR,EDDL,53,-16.43,20.07,-36.9,10.36,-0.01,0.1,-0.13,0.18,-14.69,239.97,-318.8,424.24
LKPR,EDDM,83,-18.43,14.06,-40.01,3.07,-0.13,0.06,-0.21,-0.04,-292.07,137.01,-493.45,-80.15
LKPR,EFHK,78,-16.22,12.18,-33.06,1.13,0.0,0.06,-0.08,0.09,6.91,138.58,-186.6,207.1
LKPR,EGCC,59,-17.27,21.71,-48.9,15.02,0.0,0.1,-0.12,0.15,4.38,229.55,-278.61,353.27
LKPR,EGLL,128,-9.08,15.94,-36.62,13.79,0.17,0.11,0.01,0.38,374.45,255.34,28.9,827.43
LKPR,EGSS,74,-17.28,13.91,-40.99,8.47,0.05,0.06,-0.03,0.13,108.64,139.24,-79.5,310.51
LKPR,EHAM,187,-2.79,11.32,-22.17,13.89,0.04,0.06,-0.07,0.12,79.95,144.38,-174.47,273.54
LKPR,EKCH,113,-19.3,10.16,-34.64,-3.28,-0.1,0.06,-0.2,-0.01,-225.42,126.94,-434.54,-21.56
LKPR,ENGM,56,-15.54,13.85,-34.92,2.9,-0.03,0.06,-0.12,0.06,-76.77,141.2,-283.65,147.02
LKPR,EPWA,121,-47.01,14.95,-65.6,-23.1,-0.07,0.06,-0.16,0.03,-131.56,106.25,-305.0,56.0
LKPR,ESSA,60,-6.38,16.81,-35.92,16.85,0.04,0.06,-0.05,0.15,108.98,157.54,-113.92,335.7
LKPR,LCLK,56,2.07,15.1,-19.3,24.8,0.05,0.07,-0.05,0.16,111.74,180.3,-110.0,401.62
LKPR,LEBL,91,-15.62,28.11,-48.9,21.6,-0.02,0.1,-0.14,0.11,-43.55,246.15,-345.65,266.1
LKPR,LEMD,56,-13.16,16.87,-38.28,13.1,-0.03,0.09,-0.17,0.1,-67.78,211.04,-416.7,240.0
LKPR,LEPA,50,-20.88,16.27,-42.94,1.37,-0.01,0.1,-0.15,0.15,-34.39,230.33,-353.24,369.21
LKPR,LFPG,167,-8.73,14.14,-28.13,22.0,0.03,0.07,-0.08,0.15,68.41,167.86,-200.3,357.55
LKPR,LGIR,50,-5.25,7.89,-16.91,7.67,-0.02,0.05,-0.09,0.07,-46.65,113.09,-226.62,170.12
LKPR,LGRP,60,6.51,9.83,-10.61,24.37,-0.01,0.05,-0.08,0.09,-27.12,131.65,-197.24,205.74
LKPR,LHBP,53,-21.69,13.88,-38.5,1.2,-0.01,0.06,-0.11,0.07,-41.47,227.98,-265.46,272.68
LKPR,LIMC,102,-52.92,22.43,-90.62,-9.58,-0.2,0.12,-0.35,-0.03,-490.55,300.24,-882.32,-94.89
LKPR,LIRF,116,-47.64,18.73,-80.58,-19.28,-0.14,0.08,-0.26,-0.02,-343.87,186.43,-640.98,-36.78
LKPR,LLBG,66,-9.64,13.54,-29.35,11.45,-0.05,0.07,-0.16,0.05,-114.71,173.72,-413.32,123.98
LKPR,LOWW,90,8.38,16.22,-9.1,35.51,0.07,0.07,-0.01,0.2,134.19,131.95,-16.5,363.0
LKPR,LSZH,90,-31.47,12.34,-48.51,-14.3,-0.05,0.09,-0.17,0.11,-112.81,215.58,-417.62,222.98
LKPR,LTAI,84,-3.09,18.86,-23.25,20.33,0.04,0.09,-0.08,0.18,90.77,208.86,-175.0,472.26
LKPR,LTFM,91,-17.92,17.94,-38.4,7.4,-0.01,0.07,-0.11,0.12,-30.36,247.49,-416.65,326.7
LKPR,OMDB,68,20.7,21.5,-7.31,55.6,0.19,0.13,0.03,0.41,1123.1,1123.42,59.28,3170.95
LKPR,OTHH,48,44.6,53.69,-2.4,181.87,0.12,0.09,-0.01,0.27,400.13,394.35,-28.4,1033.94
LLBG,EBBR,52,4.04,13.32,-8.64,26.87,-0.15,0.12,-0.32,0.05,-376.21,289.11,-791.64,115.57
LLBG,EDDB,77,3.54,16.6,-13.3,22.28,0.03,0.13,-0.08,0.14,76.91,333.0,-186.52,346.88
LLBG,EDDF,115,-17.71,26.17,-48.46,8.46,-0.13,0.19,-0.32,0.01,-325.14,502.09,-800.99,24.68
LLBG,EDDM,86,12.46,20.63,-7.18,42.28,-0.06,0.12,-0.22,0.07,-139.25,285.53,-545.12,172.8
LLBG,EGGW,107,-15.87,17.72,-41.65,7.11,-0.0,0.19,-0.19,0.12,-9.7,437.29,-444.34,281.6
LLBG,EGLL,152,9.15,21.15,-10.5,33.84,0.18,0.14,-0.03,0.4,1063.94,829.3,-173.29,2445.88
LLBG,EHAM,124,17.11,48.66,-4.7,32.56,0.1,0.25,-0.05,0.2,334.66,640.21,-157.27,1116.18
LLBG,EPWA,99,-27.77,23.16,-53.33,11.92,-0.02,0.11,-0.12,0.1,-35.16,264.95,-305.9,223.72
LLBG,HAAB,57,-17.95,13.06,-41.14,0.0,-0.05,0.06,-0.14,0.04,-148.61,218.99,-580.94,76.86
LLBG,KEWR,99,-1.76,22.97,-21.03,14.67,0.16,0.29,-0.05,0.33,942.53,1880.82,-294.7,1880.84
LLBG,KJFK,107,-2.61,11.02,-19.74,15.27,0.1,0.12,-0.06,0.3,588.24,732.39,-314.89,1791.74
LLBG,LBSF,75,-24.98,77.79,-72.95,-0.59,-0.05,0.07,-0.16,0.04,-124.12,182.91,-388.08,111.93
LLBG,LCLK,253,-7.93,14.14,-19.14,4.36,0.06,0.11,-0.02,0.15,158.35,273.32,-41.64,375.0
LLBG,LCPH,120,-11.01,12.7,-28.42,9.82,0.0,0.06,-0.09,0.1,5.1,148.0,-196.4,252.83
LLBG,LEBL,101,0.29,15.24,-33.7,25.3,0.13,0.17,-0.1,0.41,374.78,553.43,-253.3,1164.2
LLBG,LEMD,119,0.49,18.21,-29.99,28.19,0.02,0.09,-0.1,0.15,65.04,263.15,-294.44,458.4
LLBG,LFPG,167,-1.98,15.63,-29.29,23.79,0.06,0.11,-0.09,0.18,305.45,580.59,-284.7,956.4
LLBG,LFPO,76,4.2,13.73,-15.6,23.32,0.09,0.16,-0.03,0.2,215.34,380.67,-67.5,477.3
LLBG,LGAV,226,17.48,18.37,4.08,46.25,0.1,0.08,0.0,0.22,267.29,256.16,9.4,707.8
LLBG,LGIR,142,3.48,15.99,-3.18,20.17,0.04,0.08,-0.04,0.14,107.07,180.3,-91.56,324.93
LLBG,LGRP,125,-1.37,21.23,-43.18,29.46,0.01,0.07,-0.09,0.11,33.93,177.7,-215.3,285.84
LLBG,LGTS,65,-9.72,36.11,-45.3,21.12,-0.02,0.1,-0.18,0.14,-46.47,256.12,-425.2,324.24
LLBG,LHBP,118,-25.08,27.25,-52.23,10.96,-0.01,0.1,-0.12,0.1,-30.16,223.15,-293.06,237.0
LLBG,LIMC,104,-45.26,22.14,-71.77,-0.35,-0.19,0.1,-0.33,-0.02,-505.72,328.01,-904.99,-46.75
LLBG,LIRF,187,-30.91,24.61,-57.88,1.31,-0.05,0.09,-0.17,0.1,-133.62,245.78,-427.34,244.36
LLBG,LKPR,66,-16.87,7.98,-29.85,-4.7,-0.06,0.06,-0.17,0.05,-138.66,158.67,-400.0,123.75
LLBG,LLER,250,-14.31,12.82,-34.76,7.8,-0.0,0.1,-0.08,0.07,-6.02,233.48,-180.0,129.67
LLBG,LOWW,185,5.49,46.67,-16.92,50.6,0.02,0.15,-0.1,0.16,61.92,389.86,-276.0,600.0
LLBG,LPPT,53,-44.06,360.7,-22.94,37.02,-0.02,0.77,-0.06,0.24,-351.15,4080.72,-144.68,618.2
LLBG,LROP,136,-23.52,18.66,-48.58,11.18,-0.06,0.06,-0.15,0.05,-141.47,150.26,-375.0,125.0
LLBG,LSZH,86,7.54,22.12,-32.78,35.35,0.01,0.15,-0.16,0.16,11.15,413.09,-687.85,388.18
LLBG,LTAI,182,3.07,26.36,-30.64,45.29,0.1,0.11,-0.03,0.27,232.39,265.82,-80.0,640.0
LLBG,LTFJ,205,-22.75,27.52,-52.68,29.26,0.0,0.15,-0.15,0.29,-0.96,370.32,-369.0,666.36
LLBG,LTFM,313,-18.76,26.56,-50.72,13.34,-0.02,0.12,-0.17,0.15,-87.95,545.18,-910.0,514.66
LLBG,LUKK,58,-18.68,12.36,-33.3,2.78,-0.06,0.07,-0.15,0.05,-135.5,161.41,-368.05,120.0
LLBG,OJAI,63,14.03,12.13,-1.53,36.22,0.17,0.08,0.07,0.28,421.45,250.38,141.7,866.83
LLBG,OMAA,60,24.71,11.7,1.78,42.2,0.05,0.12,-0.08,0.15,197.45,364.66,-204.64,893.48
LLBG,OMDB,230,12.12,18.15,-14.08,37.33,0.1,0.14,-0.05,0.31,563.81,824.12,-150.97,2202.6
LLBG,UGTB,80,-24.01,18.54,-49.42,-5.19,-0.03,0.11,-0.13,0.04,-77.89,254.21,-286.49,87.23
LLER,LLBG,255,-28.81,9.7,-42.56,-1.89,-0.13,0.1,-0.3,0.02,-295.85,270.48,-753.54,30.0
LMML,EDDF,73,-26.31,23.52,-45.7,0.94,-0.2,0.1,-0.33,-0.07,-519.73,262.43,-806.42,-176.98
LMML,EDDM,80,6.57,12.56,-10.72,26.17,-0.04,0.07,-0.14,0.06,-97.15,171.87,-340.61,145.6
LMML,EGCC,71,18.98,14.29,-1.65,39.55,0.03,0.09,-0.13,0.17,82.19,216.51,-306.9,442.55
LMML,EGKK,132,13.51,12.77,0.12,33.69,0.13,0.12,-0.03,0.33,318.41,307.8,-72.91,815.07
LMML,EGLL,65,10.37,12.35,0.24,31.74,0.18,0.1,0.06,0.36,418.44,241.96,140.48,830.74
LMML,LFPO,63,3.96,18.07,-14.49,22.98,0.05,0.08,-0.05,0.16,123.96,194.03,-119.7,405.42
LMML,LICC,142,-13.95,13.92,-33.88,7.76,-0.04,0.07,-0.13,0.08,-81.15,170.06,-305.36,190.18
LMML,LIPE,69,-3.35,10.38,-18.34,14.24,0.01,0.1,-0.1,0.13,26.87,261.04,-302.38,317.92
LMML,LIRF,95,-38.79,49.78,-65.03,0.7,-0.15,0.12,-0.23,-0.02,-363.01,270.49,-575.0,-41.67
LMML,LIRN,51,-26.56,21.95,-57.4,4.8,-0.06,0.1,-0.19,0.09,-146.04,228.7,-470.0,202.6
LMML,LOWW,52,15.42,16.98,-6.58,33.56,0.08,0.06,-0.01,0.16,206.41,148.64,-18.2,393.76
LMML,LSZH,51,-2.31,15.52,-30.75,21.3,0.03,0.07,-0.07,0.15,59.73,159.93,-142.15,332.6
LMML,LTFM,59,-10.97,19.81,-39.27,17.23,-0.01,0.08,-0.12,0.1,-16.37,184.66,-303.4,248.0
LOWG,EDDF,98,-13.43,17.68,-40.06,6.7,-0.15,0.08,-0.27,-0.03,-324.62,173.04,-656.26,-64.93
LOWG,EDDM,74,14.3,13.57,-2.87,39.78,-0.0,0.08,-0.1,0.15,9.26,140.95,-144.16,296.69
LOWG,LOWW,73,20.39,13.3,4.06,43.1,0.13,0.04,0.07,0.2,235.45,74.46,120.0,360.0
LOWI,EDDF,72,-34.62,17.33,-64.2,-15.91,-0.16,0.05,-0.25,-0.07,-288.41,98.02,-444.68,-128.4
LOWI,LOWW,79,5.86,12.84,-7.64,27.2,0.05,0.06,-0.07,0.13,90.23,113.34,-120.0,240.0
LOWK,LOWW,53,16.4,9.32,3.86,34.78,0.1,0.04,0.05,0.17,171.77,66.74,90.0,302.8
LOWL,EDDF,52,-15.76,17.42,-40.16,7.51,-0.15,0.05,-0.23,-0.06,-273.09,104.44,-432.18,-109.0
LOWS,EDDF,99,-27.13,18.37,-51.5,-4.7,-0.2,0.06,-0.29,-0.12,-466.02,133.51,-702.84,-281.09
LOWS,EDDL,50,-17.44,10.57,-31.37,0.25,0.0,0.09,-0.09,0.08,2.47,204.58,-205.54,187.38
LOWW,BKPR,65,-23.13,19.79,-57.0,10.08,-0.01,0.06,-0.13,0.08,-30.05,150.21,-327.06,166.7
LOWW,EBBR,189,2.49,13.69,-8.2,23.44,0.0,0.07,-0.11,0.13,15.53,208.31,-285.48,345.56
LOWW,EDDB,221,5.07,7.08,-5.4,16.8,0.03,0.05,-0.05,0.12,83.85,134.48,-133.4,290.3
LOWW,EDDF,355,-17.23,20.33,-42.12,0.8,-0.1,0.09,-0.22,0.02,-244.26,211.35,-529.82,41.04
LOWW,EDDH,193,-36.25,13.6,-52.5,-2.16,-0.09,0.07,-0.19,0.03,-212.49,170.07,-485.42,66.58
LOWW,EDDK,170,-1.8,12.91,-19.56,15.95,-0.0,0.08,-0.11,0.16,40.45,302.65,-270.85,851.88
LOWW,EDDL,205,-8.35,15.16,-24.58,7.84,0.02,0.08,-0.08,0.11,34.71,192.96,-189.66,230.78
LOWW,EDDM,171,10.86,14.78,-5.6,40.4,-0.03,0.06,-0.11,0.07,-49.48,131.5,-249.15,139.95
LOWW,EDDP,68,-59.01,24.11,-92.66,-22.97,-0.06,0.07,-0.14,0.05,-111.01,130.65,-302.0,81.2
LOWW,EDDS,141,6.37,9.0,-6.9,20.2,0.05,0.06,-0.07,0.14,88.85,127.57,-147.9,275.5
LOWW,EDDV,77,-1.06,12.3,-17.9,26.06,-0.0,0.05,-0.07,0.07,-12.34,105.21,-173.46,157.86
LOWW,EFHK,74,-1.65,8.02,-15.56,8.61,0.05,0.06,-0.04,0.15,116.88,158.88,-88.99,393.66
LOWW,EGKK,60,12.46,11.84,-1.32,30.78,0.15,0.11,0.01,0.32,369.29,277.74,34.53,803.17
LOWW,EGLL,198,10.93,12.85,-1.91,34.25,0.18,0.12,0.02,0.38,412.39,266.76,44.62,878.07
LOWW,EGSS,59,6.51,10.41,-5.84,24.65,0.09,0.06,0.01,0.2,218.71,149.77,18.44,508.98
LOWW,EHAM,255,8.5,8.25,-3.62,21.83,0.07,0.06,-0.02,0.17,179.5,153.37,-50.35,425.49
LOWW,EIDW,51,-8.15,18.51,-33.55,21.7,-0.01,0.13,-0.15,0.14,-21.8,293.0,-336.1,343.7
LOWW,EKCH,168,-13.65,12.48,-37.31,0.06,-0.06,0.05,-0.15,0.03,-185.82,187.41,-462.88,73.36
LOWW,ELLX,65,-19.78,10.85,-35.82,-3.62,-0.11,0.1,-0.2,-0.01,-130.76,120.07,-244.9,-19.7
LOWW,ENGM,58,-12.1,14.83,-38.06,7.08,-0.01,0.07,-0.13,0.11,-75.58,311.64,-819.58,242.02
LOWW,EPKK,90,-27.08,37.16,-45.53,-0.1,-0.07,0.13,-0.17,0.03,-132.52,252.29,-337.05,76.98
LOWW,EPWA,185,-28.4,11.84,-44.7,-3.8,-0.02,0.06,-0.12,0.08,-46.27,116.36,-262.06,143.34
LOWW,ESSA,133,0.37,20.4,-30.48,21.64,0.07,0.08,-0.02,0.17,171.07,186.13,-42.74,394.48
LOWW,EVRA,51,0.46,13.35,-16.25,22.4,0.04,0.08,-0.05,0.18,86.97,152.34,-119.2,357.85
LOWW,HECA,61,7.97,9.96,-6.8,24.1,0.09,0.09,-0.02,0.19,234.87,236.76,-34.3,504.8
LOWW,LATI,82,-25.9,12.62,-35.88,-2.5,0.0,0.07,-0.08,0.12,2.33,180.26,-209.71,289.23
LOWW,LBSF,130,-37.3,54.94,-61.31,-4.56,-0.05,0.14,-0.13,0.05,-112.91,333.24,-314.42,88.55
LOWW,LCLK,78,-2.03,11.82,-16.5,13.63,0.04,0.07,-0.05,0.15,112.26,194.81,-118.84,374.18
LOWW,LDDU,57,-0.64,7.03,-7.54,13.52,0.02,0.04,-0.04,0.1,50.46,101.39,-95.58,229.14
LOWW,LDSP,73,6.19,13.49,-10.28,32.94,0.07,0.05,-0.01,0.17,150.43,135.47,-16.28,363.72
LOWW,LDZA,72,-4.51,13.71,-25.2,17.31,0.02,0.05,-0.06,0.1,37.84,81.45,-85.12,166.9
LOWW,LEBL,158,-4.69,9.7,-17.74,15.46,-0.0,0.07,-0.11,0.13,-3.75,178.71,-266.02,323.95
LOWW,LEMD,120,-0.98,12.47,-15.98,19.92,-0.01,0.09,-0.15,0.15,-18.91,220.57,-346.92,346.5
LOWW,LEMG,75,-6.06,10.25,-20.74,9.18,0.07,0.05,-0.02,0.16,176.19,135.39,-43.88,403.4
LOWW,LEPA,193,-3.13,12.71,-18.4,24.04,0.04,0.06,-0.05,0.16,100.19,160.92,-136.2,411.66
LOWW,LFMN,81,-40.25,21.06,-63.6,-2.7,-0.1,0.1,-0.22,0.09,-234.84,242.87,-561.8,221.5
LOWW,LFPG,268,-0.37,12.78,-18.16,27.9,0.04,0.07,-0.06,0.14,113.0,190.98,-165.34,372.84
LOWW,LGAV,117,-5.1,24.07,-36.88,32.56,0.04,0.12,-0.06,0.19,96.78,293.84,-156.12,477.2
LOWW,LGIR,100,-6.63,8.79,-17.27,8.57,0.0,0.04,-0.08,0.07,3.63,112.16,-188.12,193.78
LOWW,LGRP,59,0.33,8.7,-13.87,16.43,0.01,0.05,-0.07,0.08,26.74,135.09,-176.43,220.1
LOWW,LGTS,76,-17.11,21.65,-44.78,18.2,-0.02,0.09,-0.11,0.08,-48.12,241.5,-275.48,190.28
LOWW,LHBP,90,-15.62,13.3,-28.7,1.7,-0.01,0.05,-0.08,0.07,-18.77,90.72,-152.48,127.55
LOWW,LIMC,173,-39.67,17.0,-57.52,-5.82,-0.14,0.1,-0.27,0.05,-324.45,264.2,-656.68,96.2
LOWW,LIME,60,-40.58,19.12,-63.2,-1.28,-0.08,0.08,-0.18,0.03,-204.68,197.09,-421.0,83.3
LOWW,LIPE,84,-5.0,17.3,-23.62,19.72,-0.01,0.12,-0.12,0.13,-31.92,227.78,-236.3,239.4
LOWW,LIPZ,172,-34.89,19.0,-59.34,-3.07,-0.08,0.09,-0.22,0.06,-174.38,210.24,-541.7,103.5
LOWW,LIRF,152,-30.95,20.27,-58.58,2.31,-0.08,0.07,-0.18,0.05,-206.12,180.02,-465.86,102.51
LOWW,LIRN,82,-23.0,17.97,-47.4,4.54,-0.06,0.08,-0.15,0.08,-142.35,191.99,-353.34,148.75
LOWW,LIRQ,58,19.14,5.74,11.6,29.37,0.02,0.04,-0.04,0.09,32.13,76.42,-70.88,154.5
LOWW,LKPR,91,-11.24,7.39,-23.15,-0.25,0.01,0.05,-0.05,0.1,26.43,82.61,-90.0,180.0
LOWW,LLBG,181,-0.52,15.07,-17.2,25.0,0.03,0.08,-0.08,0.15,75.18,223.53,-233.3,375.0
LOWW,LMML,52,15.18,12.62,-4.08,38.79,0.05,0.07,-0.04,0.17,112.07,168.15,-96.48,418.53
LOWW,LOWG,73,0.5,5.48,-7.78,10.44,0.1,0.03,0.05,0.14,186.12,56.36,90.0,259.5
LOWW,LOWI,79,0.53,17.91,-6.15,7.79,0.04,0.07,-0.05,0.15,71.38,124.37,-90.0,273.0
LOWW,LOWK,53,-2.94,2.75,-4.9,0.0,0.05,0.04,-0.01,0.11,89.04,70.34,-12.0,192.0
LOWW,LPPT,65,1.18,16.64,-22.88,32.72,0.06,0.09,-0.05,0.23,158.67,218.9,-125.0,578.64
LOWW,LQSA,59,1.72,1.85,0.78,6.81,0.06,0.13,-0.02,0.1,147.18,327.57,-41.61,250.0
LOWW,LROP,152,-39.96,8.8,-47.8,-27.64,-0.05,0.05,-0.12,0.05,-116.96,121.33,-318.5,90.0
LOWW,LSGG,65,-2.61,13.65,-28.02,17.6,0.01,0.05,-0.05,0.1,17.1,94.66,-104.48,192.5
LOWW,LSZH,230,14.93,10.33,0.7,28.73,0.07,0.06,-0.02,0.18,180.67,165.22,-57.04,464.11
LOWW,LTAI,164,-10.59,13.99,-33.97,8.57,0.05,0.07,-0.05,0.2,116.34,165.58,-124.25,457.0
LOWW,LTFJ,99,-19.13,24.05,-47.52,18.88,-0.03,0.11,-0.17,0.17,-71.13,266.56,-386.72,423.03
LOWW,LTFM,120,-31.24,16.75,-52.43,0.51,-0.03,0.09,-0.13,0.07,-143.1,323.74,-526.08,235.73
LOWW,LWSK,60,11.61,10.61,-6.64,23.69,0.06,0.04,0.01,0.12,141.38,90.72,28.5,252.08
LOWW,LYBE,156,-18.46,17.76,-41.12,19.95,-0.0,0.08,-0.13,0.12,15.66,113.91,-140.02,232.38
LOWW,LYPG,70,-15.14,6.77,-23.52,-2.07,0.02,0.05,-0.06,0.1,45.08,137.63,-154.01,249.55
LOWW,OJAI,61,13.49,12.02,-0.7,38.3,0.09,0.07,-0.02,0.2,211.71,171.46,-38.3,500.0
LOWW,OMDB,60,21.86,16.81,-3.26,47.22,0.26,0.11,0.12,0.42,2060.6,828.28,937.84,3306.55
LOWW,OTHH,60,28.82,20.62,-1.6,59.8,0.1,0.08,-0.04,0.24,390.26,348.29,-110.53,1047.06
LOWW,UDYZ,50,5.38,15.41,-5.07,40.57,0.06,0.07,-0.03,0.17,159.77,171.43,-66.84,433.09
LPAZ,LPPD,133,-4.87,5.81,-9.0,10.46,-0.05,0.05,-0.11,0.05,-47.64,52.01,-122.52,35.36
LPFL,LPPD,55,6.33,6.26,0.0,21.12,0.01,0.06,-0.07,0.14,5.27,69.66,-82.43,159.06
LPFR,EBBR,59,23.31,15.46,0.27,51.05,-0.01,0.1,-0.16,0.14,-37.44,244.09,-403.94,324.87
LPFR,EDDF,63,-53.66,24.96,-93.33,-25.07,-0.21,0.09,-0.33,-0.04,-551.28,221.1,-841.08,-107.7
LPFR,EDDL,51,-6.59,20.25,-36.8,26.6,0.02,0.09,-0.12,0.15,52.62,246.08,-304.25,429.7
LPFR,EGAA,94,21.5,10.33,7.85,39.83,0.06,0.07,-0.07,0.15,148.5,159.27,-159.51,365.51
LPFR,EGBB,101,0.57,24.77,-37.0,29.7,-0.02,0.09,-0.16,0.12,-53.96,225.68,-446.4,266.0
LPFR,EGCC,163,15.76,14.18,-10.41,37.74,0.07,0.09,-0.12,0.19,209.8,308.28,-285.06,829.98
LPFR,EGGD,130,19.86,16.53,-3.88,38.46,0.01,0.08,-0.08,0.13,33.82,182.19,-204.02,333.36
LPFR,EGGP,81,14.52,14.89,-9.7,37.5,0.04,0.06,-0.06,0.14,87.07,142.82,-132.6,324.0
LPFR,EGGW,109,-43.19,30.95,-67.42,-4.38,-0.12,0.12,-0.26,0.03,-276.51,293.51,-586.18,78.42
LPFR,EGKK,305,22.12,15.57,-3.4,42.44,0.16,0.14,-0.04,0.4,392.05,352.29,-89.74,1000.46
LPFR,EGLL,55,22.12,9.0,4.09,33.26,0.1,0.11,-0.05,0.27,238.2,263.9,-129.87,663.5
LPFR,EGNM,45,17.44,9.88,4.14,33.66,0.02,0.07,-0.09,0.11,38.32,165.87,-222.38,268.42
LPFR,EGNX,94,2.96,14.56,-19.88,22.66,0.01,0.07,-0.09,0.11,21.29,171.46,-217.0,256.09
LPFR,EGPH,58,16.82,14.41,-9.6,36.49,0.03,0.07,-0.08,0.14,74.39,165.67,-182.7,334.14
LPFR,EGSS,130,11.04,9.98,1.34,29.28,0.07,0.06,-0.02,0.17,161.25,141.35,-44.02,394.3
LPFR,EHAM,76,18.64,16.5,-11.18,41.8,0.06,0.06,-0.05,0.14,130.78,153.89,-130.5,338.2
LPFR,EHEH,73,5.03,19.18,-9.6,24.42,-0.06,0.07,-0.16,0.01,-139.96,161.32,-383.46,28.8
LPFR,EIDW,222,-12.67,26.82,-47.89,17.85,-0.08,0.14,-0.24,0.12,-239.65,557.33,-922.96,256.94
LPFR,LFPO,103,-9.0,19.96,-34.67,20.5,-0.04,0.08,-0.16,0.07,-104.16,188.32,-392.2,171.85
LPFR,LPPR,91,1.45,67.29,-4.25,30.3,0.03,0.16,-0.05,0.16,70.08,399.96,-112.5,360.0
LPFR,LPPT,118,-22.93,25.99,-75.74,6.34,-0.04,0.09,-0.2,0.1,-84.2,215.47,-476.6,250.0
LPGR,LPLA,61,0.0,0.0,0.0,0.0,0.01,0.0,0.0,0.02,9.56,4.39,2.7,15.0
LPHR,LPLA,65,0.0,0.0,0.0,0.0,0.01,0.0,0.0,0.02,9.29,5.63,1.6,18.5
LPHR,LPPD,110,5.54,7.52,0.05,21.98,0.02,0.05,-0.06,0.12,16.59,55.72,-68.0,115.0
LPLA,LPGR,62,0.0,0.0,0.0,0.0,0.03,0.04,-0.03,0.08,28.39,36.6,-19.1,94.84
LPLA,LPHR,65,0.0,0.0,0.0,0.0,-0.02,0.06,-0.07,0.07,-17.87,75.3,-76.6,76.7
LPLA,LPPD,201,8.21,8.7,0.5,24.5,0.04,0.05,-0.02,0.13,45.8,56.31,-19.2,153.4
LPLA,LPPI,72,0.0,0.0,0.0,0.0,-0.02,0.03,-0.07,0.03,-23.09,35.87,-76.7,38.34
LPLA,LPPT,106,-13.4,19.61,-51.4,5.22,0.04,0.13,-0.1,0.15,93.47,334.47,-237.5,371.25
LPLA,LPSJ,55,0.0,0.0,0.0,0.0,-0.04,0.03,-0.09,0.02,-40.95,38.44,-101.63,19.1
LPMA,EGKK,50,13.23,12.49,-8.53,31.48,0.14,0.14,-0.06,0.42,326.22,328.23,-141.96,932.95
LPMA,LPPR,175,-5.54,11.02,-24.46,16.88,0.03,0.06,-0.05,0.14,84.61,155.31,-125.0,345.81
LPMA,LPPS,60,-0.34,3.77,-4.0,7.72,0.01,0.03,-0.02,0.07,11.71,27.23,-14.9,59.58
LPMA,LPPT,360,-8.28,17.99,-43.82,13.08,0.06,0.07,-0.03,0.18,144.32,172.29,-84.98,440.0
LPPD,LPAZ,132,-7.97,7.43,-14.7,2.94,-0.07,0.03,-0.1,-0.03,-61.71,36.06,-115.0,-16.7
LPPD,LPFL,58,2.28,14.61,-1.6,6.37,-0.11,0.09,-0.22,0.0,-122.27,108.48,-249.2,0.0
LPPD,LPHR,112,0.06,3.64,-2.18,6.92,-0.1,0.04,-0.17,-0.03,-101.71,56.15,-191.7,-25.0
LPPD,LPLA,198,1.67,3.43,0.0,6.2,-0.04,0.04,-0.09,0.01,-39.55,37.04,-97.29,10.47
LPPD,LPPI,112,-0.05,2.52,-1.6,4.4,-0.09,0.03,-0.13,-0.03,-91.23,43.9,-153.4,-16.66
LPPD,LPPR,99,-10.8,17.17,-43.63,13.01,-0.05,0.06,-0.15,0.05,-119.19,160.31,-375.0,125.0
LPPD,LPPT,255,-14.82,28.04,-62.42,15.71,0.03,0.16,-0.13,0.26,84.91,413.19,-333.3,679.21
LPPD,LPSJ,56,0.28,2.55,-1.7,5.6,-0.13,0.07,-0.21,-0.05,-134.34,80.37,-230.0,-25.0
LPPI,LPLA,71,0.66,5.59,0.0,0.0,0.01,0.03,0.0,0.02,12.79,31.7,0.3,17.75
LPPI,LPPD,112,5.72,7.97,0.1,23.59,0.03,0.06,-0.04,0.13,27.52,63.21,-48.2,142.79
LPPR,EBBR,84,7.71,15.47,-19.69,27.52,-0.02,0.1,-0.2,0.13,-37.67,256.7,-495.0,318.5
LPPR,EDDF,76,-70.97,29.54,-110.88,-27.0,-0.24,0.09,-0.37,-0.08,-623.71,242.01,-979.1,-214.85
LPPR,EDDM,58,1.56,15.48,-14.12,26.46,-0.12,0.1,-0.29,0.05,-292.52,246.86,-710.1,112.15
LPPR,EGKK,114,14.25,15.59,-7.33,35.79,0.15,0.15,-0.04,0.43,367.44,369.96,-94.45,1022.66
LPPR,EGLL,45,12.72,11.28,-7.34,31.38,0.15,0.11,-0.02,0.36,370.62,279.35,-62.34,884.96
LPPR,EGSS,85,-3.06,14.56,-29.3,17.26,0.07,0.07,-0.01,0.2,167.25,155.16,-28.42,421.6
LPPR,EHAM,118,7.89,13.44,-12.66,26.34,0.07,0.06,-0.03,0.17,158.2,137.96,-59.8,408.35
LPPR,ELLX,134,-0.56,20.72,-30.38,27.5,0.01,0.08,-0.12,0.14,15.48,196.78,-297.48,325.15
LPPR,KEWR,59,-7.77,8.86,-19.96,4.29,0.04,0.1,-0.06,0.22,150.45,351.36,-241.21,814.58
LPPR,LEBL,172,-6.41,19.42,-27.64,19.91,-0.03,0.09,-0.13,0.1,-67.55,215.78,-321.65,246.47
LPPR,LEMD,329,-9.6,11.95,-24.72,2.88,0.02,0.08,-0.1,0.15,40.94,194.75,-250.0,371.68
LPPR,LFBD,70,8.36,13.21,-12.68,25.94,0.02,0.07,-0.08,0.1,42.07,161.85,-212.18,248.9
LPPR,LFLL,75,9.11,12.05,-8.47,26.07,0.01,0.05,-0.06,0.1,26.71,119.59,-135.55,236.71
LPPR,LFOB,94,-19.07,13.72,-42.08,7.01,-0.08,0.06,-0.17,0.02,-196.56,145.38,-398.32,47.0
LPPR,LFPG,109,-7.68,21.79,-41.28,21.26,-0.02,0.11,-0.2,0.14,-57.72,256.16,-478.94,289.76
LPPR,LFPO,350,-20.82,20.2,-53.22,12.86,-0.07,0.09,-0.21,0.08,-162.42,222.04,-519.47,192.72
LPPR,LFRS,61,6.09,13.86,-17.2,28.1,0.05,0.07,-0.06,0.14,109.65,155.38,-127.7,354.1
LPPR,LFSB,60,-6.08,14.31,-29.88,16.38,-0.06,0.06,-0.17,0.05,-147.8,158.23,-420.65,133.5
LPPR,LIMC,62,-48.16,23.79,-70.12,2.65,-0.2,0.09,-0.33,-0.08,-499.71,233.78,-832.46,-200.04
LPPR,LPFR,91,-4.57,11.8,-26.5,13.5,0.02,0.06,-0.08,0.1,40.63,134.96,-200.0,240.0
LPPR,LPMA,175,-8.11,10.16,-19.33,4.29,0.07,0.1,-0.02,0.18,169.86,250.03,-41.63,445.49
LPPR,LPPD,100,-9.51,14.87,-19.75,8.63,-0.01,0.08,-0.13,0.12,-16.01,189.67,-333.4,293.02
LPPR,LPPT,295,-12.88,20.97,-47.3,26.23,0.01,0.1,-0.13,0.17,18.23,223.74,-333.3,397.91
LPPR,LSGG,232,-4.77,10.86,-20.42,11.03,-0.01,0.12,-0.18,0.17,-18.33,281.2,-424.86,422.43
LPPR,LSZH,121,-3.77,15.02,-32.5,20.0,-0.02,0.1,-0.16,0.16,-36.89,232.08,-374.4,398.6
LPPS,LPMA,67,5.71,13.39,0.0,15.5,0.1,0.17,0.02,0.21,135.17,329.06,17.06,520.13
LPPT,CYUL,67,-14.88,11.32,-34.66,0.0,-0.01,0.06,-0.13,0.08,-31.64,290.96,-370.97,369.4
LPPT,CYYZ,93,-16.08,14.25,-43.5,0.0,-0.01,0.07,-0.1,0.08,-23.4,367.24,-482.5,428.0
LPPT,EBBR,179,8.37,13.58,-19.91,26.32,0.02,0.08,-0.13,0.12,36.5,193.47,-333.31,291.7
LPPT,EDDB,90,-2.9,20.03,-33.21,23.95,0.03,0.08,-0.1,0.14,60.11,185.2,-240.22,327.48
LPPT,EDDF,195,-63.86,68.43,-113.13,-29.05,-0.23,0.19,-0.37,-0.11,-580.27,503.03,-944.74,-271.99
LPPT,EDDH,73,-49.35,18.83,-84.96,-23.06,-0.1,0.08,-0.24,0.01,-209.53,187.55,-541.22,28.42
LPPT,EDDL,92,-20.7,21.23,-49.62,14.4,0.02,0.1,-0.13,0.2,30.29,220.21,-335.34,399.0
LPPT,EDDM,149,-5.05,14.53,-28.28,15.52,-0.07,0.08,-0.19,0.07,-181.64,210.96,-499.86,163.66
LPPT,EGCC,116,-9.64,19.65,-42.72,18.42,0.06,0.09,-0.11,0.18,125.26,211.51,-258.65,389.08
LPPT,EGGW,120,-64.99,27.93,-92.32,-15.37,-0.16,0.1,-0.3,-0.0,-378.42,231.76,-700.27,-4.13
LPPT,EGKK,138,6.92,17.17,-19.5,31.19,0.15,0.15,-0.05,0.43,343.48,369.06,-117.1,1062.82
LPPT,EGLL,304,7.04,12.37,-15.3,26.89,0.12,0.11,-0.04,0.3,287.2,258.19,-94.9,739.16
LPPT,EGSS,108,-3.93,11.44,-20.9,17.62,0.09,0.07,-0.02,0.21,204.89,181.39,-40.43,490.21
LPPT,EHAM,324,3.36,13.65,-20.34,22.48,0.05,0.07,-0.07,0.16,120.05,177.03,-166.05,376.38
LPPT,EIDW,172,-36.08,20.44,-69.92,-3.69,-0.08,0.1,-0.25,0.09,-187.64,210.73,-525.98,207.58
LPPT,EKCH,65,-22.46,16.23,-49.56,-5.5,-0.12,0.07,-0.25,-0.03,-282.17,160.82,-549.5,-63.42
LPPT,ELLX,79,-0.39,16.37,-27.93,26.52,0.01,0.09,-0.13,0.18,16.74,217.1,-329.47,397.04
LPPT,FNLU,90,-6.48,14.53,-20.14,7.09,0.01,0.05,-0.05,0.09,62.36,337.04,-343.52,543.86
LPPT,GMMN,112,21.09,13.94,-0.48,41.86,0.11,0.08,0.02,0.22,262.23,188.67,43.86,576.69
LPPT,GMMX,72,-0.2,8.39,-8.89,11.0,0.08,0.06,0.0,0.16,157.1,116.26,2.74,307.99
LPPT,GVNP,77,18.33,49.3,-17.76,30.32,0.12,0.21,-0.04,0.19,288.38,497.99,-77.08,467.1
LPPT,KBOS,88,-12.28,11.25,-31.1,0.0,0.01,0.05,-0.06,0.13,43.09,221.34,-193.74,488.24
LPPT,KEWR,90,-0.28,105.24,-29.38,1.76,0.07,0.25,-0.05,0.24,364.62,1352.51,-268.12,1339.13
LPPT,KIAD,71,-12.03,11.13,-32.3,0.0,-0.02,0.06,-0.1,0.04,-78.18,242.59,-422.9,139.75
LPPT,KJFK,60,-13.53,12.06,-32.05,0.05,0.02,0.06,-0.06,0.12,123.94,309.6,-306.67,654.58
LPPT,LEBB,78,-28.44,19.52,-62.6,-1.29,-0.07,0.1,-0.22,0.08,-64.95,125.96,-220.07,132.26
LPPT,LEBL,333,5.85,33.19,-13.18,31.48,-0.02,0.09,-0.12,0.1,-43.81,228.77,-286.24,206.26
LPPT,LEIB,59,-26.59,29.59,-61.7,11.12,-0.1,0.07,-0.19,0.0,-244.18,178.62,-473.71,4.05
LPPT,LEMD,557,0.87,26.14,-20.2,31.32,0.01,0.09,-0.12,0.15,21.47,227.53,-282.32,360.0
LPPT,LEMG,90,-9.4,13.99,-24.88,20.21,0.03,0.06,-0.04,0.13,62.87,133.95,-87.83,278.44
LPPT,LEPA,55,-21.69,31.81,-78.26,21.62,-0.07,0.1,-0.26,0.09,-177.39,248.61,-594.86,230.47
LPPT,LEVC,84,-1.48,23.13,-40.04,40.28,0.03,0.08,-0.08,0.14,71.06,166.65,-184.5,322.9
LPPT,LEZL,93,1.42,15.46,-18.9,26.74,0.06,0.06,-0.03,0.16,94.64,103.55,-68.44,226.58
LPPT,LFBD,58,8.13,16.71,-12.23,28.74,0.02,0.08,-0.08,0.14,48.44,191.59,-205.24,353.5
LPPT,LFBO,107,-9.41,17.07,-34.55,14.92,0.0,0.06,-0.09,0.08,3.51,128.68,-214.27,187.94
LPPT,LFLL,109,4.95,12.54,-11.36,25.64,-0.0,0.07,-0.1,0.11,-10.53,152.23,-231.12,228.38
LPPT,LFML,105,21.71,31.24,-0.24,53.88,0.08,0.14,-0.08,0.23,188.25,306.67,-192.9,460.34
LPPT,LFMN,95,-1.85,19.95,-32.52,29.15,0.04,0.08,-0.06,0.15,88.53,187.15,-135.13,333.0
LPPT,LFOB,56,-24.95,11.34,-45.0,-4.97,-0.08,0.08,-0.17,0.06,-195.34,191.08,-413.2,135.65
LPPT,LFPG,194,-13.7,15.94,-36.08,13.7,-0.04,0.1,-0.18,0.1,-96.36,240.57,-466.63,256.77
LPPT,LFPO,459,-15.29,23.12,-52.46,21.72,-0.04,0.1,-0.19,0.11,-102.85,235.89,-481.22,266.98
LPPT,LFRS,62,3.76,15.84,-17.28,39.74,0.04,0.08,-0.08,0.2,86.62,204.99,-178.78,481.45
LPPT,LGAV,53,-10.78,67.9,-34.86,26.54,-0.07,0.17,-0.19,0.07,-162.49,399.16,-467.54,162.6
LPPT,LIMC,187,-53.74,20.29,-81.55,-8.07,-0.23,0.11,-0.37,-0.04,-557.46,280.76,-916.67,-98.09
LPPT,LIME,65,-23.15,30.64,-49.44,-1.44,-0.04,0.14,-0.16,0.04,-100.48,324.45,-369.76,96.56
LPPT,LIPE,58,-4.78,26.79,-67.93,20.96,-0.02,0.09,-0.18,0.09,-49.04,214.51,-454.26,203.94
LPPT,LIPZ,76,-13.72,20.0,-40.1,15.02,-0.08,0.08,-0.23,0.07,-192.54,206.85,-583.32,170.18
LPPT,LIRA,56,5.45,16.47,-17.73,30.15,0.03,0.07,-0.07,0.17,65.55,172.04,-170.0,367.0
LPPT,LIRF,119,-19.66,22.68,-49.96,23.15,-0.1,0.1,-0.22,0.04,-259.56,249.29,-560.0,111.95
LPPT,LLBG,50,17.92,21.02,-10.56,51.07,0.04,0.09,-0.1,0.17,87.0,228.42,-249.2,416.6
LPPT,LOWW,65,0.44,20.12,-23.06,33.76,0.03,0.07,-0.07,0.14,66.82,175.29,-177.34,352.22
LPPT,LPFR,118,-5.43,12.23,-25.64,19.2,-0.02,0.04,-0.08,0.07,-44.46,103.24,-184.56,146.7
LPPT,LPLA,109,-8.3,13.18,-31.44,7.32,-0.01,0.05,-0.08,0.08,-9.46,145.7,-181.34,237.06
LPPT,LPMA,360,0.51,5.39,-4.5,8.93,0.08,0.07,0.0,0.18,189.33,172.25,0.0,458.3
LPPT,LPPD,253,-4.48,10.23,-20.1,15.84,0.03,0.06,-0.07,0.12,72.28,161.61,-170.86,325.32
LPPT,LPPR,305,-22.48,57.07,-50.12,6.4,-0.05,0.14,-0.17,0.08,-119.45,352.84,-375.0,154.68
LPPT,LSGG,202,-7.24,11.91,-26.14,10.35,-0.02,0.12,-0.19,0.16,-51.4,274.91,-447.86,387.85
LPPT,LSZH,172,-4.91,16.3,-27.76,22.6,-0.02,0.09,-0.16,0.15,-59.45,221.2,-412.46,353.05
LPPT,LTFM,60,-26.78,27.16,-67.68,25.97,-0.08,0.09,-0.2,0.04,-207.69,219.22,-502.08,98.06
LPPT,OMDB,60,1.7,21.06,-23.79,30.37,0.14,0.12,-0.01,0.33,1121.72,908.07,-70.34,2561.51
LPPT,SBGR,115,-1.36,8.81,-21.53,8.26,0.01,0.06,-0.1,0.1,47.02,346.99,-555.21,549.87
LPPT,SBKP,56,-0.04,4.46,-6.68,7.65,0.05,0.04,-0.04,0.11,265.89,240.75,-210.6,573.0
LPSJ,LPLA,59,0.0,0.0,0.0,0.0,0.01,0.0,0.01,0.01,10.45,2.61,8.27,16.03
LPSJ,LPPD,55,6.12,6.87,-0.03,22.34,0.02,0.05,-0.05,0.11,22.04,48.57,-52.25,99.58
LQSA,LDZA,53,1.9,11.77,-13.9,13.92,0.04,0.08,-0.02,0.14,48.77,97.29,-25.54,174.18
LQSA,LOWW,59,16.17,12.64,-1.32,39.69,0.06,0.04,0.0,0.12,153.35,102.08,9.99,295.86
LQSA,LTFJ,60,-13.02,22.84,-56.88,29.54,-0.01,0.11,-0.17,0.18,-35.08,262.57,-385.06,440.92
LQSA,LTFM,86,-21.76,14.66,-37.67,3.25,0.02,0.07,-0.08,0.15,49.59,194.42,-179.15,379.65
LRCL,EDDM,59,4.26,15.67,-14.86,30.73,-0.03,0.08,-0.15,0.08,-53.86,136.21,-276.05,146.25
LRCL,EGGW,68,1.07,17.29,-25.66,30.2,0.09,0.08,-0.02,0.24,234.66,216.52,-39.32,673.22
LRCL,LIME,65,-34.68,23.28,-61.06,2.96,-0.06,0.06,-0.13,0.05,-144.31,143.39,-333.3,116.84
LRCL,LROP,135,-51.51,10.98,-62.36,-31.42,-0.25,0.15,-0.48,-0.03,-351.92,133.29,-560.0,-83.37
LRIA,EGGW,68,-3.42,13.19,-21.36,21.2,0.07,0.08,-0.05,0.21,183.55,190.51,-115.31,524.37
LRIA,LROP,100,-43.48,10.28,-54.91,-16.4,-0.29,0.07,-0.38,-0.18,-259.4,56.26,-345.0,-169.75
LROD,LROP,51,-48.63,17.25,-59.6,-40.3,-0.31,0.07,-0.38,-0.23,-280.66,63.69,-337.5,-210.0
LROP,EBCI,60,-24.4,16.74,-35.71,5.05,-0.04,0.07,-0.15,0.05,-85.71,158.66,-360.75,143.0
LROP,EDDF,114,-18.2,19.46,-49.14,10.19,-0.16,0.09,-0.29,-0.02,-386.84,209.16,-687.15,-44.23
LROP,EDDM,85,13.61,13.79,-9.82,34.4,-0.05,0.07,-0.17,0.05,-135.34,171.07,-389.2,131.26
LROP,EGGW,111,-8.81,15.22,-28.8,17.65,0.06,0.09,-0.07,0.2,139.34,224.43,-170.45,503.8
LROP,EGLL,60,8.58,13.86,-3.32,32.46,0.16,0.13,-0.02,0.38,394.98,333.15,-51.68,950.12
LROP,EGSS,101,9.24,19.05,-9.5,32.5,0.1,0.08,-0.01,0.2,224.9,176.38,-18.0,488.0
LROP,EHAM,99,5.73,12.58,-8.75,19.76,0.07,0.06,-0.04,0.17,170.6,152.24,-106.51,413.97
LROP,EPWA,90,-13.35,17.97,-36.48,19.66,-0.03,0.07,-0.12,0.1,-59.75,130.51,-236.14,215.58
LROP,LBSF,52,-40.16,23.28,-75.99,-3.03,-0.13,0.1,-0.32,0.02,-177.97,127.58,-381.98,46.5
LROP,LEBL,64,-12.6,20.75,-40.38,19.98,-0.04,0.07,-0.14,0.08,-93.15,169.7,-340.49,188.77
LROP,LEMD,85,-12.95,17.97,-34.06,19.04,0.01,0.07,-0.08,0.14,28.91,173.93,-196.68,325.98
LROP,LFPG,140,0.25,14.99,-22.04,28.61,0.03,0.08,-0.08,0.15,73.08,170.01,-183.61,328.42
LROP,LGAV,97,-29.42,23.26,-63.78,8.64,-0.02,0.11,-0.16,0.15,-30.38,244.9,-307.18,365.68
LROP,LIME,96,-54.89,27.77,-98.38,-9.52,-0.11,0.09,-0.27,0.01,-266.0,212.76,-577.6,30.2
LROP,LIPE,56,-25.36,16.21,-48.03,3.22,-0.01,0.07,-0.1,0.14,-34.9,167.16,-250.0,331.15
LROP,LIPH,67,-13.16,22.09,-39.04,23.62,0.02,0.08,-0.07,0.15,37.87,197.66,-180.7,370.5
LROP,LIRF,58,-59.82,21.81,-82.68,-20.96,-0.17,0.07,-0.27,-0.03,-414.59,169.05,-626.56,-80.61
LROP,LLBG,135,-15.07,18.24,-40.39,18.7,-0.02,0.08,-0.15,0.09,-48.07,201.17,-377.28,243.0
LROP,LOWW,153,16.67,18.23,-3.4,53.46,0.04,0.06,-0.05,0.15,104.99,140.75,-102.0,375.0
LROP,LRCL,135,-51.82,13.47,-69.04,-25.92,-0.19,0.13,-0.35,-0.07,-266.31,205.21,-405.05,-90.63
LROP,LRIA,100,7.48,8.84,-6.4,20.93,-0.04,0.05,-0.1,0.05,-33.8,45.91,-90.85,54.07
LROP,LROD,51,10.58,11.89,-3.0,24.65,-0.0,0.1,-0.11,0.07,-2.17,86.62,-97.6,60.15
LROP,LRTR,128,-1.52,16.68,-12.26,29.4,-0.02,0.09,-0.14,0.12,-12.67,118.96,-138.43,239.54
LROP,LSZH,34,18.91,13.16,9.4,32.65,0.05,0.11,-0.1,0.19,120.54,290.45,-231.86,451.76
LROP,LTFM,153,-45.58,19.69,-69.64,-15.64,-0.11,0.13,-0.33,0.07,-252.43,343.86,-812.04,266.04
LROP,LUKK,86,-13.59,8.82,-30.9,-0.4,-0.06,0.05,-0.15,0.02,-54.55,46.03,-125.62,24.75
LROP,LYBE,52,-9.78,24.39,-44.03,27.22,-0.03,0.12,-0.17,0.15,-19.84,130.71,-234.3,201.55
LROP,OTHH,60,2.57,29.78,-28.7,69.03,0.04,0.06,-0.07,0.13,95.63,148.82,-164.94,324.71
LRSB,EDDM,61,1.86,15.25,-14.9,29.1,-0.11,0.06,-0.21,-0.01,-157.84,84.63,-287.8,-17.1
LRTR,EDDM,103,12.61,17.49,-7.11,44.29,-0.02,0.07,-0.12,0.09,-32.54,145.06,-269.97,201.57
LRTR,LROP,128,-33.13,14.14,-40.5,0.06,-0.14,0.1,-0.3,0.02,-179.15,103.95,-318.25,36.5
LSGG,BKPR,68,-7.16,15.3,-35.16,18.68,0.01,0.09,-0.08,0.1,36.53,201.04,-182.92,230.0
LSGG,EBBR,165,-9.55,12.7,-23.38,18.64,-0.06,0.06,-0.15,0.05,-136.4,143.87,-366.68,112.0
LSGG,EDDF,170,-44.02,32.76,-95.23,-5.95,-0.21,0.1,-0.34,-0.08,-379.59,199.74,-657.78,-140.76
LSGG,EDDM,123,-0.39,12.38,-19.74,21.53,-0.11,0.08,-0.25,0.02,-185.08,153.94,-450.55,29.19
LSGG,EGCC,80,17.84,8.72,5.08,31.36,0.07,0.08,-0.03,0.2,204.65,313.57,-196.27,783.33
LSGG,EGGW,54,-54.19,16.13,-73.73,-23.38,-0.13,0.09,-0.26,0.01,-287.06,197.76,-580.88,20.13
LSGG,EGKK,144,15.18,10.94,1.72,34.98,0.16,0.12,0.02,0.36,379.39,302.02,44.89,894.87
LSGG,EGLC,9,-7.86,6.43,-16.86,0.54,0.01,0.05,-0.05,0.09,25.94,115.55,-117.28,198.02
LSGG,EGLL,294,10.58,13.24,-4.0,35.6,0.15,0.1,0.01,0.34,335.89,238.61,11.92,816.56
LSGG,EHAM,232,0.59,14.29,-22.19,21.72,0.06,0.07,-0.07,0.17,136.64,175.32,-170.69,433.7
LSGG,EKCH,86,-7.26,13.32,-27.8,18.85,-0.02,0.07,-0.12,0.12,-48.82,130.34,-237.78,167.45
LSGG,EPWA,58,-45.62,15.45,-66.72,-11.08,-0.06,0.09,-0.17,0.11,-121.21,167.59,-337.46,205.83
LSGG,GMMX,58,-0.76,17.94,-41.72,18.87,0.02,0.07,-0.11,0.12,41.88,143.82,-203.04,258.94
LSGG,KJFK,59,4.09,9.38,-11.57,18.48,0.04,0.09,-0.1,0.21,201.11,519.56,-619.68,1176.97
LSGG,LEBL,155,0.18,10.74,-11.0,21.39,-0.0,0.07,-0.11,0.13,-6.75,169.31,-251.91,302.74
LSGG,LEMD,155,-1.06,12.46,-21.31,13.62,-0.0,0.09,-0.12,0.17,-3.59,208.12,-291.7,418.17
LSGG,LEMG,65,-2.06,11.83,-18.06,20.36,0.08,0.07,-0.01,0.2,180.77,159.4,-30.9,449.62
LSGG,LEPA,85,-4.32,10.6,-15.6,17.56,0.03,0.07,-0.06,0.14,64.09,159.73,-137.6,321.0
LSGG,LFBD,70,-4.73,9.33,-13.86,11.36,0.01,0.05,-0.07,0.1,26.73,121.04,-169.32,245.86
LSGG,LFMN,157,-28.88,19.48,-54.76,3.84,-0.16,0.07,-0.28,-0.04,-394.74,175.93,-694.88,-79.04
LSGG,LFPG,236,3.23,9.48,-4.72,21.95,0.07,0.07,-0.06,0.18,131.04,148.42,-142.98,348.08
LSGG,LFPO,51,6.85,10.41,-4.75,27.05,-0.01,0.06,-0.12,0.08,-29.1,154.48,-291.0,199.95
LSGG,LFRS,73,-2.63,11.57,-17.96,14.76,-0.04,0.06,-0.11,0.05,-110.06,137.22,-282.24,132.36
LSGG,LGAV,63,-18.02,100.57,-28.08,12.02,-0.02,0.22,-0.1,0.1,-30.52,433.95,-218.54,258.97
LSGG,LIRF,90,-29.25,17.13,-43.4,0.7,-0.05,0.06,-0.14,0.05,-128.93,149.8,-352.87,125.0
LSGG,LOWW,65,-1.38,11.23,-20.16,16.28,0.03,0.05,-0.04,0.1,63.52,100.08,-78.12,190.0
LSGG,LPPR,232,7.92,12.43,-5.5,31.68,0.05,0.07,-0.05,0.16,131.94,168.29,-122.74,378.78
LSGG,LPPT,202,-1.3,18.77,-30.28,32.88,0.07,0.09,-0.07,0.23,175.41,215.99,-151.97,583.3
LSGG,LSZH,141,-1.89,6.9,-13.5,8.5,0.02,0.07,-0.06,0.13,58.15,188.76,-156.2,416.0
LSGG,LTFM,104,-20.77,24.99,-48.71,34.85,0.03,0.11,-0.08,0.22,69.25,280.64,-233.39,599.61
LSGG,OMDB,59,22.65,27.03,-10.43,67.48,0.26,0.12,0.09,0.46,2041.66,945.89,662.97,3603.38
LSZH,BKPR,119,-25.47,22.45,-57.66,5.59,-0.07,0.11,-0.2,0.05,-176.08,272.85,-500.0,129.16
LSZH,EBBR,105,-21.35,17.15,-41.32,10.94,-0.02,0.09,-0.17,0.13,-59.24,217.93,-374.68,290.36
LSZH,EDDB,225,-16.98,14.0,-37.88,6.32,-0.03,0.06,-0.14,0.08,-84.04,156.39,-331.82,178.0
LSZH,EDDF,242,-60.32,19.33,-86.58,-25.94,-0.25,0.09,-0.37,-0.11,-569.18,221.94,-842.83,-251.87
LSZH,EDDH,205,-39.51,17.41,-63.88,-5.7,-0.13,0.08,-0.27,-0.02,-297.98,196.76,-623.38,-44.16
LSZH,EDDK,69,-21.52,14.47,-45.96,-2.18,-0.06,0.08,-0.19,0.06,-152.32,186.09,-464.2,129.6
LSZH,EDDL,154,-35.24,18.23,-66.44,-7.83,-0.08,0.08,-0.23,0.05,-191.41,192.7,-542.92,112.98
LSZH,EDDM,160,1.93,11.05,-11.9,20.51,-0.07,0.07,-0.17,0.05,-107.25,133.46,-285.84,120.53
LSZH,EDDN,40,-52.52,20.67,-76.58,-22.88,-0.18,0.11,-0.38,-0.07,-406.79,275.38,-869.73,-148.95
LSZH,EDDS,59,-14.94,10.18,-29.45,1.09,-0.02,0.06,-0.11,0.06,-60.17,149.21,-261.58,123.82
LSZH,EDDV,54,-13.54,18.41,-54.46,3.38,-0.02,0.1,-0.15,0.08,-41.09,230.55,-315.94,178.95
LSZH,EFHK,59,-23.32,11.47,-40.75,-4.99,-0.04,0.06,-0.14,0.04,-87.84,144.08,-343.54,111.27
LSZH,EGCC,49,8.89,11.65,-16.22,23.48,0.06,0.07,-0.06,0.18,130.92,150.9,-104.86,364.34
LSZH,EGKK,53,3.89,11.96,-16.96,22.42,0.12,0.12,-0.03,0.34,270.49,271.15,-55.96,757.42
LSZH,EGLC,64,-7.12,11.93,-26.44,7.87,0.02,0.05,-0.06,0.09,33.32,102.69,-135.92,195.28
LSZH,EGLL,316,3.82,14.01,-14.35,31.72,0.1,0.1,-0.05,0.29,227.95,241.0,-117.42,673.0
LSZH,EHAM,221,-14.46,16.22,-44.8,8.8,0.04,0.08,-0.09,0.16,88.33,174.21,-189.9,352.6
LSZH,EIDW,79,-11.48,18.57,-40.99,15.47,-0.02,0.08,-0.13,0.15,-43.29,189.32,-311.25,291.39
LSZH,EKCH,158,-19.04,11.06,-35.3,1.18,-0.1,0.05,-0.18,-0.03,-215.01,124.84,-432.04,-53.95
LSZH,ELLX,43,-24.46,53.9,-57.75,-8.8,-0.05,0.2,-0.27,0.08,-106.7,457.27,-610.52,177.73
LSZH,ENGM,71,-32.13,13.47,-52.25,-9.7,-0.06,0.08,-0.18,0.07,-138.79,193.51,-396.95,156.1
LSZH,EPWA,120,-41.97,22.65,-86.78,-5.71,-0.1,0.08,-0.24,0.05,-192.77,159.19,-446.9,88.66
LSZH,ESGG,60,-20.31,12.42,-42.94,-3.68,-0.04,0.04,-0.1,0.01,-71.32,81.7,-185.42,22.85
LSZH,ESSA,110,-15.87,13.93,-41.99,2.8,-0.03,0.05,-0.12,0.04,-74.53,128.86,-280.17,98.78
LSZH,HEGN,59,4.81,20.56,-20.99,54.38,-0.04,0.1,-0.18,0.13,-97.38,256.43,-453.17,319.99
LSZH,KBOS,60,-2.38,6.26,-12.42,7.44,-0.06,0.06,-0.14,0.04,-394.74,347.99,-875.54,217.4
LSZH,KEWR,58,-3.33,12.74,-29.77,14.66,0.03,0.09,-0.1,0.16,185.65,516.02,-604.3,935.23
LSZH,KJFK,89,-2.39,6.02,-10.94,5.9,0.01,0.07,-0.09,0.15,42.29,443.2,-557.78,863.54
LSZH,KORD,90,-2.44,12.51,-23.05,8.2,-0.05,0.07,-0.14,0.04,-316.71,410.04,-964.76,287.56
LSZH,KSFO,56,-9.45,16.28,-40.67,10.22,-0.08,0.06,-0.18,0.02,-567.0,463.18,-1270.22,134.32
LSZH,LCLK,78,6.64,14.73,-19.62,24.42,-0.01,0.07,-0.15,0.1,-30.97,170.16,-375.0,250.0
LSZH,LDZA,59,1.89,8.92,-4.38,20.29,-0.02,0.06,-0.09,0.09,-14.31,90.45,-107.27,123.33
LSZH,LEBL,179,-2.75,15.67,-22.78,22.13,-0.03,0.08,-0.17,0.1,-80.42,195.4,-428.61,241.9
LSZH,LEIB,62,-18.81,19.91,-55.68,10.17,-0.1,0.09,-0.25,0.05,-239.55,224.25,-583.12,124.73
LSZH,LEMD,178,-3.09,11.8,-18.14,15.34,0.02,0.07,-0.08,0.14,37.39,176.5,-208.3,335.3
LSZH,LEMG,109,-5.64,12.03,-20.86,12.38,0.01,0.07,-0.1,0.1,19.04,183.12,-248.76,256.7
LSZH,LEPA,274,-11.71,18.39,-40.57,12.3,-0.03,0.08,-0.16,0.1,-85.47,204.38,-398.5,242.2
LSZH,LEVC,78,1.89,18.95,-21.46,31.84,-0.03,0.06,-0.15,0.06,-78.71,163.28,-365.53,142.47
LSZH,LFMN,106,-73.96,16.54,-93.48,-47.2,-0.23,0.1,-0.35,-0.09,-534.39,241.78,-865.15,-181.68
LSZH,LFPG,188,-3.75,13.58,-24.6,23.53,0.03,0.07,-0.09,0.13,53.41,152.4,-202.24,259.59
LSZH,LGAV,130,-18.86,16.77,-44.51,6.81,-0.04,0.07,-0.16,0.05,-105.0,183.59,-440.68,142.74
LSZH,LGIR,112,-20.06,18.75,-53.98,7.94,-0.07,0.09,-0.2,0.08,-166.86,218.52,-499.3,194.71
LSZH,LGKO,52,-1.75,14.77,-25.34,20.39,-0.02,0.08,-0.15,0.12,-43.59,199.31,-364.78,300.13
LSZH,LGTS,57,-4.59,17.64,-34.08,18.9,-0.03,0.07,-0.13,0.1,-58.32,152.87,-270.76,241.86
LSZH,LHBP,65,-16.88,16.42,-36.34,9.24,-0.02,0.07,-0.12,0.09,-43.94,159.41,-231.02,184.32
LSZH,LIBR,62,2.05,22.89,-30.38,21.93,0.01,0.12,-0.13,0.13,1.7,284.08,-313.6,259.45
LSZH,LICJ,68,-12.96,11.55,-22.56,5.96,-0.02,0.08,-0.12,0.07,-49.53,197.25,-304.14,184.39
LSZH,LIMC,86,-59.82,19.72,-80.1,-24.4,-0.2,0.1,-0.37,-0.06,-618.23,429.43,-1450.0,-161.78
LSZH,LIPZ,72,-48.03,13.35,-66.54,-27.29,-0.2,0.08,-0.31,-0.09,-453.78,206.42,-768.76,-170.51
LSZH,LIRF,164,-49.14,18.91,-68.51,-23.33,-0.14,0.08,-0.23,-0.02,-335.56,199.82,-603.12,-32.45
LSZH,LIRN,81,-45.55,22.31,-86.5,-19.1,-0.11,0.1,-0.25,0.03,-228.61,216.32,-606.6,63.4
LSZH,LIRQ,40,-24.29,3.81,-28.8,-20.61,-0.03,0.05,-0.1,0.05,-64.95,131.31,-264.33,134.33
LSZH,LKPR,89,-12.63,15.8,-27.38,3.64,-0.09,0.07,-0.2,0.0,-208.27,175.25,-490.56,0.0
LSZH,LLBG,86,-4.47,15.82,-32.38,26.45,-0.04,0.07,-0.15,0.07,-94.65,193.09,-347.48,170.62
LSZH,LMML,51,0.65,12.5,-26.3,13.3,0.02,0.05,-0.08,0.1,44.61,119.05,-183.7,207.15
LSZH,LOWW,228,4.33,14.86,-7.3,27.78,0.0,0.06,-0.08,0.1,2.09,150.53,-208.3,245.87
LSZH,LPPR,122,7.05,15.42,-6.53,28.28,0.04,0.07,-0.05,0.17,90.2,174.32,-129.84,416.7
LSZH,LPPT,171,-1.51,17.86,-30.55,27.75,0.07,0.1,-0.08,0.22,164.34,256.66,-200.0,541.7
LSZH,LROP,35,-41.96,20.98,-68.19,-5.71,-0.07,0.09,-0.17,0.13,-174.99,218.69,-433.33,342.3
LSZH,LSGG,141,0.79,23.88,-18.3,5.7,0.05,0.06,-0.03,0.15,100.61,164.71,-86.1,304.9
LSZH,LTAI,164,-3.18,20.73,-33.54,21.36,0.04,0.13,-0.12,0.21,87.05,291.78,-288.1,457.8
LSZH,LTFJ,79,-20.48,22.39,-55.71,13.49,-0.0,0.12,-0.15,0.22,-10.66,307.21,-379.5,566.5
LSZH,LTFM,130,-25.29,18.53,-56.58,7.86,-0.03,0.13,-0.18,0.13,-111.44,601.2,-1004.56,464.13
LSZH,LYBE,139,-16.84,26.48,-61.74,19.82,-0.03,0.12,-0.19,0.11,-75.52,271.2,-446.77,247.29
LSZH,OMDB,90,24.12,22.19,-4.99,66.02,0.2,0.16,-0.05,0.48,1955.56,1709.87,-301.73,5608.68
LSZH,OTHH,60,21.62,20.11,-10.27,56.32,0.11,0.08,-0.04,0.21,636.27,466.65,-208.7,1386.08
LSZH,VTBS,60,-0.86,10.73,-25.73,11.98,-0.07,0.06,-0.17,0.05,-553.98,479.71,-1326.32,399.89
LSZH,WSSS,57,-2.86,10.52,-14.98,4.98,0.01,0.06,-0.09,0.11,111.53,478.98,-705.9,867.54
LTAC,EDDL,57,-10.96,13.46,-31.76,4.12,0.04,0.06,-0.06,0.14,92.0,147.36,-130.9,339.5
LTAC,LTAF,85,4.22,5.03,-2.66,12.74,0.05,0.05,0.0,0.12,116.98,117.83,0.0,280.0
LTAC,LTAI,256,9.31,18.89,-18.05,44.8,0.08,0.08,-0.03,0.2,190.98,185.7,-76.6,490.0
LTAC,LTAJ,84,0.28,4.15,-3.27,4.35,0.09,0.06,0.03,0.17,221.78,138.54,60.0,400.0
LTAC,LTBJ,214,-1.65,14.79,-23.78,18.87,0.03,0.06,-0.05,0.13,66.84,140.09,-115.0,319.61
LTAC,LTBS,107,20.42,21.01,-18.1,51.31,0.14,0.07,0.05,0.27,324.53,173.5,120.0,598.5
LTAC,LTCA,56,13.37,21.74,-9.95,43.32,0.12,0.09,0.01,0.33,294.84,210.03,30.0,718.5
LTAC,LTCB,60,29.06,23.71,0.0,54.59,0.16,0.09,0.03,0.25,368.93,206.07,69.7,603.8
LTAC,LTCC,90,1.83,6.12,0.0,10.5,0.11,0.09,0.02,0.29,269.17,203.5,40.0,686.6
LTAC,LTCE,73,2.22,20.77,-34.42,44.84,0.04,0.07,-0.07,0.17,88.96,159.67,-136.88,400.0
LTAC,LTCG,99,4.39,20.23,-4.41,24.3,0.09,0.06,0.01,0.17,224.6,133.32,20.5,407.7
LTAC,LTCI,90,7.49,8.98,-1.4,22.84,0.11,0.04,0.07,0.2,268.56,105.56,160.0,484.0
LTAC,LTFE,123,-20.88,20.3,-53.0,7.38,0.05,0.07,-0.05,0.13,106.69,165.17,-120.0,306.69
LTAC,LTFJ,326,-23.61,20.95,-55.28,2.75,-0.03,0.13,-0.18,0.2,-75.87,319.83,-421.7,499.58
LTAC,LTFM,426,-15.97,18.34,-32.08,12.35,-0.01,0.09,-0.1,0.15,-28.23,249.48,-280.0,366.68
LTAC,LTFO,60,2.25,15.68,-11.48,31.85,0.07,0.06,-0.0,0.17,171.05,138.86,-2.0,402.0
LTAC,OIIE,47,32.07,16.19,0.1,55.83,0.1,0.06,-0.01,0.18,229.59,145.53,-13.44,443.61
LTAC,OJAI,60,4.08,24.2,-23.34,27.74,0.04,0.07,-0.05,0.15,101.09,166.94,-116.25,345.0
LTAC,UBBB,56,-24.38,45.17,-91.02,49.9,-0.02,0.09,-0.14,0.12,-48.65,215.86,-354.15,271.3
LTAF,LTAC,88,9.12,17.34,0.0,45.73,0.0,0.05,-0.05,0.1,10.26,120.05,-120.0,240.0
LTAF,LTAI,110,15.17,22.03,0.0,32.8,-0.05,0.07,-0.15,0.06,-107.59,179.14,-353.25,157.75
LTAF,LTBJ,83,-7.5,11.99,-26.52,11.72,-0.09,0.09,-0.22,0.02,-206.58,194.27,-496.47,38.3
LTAF,LTFJ,292,-18.92,22.23,-50.72,14.93,-0.0,0.15,-0.15,0.23,-8.85,358.44,-375.0,566.75
LTAF,LTFM,346,-37.21,24.17,-56.7,4.6,-0.04,0.1,-0.15,0.11,-100.69,258.79,-373.3,272.5
LTAI,BKPR,51,23.51,20.39,-4.2,55.3,0.08,0.1,-0.08,0.27,190.32,248.73,-180.0,640.0
LTAI,EBBR,69,15.58,21.01,-6.92,57.52,0.01,0.12,-0.17,0.17,22.35,287.11,-412.78,409.96
LTAI,EDDB,233,15.5,22.29,-15.64,53.2,0.04,0.07,-0.07,0.17,99.81,177.8,-165.58,405.2
LTAI,EDDF,216,-18.22,26.97,-55.9,25.02,-0.14,0.1,-0.3,0.03,-336.16,248.62,-738.45,72.8
LTAI,EDDG,87,8.72,22.14,-30.23,46.48,0.07,0.08,-0.06,0.18,165.01,186.74,-143.96,418.31
LTAI,EDDH,172,-30.27,21.93,-55.9,5.42,-0.09,0.1,-0.26,0.06,-213.52,233.76,-625.38,138.71
LTAI,EDDK,289,20.09,28.92,-12.82,58.22,0.08,0.14,-0.09,0.23,197.03,311.96,-214.74,579.9
LTAI,EDDL,392,-0.41,23.52,-32.14,41.72,0.01,0.1,-0.14,0.17,14.36,261.47,-438.28,403.35
LTAI,EDDM,199,14.84,18.33,-7.91,48.01,0.01,0.08,-0.14,0.13,18.52,195.32,-368.89,296.94
LTAI,EDDN,171,-7.48,43.32,-84.05,48.25,-0.03,0.14,-0.31,0.15,-72.92,356.62,-736.3,337.15
LTAI,EDDP,141,-47.46,30.61,-78.9,0.6,-0.12,0.1,-0.25,0.03,-292.26,229.48,-554.2,67.7
LTAI,EDDS,226,16.41,19.36,-11.95,50.42,0.06,0.08,-0.05,0.18,147.22,187.39,-123.12,444.85
LTAI,EDDV,241,11.95,28.44,-12.4,48.3,0.03,0.11,-0.15,0.16,54.39,255.5,-360.0,371.8
LTAI,EDDW,56,-1.57,15.88,-19.15,22.48,0.03,0.1,-0.17,0.16,62.75,222.12,-415.05,362.35
LTAI,EDLP,96,-12.25,17.78,-34.58,18.82,-0.03,0.06,-0.11,0.06,-60.89,146.36,-264.68,141.95
LTAI,EETN,33,-5.8,19.57,-34.72,27.52,-0.05,0.09,-0.17,0.12,-126.28,219.41,-433.34,294.9
LTAI,EGBB,98,-6.74,25.13,-47.32,32.07,-0.06,0.11,-0.23,0.1,-183.14,342.36,-715.77,240.9
LTAI,EGCC,244,11.52,26.53,-29.58,48.4,0.0,0.11,-0.17,0.18,-35.27,356.46,-687.8,453.99
LTAI,EGGD,73,17.1,22.15,-7.76,52.28,0.0,0.11,-0.19,0.15,4.55,260.14,-456.8,375.0
LTAI,EGKK,243,18.72,27.12,-24.43,64.79,0.1,0.15,-0.12,0.37,263.93,394.71,-352.13,977.97
LTAI,EGNT,58,4.08,37.19,-33.56,52.89,-0.02,0.13,-0.22,0.18,-38.44,311.06,-527.1,426.99
LTAI,EGSS,122,10.26,22.19,-10.88,41.13,0.03,0.13,-0.14,0.21,67.05,315.66,-338.5,522.48
LTAI,EHAM,53,7.21,33.35,-49.7,48.76,0.03,0.12,-0.18,0.22,38.38,497.12,-910.92,543.9
LTAI,EKCH,55,-11.51,17.3,-38.0,16.44,-0.06,0.06,-0.15,0.03,-127.56,141.64,-341.61,70.18
LTAI,ESSA,50,11.99,24.88,-22.14,62.98,0.04,0.12,-0.09,0.22,106.54,289.13,-193.33,508.93
LTAI,LFSB,105,-11.18,26.73,-42.58,18.58,0.04,0.09,-0.13,0.17,79.8,206.77,-316.94,380.4
LTAI,LKPR,84,-4.8,19.52,-28.1,27.23,-0.09,0.1,-0.23,0.03,-208.54,243.93,-597.51,78.5
LTAI,LLBG,184,-6.52,13.01,-25.94,17.57,0.04,0.13,-0.07,0.14,83.95,300.87,-160.0,332.1
LTAI,LOWW,164,26.3,25.41,-11.34,72.39,0.06,0.08,-0.07,0.16,147.45,188.0,-165.7,382.05
LTAI,LSZH,162,18.62,22.92,-18.77,55.91,0.03,0.11,-0.19,0.17,52.39,273.78,-495.32,356.34
LTAI,LTAC,254,9.42,22.06,-6.4,60.74,0.09,0.08,-0.02,0.22,214.89,179.45,-38.3,525.84
LTAI,LTAF,109,-6.84,4.4,-9.4,0.4,-0.06,0.04,-0.12,0.03,-139.83,106.78,-275.32,77.14
LTAI,LTAU,50,-4.31,15.6,-20.3,25.7,-0.0,0.06,-0.09,0.09,-0.33,130.07,-180.28,212.71
LTAI,LTBJ,89,3.38,24.47,-31.5,44.98,-0.04,0.09,-0.2,0.09,-84.69,203.41,-469.06,206.0
LTAI,LTFJ,572,-11.76,44.95,-38.6,31.65,0.01,0.15,-0.13,0.26,34.26,367.31,-333.3,605.98
LTAI,LTFM,484,-4.78,56.6,-35.34,48.48,0.04,0.16,-0.07,0.23,130.81,440.51,-207.05,757.99
LTAI,LUKK,82,-26.95,23.83,-78.92,2.28,-0.04,0.08,-0.18,0.09,-99.61,202.9,-458.3,227.84
LTAI,OLBA,85,-10.44,12.13,-31.34,14.9,0.03,0.09,-0.06,0.14,71.91,234.28,-139.76,322.96
LTAI,UAAA,45,-45.38,34.76,-93.56,3.2,-0.04,0.08,-0.15,0.06,-127.83,229.42,-527.96,158.08
LTAI,UACC,37,-12.81,17.0,-33.96,8.86,0.08,0.08,-0.0,0.26,217.34,229.93,-16.66,722.64
LTAI,ULLI,191,-13.34,45.19,-101.0,44.45,-0.06,0.15,-0.33,0.13,-119.31,513.6,-843.0,693.85
LTAI,UNNT,58,-22.43,11.72,-40.71,-3.44,-0.04,0.06,-0.15,0.05,-186.64,274.11,-563.7,162.22
LTAI,URMM,67,35.27,81.9,-23.96,224.04,0.08,0.25,-0.08,0.21,181.38,588.48,-191.7,475.32
LTAI,URSS,66,-18.58,21.77,-43.48,4.45,-0.06,0.05,-0.13,0.02,-146.69,111.87,-298.53,51.8
LTAI,USSS,130,-25.48,16.45,-48.26,0.9,-0.05,0.1,-0.2,0.08,-105.78,455.82,-585.5,446.05
LTAI,UUDD,140,-32.14,57.05,-107.86,21.92,-0.09,0.09,-0.24,0.04,-212.48,215.46,-569.54,94.46
LTAI,UUEE,236,-39.56,57.92,-112.72,43.42,-0.01,0.21,-0.3,0.24,-72.67,1344.0,-1860.0,1690.0
LTAI,UUWW,254,-1.34,15.53,-26.1,26.08,-0.04,0.05,-0.11,0.05,-187.49,259.51,-615.3,214.36
LTAI,UWKD,141,-29.39,33.37,-81.0,19.1,-0.04,0.11,-0.24,0.12,-84.24,265.26,-582.7,306.7
LTAI,UWUU,100,-30.66,15.35,-53.52,-9.37,-0.07,0.1,-0.23,0.1,-201.11,320.01,-562.0,211.75
LTAI,UWWW,73,-53.33,30.66,-102.18,-13.16,-0.12,0.12,-0.29,0.04,-302.56,315.65,-752.0,97.98
LTAJ,LTAC,83,6.92,12.36,0.0,27.58,0.1,0.07,0.03,0.2,239.72,167.93,80.0,472.33
LTAJ,LTBJ,62,-16.49,13.45,-40.49,1.33,-0.1,0.1,-0.28,0.02,-211.04,211.39,-591.5,39.75
LTAJ,LTFJ,169,-19.63,26.12,-52.2,8.84,-0.03,0.12,-0.17,0.17,-64.82,286.77,-416.7,395.84
LTAJ,LTFM,267,-37.74,34.38,-57.5,8.18,-0.06,0.15,-0.17,0.11,-156.1,357.54,-416.7,265.22
LTAN,LTFJ,94,-24.96,24.34,-43.2,5.09,-0.05,0.17,-0.23,0.18,-114.91,407.61,-548.1,432.75
LTAN,LTFM,119,-14.82,17.66,-45.5,12.87,0.01,0.13,-0.15,0.21,29.39,331.21,-373.3,503.5
LTAR,LTFJ,56,-22.8,23.27,-54.28,18.05,-0.02,0.13,-0.15,0.22,-39.94,304.2,-336.58,531.02
LTAR,LTFM,75,-44.73,19.62,-60.81,-5.67,-0.06,0.1,-0.16,0.13,-161.23,249.59,-409.87,368.83
LTAT,LTFJ,60,-14.78,36.78,-48.72,10.76,0.0,0.19,-0.13,0.28,12.55,474.1,-315.64,648.14
LTAT,LTFM,79,-39.54,14.74,-52.21,-12.37,-0.07,0.06,-0.15,0.04,-183.3,150.46,-394.75,86.5
LTAU,LTAI,50,-9.53,17.53,-36.66,19.37,0.07,0.1,-0.06,0.23,163.95,236.22,-142.25,524.54
LTAU,LTFJ,209,-21.04,22.74,-52.4,12.8,-0.02,0.12,-0.17,0.21,-47.92,288.18,-410.72,488.64
LTAU,LTFM,265,-41.52,19.33,-57.58,0.0,-0.06,0.09,-0.15,0.1,-150.32,214.93,-377.28,245.96
LTAY,LTFM,79,-26.1,14.15,-51.05,-3.87,-0.03,0.05,-0.1,0.05,-66.82,133.07,-281.17,140.0
LTAZ,LTFM,125,-38.14,21.1,-57.2,1.8,-0.04,0.15,-0.17,0.25,-106.57,416.61,-461.2,647.76
LTBJ,EDDB,75,0.39,9.44,-12.82,17.93,0.0,0.07,-0.1,0.11,9.85,174.62,-234.5,263.19
LTBJ,EDDF,103,-29.9,18.81,-58.39,-0.06,-0.17,0.09,-0.27,-0.03,-379.85,205.11,-643.76,-56.66
LTBJ,EDDK,79,-2.47,17.12,-28.56,25.48,0.02,0.13,-0.11,0.17,48.21,295.48,-239.03,379.59
LTBJ,EDDL,116,-14.09,12.63,-35.67,6.1,-0.01,0.07,-0.09,0.12,-15.92,150.28,-197.38,272.4
LTBJ,EDDM,73,6.33,12.09,-11.08,26.92,-0.03,0.07,-0.13,0.07,-60.31,154.13,-302.68,154.1
LTBJ,EDDS,82,3.19,12.08,-14.45,22.54,0.03,0.07,-0.08,0.15,63.34,169.75,-180.3,339.78
LTBJ,LTAC,213,8.68,30.54,-1.7,47.2,0.16,0.11,0.06,0.25,367.22,271.22,139.98,585.0
LTBJ,LTAF,84,-0.8,15.52,-22.42,20.19,-0.01,0.07,-0.12,0.08,-17.51,147.69,-245.0,198.08
LTBJ,LTAI,88,2.26,20.82,-32.26,34.32,0.03,0.09,-0.08,0.16,65.59,217.29,-200.0,386.0
LTBJ,LTAJ,60,-2.34,15.54,-33.1,14.9,0.06,0.09,-0.03,0.19,127.37,191.25,-81.66,394.71
LTBJ,LTCC,62,-0.88,8.93,-12.9,12.87,0.07,0.08,-0.05,0.18,158.78,185.99,-119.8,399.28
LTBJ,LTFJ,417,-12.47,22.96,-42.52,23.46,-0.01,0.13,-0.15,0.25,-11.85,304.2,-345.0,605.0
LTBJ,LTFM,498,-21.48,17.33,-43.7,2.61,-0.04,0.09,-0.15,0.08,-136.15,329.61,-540.2,251.92
LTBJ,UBBB,52,-18.79,31.28,-56.74,29.11,-0.01,0.11,-0.17,0.17,-30.49,252.5,-383.34,379.84
LTBS,EGBB,78,-14.66,15.47,-38.9,8.48,-0.06,0.1,-0.21,0.11,-185.78,314.43,-658.81,285.37
LTBS,EGCC,222,5.55,15.94,-15.9,24.29,0.02,0.1,-0.13,0.15,70.48,296.8,-337.63,458.04
LTBS,EGGD,70,2.14,17.65,-25.58,27.36,-0.03,0.08,-0.16,0.11,-70.32,196.05,-377.58,246.52
LTBS,EGKK,206,7.5,17.5,-15.28,33.05,0.1,0.15,-0.1,0.36,256.88,394.12,-241.1,889.2
LTBS,EGSS,62,0.44,11.69,-13.97,20.59,0.01,0.09,-0.13,0.12,29.05,219.39,-311.1,292.88
LTBS,LTAC,108,-2.24,20.9,-29.53,39.5,0.1,0.07,-0.01,0.2,230.24,155.23,-22.75,480.0
LTBS,LTFJ,295,-35.85,26.8,-73.53,4.81,-0.05,0.14,-0.22,0.23,-113.18,340.21,-536.7,566.62
LTBS,LTFM,292,-26.77,26.2,-65.74,13.23,0.0,0.12,-0.12,0.18,9.19,312.62,-333.34,466.7
LTBS,UUWW,98,-34.15,43.07,-111.22,1.47,-0.05,0.09,-0.21,0.04,-168.18,241.22,-525.65,105.02
LTCA,LTAC,57,4.04,26.33,-14.02,24.1,0.1,0.05,0.03,0.18,231.6,109.52,80.0,437.7
LTCA,LTFJ,67,-15.84,22.04,-47.55,20.24,-0.0,0.12,-0.15,0.26,-7.38,293.76,-366.02,614.86
LTCA,LTFM,83,-45.26,17.49,-59.46,0.0,-0.1,0.06,-0.17,0.01,-267.17,160.31,-485.25,11.16
LTCB,LTAC,61,19.72,24.18,-1.2,65.2,0.12,0.06,0.04,0.21,279.01,152.62,88.7,496.7
LTCB,LTFJ,133,-16.21,22.09,-52.92,9.42,0.02,0.14,-0.16,0.29,55.78,342.56,-395.02,664.1
LTCB,LTFM,112,-40.89,39.72,-71.0,2.18,-0.09,0.07,-0.19,0.04,-245.96,192.04,-496.1,92.43
LTCC,LTAC,91,-2.02,30.64,-28.55,24.55,0.09,0.12,0.01,0.2,225.0,276.33,19.35,480.0
LTCC,LTBJ,62,-6.26,9.7,-21.29,9.7,-0.11,0.13,-0.23,-0.03,-246.06,298.35,-558.25,-70.5
LTCC,LTFJ,120,-12.19,19.57,-40.56,14.22,0.03,0.13,-0.13,0.28,84.85,324.17,-307.12,709.3
LTCC,LTFM,253,-40.1,24.19,-57.2,5.94,-0.05,0.13,-0.15,0.1,-133.53,338.46,-400.0,256.0
LTCE,LTAC,73,29.88,25.78,0.0,74.72,0.17,0.08,0.06,0.32,411.15,201.29,126.0,764.0
LTCE,LTFJ,99,-15.02,24.37,-51.77,21.81,0.03,0.15,-0.16,0.3,63.66,349.99,-383.73,688.53
LTCE,LTFM,79,-31.35,28.3,-56.48,16.15,-0.02,0.13,-0.14,0.1,-59.69,332.28,-327.28,227.16
LTCF,LTFJ,60,-17.91,29.24,-54.9,14.82,-0.05,0.12,-0.2,0.22,-119.9,292.78,-460.94,507.97
LTCG,LTAC,99,20.87,24.67,-1.32,66.59,0.14,0.08,0.05,0.28,344.59,188.96,116.0,684.0
LTCG,LTFJ,372,-19.34,25.2,-57.09,19.68,-0.0,0.14,-0.17,0.25,-3.29,323.42,-416.6,583.3
LTCG,LTFM,316,-36.53,28.6,-66.88,13.0,-0.06,0.09,-0.18,0.08,-155.91,224.79,-469.18,200.0
LTCG,OKKK,68,5.41,41.71,-25.14,41.95,0.07,0.15,-0.06,0.23,184.75,374.79,-138.23,701.32
LTCI,LTAC,90,1.32,14.89,-15.02,24.98,0.11,0.06,0.04,0.2,259.62,154.67,85.2,486.2
LTCI,LTFJ,103,-17.9,22.42,-50.48,21.34,-0.01,0.12,-0.15,0.25,-15.97,280.85,-346.52,580.94
LTCI,LTFM,121,-47.46,23.5,-73.3,-1.4,-0.07,0.11,-0.17,0.09,-183.36,304.53,-451.1,245.0
LTCK,LTFM,70,-31.44,25.56,-61.14,17.17,-0.03,0.1,-0.15,0.16,-82.11,246.43,-373.36,431.19
LTCN,LTFM,54,-34.22,53.0,-56.68,1.95,-0.03,0.1,-0.13,0.18,-72.76,237.32,-331.16,460.45
LTCR,LTFJ,60,-27.33,17.82,-51.59,0.0,-0.1,0.08,-0.2,0.03,-237.41,200.73,-488.79,80.0
LTCR,LTFM,82,-38.66,31.69,-56.5,4.28,-0.05,0.17,-0.17,0.18,-120.38,454.85,-464.27,377.42
LTCS,LTFJ,57,-13.7,23.29,-51.6,18.58,0.02,0.15,-0.15,0.31,39.71,351.11,-360.0,752.0
LTCS,LTFM,89,-41.02,20.34,-59.48,-3.1,-0.06,0.1,-0.16,0.05,-171.03,267.11,-420.0,124.8
LTCV,LTFM,70,-40.67,20.18,-57.69,0.22,-0.1,0.08,-0.2,0.03,-245.12,203.6,-495.5,80.0
LTFD,LTFM,50,-15.41,13.07,-37.2,8.42,0.02,0.16,-0.08,0.12,46.35,354.43,-192.48,274.68
LTFE,EGKK,62,14.65,16.52,-7.23,41.24,0.1,0.15,-0.11,0.33,238.73,376.38,-281.25,821.37
LTFE,LTAC,123,11.07,27.37,-24.14,60.59,0.13,0.09,0.02,0.28,302.27,203.13,38.56,673.33
LTFE,LTFJ,367,-12.44,22.33,-37.37,20.66,-0.02,0.12,-0.15,0.22,-41.27,285.72,-370.5,531.69
LTFE,LTFM,326,-16.89,21.43,-42.4,13.05,-0.03,0.12,-0.15,0.1,-97.95,357.83,-419.18,314.27
LTFE,UUWW,87,-29.95,35.25,-105.77,14.32,-0.09,0.07,-0.22,0.02,-259.99,232.34,-659.46,46.47
LTFG,LTFM,120,-25.32,19.35,-54.93,5.4,-0.03,0.08,-0.16,0.08,-73.47,186.38,-394.96,200.0
LTFH,LTFJ,172,-20.35,34.07,-64.86,17.14,-0.0,0.17,-0.19,0.24,-4.26,377.83,-453.4,578.73
LTFH,LTFM,122,-45.8,30.59,-79.39,1.65,-0.09,0.09,-0.2,0.07,-221.92,211.65,-485.7,158.26
LTFJ,BKPR,52,-4.44,12.92,-19.47,20.81,0.02,0.06,-0.05,0.14,47.93,149.47,-122.25,331.84
LTFJ,EBCI,54,-25.96,26.3,-46.97,16.49,-0.03,0.08,-0.12,0.1,-60.39,200.5,-279.7,228.1
LTFJ,EDDB,101,-2.91,27.91,-24.9,20.3,0.05,0.26,-0.07,0.11,110.1,599.63,-186.8,273.3
LTFJ,EDDF,89,-20.77,104.72,-65.84,1.0,-0.12,0.08,-0.23,-0.03,-301.73,221.2,-583.44,-65.96
LTFJ,EDDH,77,-35.4,19.19,-56.72,-7.24,-0.08,0.06,-0.18,0.03,-213.18,161.8,-444.64,80.82
LTFJ,EDDK,141,-4.11,22.8,-36.7,31.7,0.04,0.1,-0.08,0.2,101.74,254.84,-200.7,494.5
LTFJ,EDDL,149,-16.71,14.41,-39.08,7.18,-0.0,0.08,-0.09,0.11,-12.56,192.91,-234.14,265.92
LTFJ,EDDM,75,3.13,14.59,-18.25,24.27,-0.02,0.06,-0.12,0.07,-37.57,137.54,-279.76,163.03
LTFJ,EDDS,93,-1.2,14.22,-25.9,18.18,0.03,0.06,-0.06,0.11,62.57,149.93,-158.02,273.36
LTFJ,EDDV,56,-9.69,14.72,-29.18,17.8,-0.01,0.05,-0.09,0.07,-32.62,131.84,-235.55,170.45
LTFJ,EGSS,208,-0.52,15.25,-21.59,25.52,0.04,0.07,-0.06,0.15,113.28,183.78,-171.33,413.3
LTFJ,EHAM,155,4.74,12.74,-10.83,28.83,0.05,0.06,-0.04,0.15,123.88,153.78,-104.66,369.63
LTFJ,EKCH,65,-21.52,11.68,-38.72,-6.64,-0.1,0.05,-0.18,-0.01,-250.8,136.63,-440.78,-31.9
LTFJ,GMMN,61,-3.18,14.3,-17.5,28.0,0.02,0.06,-0.06,0.14,60.9,155.35,-154.8,345.9
LTFJ,LFLL,61,-2.52,14.2,-19.4,19.9,0.02,0.04,-0.04,0.08,56.67,105.98,-101.9,210.4
LTFJ,LFPG,117,-8.24,19.84,-40.18,21.64,0.01,0.07,-0.11,0.12,35.26,188.3,-273.18,285.32
LTFJ,LFSB,77,-25.85,16.12,-52.74,-3.58,-0.01,0.09,-0.11,0.09,-21.74,232.38,-253.68,217.3
LTFJ,LIME,80,-29.73,35.79,-75.59,34.03,-0.05,0.11,-0.22,0.14,-109.48,262.07,-502.08,404.42
LTFJ,LIRF,89,-38.06,22.04,-68.08,0.12,-0.07,0.07,-0.18,0.06,-168.17,173.37,-442.68,156.6
LTFJ,LLBG,203,9.63,11.89,-4.2,31.58,0.06,0.06,-0.03,0.15,148.9,146.4,-73.2,375.0
LTFJ,LOWW,99,8.34,18.48,-13.55,45.5,0.05,0.05,-0.03,0.13,129.8,118.96,-77.03,308.03
LTFJ,LQSA,60,-3.5,16.9,-29.34,30.03,0.07,0.06,-0.03,0.18,173.95,151.09,-83.3,423.43
LTFJ,LSZH,79,10.19,15.32,-11.58,27.48,0.06,0.1,-0.04,0.23,157.68,256.7,-112.49,585.08
LTFJ,LTAC,325,4.29,12.53,-4.1,30.08,0.04,0.1,-0.03,0.17,96.88,236.41,-83.3,410.02
LTFJ,LTAF,287,0.87,9.8,-11.04,15.88,0.02,0.07,-0.05,0.11,47.61,157.98,-120.0,266.06
LTFJ,LTAI,577,-0.32,19.89,-25.76,24.56,0.06,0.09,-0.05,0.22,133.94,225.36,-125.0,498.4
LTFJ,LTAJ,169,0.05,3.91,-3.6,2.76,0.07,0.05,0.01,0.13,168.77,110.86,19.14,318.0
LTFJ,LTAN,96,16.62,11.25,-2.08,33.45,0.14,0.07,0.05,0.24,327.67,169.7,118.75,580.0
LTFJ,LTAR,56,2.41,10.53,-8.12,20.72,0.08,0.04,0.03,0.14,191.74,93.61,75.03,329.95
LTFJ,LTAT,60,23.45,13.71,14.74,37.82,0.18,0.08,0.09,0.38,431.81,197.57,211.9,920.0
LTFJ,LTAU,211,12.93,14.44,-3.75,24.8,0.05,0.06,-0.01,0.12,124.6,132.82,-31.0,288.0
LTFJ,LTBJ,415,0.69,16.66,-28.16,22.05,-0.01,0.06,-0.12,0.08,-21.06,151.77,-268.3,202.49
LTFJ,LTBS,294,20.52,19.45,-9.44,37.93,0.08,0.1,-0.02,0.17,189.56,242.46,-40.0,401.85
LTFJ,LTCA,67,11.51,15.56,-0.14,35.0,0.1,0.08,0.0,0.21,255.45,184.91,0.0,514.0
LTFJ,LTCB,132,13.37,22.02,-21.8,49.5,0.1,0.07,-0.01,0.21,247.29,168.94,-15.21,487.11
LTFJ,LTCC,123,4.17,106.35,-1.59,18.65,0.14,0.3,-0.01,0.3,336.82,719.22,-15.87,719.55
LTFJ,LTCE,98,1.47,18.28,-27.05,39.85,0.05,0.07,-0.02,0.19,121.1,162.63,-44.02,447.5
LTFJ,LTCF,60,2.05,11.14,-7.8,17.09,0.08,0.07,0.02,0.24,190.17,159.05,36.39,564.0
LTFJ,LTCG,372,-7.93,23.78,-47.4,31.44,0.07,0.1,-0.07,0.21,166.26,246.67,-165.22,523.45
LTFJ,LTCI,103,4.59,5.67,-1.3,18.46,0.11,0.06,0.04,0.22,250.74,150.59,87.18,485.38
LTFJ,LTCR,60,0.38,2.54,-1.32,2.23,0.1,0.04,0.03,0.15,230.38,87.83,83.14,357.14
LTFJ,LTCS,56,2.11,19.53,-11.62,20.9,0.09,0.1,-0.01,0.3,223.91,240.15,-27.2,692.53
LTFJ,LTFE,369,-6.9,31.63,-55.86,39.62,0.03,0.11,-0.12,0.19,76.71,265.07,-291.7,459.36
LTFJ,LTFH,172,9.99,25.4,-13.24,54.9,0.06,0.07,-0.03,0.15,131.97,158.07,-78.18,375.0
LTFJ,LTFO,116,2.13,19.1,-22.85,42.7,0.05,0.07,-0.05,0.18,116.19,163.77,-120.0,414.72
LTFJ,OEDF,62,13.13,27.58,-25.86,59.66,0.06,0.09,-0.08,0.2,138.21,214.96,-203.93,449.77
LTFJ,OEJN,98,17.89,17.98,-5.15,40.2,0.1,0.08,-0.02,0.24,235.4,193.9,-55.99,576.05
LTFJ,OEMA,50,25.64,15.2,4.11,53.42,0.13,0.08,0.01,0.22,306.04,183.21,21.42,537.78
LTFJ,OERK,104,8.05,22.41,-22.45,43.82,0.04,0.09,-0.09,0.21,102.83,213.36,-227.26,476.73
LTFJ,OIIE,68,36.7,21.35,12.6,58.72,0.1,0.05,0.02,0.19,246.28,130.14,59.04,453.36
LTFJ,OKKK,155,20.03,23.97,-4.74,55.16,0.04,0.07,-0.06,0.17,106.1,190.28,-165.87,436.88
LTFJ,OLBA,60,-0.49,5.79,-9.43,7.15,0.05,0.05,0.0,0.13,121.48,118.24,7.11,333.3
LTFJ,OMDB,102,28.89,21.1,-0.09,62.3,0.09,0.09,-0.03,0.24,192.77,204.41,-64.45,553.42
LTFJ,OMSJ,82,15.97,22.46,-5.92,60.72,0.02,0.08,-0.12,0.13,36.25,186.93,-303.02,312.1
LTFJ,ORBI,103,-9.54,25.42,-56.6,21.54,0.04,0.11,-0.08,0.2,95.01,281.46,-201.48,524.72
LTFJ,ORER,71,111.28,119.68,-0.2,278.8,0.26,0.27,-0.01,0.71,653.43,657.72,-21.15,1766.35
LTFJ,OTHH,99,37.58,26.47,1.31,81.6,0.1,0.08,-0.03,0.22,262.89,258.8,-67.78,637.7
LTFJ,UBBB,137,-18.18,32.75,-56.72,29.12,-0.01,0.1,-0.19,0.14,-28.79,252.58,-458.4,330.66
LTFJ,UCFM,60,-2.14,8.61,-12.54,7.65,0.04,0.06,-0.05,0.13,101.47,140.83,-115.54,308.52
LTFJ,UGTB,99,-9.35,12.57,-27.49,10.17,0.02,0.04,-0.03,0.08,51.64,105.06,-96.47,208.31
LTFJ,UUWW,60,-9.89,16.49,-26.02,13.44,-0.03,0.05,-0.1,0.03,-68.53,120.84,-235.96,69.77
LTFM,DAAG,176,9.49,18.89,-15.78,49.0,0.05,0.09,-0.07,0.23,163.17,332.64,-254.77,673.25
LTFM,DTTA,154,9.15,16.33,-18.84,31.71,0.11,0.09,0.0,0.26,275.4,227.91,4.49,683.87
LTFM,EBBR,129,-14.09,265.87,-4.06,43.1,0.02,0.59,-0.05,0.2,-128.09,3616.07,-200.9,539.98
LTFM,EDDB,138,4.74,18.62,-23.81,32.89,0.05,0.07,-0.06,0.14,195.37,327.37,-237.94,780.51
LTFM,EDDF,250,-15.14,31.13,-44.93,16.67,-0.1,0.11,-0.25,0.06,-464.42,465.92,-1266.73,180.68
LTFM,EDDH,120,-26.27,25.73,-45.62,14.03,-0.04,0.17,-0.17,0.09,-188.85,619.61,-1029.06,252.54
LTFM,EDDK,116,4.76,19.45,-25.05,26.62,0.11,0.11,-0.01,0.21,390.95,578.41,-18.28,968.38
LTFM,EDDL,120,-7.27,16.08,-23.64,13.2,0.03,0.09,-0.08,0.15,44.84,331.37,-503.24,439.19
LTFM,EDDM,119,15.55,12.61,-1.92,40.97,0.04,0.06,-0.05,0.14,130.73,232.64,-315.03,431.9
LTFM,EDDN,90,19.17,20.76,-8.81,47.72,0.11,0.06,0.04,0.21,285.95,151.48,117.15,572.28
LTFM,EDDS,120,14.06,13.35,-2.2,31.71,0.08,0.07,-0.01,0.2,229.48,184.21,-35.32,549.56
LTFM,EDDV,104,11.43,15.88,-14.1,37.34,0.06,0.05,-0.02,0.14,161.46,153.19,-54.25,430.95
LTFM,EDDW,50,11.72,16.95,-9.41,36.71,0.1,0.06,0.01,0.2,256.8,154.74,36.54,546.24
LTFM,EFHK,69,-3.16,11.1,-19.28,14.84,0.05,0.06,-0.03,0.14,153.21,191.71,-116.02,454.56
LTFM,EGBB,58,0.69,16.08,-23.22,30.05,0.08,0.07,-0.01,0.17,186.03,150.15,-21.42,473.74
LTFM,EGCC,100,6.89,20.15,-29.86,37.36,0.07,0.08,-0.05,0.17,230.66,320.46,-177.48,773.83
LTFM,EGKK,115,17.12,17.19,-3.09,41.98,0.17,0.13,-0.0,0.36,439.99,322.29,-8.79,931.89
LTFM,EGLL,291,16.51,16.5,-2.5,45.65,0.18,0.12,0.02,0.42,837.66,831.92,42.05,2529.6
LTFM,EHAM,166,14.88,10.21,3.28,31.05,0.1,0.07,0.01,0.21,538.73,413.16,37.8,1182.32
LTFM,EIDW,77,8.3,17.68,-9.84,45.96,0.06,0.08,-0.04,0.2,173.71,250.65,-144.02,643.98
LTFM,EKCH,105,-12.23,22.6,-34.68,10.14,-0.05,0.11,-0.15,0.06,-113.85,283.53,-418.74,166.0
LTFM,ENGM,77,-1.42,19.53,-28.76,28.6,0.06,0.06,-0.02,0.19,171.78,198.6,-53.82,478.0
LTFM,EPWA,114,-15.4,22.85,-40.64,18.8,-0.02,0.08,-0.13,0.1,-38.35,159.67,-245.03,231.62
LTFM,ESGG,50,23.01,12.78,4.22,47.23,0.13,0.06,0.05,0.25,350.43,169.51,129.5,684.35
LTFM,ESSA,83,14.19,18.93,-15.37,48.55,0.11,0.09,0.01,0.28,301.13,235.44,31.3,725.66
LTFM,EVRA,59,9.18,19.74,-19.83,42.03,0.06,0.12,-0.07,0.16,129.62,283.04,-140.4,350.88
LTFM,EYVI,61,1.44,13.53,-17.8,23.6,0.06,0.07,0.0,0.13,155.42,151.38,0.0,300.0
LTFM,GMMN,65,-1.34,20.46,-28.54,28.58,0.07,0.1,-0.06,0.26,415.62,562.07,-389.24,1582.0
LTFM,HAAB,68,-15.21,12.87,-32.6,5.83,-0.06,0.07,-0.17,0.04,-266.78,377.59,-902.29,207.71
LTFM,HECA,202,19.52,13.61,1.2,42.25,0.1,0.08,0.0,0.24,288.29,246.21,2.66,782.5
LTFM,HLLM,161,-5.71,21.66,-27.1,19.5,0.04,0.09,-0.07,0.18,111.49,418.27,-230.7,471.6
LTFM,KIAD,60,5.6,26.0,-19.58,40.6,0.05,0.13,-0.07,0.31,296.75,765.68,-378.3,1714.7
LTFM,KJFK,117,2.95,22.87,-18.9,25.4,0.08,0.13,-0.08,0.37,574.06,949.7,-507.7,2367.68
LTFM,KLAX,60,-2.02,8.81,-15.74,7.58,0.01,0.06,-0.06,0.08,61.12,415.51,-407.55,530.15
LTFM,KMIA,53,2.8,13.47,-13.44,27.52,0.02,0.09,-0.09,0.18,180.43,593.6,-524.92,987.52
LTFM,KORD,75,0.1,11.95,-17.65,15.42,0.07,0.11,-0.04,0.33,499.41,800.47,-276.67,2336.75
LTFM,KSFO,60,-1.92,11.47,-20.97,10.86,0.01,0.06,-0.05,0.1,97.99,427.38,-397.69,642.31
LTFM,LATI,66,-4.62,11.74,-22.92,13.32,0.05,0.05,-0.03,0.13,116.15,126.56,-71.22,297.42
LTFM,LBSF,90,-33.42,27.78,-66.66,8.61,-0.01,0.08,-0.11,0.1,-30.87,196.93,-274.72,264.61
LTFM,LDZA,60,-0.7,16.31,-23.0,29.24,0.04,0.06,-0.03,0.13,121.38,158.26,-74.93,378.54
LTFM,LEBL,115,2.24,21.0,-26.39,31.32,-0.02,0.09,-0.14,0.13,-186.02,422.54,-873.0,430.36
LTFM,LEMD,112,10.87,23.93,-19.73,53.07,0.05,0.09,-0.06,0.22,198.47,362.75,-310.0,800.0
LTFM,LEMG,60,-7.05,23.47,-54.92,25.11,0.06,0.09,-0.07,0.21,164.58,230.33,-197.36,543.07
LTFM,LEVC,58,22.72,21.82,-3.54,45.01,0.13,0.07,0.03,0.24,270.93,152.52,67.5,499.48
LTFM,LFLL,64,22.51,21.26,-6.1,53.12,0.11,0.07,0.02,0.24,302.34,200.95,60.92,662.58
LTFM,LFML,59,24.34,25.43,-2.0,66.59,0.19,0.16,0.02,0.51,485.65,429.9,47.2,1155.85
LTFM,LFMN,60,16.81,15.37,-2.45,37.86,0.11,0.08,0.01,0.26,273.21,219.21,23.43,675.13
LTFM,LFPG,262,7.88,16.93,-12.76,41.47,0.09,0.13,-0.02,0.2,374.35,707.34,-105.33,996.3
LTFM,LFSB,60,-6.3,18.33,-29.76,10.27,0.09,0.07,0.01,0.17,218.13,176.42,34.18,415.77
LTFM,LGAV,201,8.05,17.23,-16.9,36.0,0.09,0.07,-0.01,0.21,321.86,350.52,-22.3,868.8
LTFM,LGTS,60,-5.88,16.95,-26.66,16.44,-0.02,0.06,-0.1,0.08,-47.14,139.34,-248.01,181.9
LTFM,LHBP,132,-7.84,28.67,-35.44,9.12,0.05,0.13,-0.06,0.13,175.22,564.27,-157.6,597.58
LTFM,LIMC,130,-34.34,20.37,-59.57,6.68,-0.12,0.1,-0.27,0.07,-523.42,589.11,-1678.98,209.3
LTFM,LIPE,77,-5.03,17.89,-40.0,16.26,0.02,0.08,-0.09,0.12,61.44,197.8,-242.64,333.28
LTFM,LIPZ,90,-33.17,12.38,-48.0,-6.87,-0.18,0.1,-0.34,-0.02,-481.66,268.13,-933.3,-63.56
LTFM,LIRF,120,-45.37,15.05,-61.72,-12.78,-0.13,0.07,-0.25,0.02,-528.43,465.99,-1550.0,48.93
LTFM,LIRN,52,-24.01,26.65,-53.72,18.56,0.0,0.1,-0.13,0.19,2.01,251.98,-315.98,462.68
LTFM,LJLJ,53,5.43,7.78,-2.32,16.98,0.06,0.03,0.02,0.12,173.49,83.09,48.04,315.18
LTFM,LKPR,91,-11.93,20.56,-23.6,4.85,-0.0,0.06,-0.08,0.06,-24.2,213.2,-305.0,176.65
LTFM,LLBG,310,9.82,13.0,-6.26,32.66,0.03,0.07,-0.06,0.15,139.66,306.72,-166.7,780.0
LTFM,LMML,61,-30.81,241.52,-33.8,29.3,-0.02,0.49,-0.1,0.21,-31.17,1039.37,-249.9,512.8
LTFM,LOWW,120,21.43,17.83,-1.03,55.16,0.11,0.06,0.03,0.2,445.85,321.47,89.86,1171.08
LTFM,LPPT,60,9.99,31.54,-29.32,79.59,0.05,0.11,-0.1,0.25,127.26,278.87,-250.0,627.08
LTFM,LQSA,86,32.45,15.47,18.35,53.35,0.17,0.08,0.09,0.28,443.0,225.88,216.68,793.92
LTFM,LROP,155,-16.87,21.33,-30.38,3.86,-0.0,0.15,-0.18,0.12,82.22,378.34,-326.98,580.0
LTFM,LSGG,104,3.91,21.41,-22.36,39.1,0.09,0.08,-0.02,0.21,242.19,200.29,-41.34,592.97
LTFM,LSZH,122,21.65,11.65,0.15,43.9,0.1,0.08,0.0,0.25,337.89,303.92,3.33,961.61
LTFM,LTAC,419,0.3,16.62,-17.72,27.15,0.05,0.08,-0.02,0.17,141.8,215.14,-41.7,440.0
LTFM,LTAF,342,0.3,13.53,-20.78,19.28,0.05,0.08,-0.02,0.17,115.78,198.07,-49.55,399.5
LTFM,LTAI,476,0.14,18.44,-26.52,34.3,0.11,0.08,0.02,0.27,342.24,349.68,41.28,942.5
LTFM,LTAJ,268,-2.16,11.44,-18.36,12.12,0.1,0.1,0.0,0.19,230.08,226.39,1.3,457.1
LTFM,LTAN,119,13.8,13.38,-5.93,30.45,0.2,0.08,0.08,0.32,505.81,204.65,180.97,840.0
LTFM,LTAR,73,-0.94,8.54,-12.74,11.72,0.09,0.05,0.05,0.15,230.33,115.07,116.44,377.84
LTFM,LTAT,79,20.8,11.28,7.6,35.52,0.16,0.06,0.09,0.32,384.57,164.95,209.0,674.5
LTFM,LTAU,264,21.49,15.45,2.74,34.3,0.08,0.07,0.02,0.19,209.59,189.7,59.21,424.81
LTFM,LTAY,78,5.15,22.08,-12.2,52.73,0.15,0.11,0.05,0.36,376.97,271.43,137.75,792.75
LTFM,LTAZ,126,-6.0,11.54,-26.1,12.02,0.07,0.08,0.02,0.17,202.6,208.45,46.7,419.68
LTFM,LTBJ,498,19.26,13.19,-0.04,37.84,0.07,0.06,-0.02,0.17,222.22,201.69,-40.0,547.9
LTFM,LTBS,291,9.6,23.23,-29.0,45.75,0.1,0.08,0.0,0.22,252.1,231.83,0.0,560.0
LTFM,LTCA,81,7.64,16.5,-21.2,31.3,0.12,0.07,0.03,0.22,324.72,188.13,63.2,606.6
LTFM,LTCB,112,23.59,19.27,-2.64,53.5,0.14,0.06,0.07,0.22,351.97,144.18,163.68,548.45
LTFM,LTCC,256,2.67,38.36,-17.48,18.18,0.13,0.18,-0.01,0.25,321.33,445.51,-31.22,662.5
LTFM,LTCE,79,9.83,30.1,-16.54,52.99,0.06,0.06,-0.02,0.18,160.74,167.92,-40.16,516.14
LTFM,LTCG,314,-0.65,18.58,-24.94,37.9,0.11,0.07,0.01,0.22,260.06,171.36,25.9,550.0
LTFM,LTCI,120,6.3,14.07,-10.91,22.8,0.12,0.06,0.07,0.18,318.55,175.32,186.02,466.7
LTFM,LTCK,69,20.1,12.56,-0.28,42.82,0.15,0.07,0.07,0.26,378.07,200.42,154.0,660.32
LTFM,LTCN,54,11.85,19.08,-12.72,43.57,0.21,0.06,0.13,0.3,494.98,143.45,280.49,715.12
LTFM,LTCR,84,-0.81,8.08,-12.61,9.33,0.12,0.09,0.05,0.2,287.05,216.76,108.75,466.26
LTFM,LTCS,89,-2.3,14.86,-22.46,19.22,0.11,0.08,-0.0,0.26,285.91,224.1,-0.84,686.68
LTFM,LTCV,70,-0.16,6.84,-12.21,9.6,0.0,0.04,-0.04,0.05,12.02,108.36,-99.04,131.09
LTFM,LTFE,329,-0.34,37.53,-69.32,49.6,0.09,0.12,-0.09,0.25,241.68,336.37,-250.0,669.96
LTFM,LTFG,120,0.28,16.26,-11.51,7.5,0.09,0.05,0.05,0.17,220.6,115.68,120.0,402.0
LTFM,LTFH,120,5.21,24.11,-20.21,54.8,0.08,0.09,-0.02,0.2,192.34,216.55,-40.0,480.0
LTFM,LTFO,154,5.16,22.38,-19.9,43.05,0.08,0.07,-0.01,0.22,185.87,166.63,-12.84,520.0
LTFM,LUKK,106,-26.99,15.6,-51.98,-0.25,-0.02,0.05,-0.1,0.05,-41.55,125.61,-245.82,140.0
LTFM,LWSK,60,-24.13,10.82,-41.56,-9.78,-0.07,0.04,-0.13,-0.02,-189.86,113.54,-351.03,-42.19
LTFM,LYBE,167,12.07,75.63,-21.98,66.03,0.07,0.17,-0.06,0.2,174.15,456.5,-141.57,525.0
LTFM,LYPG,70,-18.75,22.87,-57.64,12.58,0.04,0.13,-0.05,0.12,111.54,316.4,-125.33,294.84
LTFM,LYTV,54,-15.5,17.9,-41.46,15.05,0.0,0.13,-0.13,0.17,16.44,296.01,-272.75,397.11
LTFM,OBBI,83,25.19,30.28,-2.92,68.56,0.09,0.09,-0.04,0.24,238.71,241.1,-149.77,623.89
LTFM,OEDF,54,16.92,33.26,-20.14,79.56,0.02,0.08,-0.09,0.16,85.77,310.15,-230.2,506.17
LTFM,OEJN,200,25.58,20.95,-0.04,58.21,0.12,0.1,-0.03,0.28,616.08,568.57,-83.6,1683.89
LTFM,OEMA,103,25.51,14.52,5.43,52.86,0.13,0.17,-0.02,0.28,617.57,1036.0,-61.34,1766.62
LTFM,OERK,152,22.08,40.34,-13.98,99.96,0.06,0.1,-0.07,0.21,251.6,532.29,-204.75,1208.41
LTFM,OIIE,232,21.37,20.2,0.0,46.1,0.08,0.09,0.0,0.19,209.28,216.67,4.59,508.85
LTFM,OITT,50,30.09,85.24,0.0,64.42,0.15,0.34,0.0,0.5,360.45,818.52,1.02,1220.42
LTFM,OJAI,166,18.82,13.15,-3.18,41.45,0.02,0.09,-0.11,0.15,21.62,329.67,-572.4,486.05
LTFM,OKKK,201,16.42,31.72,-15.6,65.9,0.06,0.09,-0.05,0.22,279.72,441.27,-166.0,1185.2
LTFM,OLBA,215,-2.48,12.44,-21.53,15.25,0.01,0.04,-0.05,0.1,71.37,222.55,-189.5,516.63
LTFM,OMAA,83,3.45,27.85,-36.2,45.37,0.01,0.09,-0.14,0.15,69.19,293.62,-358.59,620.19
LTFM,OMDB,270,23.73,24.31,-10.4,63.32,0.13,0.11,-0.04,0.31,882.96,885.83,-191.35,2537.52
LTFM,OOMS,74,-14.15,336.16,-7.35,59.44,-0.03,0.63,-0.07,0.15,-290.85,3630.26,-203.32,567.26
LTFM,ORBI,156,-18.05,29.11,-56.7,22.58,0.03,0.14,-0.15,0.33,85.84,410.58,-446.68,913.02
LTFM,ORER,112,68.02,93.39,-1.73,271.6,0.16,0.22,-0.05,0.63,444.77,595.01,-133.41,1701.44
LTFM,OTHH,136,43.7,31.59,9.52,100.95,0.14,0.11,0.0,0.31,869.26,845.18,22.25,2384.43
LTFM,RKSI,96,-6.99,10.2,-26.72,6.15,-0.02,0.05,-0.09,0.07,-187.53,401.82,-740.42,464.75
LTFM,UAAA,218,-5.45,10.26,-25.12,8.87,-0.04,0.05,-0.11,0.06,-197.21,284.68,-635.63,166.3
LTFM,UACC,104,-8.22,13.95,-28.72,10.54,0.07,0.08,-0.04,0.25,191.65,256.35,-121.76,677.99
LTFM,UBBB,196,5.17,32.68,-43.7,56.6,0.03,0.11,-0.14,0.2,43.0,394.69,-694.38,611.28
LTFM,UCFM,110,1.18,13.73,-15.36,24.26,-0.02,0.08,-0.13,0.12,-32.86,322.83,-390.55,520.0
LTFM,UGTB,125,-8.08,13.7,-31.46,7.86,0.02,0.06,-0.06,0.08,63.57,266.74,-300.0,300.0
LTFM,ULLI,120,-14.01,42.59,-106.94,29.38,0.01,0.16,-0.31,0.18,40.2,411.95,-747.37,510.52
LTFM,URMM,77,9.48,21.24,-6.82,45.4,0.05,0.08,-0.04,0.16,114.4,179.1,-84.36,368.0
LTFM,URSS,122,-4.72,14.14,-17.6,0.0,-0.01,0.04,-0.06,0.05,-13.59,88.89,-139.62,121.48
LTFM,UTAA,80,-3.6,12.21,-20.02,12.47,0.11,0.1,-0.02,0.22,265.73,239.96,-43.46,520.0
LTFM,UTSS,53,-0.19,17.46,-26.08,31.16,0.0,0.07,-0.09,0.09,2.88,171.67,-242.28,229.92
LTFM,UTTT,167,-13.47,21.57,-53.94,10.74,-0.02,0.08,-0.12,0.11,-118.58,455.01,-745.18,436.98
LTFM,UUDD,55,-68.6,42.1,-114.36,0.0,-0.12,0.09,-0.24,0.02,-283.13,221.93,-574.4,35.31
LTFM,UUEE,180,-87.28,29.79,-120.55,-32.27,-0.09,0.16,-0.32,0.22,-169.2,724.76,-968.83,910.5
LTFM,UUWW,245,-15.04,38.44,-104.58,10.92,-0.04,0.1,-0.22,0.08,-98.63,431.02,-568.7,410.34
LTFM,VABB,76,4.31,16.64,-13.3,25.95,-0.03,0.11,-0.13,0.13,-245.39,856.13,-940.9,976.65
LTFM,VIDP,60,3.34,11.52,-8.28,14.91,-0.05,0.04,-0.11,0.02,-394.2,320.15,-877.1,125.7
LTFM,VTBS,61,0.89,10.92,-17.5,14.0,-0.08,0.06,-0.15,0.02,-514.83,346.94,-909.3,192.8
LTFM,WMKK,64,3.42,15.31,-18.0,33.53,-0.01,0.14,-0.13,0.08,-58.14,762.26,-735.18,427.83
LTFM,WSSS,74,2.4,9.11,-11.99,17.99,0.07,0.05,0.01,0.15,439.36,273.94,53.56,871.09
LTFO,LTAC,60,15.53,19.94,-2.64,61.39,0.12,0.08,0.02,0.27,279.46,192.91,40.0,640.0
LTFO,LTFJ,116,-14.27,24.09,-51.72,19.1,0.01,0.13,-0.16,0.23,23.02,313.04,-381.25,565.83
LTFO,LTFM,155,-43.56,23.46,-69.29,0.0,-0.08,0.16,-0.2,0.06,-202.23,393.72,-500.0,146.0
LUKK,EPWA,60,-13.66,20.34,-42.82,19.04,-0.04,0.07,-0.14,0.05,-67.04,124.69,-274.12,96.06
LUKK,LLBG,56,9.48,26.12,-5.1,33.7,-0.02,0.1,-0.15,0.12,-42.19,249.01,-364.35,311.42
LUKK,LROP,86,-39.62,8.96,-52.75,-19.67,-0.25,0.06,-0.33,-0.13,-227.7,48.73,-299.38,-151.45
LUKK,LTAI,82,-1.09,25.86,-28.57,21.93,0.07,0.14,-0.05,0.2,170.93,335.51,-115.0,497.92
LUKK,LTFM,106,-16.83,17.54,-41.7,11.9,0.0,0.09,-0.08,0.13,6.06,237.57,-233.38,326.7
LUKK,UDYZ,75,-24.58,36.6,-51.51,22.09,-0.08,0.09,-0.2,0.07,-208.43,221.97,-488.87,166.63
LWSK,LOWW,60,-1.58,20.39,-28.76,39.87,0.03,0.06,-0.06,0.15,66.58,140.76,-127.08,303.75
LWSK,LTFM,60,-34.83,13.29,-52.13,-7.16,-0.06,0.1,-0.15,0.05,-155.8,259.69,-373.48,125.75
LWSK,LYBE,55,-11.28,23.77,-45.44,29.66,-0.02,0.11,-0.18,0.18,-21.59,98.87,-162.1,149.33
LXGB,EGKK,56,14.15,12.05,-5.7,35.52,0.13,0.11,-0.02,0.32,298.99,250.05,-49.65,718.8
LXGB,EGLL,63,14.08,11.15,-2.06,30.3,0.09,0.1,-0.09,0.27,235.88,251.49,-217.71,663.16
LYBE,EDDF,108,-12.18,23.11,-45.84,15.13,-0.11,0.09,-0.28,0.03,-264.83,228.55,-707.56,63.8
LYBE,EDDM,53,20.85,16.67,-0.76,51.68,-0.01,0.07,-0.12,0.12,-16.19,152.66,-287.16,241.62
LYBE,EHAM,101,14.55,12.48,-2.5,37.5,0.07,0.06,-0.04,0.17,166.03,140.56,-93.5,381.3
LYBE,LATI,59,-16.42,32.9,-40.42,10.75,-0.03,0.14,-0.17,0.11,-14.73,266.15,-317.44,244.85
LYBE,LCLK,67,-3.62,13.96,-30.53,15.22,0.04,0.08,-0.08,0.14,105.54,204.94,-208.37,400.0
LYBE,LDZA,60,3.52,11.38,-15.72,18.18,0.01,0.06,-0.07,0.08,12.7,96.46,-59.22,72.69
LYBE,LEBL,69,0.28,17.99,-31.02,25.66,0.01,0.09,-0.16,0.13,15.74,219.76,-363.4,357.76
LYBE,LFPG,61,-7.13,13.3,-25.5,19.3,0.03,0.07,-0.05,0.13,69.21,155.64,-113.7,289.1
LYBE,LGAV,77,-11.19,21.47,-36.16,23.84,-0.01,0.11,-0.17,0.17,-22.15,262.59,-383.82,392.94
LYBE,LHBP,61,-33.4,17.53,-60.0,-4.5,-0.06,0.07,-0.17,0.05,-56.88,68.15,-149.8,48.0
LYBE,LIRF,63,-39.69,20.01,-57.28,4.67,-0.12,0.07,-0.23,0.01,-287.43,178.1,-513.39,33.87
LYBE,LJLJ,59,4.77,6.11,-0.71,14.94,-0.01,0.08,-0.12,0.1,-14.85,120.88,-130.81,111.56
LYBE,LOWW,155,10.14,23.68,-28.56,51.55,0.02,0.1,-0.15,0.17,58.5,156.44,-159.11,300.0
LYBE,LROP,51,-46.11,12.38,-54.95,-19.5,-0.21,0.11,-0.42,-0.03,-197.1,121.49,-368.3,-66.65
LYBE,LSZH,137,11.46,21.28,-25.62,36.82,0.04,0.11,-0.12,0.18,90.28,253.42,-295.74,414.46
LYBE,LTFM,167,-36.36,21.04,-64.3,-6.06,-0.04,0.1,-0.2,0.08,-106.7,268.22,-480.0,233.37
LYBE,LWSK,55,-19.98,9.61,-31.23,-2.05,-0.14,0.1,-0.33,-0.03,-129.26,80.81,-277.69,-38.1
LYBE,LYPG,150,-3.93,11.68,-18.17,2.35,-0.01,0.09,-0.09,0.08,-31.44,139.0,-174.92,172.97
LYBE,LYTV,175,-0.1,9.45,-11.38,7.26,-0.02,0.06,-0.11,0.05,-56.11,108.18,-244.22,77.39
LYBE,OMDB,59,10.05,18.98,-13.26,40.17,0.06,0.08,-0.05,0.2,136.91,162.63,-104.36,426.44
LYBE,UUEE,61,10.87,20.27,-4.6,30.8,0.14,0.09,0.02,0.28,329.02,213.48,34.8,666.6
LYPG,EPWA,53,-17.77,21.95,-38.0,13.74,-0.05,0.08,-0.13,0.06,-93.85,166.03,-271.14,128.28
LYPG,LOWW,70,18.48,13.84,-0.13,46.55,0.08,0.04,0.02,0.13,191.77,99.27,41.7,333.3
LYPG,LTFM,68,-37.33,17.83,-61.78,-8.44,-0.04,0.11,-0.15,0.1,-90.64,261.06,-368.71,197.19
LYPG,LYBE,147,-3.68,15.19,-24.1,27.81,0.02,0.06,-0.06,0.15,46.19,133.95,-125.34,333.47
LYTV,LTFM,55,-39.83,20.77,-68.28,-5.24,-0.04,0.1,-0.15,0.16,-74.19,217.03,-340.98,376.5
LYTV,LYBE,177,-12.57,24.88,-60.04,23.98,-0.02,0.07,-0.15,0.1,-32.47,154.7,-322.78,215.22
MDSD,LEMD,72,-9.55,23.82,-39.06,21.56,0.03,0.18,-0.24,0.28,150.01,1046.26,-1451.17,1641.14
MMMX,EGLL,57,19.96,17.97,-9.12,50.88,0.18,0.13,0.0,0.38,978.18,721.21,20.22,2067.36
MMMX,EHAM,59,9.31,17.73,-18.82,37.6,0.1,0.1,-0.06,0.26,551.29,562.98,-325.87,1427.69
MMMX,LEMD,149,-7.93,19.52,-34.86,24.66,0.05,0.1,-0.09,0.24,281.96,580.55,-545.2,1338.36
MMMX,LFPG,89,-4.81,25.83,-51.0,27.82,0.04,0.13,-0.16,0.28,301.9,776.59,-858.04,1536.08
MMUN,EGKK,56,12.9,19.34,-14.82,47.15,0.13,0.18,-0.13,0.4,804.48,1115.5,-690.52,2604.27
MMUN,LEMD,50,-17.07,24.55,-58.9,21.4,0.05,0.08,-0.06,0.2,261.69,444.9,-331.61,1127.74
MUHA,LEMD,70,-4.5,20.16,-26.67,25.37,0.01,0.12,-0.16,0.18,29.51,673.74,-987.56,1020.83
OBBI,EDDP,29,-51.09,33.64,-88.34,-0.3,-0.09,0.08,-0.2,0.03,-618.07,587.92,-1492.0,251.34
OBBI,EGLL,90,13.7,16.18,-8.91,41.05,0.2,0.11,0.02,0.39,1136.16,631.97,157.14,2188.34
OBBI,LTFM,77,-25.5,25.36,-57.5,19.22,-0.04,0.11,-0.22,0.15,-117.23,285.83,-561.36,379.76
OEDF,LTFJ,64,-22.36,24.9,-51.1,15.35,-0.06,0.1,-0.2,0.12,-137.53,247.19,-493.76,272.92
OEDF,LTFM,50,-28.65,26.08,-57.12,22.2,-0.05,0.12,-0.19,0.1,-123.89,325.19,-513.3,398.5
OEJN,GMMN,63,-0.74,14.54,-21.3,20.61,0.12,0.1,-0.02,0.26,711.02,647.44,-85.27,1641.29
OEJN,LTFJ,102,-23.39,19.97,-43.67,9.78,-0.05,0.09,-0.18,0.12,-116.65,216.59,-458.3,278.5
OEJN,LTFM,207,-14.07,22.78,-45.17,28.69,-0.02,0.16,-0.32,0.21,51.36,693.94,-826.7,1136.7
OEMA,LTFM,99,-14.82,25.44,-47.03,27.26,0.06,0.14,-0.09,0.21,269.55,698.52,-379.2,1182.37
OERK,EGLL,120,6.46,21.18,-25.86,41.55,0.22,0.15,-0.03,0.44,1691.63,1132.67,-179.6,3458.86
OERK,LTFJ,104,-29.24,26.24,-60.64,13.26,-0.04,0.17,-0.25,0.15,-109.14,394.5,-604.03,362.31
OERK,LTFM,146,-36.56,33.02,-77.05,12.82,-0.03,0.16,-0.25,0.21,52.83,710.53,-589.9,1183.62
OIIE,LTAC,52,1.08,20.39,-38.25,36.89,0.04,0.09,-0.12,0.19,90.48,217.57,-292.32,434.57
OIIE,LTFJ,68,-28.59,21.61,-58.46,0.91,-0.09,0.1,-0.24,0.11,-222.53,258.83,-581.2,267.94
OIIE,LTFM,232,-30.07,25.68,-57.4,0.0,-0.05,0.14,-0.19,0.14,-151.24,362.69,-525.52,371.85
OIIE,UDYZ,25,-0.81,11.32,-18.46,12.84,0.06,0.04,-0.0,0.11,140.48,92.73,-2.64,282.14
OITT,LTFM,49,-20.25,22.63,-55.44,0.0,-0.05,0.06,-0.16,0.01,-123.82,153.52,-380.26,36.24
OJAI,EDDF,63,-14.85,21.6,-52.08,11.06,-0.15,0.1,-0.32,0.0,-368.28,251.39,-794.17,9.23
OJAI,EGLL,74,-33.57,344.74,-16.02,33.23,0.05,0.75,-0.09,0.37,0.5,3856.01,-271.79,1831.36
OJAI,LLBG,62,-20.75,12.38,-33.29,2.75,0.02,0.08,-0.07,0.15,58.62,227.7,-146.7,327.85
OJAI,LOWW,61,3.41,15.91,-17.0,34.9,0.02,0.09,-0.1,0.18,37.26,207.95,-250.0,437.5
OJAI,LTAC,60,-17.2,11.37,-26.4,0.08,0.02,0.04,-0.05,0.08,56.07,100.1,-105.0,192.61
OJAI,LTFM,164,-24.58,20.92,-54.96,10.92,-0.07,0.13,-0.24,0.14,-318.99,531.19,-1285.59,375.19
OKKK,EGLL,87,7.65,18.54,-15.59,41.9,0.17,0.12,0.02,0.41,1277.4,927.36,116.81,2980.9
OKKK,LTCG,60,13.71,19.78,-15.13,48.56,0.07,0.08,-0.04,0.18,180.69,185.74,-96.78,444.15
OKKK,LTFJ,156,-29.89,21.69,-61.95,4.95,-0.08,0.12,-0.22,0.12,-218.3,331.42,-653.1,288.9
OKKK,LTFM,195,-40.35,24.64,-70.45,2.68,-0.11,0.12,-0.25,0.04,-572.97,571.14,-1442.6,144.07
OLBA,EDDF,86,-14.03,30.22,-45.58,14.3,-0.2,0.15,-0.37,-0.0,-497.51,377.48,-937.2,-12.0
OLBA,EGLL,60,14.01,34.2,-12.24,46.28,0.18,0.25,-0.02,0.38,596.44,813.91,-49.93,1626.03
OLBA,HAAB,59,10.03,62.29,-16.4,26.8,0.12,0.2,-0.04,0.28,365.33,580.69,-195.87,1308.85
OLBA,HECA,159,15.02,14.51,-1.74,37.66,0.12,0.19,-0.02,0.29,354.28,834.54,-56.07,1037.83
OLBA,LCLK,72,-15.34,4.59,-20.3,-7.43,-0.01,0.06,-0.12,0.07,-9.66,133.97,-220.28,165.0
OLBA,LFPG,97,6.06,30.28,-24.04,36.56,0.06,0.23,-0.07,0.16,367.14,1368.97,-237.1,902.44
OLBA,LGAV,62,17.93,8.26,8.54,31.75,0.05,0.04,-0.01,0.12,127.96,107.86,-22.59,299.93
OLBA,LTAI,85,2.64,31.75,-20.52,40.5,0.08,0.29,-0.07,0.18,184.21,667.11,-157.2,436.54
OLBA,LTFJ,60,-23.88,17.06,-42.32,4.38,-0.16,0.15,-0.28,-0.01,-412.14,365.0,-708.86,-14.54
OLBA,LTFM,215,-13.95,25.87,-46.48,19.85,-0.05,0.14,-0.19,0.1,-251.9,696.61,-1096.49,429.46
OLBA,OMDB,110,-5.56,22.48,-45.36,27.97,0.07,0.15,-0.16,0.33,675.32,977.15,-366.86,2560.01
OLBA,OTHH,90,-1.15,22.78,-32.26,34.28,0.02,0.1,-0.1,0.16,98.63,588.93,-586.48,937.16
OMAA,EDDF,58,-14.34,23.18,-47.26,25.69,-0.13,0.08,-0.26,-0.02,-748.44,503.84,-1536.68,-84.76
OMAA,EGLL,123,18.33,13.27,-3.59,41.08,0.16,0.11,-0.02,0.34,1429.68,1196.27,-130.06,3780.33
OMAA,KJFK,60,41.62,27.18,12.75,79.71,0.19,0.34,-0.07,0.4,1077.92,1848.13,-390.46,2212.74
OMAA,LIRF,60,-31.49,23.71,-64.04,1.35,-0.14,0.11,-0.3,0.02,-564.56,500.0,-1326.4,182.46
OMAA,LLBG,57,-13.05,16.46,-32.62,19.42,-0.09,0.07,-0.19,0.04,-288.0,271.22,-676.0,104.28
OMAA,LTFM,82,-28.94,22.39,-57.3,12.73,-0.12,0.1,-0.26,0.03,-316.04,322.33,-745.94,115.54
OMDB,CYYZ,60,12.42,26.46,-28.2,42.81,0.13,0.14,-0.12,0.32,844.66,1109.13,-1475.3,2110.3
OMDB,DAAG,52,25.27,19.54,0.0,62.06,0.09,0.1,-0.08,0.26,720.89,755.6,-473.83,2016.87
OMDB,EBBR,60,12.24,13.17,-1.44,32.03,0.09,0.06,-0.0,0.18,700.95,477.72,-39.35,1430.0
OMDB,EDDF,119,-11.91,21.7,-47.32,21.25,-0.04,0.07,-0.15,0.07,-301.17,595.52,-1309.02,518.27
OMDB,EDDH,60,-32.95,11.04,-46.32,-9.05,-0.02,0.07,-0.13,0.05,-175.89,555.14,-1014.54,415.1
OMDB,EDDL,60,-4.23,12.33,-21.22,14.09,0.07,0.08,-0.04,0.18,666.19,766.42,-511.34,1987.38
OMDB,EDDM,61,8.62,47.71,-7.8,38.8,0.04,0.14,-0.05,0.16,497.05,1644.31,-646.7,1880.0
OMDB,EGBB,60,2.25,16.7,-22.93,27.96,0.04,0.1,-0.11,0.17,369.55,1116.64,-1319.0,1981.3
OMDB,EGCC,89,23.13,9.68,8.56,39.22,0.1,0.08,-0.02,0.24,1050.29,869.36,-238.0,2477.34
OMDB,EGKK,90,21.29,16.8,0.14,51.91,0.17,0.14,-0.02,0.43,2012.7,1588.56,-214.8,4875.5
OMDB,EGLL,271,20.35,21.09,-1.55,47.0,0.22,0.13,0.03,0.46,2265.31,1445.8,267.05,4800.0
OMDB,EGSS,60,12.85,13.92,-8.44,36.85,0.11,0.08,-0.0,0.27,886.2,613.53,-5.01,2093.08
OMDB,EHAM,116,20.46,12.69,3.12,45.5,0.13,0.07,0.02,0.23,1083.53,626.25,192.08,1930.52
OMDB,EIDW,60,9.86,16.34,-12.42,36.26,0.07,0.09,-0.06,0.23,555.67,693.1,-456.81,1829.35
OMDB,EPWA,60,-13.24,16.4,-37.14,11.9,-0.01,0.06,-0.1,0.08,33.46,310.02,-334.56,586.59
OMDB,KJFK,60,28.31,32.04,-18.81,66.9,0.16,0.16,-0.08,0.37,1978.45,1908.08,-937.86,4458.0
OMDB,LEBL,60,10.06,15.68,-10.54,35.22,0.14,0.17,-0.04,0.43,1113.78,1297.41,-316.41,3356.14
OMDB,LFPG,151,1.91,16.21,-28.8,26.3,0.11,0.09,-0.04,0.26,1016.21,931.43,-533.35,2271.15
OMDB,LGAV,60,17.57,14.06,-2.06,37.14,0.13,0.06,0.06,0.21,1006.52,453.93,450.2,1652.33
OMDB,LHBP,73,-12.38,17.06,-40.54,10.02,0.01,0.08,-0.1,0.14,156.84,494.06,-367.46,1129.3
OMDB,LIMC,76,-45.86,23.09,-74.07,0.15,-0.12,0.1,-0.27,0.05,-1352.56,1136.24,-3200.0,386.72
OMDB,LIRF,61,-23.13,40.9,-61.7,12.5,0.02,0.13,-0.12,0.18,54.86,913.54,-1400.0,1690.0
OMDB,LKPR,67,-6.34,11.56,-25.67,11.46,-0.0,0.06,-0.1,0.09,79.48,329.97,-329.0,741.0
OMDB,LLBG,229,-21.25,14.16,-40.56,5.76,-0.03,0.08,-0.14,0.12,1.23,434.26,-456.78,910.0
OMDB,LOWW,60,27.86,19.02,1.5,65.94,0.13,0.06,0.02,0.25,1051.38,496.35,130.0,1950.0
OMDB,LPPT,60,-4.08,20.38,-31.88,35.26,0.09,0.08,-0.03,0.22,722.91,589.03,-260.0,1690.0
OMDB,LSGG,59,11.71,18.25,-13.57,40.74,0.09,0.08,-0.05,0.21,724.77,595.45,-361.65,1659.91
OMDB,LSZH,90,26.44,24.45,7.89,40.16,0.12,0.1,-0.01,0.32,951.35,822.93,-81.9,2485.87
OMDB,LTFJ,103,-13.08,18.56,-40.04,12.0,-0.01,0.1,-0.15,0.17,-24.28,242.72,-373.5,420.0
OMDB,LTFM,271,-35.94,97.03,-61.3,13.2,-0.05,0.24,-0.18,0.17,-329.67,2671.47,-1300.0,1300.0
OMDB,LYBE,59,29.25,21.32,-4.05,65.98,0.08,0.08,-0.05,0.2,168.55,171.64,-95.83,424.45
OMDB,OLBA,110,-56.49,18.62,-82.73,-20.8,-0.1,0.09,-0.23,0.05,-351.51,404.4,-864.16,401.36
OMDB,UBBB,105,-43.03,23.75,-73.46,5.24,-0.08,0.07,-0.15,0.05,-190.84,184.12,-426.64,102.68
OMDB,UGTB,63,23.31,14.51,2.36,40.59,0.08,0.05,-0.02,0.16,173.27,119.41,-33.1,347.0
OMDB,UUDD,68,5.71,12.83,-11.96,25.28,0.07,0.07,-0.04,0.19,859.2,880.75,-318.1,2224.14
OMDB,UUEE,60,-54.66,22.44,-76.76,-2.64,-0.07,0.16,-0.28,0.22,-165.82,417.8,-675.36,520.0
OMDB,UUWW,170,-2.75,5.74,-11.56,6.46,-0.06,0.03,-0.11,-0.01,-141.64,82.34,-264.8,-14.87
OMSJ,LTFJ,84,-5.62,23.43,-39.73,24.54,0.02,0.17,-0.15,0.23,57.65,414.21,-368.74,583.3
OMSJ,UUDD,84,-4.68,6.38,-13.9,2.84,-0.01,0.07,-0.06,0.03,-23.1,173.33,-160.62,87.2
OOMS,LTFM,68,-37.36,23.59,-60.4,8.68,-0.06,0.14,-0.23,0.18,-132.56,474.52,-595.13,794.71
ORBI,LTFJ,103,-15.4,23.84,-44.53,11.47,-0.0,0.17,-0.19,0.26,-12.05,412.11,-477.36,548.55
ORBI,LTFM,153,-37.85,21.72,-58.1,0.2,-0.07,0.12,-0.19,0.14,-204.26,446.06,-756.38,308.92
ORER,LTFJ,74,40.6,69.42,-35.03,187.38,0.0,0.19,-0.23,0.3,-1.78,478.96,-570.58,721.71
ORER,LTFM,114,22.43,65.83,-56.24,162.39,-0.01,0.14,-0.27,0.2,-91.41,506.42,-976.7,445.18
OTHH,EDDB,60,10.85,14.62,-7.91,39.06,0.09,0.17,-0.03,0.16,498.21,990.76,-186.04,934.33
OTHH,EDDF,127,-16.59,20.8,-42.95,16.59,-0.11,0.09,-0.24,0.02,-748.73,530.81,-1504.61,177.86
OTHH,EDDM,69,17.18,14.09,-0.86,43.86,0.03,0.06,-0.06,0.12,186.64,358.06,-339.0,733.06
OTHH,EGCC,77,17.33,15.06,-1.64,42.08,0.05,0.1,-0.08,0.2,356.65,652.28,-543.7,1189.36
OTHH,EGKK,69,12.74,15.42,-7.94,37.52,0.08,0.11,-0.07,0.27,469.73,673.56,-460.2,1622.1
OTHH,EGLL,214,21.89,15.06,3.42,54.65,0.2,0.13,0.01,0.43,1849.53,1389.3,99.75,4333.01
OTHH,EGPH,60,16.92,9.22,6.52,33.76,0.07,0.06,-0.03,0.19,365.87,336.13,-138.34,1002.15
OTHH,EHAM,80,18.12,9.7,5.74,35.16,0.11,0.16,-0.0,0.21,769.08,983.28,-6.52,1610.02
OTHH,EIDW,60,4.32,22.17,-24.93,33.08,0.02,0.19,-0.14,0.16,82.26,989.04,-709.28,855.92
OTHH,KDFW,60,13.04,28.38,-51.4,61.94,0.05,0.07,-0.06,0.16,301.05,481.97,-365.28,1160.93
OTHH,KIAD,60,22.05,41.98,-18.93,50.22,0.12,0.14,-0.03,0.29,751.05,911.08,-256.72,1694.01
OTHH,KJFK,90,22.29,28.61,-20.95,70.31,0.13,0.2,-0.15,0.4,917.62,1452.2,-1004.96,2735.18
OTHH,KLAX,58,-15.44,29.46,-55.98,21.98,-0.01,0.1,-0.14,0.15,-60.29,607.38,-819.06,889.84
OTHH,LCLK,60,-28.1,15.25,-46.34,4.24,0.0,0.08,-0.13,0.12,4.36,195.02,-335.48,291.7
OTHH,LEBL,60,1.38,20.09,-27.82,40.96,-0.02,0.1,-0.15,0.12,-91.95,537.64,-816.09,701.95
OTHH,LEMD,117,12.13,20.05,-13.62,54.22,0.06,0.11,-0.09,0.23,503.01,789.94,-520.0,1716.0
OTHH,LFPG,111,-0.99,17.06,-32.8,19.6,0.02,0.08,-0.1,0.15,176.45,650.63,-789.05,1317.25
OTHH,LGAV,90,12.41,19.95,-7.66,43.06,0.05,0.08,-0.07,0.19,207.32,332.05,-209.76,971.04
OTHH,LIMC,99,-40.55,20.5,-71.54,-1.78,-0.2,0.1,-0.35,-0.06,-1236.07,595.98,-2111.94,-363.14
OTHH,LIRF,77,-36.15,20.42,-64.46,3.22,-0.13,0.11,-0.28,0.04,-762.18,648.82,-1632.64,195.52
OTHH,LOWW,60,20.99,21.35,-5.64,59.29,0.03,0.1,-0.1,0.22,204.88,465.21,-256.25,1258.03
OTHH,LROP,60,-16.22,12.98,-28.54,6.48,0.01,0.21,-0.1,0.12,20.89,516.56,-252.08,302.11
OTHH,LSZH,60,24.13,8.46,13.54,41.32,0.11,0.09,-0.0,0.28,610.86,531.44,-15.88,1640.2
OTHH,LTFJ,99,-15.85,20.62,-47.01,22.11,-0.07,0.11,-0.22,0.14,-158.26,350.51,-591.73,464.56
OTHH,LTFM,119,-22.71,25.11,-60.11,12.05,-0.06,0.12,-0.23,0.1,-170.11,639.05,-780.0,793.0
OTHH,OLBA,89,-56.24,22.49,-89.1,-12.36,-0.08,0.09,-0.2,0.02,-505.44,557.88,-1253.44,108.66
OTHH,UDYZ,59,1.57,8.6,-5.29,14.96,0.09,0.06,0.02,0.18,252.46,156.76,68.51,462.47
OTHH,UGTB,60,12.4,17.49,-9.85,41.3,0.09,0.07,-0.0,0.22,236.51,178.08,-2.08,543.78
OTHH,UUEE,51,-11.91,8.06,-21.15,4.1,0.03,0.16,-0.11,0.32,139.94,812.38,-587.9,1690.0
RJTT,EDDF,60,-35.42,20.2,-59.34,1.43,-0.12,0.11,-0.33,0.06,-679.69,594.28,-1822.79,307.69
RJTT,EFHK,52,5.76,20.82,-27.52,42.18,0.01,0.13,-0.21,0.18,80.36,716.8,-1135.94,1016.32
RJTT,EGLL,132,23.52,26.84,-25.42,66.5,0.09,0.15,-0.15,0.33,609.64,1034.1,-909.26,2247.62
RJTT,LFPG,90,-10.09,26.76,-52.98,37.25,-0.02,0.22,-0.38,0.27,-135.96,1673.22,-2947.68,2134.85
RKSI,EDDF,109,11.78,25.94,-28.8,49.42,0.11,0.16,-0.13,0.38,715.2,1059.14,-1001.86,2413.6
RKSI,EGLL,69,33.91,34.28,7.82,55.84,0.35,0.19,0.07,0.65,2391.1,1288.53,556.38,3776.72
RKSI,EHAM,56,37.61,30.37,1.15,90.3,0.15,0.17,-0.16,0.39,1091.5,1125.03,-902.88,3029.58
RKSI,LFPG,59,30.24,41.24,-16.98,61.92,0.26,0.15,0.04,0.5,1646.67,912.2,283.3,2949.45
RKSI,LTFM,97,-4.14,33.88,-59.58,50.26,0.05,0.25,-0.32,0.47,260.09,1751.38,-2470.0,3102.0
SAEZ,LEMD,135,11.82,21.39,-8.8,58.44,0.0,0.12,-0.17,0.14,7.72,671.23,-1030.0,807.5
SAEZ,LIRF,51,-40.93,26.29,-86.5,-2.3,-0.18,0.09,-0.31,-0.08,-1071.39,525.01,-1820.8,-480.0
SBGR,EDDF,30,-99.56,44.04,-162.65,-38.95,-0.26,0.11,-0.42,-0.09,-1989.52,832.31,-3289.66,-689.9
SBGR,EGLL,59,19.57,19.92,-0.53,48.32,0.23,0.14,-0.03,0.43,1529.03,944.41,-210.85,2839.54
SBGR,LEMD,90,12.55,30.21,-34.17,63.17,0.01,0.19,-0.3,0.3,90.52,1240.85,-1852.23,2005.99
SBGR,LFPG,90,0.28,22.33,-30.6,33.54,0.06,0.16,-0.2,0.29,391.29,1000.42,-1219.74,2152.07
SBGR,LIRF,58,-41.03,27.53,-77.06,11.87,-0.2,0.12,-0.39,0.02,-1192.77,753.93,-2451.05,179.93
SBGR,LPPT,115,-10.24,22.5,-46.8,19.99,0.03,0.1,-0.13,0.21,167.16,564.79,-691.8,1164.67
SBKP,LPPT,56,9.81,28.8,-24.78,55.65,0.07,0.09,-0.08,0.22,358.92,497.46,-503.32,1194.75
SCEL,LEMD,64,2.52,26.35,-42.94,44.68,0.02,0.12,-0.17,0.19,131.61,654.78,-966.85,1104.48
SKBO,LEMD,205,-1.4,18.86,-30.18,29.74,0.05,0.1,-0.09,0.19,266.18,553.14,-522.62,1073.86
SPJC,LEMD,133,2.7,25.78,-37.04,53.2,-0.01,0.14,-0.17,0.17,-32.94,784.37,-1025.32,950.44
SVMI,LEMD,50,-7.53,27.04,-41.72,27.36,-0.02,0.13,-0.3,0.14,-146.24,785.74,-1821.25,791.0
TBPB,EGLL,57,15.1,16.08,-13.04,35.12,0.18,0.12,-0.01,0.37,1165.84,798.65,-39.64,2310.56
TFFF,LFPO,81,-18.58,27.95,-56.2,29.2,0.02,0.12,-0.17,0.23,125.11,756.52,-967.5,1513.9
TFFR,LFPO,90,-19.97,25.78,-57.24,11.23,0.04,0.15,-0.19,0.33,293.78,915.77,-1029.82,1952.34
TNCB,EHAM,57,7.12,7.64,-0.76,19.4,0.14,0.13,-0.1,0.35,765.07,752.65,-572.4,2122.74
TNCC,EHAM,58,6.17,17.3,-13.0,24.68,0.13,0.15,-0.11,0.35,985.88,1068.88,-585.1,2626.33
UAAA,LTAI,45,-39.24,30.93,-89.92,0.16,0.01,0.14,-0.23,0.22,40.6,362.02,-575.06,550.0
UAAA,LTFM,151,-20.56,27.2,-59.9,18.0,-0.04,0.13,-0.23,0.13,-213.53,654.05,-1350.0,600.0
UACC,LTAI,38,-34.54,22.13,-62.4,5.98,-0.08,0.1,-0.22,0.09,-255.72,374.78,-816.64,197.36
UACC,LTFM,112,-35.38,29.41,-73.54,7.75,-0.04,0.14,-0.22,0.21,-185.2,565.17,-1300.0,465.38
UBBB,LIMC,18,-31.29,24.89,-69.77,-2.41,-0.12,0.09,-0.23,0.01,-467.19,477.37,-1191.44,41.25
UBBB,LTAC,56,-4.72,32.14,-47.78,59.3,0.01,0.1,-0.14,0.2,18.24,222.95,-350.0,420.0
UBBB,LTAI,50,-35.67,31.17,-67.37,33.93,-0.04,0.1,-0.18,0.13,-80.58,263.95,-462.47,314.58
UBBB,LTBJ,53,-6.72,18.49,-33.16,18.04,-0.14,0.08,-0.28,0.0,-318.45,187.63,-651.7,0.0
UBBB,LTFJ,137,-38.36,30.73,-87.22,5.88,-0.09,0.13,-0.28,0.14,-225.24,330.09,-774.34,298.32
UBBB,LTFM,197,-24.04,27.5,-54.04,27.4,-0.05,0.14,-0.18,0.14,-132.3,484.54,-606.6,538.72
UBBB,OMDB,106,25.56,25.77,-27.5,65.6,0.07,0.08,-0.05,0.21,169.64,192.12,-113.92,466.65
UBBB,UBBN,287,-11.97,21.47,-48.71,12.45,0.01,0.07,-0.12,0.11,19.68,167.58,-256.67,256.67
UBBB,UGTB,156,-11.05,20.96,-43.75,25.38,0.03,0.07,-0.08,0.15,63.77,152.47,-183.3,333.75
UBBB,UUDD,60,-9.62,46.08,-57.0,56.55,-0.0,0.12,-0.13,0.16,-47.56,347.33,-635.68,442.21
UBBB,UUEE,90,-107.54,24.4,-129.28,-54.81,-0.11,0.13,-0.33,0.08,-267.89,307.14,-782.0,193.97
UBBB,UUWW,81,-32.03,48.87,-97.4,69.7,-0.06,0.14,-0.24,0.2,-131.96,350.92,-577.3,506.9
UBBG,UUWW,25,-6.02,31.96,-48.86,60.74,0.0,0.07,-0.07,0.11,2.71,181.95,-159.78,277.24
UBBN,UBBB,287,-45.45,23.97,-84.88,-3.94,-0.07,0.07,-0.17,0.05,-164.61,159.59,-383.4,110.0
UCFM,LTFJ,60,-51.75,34.0,-96.12,4.35,-0.04,0.18,-0.24,0.19,-94.22,420.24,-542.45,436.93
UCFM,LTFM,152,-43.77,39.87,-80.92,10.0,-0.08,0.19,-0.28,0.18,-382.31,732.55,-1445.0,627.9
UDYZ,LCLK,73,-61.62,17.73,-86.66,-34.2,-0.17,0.06,-0.28,-0.06,-407.77,152.9,-677.14,-153.1
UDYZ,LOWW,50,6.43,14.91,-10.79,35.8,0.01,0.08,-0.12,0.13,25.34,214.18,-309.32,318.75
UDYZ,LUKK,75,-17.65,18.38,-30.34,11.12,-0.05,0.06,-0.13,0.03,-137.22,146.41,-329.2,83.3
UDYZ,OIIE,20,22.9,15.5,1.01,37.96,0.12,0.04,0.06,0.16,278.91,88.94,138.84,401.49
UDYZ,OTHH,59,29.4,11.33,13.75,50.14,0.19,0.07,0.1,0.31,575.64,275.39,247.02,1070.03
UDYZ,ULLI,74,-46.14,45.57,-105.29,18.0,-0.05,0.14,-0.29,0.14,-113.07,339.05,-674.77,345.2
UDYZ,URMM,90,9.08,16.77,-15.31,30.88,0.1,0.06,0.02,0.18,225.46,128.95,38.3,404.46
UDYZ,URSS,131,5.26,19.28,-8.6,41.85,0.09,0.08,-0.03,0.25,225.92,205.27,-63.55,571.85
UDYZ,UUDD,116,-19.69,58.02,-85.48,96.0,-0.01,0.14,-0.18,0.29,-25.78,348.48,-407.9,734.0
UDYZ,UUEE,200,-76.57,31.24,-120.32,-26.4,-0.05,0.14,-0.23,0.22,-114.89,351.77,-600.33,560.0
UDYZ,UUWW,147,-46.36,52.29,-95.15,15.89,-0.1,0.13,-0.25,0.11,-240.0,312.16,-600.76,247.72
UGSB,UGTB,52,-8.93,15.02,-22.49,11.93,0.01,0.07,-0.07,0.12,7.76,62.02,-56.7,99.14
UGTB,LLBG,80,-13.5,22.6,-41.82,19.14,-0.05,0.09,-0.2,0.1,-121.02,221.4,-480.06,238.27
UGTB,LTFJ,99,-26.32,24.21,-65.61,14.49,-0.06,0.09,-0.2,0.1,-166.94,240.07,-560.0,241.0
UGTB,LTFM,120,-40.27,27.14,-75.48,5.6,-0.09,0.1,-0.2,0.08,-328.37,504.3,-1139.86,230.5
UGTB,OIIE,28,20.48,19.14,-14.16,47.95,0.07,0.07,-0.03,0.18,182.16,178.55,-70.59,451.68
UGTB,OMDB,63,19.45,20.07,-12.87,48.45,0.1,0.1,-0.03,0.27,213.33,212.71,-74.88,633.62
UGTB,OTHH,60,25.86,13.97,0.79,47.95,0.12,0.06,0.01,0.22,311.87,154.78,26.27,547.6
UGTB,UBBB,146,-16.65,18.14,-37.45,20.42,-0.04,0.07,-0.15,0.07,-87.32,131.68,-256.7,138.7
UGTB,UGSB,52,1.46,6.82,-6.88,14.09,0.01,0.11,-0.06,0.07,5.19,92.33,-47.48,56.42
UGTB,UUWW,94,-55.05,55.3,-99.72,22.63,-0.06,0.15,-0.22,0.25,-151.99,360.07,-531.64,571.16
ULLI,LTAI,191,-10.43,32.11,-81.2,30.45,0.01,0.15,-0.26,0.19,136.39,568.61,-750.65,1226.7
ULLI,LTFM,120,-25.21,26.39,-62.76,10.01,-0.06,0.14,-0.29,0.12,-143.98,358.89,-692.83,292.95
ULLI,UDYZ,74,-26.94,51.79,-75.5,7.75,-0.11,0.13,-0.33,0.09,-263.36,319.22,-776.36,208.34
ULLI,UMKK,449,6.83,14.47,-7.3,28.36,0.05,0.07,-0.05,0.16,111.02,154.87,-121.16,383.44
UMKK,ULLI,450,21.4,18.1,-3.31,53.36,0.11,0.09,-0.04,0.27,259.28,222.63,-104.92,623.77
UMKK,UUDD,220,4.28,22.01,-6.31,15.98,0.03,0.07,-0.04,0.1,69.16,195.44,-105.86,271.86
UMKK,UUEE,587,-0.02,4.83,-7.0,8.51,-0.02,0.04,-0.07,0.05,-43.98,94.84,-197.85,115.36
UNNT,LTAI,62,-21.35,21.28,-54.36,22.82,0.03,0.15,-0.17,0.27,122.2,552.97,-710.04,1135.4
URMM,LTAI,67,29.44,54.42,-5.38,73.66,0.03,0.2,-0.08,0.18,64.54,449.37,-180.21,410.21
URMM,LTFM,77,1.35,18.23,-29.68,25.26,-0.05,0.09,-0.18,0.06,-122.56,200.43,-421.7,146.68
URMM,UDYZ,90,-6.55,17.69,-25.96,22.7,0.02,0.06,-0.05,0.11,56.15,127.63,-115.0,254.76
URSS,LTAI,67,21.27,36.93,-17.3,65.01,0.03,0.13,-0.08,0.13,73.71,310.29,-180.14,306.7
URSS,LTFM,122,-9.98,26.07,-39.88,41.3,-0.09,0.12,-0.22,0.15,-198.75,266.72,-498.3,339.25
URSS,UDYZ,132,-13.51,17.71,-42.14,12.98,0.0,0.07,-0.1,0.11,0.1,175.39,-250.0,285.26
USSS,LTAI,129,-23.45,18.26,-52.68,3.58,0.01,0.13,-0.17,0.23,71.15,508.05,-614.64,1055.22
UTAA,LTFM,80,-30.82,30.52,-82.08,19.55,-0.0,0.12,-0.2,0.2,-16.66,306.11,-514.81,480.0
UTSS,LTFM,52,-25.1,26.53,-67.64,14.29,0.03,0.13,-0.17,0.22,82.42,336.53,-437.28,556.25
UTTT,LTFM,163,-68.66,42.42,-139.08,-1.78,-0.12,0.19,-0.38,0.2,-746.17,1087.76,-2290.0,1081.67
UUDD,HECA,60,-25.61,16.84,-47.5,5.35,-0.07,0.15,-0.21,0.09,-165.23,359.37,-513.43,222.96
UUDD,LTAI,144,-22.52,38.12,-83.82,16.8,-0.05,0.13,-0.28,0.13,-118.31,315.5,-667.7,319.05
UUDD,LTFM,56,-31.99,47.62,-109.5,15.8,-0.09,0.15,-0.28,0.08,-201.28,366.49,-668.18,181.08
UUDD,OMSJ,84,8.44,11.83,-9.72,32.46,0.07,0.11,-0.03,0.27,171.19,281.09,-84.29,666.01
UUDD,UBBB,60,4.77,63.32,-52.5,145.0,-0.03,0.07,-0.14,0.07,-116.26,307.57,-575.07,367.42
UUDD,UDYZ,117,-21.68,66.57,-81.72,96.32,-0.07,0.11,-0.23,0.09,-158.01,248.92,-551.66,209.84
UUDD,UMKK,216,11.46,30.0,-7.65,38.42,0.02,0.1,-0.08,0.13,43.07,263.38,-209.25,327.75
UUEE,HESH,54,-11.79,47.31,-69.91,63.72,-0.0,0.27,-0.32,0.33,-408.62,1176.95,-2123.72,1030.2
UUEE,LTAI,232,-18.05,29.68,-72.0,31.56,-0.06,0.12,-0.27,0.13,-434.13,781.96,-1690.0,745.02
UUEE,LTFM,179,-65.92,39.42,-119.53,0.0,-0.24,0.15,-0.45,-0.02,-746.16,518.28,-1560.0,-40.0
UUEE,LYBE,61,13.46,29.39,-11.9,46.4,-0.0,0.06,-0.1,0.06,-10.17,146.91,-209.0,147.9
UUEE,OMDB,60,-11.22,18.96,-30.5,21.24,0.03,0.14,-0.17,0.22,64.43,347.91,-427.44,527.53
UUEE,OTHH,51,11.28,17.97,-9.15,47.05,0.02,0.08,-0.1,0.15,104.71,413.37,-519.3,797.3
UUEE,UBBB,90,-9.92,20.53,-39.98,19.92,-0.08,0.11,-0.28,0.08,-186.85,273.76,-680.0,182.0
UUEE,UDYZ,200,-49.53,40.64,-97.24,14.43,-0.15,0.15,-0.3,-0.02,-367.22,394.16,-795.2,-39.34
UUEE,UMKK,587,-8.65,18.39,-26.27,15.37,-0.04,0.1,-0.16,0.12,-106.61,251.86,-438.72,293.97
UUWW,LTAI,254,-5.32,23.03,-34.64,29.34,0.05,0.1,-0.07,0.19,229.2,556.45,-272.46,1300.0
UUWW,LTBS,98,7.54,33.32,-41.86,56.35,-0.01,0.12,-0.18,0.17,14.78,497.77,-520.0,523.25
UUWW,LTFE,87,-1.8,39.83,-89.69,44.83,-0.01,0.13,-0.25,0.18,-45.96,425.16,-741.1,513.3
UUWW,LTFJ,60,3.37,23.68,-26.46,39.3,0.05,0.14,-0.12,0.38,107.1,341.35,-269.56,881.6
UUWW,LTFM,244,-26.58,35.43,-67.4,17.21,-0.06,0.1,-0.22,0.08,-286.12,527.34,-1000.0,357.89
UUWW,OMDB,171,15.27,12.97,-2.2,37.75,0.07,0.07,-0.02,0.2,171.69,164.45,-52.8,456.0
UUWW,UBBB,82,-14.83,67.93,-98.81,115.08,-0.09,0.11,-0.25,0.06,-227.98,266.74,-600.6,145.42
UUWW,UBBG,24,56.21,121.02,-25.14,346.88,0.03,0.1,-0.08,0.21,79.73,228.4,-196.24,526.47
UUWW,UDYZ,147,-38.61,49.91,-93.94,27.84,-0.11,0.1,-0.27,0.02,-273.31,236.06,-670.44,49.47
UUWW,UGTB,96,-36.95,44.51,-96.72,33.0,-0.04,0.12,-0.22,0.14,-107.46,281.19,-521.47,324.5
UWKD,LTAI,139,3.68,56.65,-47.82,80.37,0.07,0.13,-0.13,0.29,171.77,303.9,-308.5,707.07
UWUU,LTAI,99,-30.33,32.59,-68.07,31.67,-0.08,0.16,-0.32,0.2,-253.43,527.27,-1026.61,420.0
UWWW,LTAI,73,-15.35,26.71,-51.92,32.64,-0.01,0.12,-0.15,0.17,-45.46,309.41,-415.98,390.24
VABB,EGLL,198,3.88,13.99,-16.0,26.86,0.14,0.14,-0.08,0.35,772.38,746.1,-471.69,1804.45
VABB,LTFM,72,-39.35,29.84,-72.72,5.2,-0.08,0.14,-0.21,0.08,-570.36,1024.5,-1613.2,644.37
VHHH,EDDF,29,-7.54,32.62,-53.08,43.64,-0.06,0.14,-0.24,0.18,-329.62,785.15,-1381.0,1016.58
VHHH,EGLL,214,24.33,74.71,-3.02,68.44,0.24,0.15,0.03,0.47,1600.17,1071.29,181.28,3208.48
VHHH,LFPG,83,8.86,47.12,-50.56,70.12,0.1,0.15,-0.15,0.37,647.89,1086.41,-1134.42,2244.82
VIDP,CYYZ,57,20.07,29.14,-18.62,67.3,0.09,0.15,-0.1,0.29,702.72,1203.21,-757.92,2258.5
VIDP,EDDF,56,-20.51,22.82,-52.0,16.12,-0.11,0.08,-0.24,0.01,-608.31,442.51,-1284.88,64.95
VIDP,EGLL,223,19.34,20.07,-10.36,52.25,0.14,0.13,-0.09,0.36,804.34,755.99,-488.14,2010.56
VIDP,KJFK,57,39.5,42.42,-16.8,121.52,0.09,0.17,-0.19,0.33,732.56,1293.86,-1459.88,2591.74
VIDP,LFPG,82,1.63,19.92,-36.46,36.96,0.05,0.08,-0.06,0.17,293.79,432.18,-298.1,942.73
VIDP,LTFM,70,-31.1,30.33,-66.01,17.34,-0.06,0.15,-0.23,0.21,-441.01,1165.5,-1765.5,1658.46
VTBS,EDDF,60,-29.51,27.65,-75.72,15.76,-0.18,0.09,-0.33,-0.04,-1416.71,667.37,-2605.45,-325.3
VTBS,EDDM,60,13.93,21.13,-11.32,47.72,0.04,0.08,-0.08,0.2,203.81,485.47,-474.66,1143.98
VTBS,EGLL,90,6.74,23.24,-25.03,44.14,0.13,0.1,-0.06,0.29,1022.11,808.85,-489.11,2233.65
VTBS,LSZH,60,13.29,18.4,-11.79,42.93,-0.02,0.1,-0.12,0.1,-127.64,746.13,-905.12,703.89
VTBS,LTFM,60,-50.57,37.61,-85.2,33.76,-0.22,0.13,-0.4,0.0,-1383.73,826.16,-2409.16,5.16
WMKK,EGLL,60,0.09,20.93,-34.93,27.7,0.22,0.13,0.04,0.44,1270.58,741.99,226.07,2566.42
WMKK,LTFM,58,-19.17,39.43,-56.22,41.59,-0.05,0.19,-0.23,0.09,-273.18,1049.4,-1285.82,551.99
WSSS,EDDF,60,-34.34,30.75,-90.86,8.17,-0.03,0.09,-0.14,0.12,-186.98,672.52,-1073.66,747.49
WSSS,EDDM,52,-0.5,19.35,-40.44,27.51,0.07,0.07,-0.02,0.22,414.48,412.09,-95.48,1289.62
WSSS,EGLL,209,13.85,27.03,-37.34,58.7,0.21,0.14,-0.03,0.41,1934.08,1365.62,-346.02,4362.22
WSSS,EHAM,59,5.58,19.97,-25.74,34.44,0.12,0.11,-0.09,0.23,774.08,821.94,-674.02,1704.55
WSSS,LFPG,102,4.17,28.48,-37.82,42.84,0.18,0.11,-0.01,0.35,1226.7,834.78,-29.72,2757.11
WSSS,LSZH,56,16.8,22.77,-20.82,47.95,0.13,0.12,-0.04,0.34,1015.05,933.61,-350.98,2613.57
WSSS,LTFM,75,-30.25,46.24,-93.83,65.38,-0.01,0.11,-0.13,0.16,-30.67,742.32,-910.0,1225.02
ZBAA,EDDF,46,-24.87,37.18,-90.15,30.8,-0.05,0.1,-0.2,0.11,-414.4,809.7,-1528.55,858.0
ZBAA,EGLL,60,16.24,23.35,-2.04,54.86,0.29,0.12,0.12,0.49,1898.89,744.68,863.24,3125.17
ZBAA,LFPG,60,8.98,32.81,-25.05,66.71,0.18,0.12,0.01,0.41,1125.5,687.17,84.61,2281.91
ZGGG,LTFM,50,19.95,40.74,-29.86,73.46,-0.04,0.17,-0.22,0.19,-332.84,1288.5,-1707.78,1514.5
ZSPD,EDDF,169,-34.46,56.87,-171.24,27.04,-0.06,0.11,-0.23,0.15,-433.26,893.52,-1803.08,1151.4
ZSPD,EGLL,102,24.05,34.58,1.11,66.34,0.23,0.16,-0.01,0.48,1450.3,1029.21,-30.58,2947.33
ZSPD,EHAM,111,-59.62,88.13,-169.35,38.35,0.12,0.13,-0.05,0.33,915.04,992.42,-412.75,2587.0
ZSPD,LFPG,85,-16.34,61.29,-151.7,58.14,0.13,0.15,-0.11,0.36,963.58,1107.81,-848.92,2655.9
ZSPD,LTFM,54,-29.83,50.55,-96.9,36.12,-0.08,0.25,-0.35,0.33,-665.55,1952.8,-2730.0,2600.0
