ADEP,ADES,cluster_kmeans,n,delta_dist_nm_self_mean,delta_dist_nm_self_std,delta_dist_nm_self_p5,delta_dist_nm_self_p95,delta_duration_h_self_mean,delta_duration_h_self_std,delta_duration_h_self_p5,delta_duration_h_self_p95,delta_fuel_kg_self_mean,delta_fuel_kg_self_std,delta_fuel_kg_self_p5,delta_fuel_kg_self_p95
BIKF,EDDF,0,16,-33.04,19.77,-63.58,-5.12,-0.07,0.04,-0.15,-0.01,-188.29,155.53,-468.58,-16.5
BIKF,EDDF,1,36,-41.99,9.4,-57.9,-30.38,-0.14,0.08,-0.26,-0.02,-380.12,208.81,-686.02,-54.32
BIKF,EFHK,0,28,-3.45,5.82,-10.23,6.0,0.07,0.04,0.02,0.12,172.55,94.85,35.38,331.9
BIKF,EFHK,1,28,-2.53,6.46,-12.66,6.73,0.06,0.04,0.02,0.12,146.21,104.96,39.42,363.14
BIKF,EGLL,0,11,21.63,7.97,14.35,34.95,0.17,0.08,0.08,0.3,557.09,434.03,168.0,1279.5
BIKF,EGLL,1,22,16.73,19.6,-24.63,38.46,0.18,0.11,0.04,0.32,556.44,406.15,89.38,1215.9
BIKF,EGLL,2,30,23.5,9.47,11.52,39.32,0.16,0.1,0.06,0.35,456.72,418.53,138.25,1041.45
BIKF,EHAM,0,47,7.33,7.42,-2.17,22.02,0.11,0.06,0.04,0.2,272.67,134.55,111.7,465.8
BIKF,EHAM,1,28,5.07,8.96,-11.42,12.36,0.08,0.07,-0.01,0.2,214.22,200.12,-32.74,622.33
BIKF,EHAM,2,16,1.11,14.12,-20.98,15.28,0.08,0.09,-0.07,0.2,208.7,271.45,-158.18,644.65
BIKF,EIDW,0,31,-8.85,23.11,-54.25,23.25,0.06,0.11,-0.12,0.19,199.75,328.09,-377.3,758.85
BIKF,EIDW,1,17,-21.09,23.44,-49.3,21.2,-0.01,0.14,-0.15,0.22,-14.05,342.2,-348.38,582.52
BIKF,EKCH,0,141,-12.01,9.04,-24.8,2.0,-0.05,0.06,-0.14,0.05,-137.6,166.81,-398.9,162.2
BIKF,ENGM,0,87,-11.42,11.31,-35.66,2.53,0.04,0.07,-0.11,0.13,113.36,209.99,-234.92,480.71
BIKF,ESSA,0,51,4.11,11.4,-12.2,21.8,0.11,0.07,0.01,0.21,262.67,184.92,20.75,623.9
BIKF,LFPG,0,13,-1.75,11.02,-18.42,12.64,0.05,0.06,-0.02,0.14,121.22,165.23,-107.18,367.7
BIKF,LFPG,1,23,3.51,15.45,-17.49,36.05,0.01,0.06,-0.08,0.08,46.12,168.96,-193.08,304.77
BIKF,LFPG,2,33,-2.45,18.58,-42.26,22.16,0.02,0.09,-0.11,0.12,55.75,214.74,-255.2,349.64
BIKF,LFPG,3,15,0.74,14.74,-29.89,15.39,0.05,0.06,-0.03,0.14,192.9,255.93,-66.22,611.42
BIKF,LIMC,0,33,-61.12,23.25,-92.52,-23.84,-0.16,0.07,-0.29,-0.08,-458.61,265.06,-758.16,-192.68
BIKF,LIMC,1,16,-73.49,23.78,-101.4,-24.98,-0.18,0.19,-0.38,0.09,-510.44,519.21,-1160.0,207.75
BKPR,EDDL,0,41,-68.54,15.59,-93.7,-40.3,-0.12,0.14,-0.22,0.06,-289.86,328.6,-556.9,150.0
BKPR,EDDL,1,24,-61.91,24.82,-88.6,-10.38,-0.11,0.1,-0.24,0.05,-270.33,255.93,-564.45,141.94
BKPR,EDDS,0,40,-46.8,13.88,-66.87,-25.38,-0.07,0.06,-0.16,0.05,-205.72,173.94,-439.01,126.23
BKPR,EDDS,1,22,-55.74,10.77,-67.15,-36.76,-0.09,0.07,-0.24,-0.01,-226.46,179.41,-594.84,-21.45
BKPR,LFSB,0,59,-71.69,14.37,-90.94,-48.54,-0.13,0.07,-0.24,-0.03,-317.85,183.12,-600.06,-62.48
BKPR,LFSB,1,47,-83.35,18.8,-111.44,-48.56,-0.15,0.09,-0.25,-0.01,-364.81,218.75,-623.98,-20.14
BKPR,LOWW,0,21,-41.95,20.86,-66.8,-3.1,-0.07,0.08,-0.17,0.03,-182.07,210.8,-416.7,93.3
BKPR,LOWW,1,45,-41.22,14.0,-64.74,-21.84,-0.1,0.07,-0.18,0.01,-253.59,172.4,-513.38,33.28
BKPR,LSGG,0,26,-23.32,9.67,-35.4,-13.32,-0.19,0.08,-0.31,-0.08,-424.25,163.18,-630.38,-204.25
BKPR,LSGG,1,42,-54.4,13.38,-69.93,-37.95,-0.1,0.08,-0.2,-0.0,-231.1,163.4,-427.18,-10.96
BKPR,LSZH,0,24,-42.89,10.25,-62.84,-31.44,-0.13,0.09,-0.27,0.0,-318.47,218.08,-649.22,6.31
BKPR,LSZH,1,78,-41.42,23.35,-65.4,4.61,-0.16,0.14,-0.33,0.07,-404.21,340.29,-816.73,165.62
BKPR,LSZH,2,18,-73.37,21.55,-99.74,-41.73,-0.21,0.11,-0.38,-0.08,-535.02,278.37,-956.26,-194.43
BKPR,LTFJ,0,15,-38.29,20.85,-54.7,-2.64,-0.11,0.1,-0.21,0.06,-269.01,241.62,-504.0,148.0
BKPR,LTFJ,1,37,-13.11,20.73,-45.26,20.94,0.03,0.13,-0.13,0.23,72.14,305.24,-317.8,545.94
CYUL,EDDF,0,18,-40.56,24.68,-76.32,-1.99,-0.06,0.11,-0.23,0.09,-329.27,642.6,-1302.8,469.15
CYUL,EDDF,1,16,-50.08,23.96,-80.1,-15.4,-0.1,0.13,-0.28,0.11,-619.57,794.14,-1737.75,632.15
CYUL,EDDF,2,25,-53.16,16.51,-76.88,-24.16,-0.1,0.1,-0.26,0.03,-606.39,592.01,-1613.34,147.56
CYUL,EDDF,3,17,-25.11,15.22,-47.82,-2.96,-0.06,0.08,-0.19,0.05,-342.21,420.0,-1067.0,263.96
CYUL,EGLL,0,33,33.44,13.65,14.6,60.34,0.32,0.09,0.2,0.46,1808.04,512.52,1150.34,2626.26
CYUL,EGLL,1,31,34.79,19.01,9.2,67.4,0.29,0.17,0.05,0.6,1658.38,994.89,343.4,3433.7
CYUL,EGLL,2,23,31.49,15.56,12.25,51.35,0.27,0.14,0.08,0.47,1513.86,767.27,458.2,2781.46
CYUL,EHAM,0,51,20.65,17.77,3.55,39.7,0.14,0.07,0.03,0.23,686.5,450.77,144.5,1281.25
CYUL,GMMN,0,26,-0.36,12.17,-14.05,17.15,0.05,0.06,-0.04,0.15,299.11,364.55,-269.75,773.48
CYUL,GMMN,1,44,0.45,14.44,-22.99,21.1,0.06,0.08,-0.07,0.16,319.12,418.38,-378.87,901.64
CYUL,LFPG,0,21,-5.59,19.2,-41.9,13.7,0.09,0.09,-0.02,0.22,518.97,560.84,-162.5,1534.0
CYUL,LFPG,1,33,-8.14,20.89,-45.16,14.62,0.06,0.09,-0.07,0.2,405.7,673.78,-430.42,1585.56
CYUL,LFPG,2,48,6.15,16.53,-31.65,32.71,0.08,0.07,-0.04,0.19,489.87,486.22,-260.06,1430.2
CYUL,LFPG,3,65,6.63,16.73,-23.46,26.12,0.12,0.1,-0.03,0.27,879.13,753.77,-195.4,1902.74
CYUL,LFPG,4,6,16.28,15.04,-1.9,35.2,0.12,0.05,0.05,0.18,809.05,480.84,255.15,1434.9
CYUL,LFPG,5,19,-8.73,21.82,-47.34,18.7,0.06,0.08,-0.05,0.17,462.17,587.57,-392.27,1330.77
CYUL,LIRF,0,33,-33.15,20.82,-60.78,1.96,-0.06,0.08,-0.16,0.07,-439.53,600.01,-1218.1,494.82
CYUL,LIRF,1,23,-35.42,19.76,-58.15,-9.42,-0.04,0.08,-0.15,0.08,-275.4,503.41,-890.83,618.8
CYUL,LPPT,0,16,-17.76,39.61,-81.2,33.3,0.09,0.13,-0.07,0.35,374.47,649.87,-296.2,1532.48
CYUL,LPPT,1,24,-10.53,18.69,-42.3,7.65,0.08,0.1,-0.05,0.22,347.89,584.35,-244.38,1362.91
CYUL,LPPT,2,28,-14.95,31.38,-64.59,35.78,0.09,0.11,-0.05,0.28,277.5,390.98,-245.25,854.36
CYVR,EDDF,0,18,-45.96,29.6,-78.86,-5.25,-0.07,0.14,-0.31,0.09,-410.04,825.17,-1839.8,499.48
CYVR,EDDF,1,7,-81.63,51.33,-137.8,-12.65,-0.07,0.1,-0.19,0.06,-410.31,560.98,-1046.68,315.19
CYVR,EDDF,2,5,-54.26,21.92,-76.2,-28.68,-0.07,0.16,-0.26,0.08,-373.68,882.09,-1414.1,439.98
CYVR,EDDF,3,18,-56.51,18.22,-78.12,-36.27,-0.06,0.08,-0.16,0.08,-328.12,413.5,-879.92,463.29
CYVR,EGLL,0,16,14.11,11.4,-0.42,33.42,0.21,0.1,0.09,0.37,1331.28,593.66,545.72,2235.73
CYVR,EGLL,1,22,20.37,17.04,1.76,47.18,0.24,0.15,0.08,0.48,1587.2,861.59,655.34,2997.98
CYVR,EGLL,2,21,25.55,12.35,11.4,46.5,0.23,0.11,0.1,0.39,1644.02,753.89,608.8,2873.0
CYYC,EDDF,0,15,-36.51,59.24,-99.78,87.75,-0.09,0.12,-0.24,0.09,-491.89,707.97,-1269.9,538.76
CYYC,EDDF,1,16,-68.81,21.64,-100.55,-41.28,-0.09,0.07,-0.19,-0.0,-488.95,358.1,-977.55,-3.25
CYYC,EDDF,2,20,-40.47,26.67,-72.1,-15.05,-0.12,0.08,-0.26,-0.03,-695.94,478.41,-1620.35,-160.89
CYYC,EGLL,0,27,29.81,43.73,-9.49,76.2,0.28,0.11,0.08,0.47,1566.3,628.79,448.95,2562.52
CYYC,EGLL,1,18,6.23,16.8,-14.97,33.58,0.22,0.11,0.05,0.37,1183.61,596.89,264.9,2007.62
CYYC,EGLL,2,15,4.74,14.3,-15.99,23.54,0.25,0.08,0.1,0.35,1362.94,448.88,550.79,1931.87
CYYZ,EDDF,0,11,-33.12,29.47,-79.15,-6.2,-0.06,0.12,-0.23,0.09,-306.24,638.67,-1267.55,465.65
CYYZ,EDDF,1,47,-44.86,19.52,-72.94,-15.18,-0.08,0.08,-0.22,0.03,-489.98,504.71,-1279.87,168.12
CYYZ,EDDF,2,26,-43.67,25.38,-76.4,-6.58,-0.08,0.09,-0.21,0.05,-451.13,535.75,-1239.95,283.1
CYYZ,EDDM,0,26,16.58,17.1,-7.32,45.3,0.02,0.05,-0.06,0.1,101.78,319.53,-363.68,610.82
CYYZ,EDDM,1,17,20.75,15.05,-0.74,38.72,0.04,0.11,-0.1,0.23,248.01,649.27,-635.86,1354.72
CYYZ,EDDM,2,15,12.77,16.9,-8.47,35.42,0.03,0.07,-0.08,0.11,161.39,428.38,-489.99,670.8
CYYZ,EGKK,0,25,23.26,17.25,-7.48,47.04,0.2,0.13,0.02,0.43,729.1,483.36,123.36,1377.74
CYYZ,EGKK,1,14,12.34,17.13,-14.87,35.7,0.11,0.1,-0.02,0.25,448.41,591.78,-138.91,1434.02
CYYZ,EGKK,2,18,21.31,12.33,2.86,38.2,0.18,0.14,-0.03,0.37,738.01,798.38,-169.05,2219.61
CYYZ,EGLL,0,16,23.33,17.19,-5.38,47.95,0.3,0.17,0.11,0.54,1888.36,1079.91,630.93,3748.82
CYYZ,EGLL,1,39,27.19,16.5,7.91,50.57,0.27,0.14,0.07,0.47,1666.78,894.67,522.03,3190.6
CYYZ,EGLL,2,61,29.82,17.16,3.4,57.5,0.25,0.14,0.05,0.42,1517.25,846.55,301.0,2649.8
CYYZ,EGLL,3,62,31.86,13.51,10.59,52.68,0.26,0.1,0.06,0.38,1565.7,609.64,401.66,2279.07
CYYZ,EHAM,0,29,11.13,14.74,-13.78,32.22,0.13,0.07,0.03,0.26,762.29,509.95,106.86,1577.14
CYYZ,EHAM,1,32,16.33,13.1,1.64,36.66,0.12,0.08,-0.02,0.22,839.84,540.34,-179.41,1728.98
CYYZ,EHAM,2,8,16.34,6.79,9.24,25.95,0.15,0.08,0.05,0.26,767.49,524.31,112.98,1439.22
CYYZ,EHAM,3,31,18.72,14.05,0.6,33.5,0.13,0.08,0.02,0.25,736.96,601.94,118.5,1522.6
CYYZ,EIDW,0,22,-12.72,20.26,-39.58,23.78,0.02,0.11,-0.14,0.18,58.08,611.71,-826.61,949.92
CYYZ,EIDW,1,36,-2.23,20.17,-35.43,22.9,0.07,0.08,-0.05,0.22,283.66,393.24,-281.62,964.75
CYYZ,EIDW,2,24,9.5,95.91,-56.68,33.97,0.13,0.42,-0.09,0.43,667.55,2509.28,-558.46,2396.16
CYYZ,EPWA,0,38,-14.89,24.34,-51.6,17.09,0.0,0.07,-0.1,0.13,6.83,389.46,-513.62,654.08
CYYZ,EPWA,1,18,-26.59,20.04,-62.1,5.35,0.0,0.13,-0.11,0.14,22.48,688.81,-573.0,796.27
CYYZ,LFPG,0,32,9.7,18.85,-12.92,50.0,0.1,0.1,-0.04,0.28,647.1,672.68,-182.6,1829.51
CYYZ,LFPG,1,24,6.16,16.68,-30.43,22.36,0.12,0.09,0.02,0.25,813.8,592.44,143.08,1538.7
CYYZ,LFPG,2,16,-2.3,19.04,-42.55,21.55,0.08,0.1,-0.08,0.22,476.38,675.36,-564.08,1713.82
CYYZ,LFPG,3,15,3.11,21.03,-38.42,22.3,0.13,0.11,-0.01,0.3,803.77,709.4,-62.39,2046.19
CYYZ,LFPG,4,21,0.16,24.35,-40.8,31.7,0.08,0.1,-0.07,0.24,434.63,593.69,-522.2,1343.3
CYYZ,LIRF,0,27,-31.71,28.4,-66.05,20.63,-0.04,0.11,-0.24,0.09,-250.45,729.68,-1501.17,710.45
CYYZ,LIRF,1,20,-34.32,18.96,-62.49,-8.26,-0.07,0.09,-0.23,0.02,-464.7,569.72,-1448.5,132.87
CYYZ,LIRF,2,16,-22.42,25.31,-52.15,21.75,-0.01,0.08,-0.15,0.1,-26.07,488.28,-895.08,629.67
CYYZ,LPPT,0,36,-8.4,21.96,-41.52,15.9,0.1,0.09,-0.03,0.22,445.11,385.22,-118.78,1074.97
CYYZ,LPPT,1,37,-10.39,27.57,-62.3,31.28,0.08,0.1,-0.07,0.24,303.16,444.86,-257.64,1095.3
CYYZ,LPPT,2,20,-19.27,27.45,-52.24,9.2,0.07,0.09,-0.04,0.2,307.72,521.74,-237.7,1245.16
CYYZ,OMDB,0,19,9.65,12.55,-9.2,29.98,0.09,0.08,-0.02,0.23,1115.26,984.55,-225.03,2706.97
CYYZ,OMDB,1,15,31.85,17.82,9.48,60.66,0.28,0.1,0.18,0.48,1524.51,550.02,965.52,2638.72
CYYZ,OMDB,2,26,23.48,17.81,-4.9,51.78,0.22,0.13,0.04,0.46,1571.75,927.66,381.7,2944.18
CYYZ,VIDP,0,30,34.88,29.66,-7.01,84.99,0.3,0.24,0.05,0.61,2357.77,1839.13,361.98,4731.02
CYYZ,VIDP,1,30,21.7,32.6,-36.52,66.77,0.06,0.18,-0.13,0.4,460.49,1379.09,-1044.96,3159.0
DAAG,EDDF,0,29,-21.39,16.84,-50.38,8.1,-0.15,0.07,-0.24,-0.02,-385.82,170.33,-623.76,-52.16
DAAG,EDDF,1,29,-32.42,29.36,-65.6,10.98,-0.14,0.12,-0.33,0.01,-380.69,345.37,-927.26,23.72
DAAG,EGLL,0,22,12.22,21.07,2.04,33.96,0.08,0.15,-0.07,0.23,162.54,499.0,-169.97,582.29
DAAG,EGLL,1,28,4.03,9.86,-6.54,20.71,-0.0,0.13,-0.17,0.23,-9.58,639.59,-995.66,1252.26
DAAG,LFLL,0,51,18.25,12.94,-2.65,31.65,0.05,0.05,-0.04,0.13,120.4,140.43,-84.35,331.65
DAAG,LFML,0,103,18.27,25.99,2.2,40.61,0.09,0.09,-0.01,0.17,208.83,212.55,-16.08,437.52
DAAG,LFML,1,20,7.74,18.17,-10.38,38.12,-0.02,0.12,-0.13,0.09,-18.1,103.25,-106.79,74.92
DAAG,LFPG,0,85,-10.23,11.3,-24.28,9.4,0.0,0.06,-0.08,0.09,23.87,191.63,-208.28,363.04
DAAG,LFPG,1,73,-13.68,13.63,-33.38,6.9,-0.04,0.09,-0.15,0.11,-111.31,280.82,-402.76,216.6
DAAG,LFPG,2,133,-0.76,17.46,-18.26,29.3,0.02,0.07,-0.07,0.13,84.79,229.9,-207.68,540.7
DAAG,LFPO,0,175,-0.66,10.36,-13.84,17.43,0.03,0.06,-0.07,0.15,87.6,223.12,-244.5,379.51
DAAG,LFPO,1,50,4.51,15.36,-17.56,35.34,0.01,0.11,-0.11,0.17,16.47,272.92,-259.52,413.5
DAAG,LIRF,0,55,-34.59,21.69,-61.5,0.86,-0.13,0.04,-0.19,-0.07,-307.12,104.95,-478.62,-164.98
DAAG,LTFM,0,129,-12.31,17.02,-34.8,17.6,0.05,0.15,-0.16,0.28,66.44,571.78,-793.08,724.92
DAAG,LTFM,1,21,-10.88,19.38,-31.9,17.9,-0.05,0.07,-0.14,0.04,-235.94,292.79,-611.4,205.0
DAAG,LTFM,2,22,-29.74,16.12,-58.36,-10.03,-0.05,0.06,-0.13,0.05,-242.52,278.18,-720.92,145.1
DAAG,OMDB,0,21,10.32,10.92,-2.8,25.1,0.11,0.12,-0.04,0.33,674.12,703.85,-245.0,1958.3
DAAG,OMDB,1,30,13.06,15.34,-9.04,34.69,0.19,0.08,0.08,0.29,1516.59,633.78,588.8,2269.48
DABC,LFML,0,59,14.7,15.82,-1.2,45.79,0.06,0.07,-0.05,0.18,156.43,181.68,-116.11,426.2
DAOO,LFML,0,61,11.32,17.6,-7.0,37.6,0.05,0.11,-0.1,0.24,117.16,274.11,-256.9,574.7
DAOO,LFPG,0,72,-7.49,15.68,-29.42,17.1,0.0,0.15,-0.14,0.14,0.9,358.38,-347.75,339.61
DAOO,LFPO,0,57,2.38,18.08,-29.64,27.48,0.01,0.09,-0.13,0.14,34.61,219.9,-300.3,343.86
DIAP,GMMN,0,55,0.91,24.59,-24.05,44.23,-0.02,0.09,-0.13,0.15,-54.6,213.89,-318.11,356.3
DIAP,LFPG,0,52,2.58,56.96,-39.33,42.21,0.12,0.13,-0.07,0.31,896.84,957.73,-458.72,2387.76
DNMM,EGLL,0,21,13.79,10.48,-6.2,30.3,0.02,0.1,-0.1,0.19,119.5,618.79,-667.0,1074.6
DNMM,EGLL,1,22,13.96,20.65,-17.54,57.83,0.06,0.13,-0.12,0.24,380.72,907.3,-932.86,1905.8
DNMM,EGLL,2,17,18.48,14.19,-0.94,45.5,0.03,0.11,-0.1,0.24,176.35,668.07,-579.0,1412.26
DTMB,LFPO,0,68,2.33,10.76,-14.5,17.32,0.05,0.07,-0.06,0.17,108.9,160.78,-153.3,396.16
DTTA,EDDF,0,22,-22.12,14.19,-46.47,-0.71,-0.11,0.05,-0.19,-0.02,-277.61,135.57,-474.0,-43.4
DTTA,EDDF,1,27,-20.23,18.53,-50.91,6.88,-0.13,0.07,-0.22,0.0,-326.21,189.98,-525.68,7.05
DTTA,EDDF,2,19,-24.54,18.77,-47.03,0.83,-0.09,0.09,-0.21,0.04,-240.43,231.83,-588.01,91.49
DTTA,EDDF,3,28,-15.8,23.28,-52.55,17.64,-0.09,0.09,-0.21,0.07,-238.99,241.98,-546.2,183.3
DTTA,GMMN,0,42,-2.02,12.31,-13.6,14.79,0.06,0.07,-0.03,0.17,120.91,161.11,-74.98,383.88
DTTA,GMMN,1,17,-13.53,16.02,-27.32,9.2,0.01,0.09,-0.12,0.17,12.9,218.88,-281.04,396.9
DTTA,GMMN,2,43,-41.83,25.07,-74.36,-1.43,-0.07,0.09,-0.18,0.07,-171.41,211.45,-439.87,168.63
DTTA,HLLB,0,74,14.42,8.18,3.89,27.07,0.1,0.05,0.02,0.17,239.69,123.96,52.9,433.61
DTTA,LFLL,0,91,16.35,14.75,-5.9,36.2,0.1,0.07,0.01,0.19,251.63,167.4,20.75,575.7
DTTA,LFML,0,106,13.66,32.42,-15.65,43.32,0.12,0.15,-0.01,0.26,286.53,349.05,-21.95,624.1
DTTA,LFMN,0,83,0.88,8.81,-8.58,19.73,0.04,0.05,-0.02,0.12,92.37,113.69,-54.23,283.45
DTTA,LFPG,0,111,-4.94,15.13,-37.45,16.75,0.04,0.07,-0.06,0.14,101.34,173.32,-154.75,356.1
DTTA,LFPG,1,11,12.45,13.11,-9.4,25.15,0.05,0.07,-0.04,0.16,114.78,168.63,-101.0,374.35
DTTA,LFPG,2,66,-2.06,13.07,-12.5,29.42,0.04,0.07,-0.06,0.15,98.54,169.83,-150.73,381.12
DTTA,LFPO,0,214,3.86,15.98,-13.78,21.94,0.08,0.08,-0.02,0.17,220.71,232.19,-51.16,612.1
DTTA,LFPO,1,25,2.02,13.16,-18.86,19.5,0.06,0.05,-0.05,0.14,175.46,182.9,-118.3,554.8
DTTA,LIMC,0,58,-40.87,19.26,-56.62,0.0,-0.13,0.08,-0.21,-0.03,-310.71,196.67,-500.0,-58.96
DTTA,LIRF,0,85,-33.69,23.88,-78.14,0.64,-0.08,0.07,-0.17,0.03,-182.82,155.71,-408.36,78.58
DTTA,LTFM,0,84,-14.9,30.47,-40.36,26.18,0.01,0.13,-0.1,0.16,5.55,346.34,-298.74,452.6
DTTA,LTFM,1,70,-22.26,12.6,-37.98,-1.68,0.0,0.08,-0.1,0.12,6.74,194.87,-245.5,291.7
DTTJ,LFPG,0,79,-5.98,15.35,-30.98,29.93,0.05,0.06,-0.03,0.16,132.01,144.5,-76.57,405.64
DTTJ,LFPG,1,19,29.87,106.67,-13.8,109.28,0.18,0.46,0.01,0.36,454.31,1137.88,26.92,896.89
DTTJ,LFPO,0,52,-1.5,11.81,-21.04,15.71,0.04,0.06,-0.04,0.13,101.81,136.11,-93.4,323.06
DTTJ,LFPO,1,62,-3.26,15.83,-19.2,21.8,0.04,0.06,-0.05,0.13,89.68,152.31,-131.86,309.77
EBBR,EDDB,0,49,6.31,14.68,-15.56,32.6,0.01,0.07,-0.08,0.1,15.42,164.33,-201.68,258.06
EBBR,EDDB,1,53,4.78,14.34,-15.08,26.12,0.0,0.05,-0.08,0.08,5.6,111.46,-175.52,181.96
EBBR,EDDB,2,26,8.7,14.35,-12.98,27.42,0.04,0.07,-0.03,0.13,100.63,166.94,-82.02,316.7
EBBR,EDDF,0,211,-50.73,14.2,-66.0,-30.25,-0.21,0.05,-0.29,-0.14,-496.28,139.53,-711.05,-275.95
EBBR,EDDF,1,27,-63.07,10.63,-77.24,-41.41,-0.25,0.08,-0.41,-0.15,-536.41,223.57,-945.34,-263.84
EBBR,EDDH,0,61,-66.4,18.78,-96.6,-33.5,-0.21,0.06,-0.29,-0.14,-439.11,164.38,-676.4,-194.4
EBBR,EDDM,0,181,7.77,12.52,-6.6,33.3,-0.05,0.07,-0.17,0.06,-116.31,169.94,-391.0,134.5
EBBR,EDDP,0,29,-31.75,29.14,-73.98,6.02,-0.06,0.1,-0.2,0.07,-370.49,638.51,-1190.38,533.88
EBBR,EDDP,1,63,-40.87,30.55,-93.73,1.43,-0.09,0.09,-0.23,0.08,-375.87,392.63,-929.28,271.32
EBBR,EFHK,0,72,-3.72,11.45,-23.77,10.54,0.04,0.06,-0.04,0.13,141.22,221.13,-106.72,476.23
EBBR,EGCC,0,50,13.32,8.31,1.09,23.02,0.06,0.06,-0.01,0.16,140.95,149.27,-16.16,410.03
EBBR,EGLL,0,184,9.43,11.17,0.7,30.22,0.15,0.11,-0.0,0.33,353.17,277.64,-0.87,813.17
EBBR,EHAM,0,121,14.71,10.83,-8.1,31.3,0.1,0.06,-0.02,0.17,205.55,124.36,-27.0,399.3
EBBR,EIDW,0,141,-6.43,21.48,-38.3,32.7,-0.01,0.1,-0.13,0.16,-25.66,233.13,-299.2,398.6
EBBR,EKCH,0,187,-16.05,12.79,-38.48,1.64,-0.11,0.05,-0.19,-0.03,-233.03,122.06,-423.43,-69.87
EBBR,ENGM,0,34,-24.34,22.52,-54.18,19.9,-0.06,0.07,-0.17,0.06,-115.36,154.38,-317.78,128.64
EBBR,ENGM,1,18,-21.63,11.96,-37.84,-6.06,-0.06,0.05,-0.14,0.02,-144.34,115.89,-306.64,43.05
EBBR,ENGM,2,35,-14.41,8.67,-26.37,-1.94,-0.03,0.05,-0.1,0.03,-68.95,102.21,-216.99,50.7
EBBR,EPWA,0,89,-43.93,19.36,-69.12,-16.12,-0.08,0.07,-0.18,0.04,-151.12,140.65,-344.3,75.0
EBBR,EPWA,1,39,-50.35,17.06,-68.4,-20.15,-0.17,0.05,-0.23,-0.06,-370.54,124.18,-531.2,-141.16
EBBR,ESGG,0,28,-12.6,13.23,-40.54,1.46,-0.04,0.03,-0.09,0.01,-97.6,75.58,-189.58,11.83
EBBR,ESGG,1,33,-8.5,10.3,-28.9,4.32,-0.04,0.04,-0.1,0.01,-90.65,80.71,-212.82,19.18
EBBR,ESSB,0,71,-5.82,7.06,-23.0,2.2,-0.03,0.04,-0.11,0.02,-58.86,91.25,-241.7,53.2
EBBR,GCTS,0,35,-27.61,14.71,-42.73,-1.08,-0.06,0.09,-0.17,0.09,-146.54,215.2,-409.48,212.3
EBBR,GCTS,1,34,-18.76,12.64,-36.28,0.22,-0.1,0.08,-0.22,0.01,-245.87,198.39,-543.87,23.31
EBBR,GMMN,0,19,18.47,17.04,-2.23,40.77,0.1,0.1,-0.02,0.26,293.76,270.94,-41.61,652.29
EBBR,GMMN,1,50,2.75,15.42,-14.4,31.74,0.03,0.09,-0.07,0.19,108.72,291.19,-157.2,646.7
EBBR,GMMW,0,28,14.23,10.37,2.84,27.59,0.06,0.09,-0.07,0.21,156.3,231.76,-163.34,520.88
EBBR,GMMW,1,23,17.28,14.45,3.52,29.38,0.09,0.08,-0.01,0.19,237.38,202.49,-23.67,463.82
EBBR,GMTT,0,40,-2.24,25.37,-34.98,40.7,0.05,0.1,-0.1,0.19,138.16,262.81,-276.47,520.89
EBBR,GMTT,1,22,-8.9,18.92,-30.64,25.5,0.03,0.12,-0.12,0.26,85.92,306.55,-295.33,654.46
EBBR,KJFK,0,24,0.83,4.42,-4.56,7.59,0.08,0.09,-0.07,0.24,466.8,550.65,-398.76,1467.26
EBBR,KJFK,1,23,-0.53,4.82,-7.1,5.24,-0.02,0.04,-0.09,0.04,-95.48,253.08,-505.02,208.83
EBBR,KJFK,2,10,2.14,6.14,-6.28,9.48,0.05,0.03,0.01,0.09,294.49,174.9,88.87,560.33
EBBR,LEAL,0,51,-3.0,8.01,-12.95,10.55,0.03,0.06,-0.07,0.1,73.25,149.04,-180.9,258.7
EBBR,LEAL,1,72,-1.83,7.67,-14.24,12.19,0.04,0.08,-0.08,0.16,95.28,181.62,-185.58,401.22
EBBR,LEBL,0,39,-10.61,14.73,-27.91,17.44,-0.06,0.09,-0.19,0.06,-250.19,337.13,-764.42,169.98
EBBR,LEBL,1,61,-1.52,12.67,-15.5,15.0,-0.03,0.07,-0.12,0.09,-62.82,166.85,-298.7,211.3
EBBR,LEBL,2,26,-9.04,25.51,-37.12,18.32,-0.04,0.1,-0.15,0.11,-90.62,241.61,-348.38,263.23
EBBR,LEBL,3,15,-4.92,14.37,-24.01,18.93,-0.02,0.06,-0.11,0.05,-56.34,158.0,-287.29,125.13
EBBR,LEBL,4,70,-4.12,8.97,-13.36,12.86,-0.05,0.07,-0.13,0.09,-123.87,190.2,-328.64,221.92
EBBR,LEMD,0,201,-3.31,19.72,-35.2,27.1,0.02,0.1,-0.12,0.18,51.24,239.75,-293.3,440.0
EBBR,LEMD,1,96,-2.78,17.54,-28.55,18.42,-0.01,0.09,-0.13,0.1,-31.84,220.1,-333.3,312.52
EBBR,LEMG,0,83,0.27,14.12,-17.79,30.28,0.06,0.08,-0.06,0.22,144.8,200.66,-143.06,526.95
EBBR,LEMG,1,29,-4.29,8.7,-15.34,11.58,0.02,0.08,-0.1,0.15,43.99,210.66,-262.36,374.86
EBBR,LEMG,2,36,-1.6,11.25,-14.32,20.52,0.05,0.09,-0.08,0.18,111.87,215.07,-204.52,455.33
EBBR,LEPA,0,16,-8.47,9.61,-23.05,3.02,-0.0,0.07,-0.09,0.09,-1.56,157.34,-211.8,221.32
EBBR,LEPA,1,46,-8.43,14.78,-29.92,16.4,-0.01,0.07,-0.09,0.11,-14.83,162.53,-236.12,257.9
EBBR,LEVC,0,41,-5.42,13.23,-13.8,8.0,-0.03,0.09,-0.19,0.1,-55.44,207.31,-419.9,242.3
EBBR,LEVC,1,17,-3.78,6.46,-11.94,7.62,0.02,0.1,-0.11,0.14,44.86,254.04,-281.7,347.82
EBBR,LFBO,0,62,0.39,7.44,-10.9,10.9,-0.01,0.05,-0.07,0.07,-14.56,101.21,-162.56,149.95
EBBR,LFLL,0,86,-1.04,14.84,-25.2,20.23,-0.05,0.09,-0.22,0.03,-138.33,266.37,-485.02,74.1
EBBR,LFML,0,48,-0.84,14.82,-27.5,20.38,0.03,0.07,-0.05,0.15,75.92,247.73,-180.84,395.35
EBBR,LFML,1,15,7.36,15.23,-11.12,29.17,-0.0,0.07,-0.08,0.11,15.89,220.96,-185.66,334.79
EBBR,LFMN,0,48,-41.07,22.97,-72.62,-3.67,-0.19,0.08,-0.29,-0.04,-444.88,181.35,-673.98,-104.99
EBBR,LFMN,1,41,6.84,14.01,-9.4,22.2,0.03,0.09,-0.08,0.22,71.01,216.7,-209.7,562.5
EBBR,LFPG,0,78,-2.86,14.81,-16.0,26.54,0.01,0.06,-0.07,0.11,59.55,202.64,-169.52,463.92
EBBR,LGAV,0,39,-3.43,23.69,-28.33,37.81,-0.01,0.09,-0.13,0.14,-18.82,216.73,-298.52,319.44
EBBR,LGAV,1,16,-2.13,20.79,-26.95,38.45,-0.04,0.11,-0.21,0.08,-102.21,256.0,-502.22,189.88
EBBR,LGAV,2,10,-31.65,17.72,-52.04,-8.3,-0.11,0.12,-0.26,0.04,-260.88,274.75,-586.68,82.9
EBBR,LGAV,3,27,-10.69,13.22,-25.55,10.96,-0.02,0.06,-0.12,0.09,-49.81,154.35,-288.04,196.95
EBBR,LGAV,4,15,-5.95,12.82,-17.97,15.43,-0.01,0.07,-0.09,0.09,-27.23,167.98,-211.53,217.55
EBBR,LGAV,5,7,-4.64,6.47,-13.07,3.65,-0.02,0.09,-0.11,0.11,-56.2,213.37,-283.57,251.06
EBBR,LGIR,0,74,-4.94,10.56,-18.56,13.27,-0.04,0.06,-0.13,0.04,-101.06,158.18,-333.64,108.54
EBBR,LHBP,0,50,-15.98,15.03,-29.31,4.46,-0.05,0.05,-0.13,0.03,-119.51,118.15,-290.84,55.28
EBBR,LIMC,0,59,-44.64,12.0,-56.81,-27.37,-0.23,0.08,-0.32,-0.13,-665.66,454.6,-1657.01,-282.53
EBBR,LIML,0,34,37.12,15.33,22.36,55.97,0.09,0.11,-0.02,0.28,205.41,252.01,-56.26,622.04
EBBR,LIML,1,72,18.96,19.2,-7.01,48.42,-0.0,0.1,-0.14,0.14,-9.31,195.47,-296.32,286.36
EBBR,LIML,2,42,35.14,12.62,18.46,50.18,0.06,0.08,-0.03,0.2,121.34,182.23,-74.22,436.33
EBBR,LIRF,0,58,-29.34,17.16,-56.3,-0.77,-0.16,0.08,-0.28,-0.04,-393.32,202.46,-708.3,-97.75
EBBR,LIRF,1,98,-22.04,20.97,-40.5,7.86,-0.1,0.09,-0.23,0.09,-244.45,224.05,-548.44,207.42
EBBR,LIRF,2,20,-30.17,20.12,-47.53,1.05,-0.12,0.11,-0.25,0.05,-291.74,262.42,-627.08,126.84
EBBR,LKPR,0,76,-12.93,13.06,-27.65,4.47,-0.05,0.06,-0.13,0.02,-122.17,131.33,-330.0,48.78
EBBR,LLBG,0,50,3.2,8.99,-8.56,16.66,-0.04,0.13,-0.24,0.08,-93.36,432.72,-606.62,266.7
EBBR,LLBG,1,14,4.41,8.79,-6.51,18.57,-0.07,0.09,-0.21,0.04,-174.78,221.34,-531.24,100.04
EBBR,LOWW,0,172,10.56,15.96,-6.48,36.07,0.03,0.07,-0.06,0.16,85.44,173.98,-137.51,435.42
EBBR,LOWW,1,16,9.11,20.52,-12.42,43.42,0.03,0.08,-0.08,0.14,66.43,172.56,-188.05,316.27
EBBR,LPFR,0,28,1.16,11.03,-10.76,17.02,-0.04,0.09,-0.16,0.08,-107.04,216.2,-387.54,208.36
EBBR,LPFR,1,31,-0.91,8.66,-11.4,14.75,0.02,0.05,-0.06,0.09,37.74,120.22,-140.0,220.0
EBBR,LPPR,0,38,-2.8,12.49,-17.29,21.7,0.03,0.06,-0.05,0.15,72.66,145.24,-133.24,360.0
EBBR,LPPR,1,34,-1.85,9.82,-22.09,13.9,0.02,0.06,-0.07,0.12,56.39,157.54,-181.3,306.26
EBBR,LPPT,0,114,-8.46,18.6,-47.2,23.99,0.05,0.09,-0.08,0.18,120.92,195.21,-183.34,424.85
EBBR,LPPT,1,64,-4.74,16.92,-25.4,16.15,0.01,0.09,-0.13,0.16,12.54,227.03,-327.04,404.1
EBBR,LSGG,0,57,-12.22,8.93,-27.24,-1.24,-0.0,0.08,-0.12,0.14,-11.24,192.17,-291.88,266.32
EBBR,LSGG,1,60,-37.87,11.16,-47.2,-7.87,-0.13,0.08,-0.24,0.02,-288.84,170.73,-528.62,34.65
EBBR,LSGG,2,48,-36.91,12.07,-47.57,-9.15,-0.12,0.06,-0.21,-0.03,-311.37,139.19,-517.12,-76.23
EBBR,LSZH,0,105,7.53,16.26,-31.1,32.28,0.05,0.09,-0.11,0.2,106.16,189.73,-246.16,401.98
EBBR,LTAI,0,32,1.91,15.56,-22.16,22.73,0.07,0.09,-0.06,0.26,179.52,224.47,-143.76,631.75
EBBR,LTAI,1,38,-0.53,15.59,-23.64,18.3,0.07,0.08,-0.02,0.2,161.58,185.21,-40.26,486.0
EBBR,LTFM,0,104,-19.05,16.1,-35.46,12.81,-0.02,0.09,-0.15,0.1,-127.91,382.35,-900.0,240.5
EBBR,LTFM,1,27,-9.89,35.51,-40.8,12.71,0.01,0.16,-0.13,0.23,38.96,545.4,-476.5,1274.0
EBBR,OMDB,0,60,26.51,23.43,-2.46,62.68,0.26,0.11,0.12,0.52,2027.06,895.05,928.2,4079.86
EBBR,OTHH,0,68,34.88,21.15,5.4,77.42,0.15,0.09,0.02,0.32,1026.76,612.93,123.94,1946.56
EBCI,EGCC,0,69,15.88,26.74,2.88,27.64,0.08,0.17,-0.04,0.19,178.36,355.26,-89.0,429.7
EBCI,LEAL,0,15,-11.42,9.32,-21.46,4.61,0.07,0.03,0.02,0.11,137.31,68.09,43.33,231.21
EBCI,LEAL,1,35,-9.44,14.74,-24.94,11.29,0.06,0.06,-0.02,0.18,131.73,143.4,-59.79,388.66
EBCI,LEGE,0,55,-12.1,14.37,-25.39,9.61,-0.01,0.05,-0.06,0.11,-27.92,109.75,-153.92,262.6
EBCI,LFML,0,25,-10.1,18.82,-35.9,23.7,0.06,0.08,-0.02,0.19,149.12,183.22,-46.3,452.1
EBCI,LFML,1,30,0.33,14.88,-22.54,20.54,0.03,0.06,-0.06,0.1,60.01,133.94,-141.38,246.1
EBCI,LHBP,0,57,-19.13,14.59,-33.16,3.06,0.02,0.06,-0.06,0.11,51.36,144.71,-150.68,273.58
EBCI,LIME,0,72,-63.75,22.17,-86.29,-21.05,-0.1,0.07,-0.18,0.03,-230.45,161.67,-436.2,71.04
EBCI,LIPH,0,44,-34.85,16.63,-51.6,-9.89,-0.07,0.05,-0.13,0.0,-169.88,114.85,-320.0,2.3
EBCI,LIPH,1,25,-25.72,10.89,-44.54,-11.26,-0.02,0.05,-0.08,0.06,-48.69,111.57,-192.0,149.34
EBCI,LIRP,0,30,8.01,12.38,-8.02,22.71,0.05,0.05,-0.01,0.1,109.72,108.64,-27.32,236.87
EBCI,LIRP,1,21,-16.11,24.32,-66.5,18.3,-0.05,0.06,-0.15,0.04,-110.36,128.85,-310.3,86.7
EBCI,LROP,0,24,-41.03,18.91,-62.5,-3.78,-0.05,0.07,-0.18,0.03,-124.65,158.34,-422.0,78.5
EBCI,LROP,1,18,-53.01,15.05,-73.41,-40.69,-0.09,0.05,-0.16,-0.04,-219.82,123.22,-396.75,-100.01
EBCI,LROP,2,18,-45.48,15.5,-62.66,-19.74,-0.08,0.06,-0.17,-0.03,-207.24,140.76,-416.7,-70.74
EBCI,LTFJ,0,53,-27.78,21.09,-56.02,11.42,0.03,0.12,-0.14,0.24,69.22,283.56,-343.98,590.04
EBLG,LIMC,0,27,-70.9,27.43,-104.1,-25.35,-0.33,0.15,-0.52,-0.03,-453.83,340.11,-684.89,-21.27
EBLG,LIMC,1,23,-104.67,21.58,-129.06,-67.22,-0.53,0.07,-0.6,-0.4,-467.03,71.53,-539.5,-338.77
EBLG,LIMC,2,18,-90.57,41.15,-150.75,-57.71,-0.35,0.16,-0.66,-0.16,-778.29,376.57,-1590.0,-385.2
EBLG,OTHH,0,61,16.52,29.21,-31.9,58.5,0.1,0.09,-0.04,0.25,803.19,670.17,-335.8,1954.3
EDDB,EBBR,0,128,-8.25,11.47,-22.52,13.45,-0.04,0.07,-0.15,0.08,-97.12,168.63,-355.01,196.74
EDDB,EDDF,0,364,-35.05,22.58,-57.8,-1.9,-0.21,0.09,-0.33,-0.08,-542.14,226.45,-855.6,-211.83
EDDB,EDDK,0,133,2.86,9.27,-10.32,14.26,0.03,0.05,-0.04,0.11,77.22,120.4,-98.72,251.68
EDDB,EDDK,1,8,10.11,2.88,6.66,13.2,-0.01,0.07,-0.1,0.08,-20.19,179.2,-236.99,197.67
EDDB,EDDL,0,135,1.66,9.08,-12.13,17.47,0.04,0.06,-0.05,0.15,97.2,133.02,-116.94,366.24
EDDB,EDDM,0,286,-47.91,26.5,-86.9,-7.3,-0.2,0.1,-0.36,-0.05,-463.28,239.09,-870.05,-115.28
EDDB,EDDM,1,24,-20.31,30.84,-84.77,14.21,-0.12,0.13,-0.35,0.01,-301.74,309.19,-863.68,37.16
EDDB,EDDS,0,175,-8.46,10.06,-21.3,8.53,-0.03,0.06,-0.14,0.06,-72.77,146.35,-341.21,152.14
EDDB,EFHK,0,39,-26.02,11.55,-48.15,-10.92,-0.03,0.05,-0.1,0.07,-73.08,138.81,-267.06,157.93
EDDB,EFHK,1,82,-23.01,15.33,-49.77,-4.79,-0.02,0.06,-0.1,0.07,-50.47,145.15,-243.49,165.58
EDDB,EGCC,0,55,-19.45,20.77,-46.65,13.95,0.03,0.08,-0.11,0.14,56.99,186.98,-259.51,319.72
EDDB,EGKK,0,79,6.87,11.11,-7.71,20.12,0.18,0.17,0.03,0.41,430.47,397.06,82.52,953.02
EDDB,EGLC,0,80,-4.24,6.41,-12.24,4.11,0.04,0.06,-0.05,0.13,88.16,123.74,-108.76,275.91
EDDB,EGLL,0,143,4.73,12.54,-19.23,22.8,0.19,0.11,0.03,0.37,463.18,252.0,82.26,859.61
EDDB,EGSS,0,92,4.54,12.37,-8.0,22.54,0.1,0.12,0.0,0.18,231.18,276.21,9.1,422.18
EDDB,EHAM,0,215,3.65,7.12,-6.92,16.12,0.06,0.05,-0.01,0.14,129.54,115.93,-26.33,336.0
EDDB,EHAM,1,58,4.49,6.47,-5.38,16.13,0.05,0.06,-0.03,0.14,122.5,120.63,-63.85,314.1
EDDB,EHAM,2,15,-25.33,10.95,-40.52,-9.6,0.01,0.06,-0.07,0.1,10.75,129.99,-151.94,222.74
EDDB,EIDW,0,110,-11.14,19.07,-36.51,20.77,0.0,0.11,-0.13,0.19,5.16,276.43,-307.32,470.15
EDDB,EKCH,0,19,-39.32,12.97,-54.49,-10.63,-0.16,0.07,-0.25,-0.05,-375.26,167.95,-623.82,-101.44
EDDB,EKCH,1,48,-39.38,11.07,-56.4,-20.92,-0.18,0.06,-0.27,-0.09,-410.71,141.19,-647.28,-223.14
EDDB,EKCH,2,28,-24.79,10.18,-39.85,-10.05,-0.16,0.07,-0.26,-0.03,-353.68,179.53,-621.57,-47.77
EDDB,EKCH,3,15,-37.34,24.58,-71.56,0.86,-0.16,0.05,-0.21,-0.09,-371.08,113.48,-499.73,-211.9
EDDB,EKCH,4,53,-50.76,10.05,-64.12,-33.62,-0.22,0.06,-0.3,-0.1,-511.35,148.77,-726.3,-240.46
EDDB,EKCH,5,19,-30.47,13.6,-45.86,-7.9,-0.21,0.07,-0.3,-0.13,-506.01,176.12,-750.47,-319.47
EDDB,ELLX,0,46,-15.23,13.89,-31.78,9.5,-0.08,0.07,-0.18,0.03,-95.15,77.91,-201.9,29.42
EDDB,ELLX,1,17,-33.19,39.54,-79.76,-2.12,-0.06,0.12,-0.2,0.07,-87.91,184.74,-355.58,171.86
EDDB,ENGM,0,62,-36.89,17.4,-59.64,-10.46,-0.1,0.07,-0.21,0.02,-231.9,162.18,-454.22,55.57
EDDB,ENGM,1,33,-19.82,24.4,-43.36,6.34,-0.07,0.08,-0.21,0.03,-160.54,196.9,-468.02,63.3
EDDB,ESSA,0,119,-8.55,16.03,-36.11,18.4,0.04,0.07,-0.06,0.15,96.29,164.67,-160.25,384.42
EDDB,EVRA,0,65,-6.19,12.16,-27.74,10.9,0.01,0.06,-0.09,0.12,8.11,138.22,-209.2,223.42
EDDB,LEBL,0,28,-31.36,23.17,-71.69,-0.16,-0.08,0.08,-0.17,0.04,-172.7,176.59,-377.0,96.96
EDDB,LEBL,1,45,-16.53,16.22,-36.46,10.7,-0.06,0.08,-0.18,0.1,-136.27,198.06,-410.26,218.88
EDDB,LEBL,2,55,-18.75,14.45,-38.08,0.72,-0.05,0.08,-0.18,0.09,-112.34,212.59,-440.34,251.53
EDDB,LEMD,0,41,-15.8,13.89,-42.9,-0.6,-0.01,0.09,-0.13,0.13,-19.1,226.08,-333.3,280.0
EDDB,LEMD,1,23,-5.31,15.33,-24.04,19.7,0.06,0.07,-0.03,0.15,146.39,165.73,-83.06,355.5
EDDB,LEMD,2,48,-16.39,14.47,-36.02,6.61,-0.02,0.08,-0.15,0.11,-39.43,212.28,-375.0,277.1
EDDB,LEMG,0,25,-21.09,14.24,-52.18,-3.48,0.02,0.1,-0.08,0.19,54.3,242.1,-200.18,445.36
EDDB,LEMG,1,18,-5.32,16.86,-25.06,26.81,0.04,0.1,-0.09,0.21,102.62,248.47,-226.3,532.27
EDDB,LEMG,2,23,-26.95,11.34,-49.2,-13.44,-0.0,0.05,-0.06,0.07,-12.17,116.24,-149.26,166.21
EDDB,LEPA,0,210,-20.38,14.47,-40.6,3.82,-0.02,0.07,-0.12,0.1,-46.02,162.01,-309.78,240.85
EDDB,LEPA,1,39,-27.61,18.97,-61.87,-2.24,-0.01,0.07,-0.12,0.1,-35.15,175.95,-297.43,238.07
EDDB,LFPG,0,136,-7.1,10.53,-28.28,4.32,0.03,0.07,-0.07,0.13,64.35,168.16,-171.92,293.85
EDDB,LFPG,1,129,-3.61,18.3,-20.32,28.38,0.05,0.06,-0.05,0.14,109.52,154.31,-106.22,362.66
EDDB,LFPO,0,48,1.38,37.93,-40.81,72.82,0.07,0.13,-0.11,0.31,174.96,333.62,-258.52,767.51
EDDB,LFPO,1,35,-22.67,33.39,-77.28,11.77,-0.0,0.12,-0.2,0.22,-4.97,278.89,-490.3,536.52
EDDB,LFSB,0,61,-23.49,8.37,-34.7,-9.8,-0.03,0.04,-0.08,0.03,-63.64,106.19,-210.4,71.5
EDDB,LGAV,0,17,-25.31,16.24,-48.08,0.8,-0.0,0.05,-0.06,0.08,-2.58,129.25,-150.34,225.62
EDDB,LGAV,1,23,-32.31,28.33,-70.43,10.88,0.05,0.16,-0.07,0.29,120.4,373.76,-178.43,693.12
EDDB,LGAV,2,20,-17.13,18.53,-50.14,5.27,0.01,0.07,-0.07,0.14,30.01,183.23,-160.51,396.68
EDDB,LGIR,0,17,-29.76,19.79,-57.68,-4.44,-0.1,0.1,-0.24,-0.01,-239.98,252.32,-611.46,-17.8
EDDB,LGIR,1,36,-17.55,14.34,-42.75,1.08,-0.06,0.09,-0.2,0.07,-139.83,213.51,-504.3,167.55
EDDB,LGTS,0,17,-20.73,20.0,-49.58,16.94,0.01,0.07,-0.07,0.12,18.96,180.77,-181.24,303.44
EDDB,LGTS,1,25,-19.93,18.6,-47.4,14.22,-0.03,0.06,-0.11,0.09,-75.81,159.64,-267.54,223.76
EDDB,LGTS,2,15,-39.41,14.64,-60.07,-19.88,-0.02,0.06,-0.09,0.07,-45.27,139.24,-226.48,168.69
EDDB,LHBP,0,41,-46.29,23.97,-77.8,-20.8,-0.02,0.09,-0.12,0.05,-53.9,218.23,-300.7,117.4
EDDB,LHBP,1,25,-44.04,11.91,-53.88,-21.52,-0.04,0.06,-0.12,0.04,-104.06,139.91,-279.7,95.36
EDDB,LIML,0,30,-22.02,13.87,-40.22,0.66,-0.08,0.06,-0.13,0.03,-181.73,137.2,-311.62,62.28
EDDB,LIML,1,49,17.31,23.95,-8.16,43.26,0.02,0.09,-0.05,0.22,41.03,203.48,-134.54,490.44
EDDB,LIPZ,0,32,-75.07,15.17,-93.86,-46.84,-0.27,0.07,-0.37,-0.13,-591.98,159.96,-814.3,-299.86
EDDB,LIPZ,1,30,-86.03,19.79,-110.48,-53.85,-0.24,0.07,-0.33,-0.12,-547.89,172.81,-818.32,-289.89
EDDB,LIRF,0,47,-82.82,27.73,-125.2,-38.98,-0.15,0.08,-0.26,-0.02,-359.1,199.57,-617.5,-40.51
EDDB,LIRF,1,46,-73.11,26.41,-110.95,-23.45,-0.14,0.05,-0.24,-0.06,-342.83,132.05,-580.0,-144.18
EDDB,LLBG,0,19,-4.01,15.12,-33.55,17.03,0.06,0.06,-0.03,0.15,144.19,157.84,-74.98,360.0
EDDB,LLBG,1,59,-3.32,14.61,-24.95,17.4,-0.02,0.06,-0.13,0.09,-49.38,158.64,-334.72,212.56
EDDB,LOWW,0,221,-18.73,19.38,-54.0,12.6,-0.01,0.07,-0.12,0.1,-29.72,166.33,-268.3,250.0
EDDB,LPPT,0,25,-14.46,24.22,-41.68,41.0,0.04,0.09,-0.05,0.2,87.54,198.63,-124.0,489.36
EDDB,LPPT,1,39,-7.07,18.46,-36.72,21.78,0.09,0.11,-0.05,0.29,204.29,262.08,-111.0,616.35
EDDB,LPPT,2,26,-22.47,19.33,-63.78,-2.33,0.02,0.09,-0.12,0.1,37.53,210.23,-292.52,250.0
EDDB,LSZH,0,225,-31.67,11.29,-47.98,-14.06,-0.08,0.1,-0.21,0.08,-194.94,242.74,-537.08,184.22
EDDB,LTAI,0,16,-19.69,24.68,-54.75,16.82,-0.0,0.12,-0.18,0.15,-1.23,253.8,-401.25,349.95
EDDB,LTAI,1,66,-6.84,14.91,-29.85,21.28,0.04,0.1,-0.11,0.2,90.32,255.16,-270.88,518.75
EDDB,LTAI,2,102,-2.94,16.32,-26.82,19.93,0.04,0.09,-0.1,0.18,95.16,217.19,-210.0,466.28
EDDB,LTAI,3,29,-5.46,21.84,-27.74,14.14,0.07,0.08,-0.02,0.21,170.62,199.83,-46.02,490.7
EDDB,LTAI,4,20,-11.72,20.43,-47.64,10.81,0.05,0.12,-0.09,0.23,113.93,288.07,-216.64,572.36
EDDB,LTBJ,0,14,5.4,10.92,-14.94,19.85,-0.01,0.07,-0.1,0.08,-22.86,161.31,-230.0,202.0
EDDB,LTBJ,1,34,9.78,20.33,-18.18,40.92,-0.01,0.08,-0.12,0.13,-16.28,198.55,-280.0,320.54
EDDB,LTBJ,2,26,12.65,13.7,-7.83,35.05,0.05,0.2,-0.09,0.14,108.43,468.48,-220.0,322.7
EDDB,LTFJ,0,36,-9.85,32.87,-41.6,56.35,0.01,0.15,-0.13,0.32,20.75,362.2,-333.4,802.05
EDDB,LTFJ,1,64,-18.82,19.36,-44.31,6.42,0.01,0.1,-0.13,0.21,30.91,248.03,-324.03,499.76
EDDB,LTFM,0,138,-15.63,20.42,-44.7,10.66,0.03,0.11,-0.08,0.18,106.84,556.17,-325.49,853.96
EDDB,OTHH,0,60,23.58,17.67,-7.48,52.87,0.11,0.07,-0.01,0.21,609.73,412.25,-61.07,1213.28
EDDC,EDDF,0,49,-35.43,23.51,-67.28,-4.34,-0.2,0.07,-0.31,-0.08,-456.04,179.28,-763.34,-155.86
EDDC,EDDF,1,81,-41.19,19.3,-63.2,-9.1,-0.21,0.07,-0.32,-0.1,-446.85,189.34,-751.4,-160.3
EDDC,EDDM,0,74,-15.82,15.86,-37.1,9.84,-0.11,0.06,-0.19,-0.03,-197.28,111.75,-349.05,-37.65
EDDC,LEPA,0,55,-3.61,13.1,-22.59,19.32,0.02,0.06,-0.09,0.14,47.32,149.94,-206.8,299.21
EDDF,BIKF,0,53,-5.85,12.68,-24.48,14.18,0.05,0.08,-0.09,0.15,147.27,231.47,-209.56,495.64
EDDF,CYUL,0,21,-5.84,5.06,-14.2,0.3,0.03,0.05,-0.04,0.08,167.8,305.25,-220.5,466.0
EDDF,CYUL,1,31,-6.43,7.51,-17.15,2.3,-0.01,0.06,-0.11,0.07,-36.88,319.01,-652.1,378.85
EDDF,CYUL,2,24,-4.11,11.12,-17.02,4.03,0.03,0.06,-0.04,0.11,167.73,342.83,-205.28,628.14
EDDF,CYVR,0,13,-9.78,10.06,-24.48,0.86,0.01,0.04,-0.05,0.07,29.32,248.38,-276.52,387.42
EDDF,CYVR,1,16,-4.17,10.33,-13.45,9.85,0.03,0.04,-0.03,0.08,187.06,232.01,-165.98,432.0
EDDF,CYVR,2,18,-9.9,7.31,-20.34,-1.19,0.01,0.04,-0.04,0.06,75.71,200.23,-210.6,342.26
EDDF,CYYC,0,28,-10.46,9.23,-25.32,2.2,-0.02,0.05,-0.11,0.06,-111.36,293.03,-627.55,309.48
EDDF,CYYC,1,23,8.77,95.92,-27.93,2.79,0.11,0.63,-0.11,0.07,710.73,3876.83,-662.65,386.38
EDDF,CYYZ,0,30,-3.74,6.7,-12.52,4.8,0.03,0.05,-0.05,0.1,176.73,260.98,-260.29,532.73
EDDF,CYYZ,1,29,-6.32,6.06,-14.6,2.94,0.03,0.06,-0.07,0.11,165.37,369.35,-502.16,662.46
EDDF,CYYZ,2,48,-7.13,9.67,-27.48,4.76,0.02,0.05,-0.07,0.08,121.62,288.99,-397.22,507.1
EDDF,DAAG,0,57,6.24,9.53,-9.56,20.76,0.01,0.05,-0.07,0.08,27.12,134.94,-160.84,186.86
EDDF,DTTA,0,52,10.8,12.82,-11.28,30.01,0.03,0.07,-0.05,0.14,71.45,152.91,-136.7,314.73
EDDF,DTTA,1,40,16.88,14.24,-5.08,41.48,0.03,0.06,-0.03,0.14,92.56,144.9,-79.6,340.07
EDDF,EBBR,0,240,-10.12,11.61,-21.52,14.3,-0.07,0.06,-0.17,0.05,-172.73,145.71,-383.3,73.8
EDDF,EDDB,0,98,-1.57,15.12,-23.73,23.53,-0.03,0.05,-0.13,0.05,-91.95,143.6,-329.24,132.65
EDDF,EDDB,1,96,-1.92,19.82,-23.08,23.72,-0.03,0.09,-0.13,0.05,-82.17,231.23,-313.85,129.07
EDDF,EDDB,2,17,-12.74,13.73,-29.42,4.96,-0.07,0.07,-0.16,0.05,-169.99,172.62,-402.32,128.94
EDDF,EDDB,3,15,-2.12,16.52,-25.83,19.76,0.01,0.1,-0.1,0.14,23.1,265.64,-269.17,401.04
EDDF,EDDB,4,138,-3.33,14.22,-25.53,20.92,-0.07,0.05,-0.15,0.01,-179.69,120.09,-367.2,15.34
EDDF,EDDC,0,55,2.03,10.56,-13.92,19.31,-0.05,0.04,-0.11,0.0,-113.11,89.86,-267.34,7.58
EDDF,EDDC,1,74,-6.5,12.01,-18.03,10.84,-0.04,0.04,-0.12,0.02,-101.06,101.08,-275.4,37.42
EDDF,EDDG,0,101,6.89,6.15,0.3,12.1,0.01,0.03,-0.04,0.05,9.25,44.59,-58.7,76.6
EDDF,EDDH,0,158,-33.21,13.85,-50.54,-3.99,-0.13,0.06,-0.24,-0.05,-333.94,159.24,-600.88,-121.34
EDDF,EDDH,1,145,-33.23,13.01,-52.84,-5.9,-0.14,0.05,-0.22,-0.05,-351.44,117.55,-560.12,-142.04
EDDF,EDDH,2,32,-34.36,10.69,-50.86,-14.79,-0.21,0.1,-0.38,-0.11,-524.74,214.52,-875.3,-286.98
EDDF,EDDH,3,11,-42.29,15.14,-63.8,-21.45,-0.25,0.04,-0.31,-0.2,-624.95,110.78,-773.65,-488.65
EDDF,EDDL,0,124,-15.29,14.75,-37.96,8.41,-0.06,0.07,-0.16,0.08,-138.93,164.74,-395.47,189.88
EDDF,EDDM,0,345,6.56,24.28,-4.3,30.44,-0.07,0.08,-0.17,0.04,-191.93,193.05,-427.24,104.84
EDDF,EDDN,0,122,-43.74,21.16,-61.1,-4.32,-0.16,0.06,-0.25,-0.07,-315.35,147.25,-546.6,-120.41
EDDF,EDDP,0,117,-42.88,19.03,-82.82,-20.06,-0.13,0.06,-0.21,-0.05,-423.45,469.33,-1534.02,-124.3
EDDF,EDDP,1,11,-20.14,24.11,-56.3,9.5,0.02,0.08,-0.08,0.13,22.13,216.14,-265.25,306.65
EDDF,EDDP,2,19,-46.06,14.22,-60.35,-24.09,-0.18,0.06,-0.25,-0.09,-424.01,164.24,-623.06,-207.52
EDDF,EDDP,3,27,-44.84,33.35,-117.18,-15.02,-0.21,0.09,-0.37,-0.11,-542.6,372.05,-1330.25,-259.6
EDDF,EDDS,0,111,-21.4,3.99,-24.85,-14.45,-0.05,0.03,-0.1,-0.0,-122.45,75.99,-239.8,-11.8
EDDF,EDDV,0,123,6.3,25.34,-2.3,14.75,-0.01,0.17,-0.09,0.05,-31.51,416.88,-221.25,106.74
EDDF,EDDW,0,134,1.4,4.4,-4.2,8.17,-0.05,0.04,-0.11,0.01,-103.32,83.66,-244.01,11.44
EDDF,EDNY,0,106,-5.86,4.64,-12.95,0.6,0.0,0.03,-0.04,0.05,3.11,41.09,-49.53,83.32
EDDF,EETN,0,75,-10.8,10.01,-27.99,1.89,-0.04,0.06,-0.13,0.05,-101.88,149.83,-333.57,129.5
EDDF,EFHK,0,16,1.87,9.71,-7.78,16.5,0.03,0.08,-0.11,0.11,93.37,228.46,-269.85,397.12
EDDF,EFHK,1,28,1.25,11.74,-18.68,14.82,0.05,0.07,-0.04,0.13,113.59,181.78,-92.7,346.8
EDDF,EFHK,2,93,-7.55,10.57,-25.74,9.94,-0.04,0.07,-0.14,0.08,-88.64,169.27,-342.36,200.06
EDDF,EGBB,0,78,-12.61,13.51,-34.6,7.61,-0.01,0.07,-0.11,0.09,-29.73,156.83,-282.27,199.05
EDDF,EGBB,1,2,-44.9,5.09,-48.14,-41.66,-0.23,0.06,-0.27,-0.2,-580.2,142.84,-671.1,-489.3
EDDF,EGBB,2,42,-2.06,78.62,-33.4,5.06,0.06,0.35,-0.09,0.1,159.26,984.89,-229.86,281.2
EDDF,EGCC,0,22,3.99,8.89,-6.88,18.55,0.02,0.04,-0.04,0.1,49.02,116.91,-111.8,282.25
EDDF,EGCC,1,19,-1.17,13.65,-21.8,15.26,0.01,0.06,-0.06,0.12,40.56,146.86,-135.54,280.08
EDDF,EGCC,2,21,3.7,11.54,-10.7,21.4,0.02,0.06,-0.07,0.12,61.07,171.57,-163.4,293.3
EDDF,EGCC,3,25,6.79,13.35,-13.22,26.5,0.03,0.05,-0.05,0.1,74.14,129.09,-127.64,283.9
EDDF,EGCC,4,18,13.72,10.68,-3.98,28.25,0.09,0.1,-0.04,0.24,232.96,252.02,-102.55,648.22
EDDF,EGKK,0,25,8.22,10.16,-5.3,22.98,0.11,0.13,-0.01,0.35,274.76,326.29,-32.36,883.5
EDDF,EGKK,1,34,8.78,28.86,-15.4,35.21,0.11,0.22,-0.1,0.43,251.24,511.21,-234.32,1084.05
EDDF,EGLC,0,77,-9.0,9.2,-19.14,2.88,-0.04,0.06,-0.12,0.05,-80.72,124.72,-256.62,109.12
EDDF,EGLC,1,43,-9.48,7.83,-17.66,0.74,-0.01,0.08,-0.08,0.07,-23.77,172.05,-179.42,144.53
EDDF,EGLC,2,39,-4.18,11.16,-16.0,3.64,-0.01,0.14,-0.09,0.05,-20.44,313.66,-192.53,110.0
EDDF,EGLL,0,170,2.93,13.21,-13.96,25.68,0.15,0.1,-0.0,0.32,341.07,240.6,-0.22,708.49
EDDF,EGLL,1,160,6.57,16.68,-8.86,33.41,0.15,0.11,0.02,0.37,354.52,256.87,40.26,840.22
EDDF,EGLL,2,49,2.9,12.15,-12.82,23.24,0.17,0.09,0.05,0.36,410.18,234.25,113.3,857.28
EDDF,EGLL,3,46,-0.83,11.9,-14.02,25.0,0.17,0.12,-0.0,0.38,401.73,290.49,-7.1,875.35
EDDF,EGPF,0,36,0.29,11.81,-14.58,17.25,0.03,0.06,-0.06,0.1,74.58,129.0,-141.4,234.82
EDDF,EGPF,1,19,3.03,9.89,-12.89,11.9,0.02,0.06,-0.1,0.08,44.11,142.33,-230.08,225.25
EDDF,EGPH,0,47,1.49,9.31,-14.48,13.86,0.02,0.06,-0.06,0.08,52.95,170.78,-142.6,230.18
EDDF,EGPH,1,30,5.37,9.82,-11.74,20.08,0.03,0.05,-0.05,0.09,81.61,124.57,-132.18,245.26
EDDF,EHAM,0,330,3.57,8.16,-10.48,17.16,-0.01,0.06,-0.11,0.08,-31.46,121.0,-242.96,170.38
EDDF,EIDW,0,25,-8.72,13.15,-24.64,14.3,-0.03,0.09,-0.1,0.06,-65.73,234.87,-251.1,156.42
EDDF,EIDW,1,68,-6.77,13.34,-25.86,16.82,-0.0,0.14,-0.12,0.14,-6.83,355.51,-290.54,390.57
EDDF,EIDW,2,65,0.07,15.27,-16.8,28.48,0.01,0.1,-0.13,0.14,13.22,263.17,-319.78,355.72
EDDF,EKBI,0,100,-5.77,7.29,-13.62,3.01,-0.04,0.05,-0.13,0.02,-104.31,125.6,-298.17,34.83
EDDF,EKCH,0,188,-8.11,10.68,-25.23,9.5,-0.09,0.06,-0.18,0.0,-226.72,142.52,-452.84,1.0
EDDF,ELLX,0,130,-9.66,12.63,-26.9,7.5,-0.01,0.04,-0.07,0.06,-14.07,78.41,-134.1,111.61
EDDF,ENBR,0,18,-21.76,18.23,-49.32,0.63,-0.09,0.08,-0.22,0.0,-211.3,171.75,-508.81,5.08
EDDF,ENBR,1,20,-22.68,9.63,-37.39,-11.43,-0.07,0.05,-0.16,-0.01,-155.04,109.99,-366.01,-13.08
EDDF,ENBR,2,16,-44.01,15.95,-67.32,-23.92,-0.16,0.05,-0.22,-0.09,-356.12,125.8,-507.22,-192.8
EDDF,ENGM,0,21,-24.46,11.35,-36.1,-3.3,-0.09,0.05,-0.16,-0.02,-216.43,124.63,-419.1,-55.6
EDDF,ENGM,1,55,-17.08,13.63,-32.07,4.94,-0.09,0.07,-0.2,0.03,-217.23,183.67,-486.68,85.83
EDDF,ENGM,2,57,-13.35,14.71,-39.8,8.6,-0.07,0.08,-0.17,0.06,-157.34,201.94,-398.22,145.24
EDDF,ENZV,0,41,-12.18,11.69,-29.8,3.6,-0.08,0.05,-0.16,-0.02,-194.51,110.2,-368.6,-35.4
EDDF,ENZV,1,15,-17.07,11.28,-33.18,-4.63,-0.08,0.08,-0.19,0.03,-203.59,192.66,-473.45,64.15
EDDF,EPGD,0,70,-33.79,14.88,-51.69,-4.15,-0.21,0.05,-0.28,-0.12,-343.57,123.31,-570.13,-173.83
EDDF,EPKK,0,60,-31.25,54.19,-173.02,3.97,-0.16,0.2,-0.67,0.0,-385.86,492.59,-1667.7,2.08
EDDF,EPKK,1,44,-16.14,16.45,-46.26,0.76,-0.09,0.05,-0.18,-0.02,-234.22,132.32,-459.79,-42.36
EDDF,EPKK,2,20,-41.74,14.73,-61.93,-19.77,-0.12,0.04,-0.18,-0.05,-297.13,106.93,-459.41,-125.0
EDDF,EPKT,0,76,-17.65,17.59,-42.3,4.47,-0.08,0.08,-0.17,0.07,-154.22,149.18,-366.7,117.52
EDDF,EPPO,0,81,-42.02,18.85,-67.3,-10.4,-0.21,0.05,-0.28,-0.15,-292.29,72.98,-396.7,-210.0
EDDF,EPWA,0,99,-48.43,18.89,-70.78,-15.34,-0.1,0.07,-0.18,0.04,-198.99,143.68,-399.92,76.98
EDDF,EPWA,1,45,-33.69,12.45,-48.62,-10.28,-0.1,0.06,-0.18,-0.02,-256.29,151.9,-450.66,-42.0
EDDF,EPWA,2,48,-38.78,16.17,-55.3,-1.85,-0.09,0.06,-0.16,0.01,-214.84,141.35,-379.38,35.27
EDDF,EPWR,0,107,-33.6,12.96,-49.81,-18.16,-0.11,0.06,-0.17,-0.02,-177.19,95.6,-330.0,-37.92
EDDF,ESGG,0,125,-5.93,11.55,-33.14,5.08,-0.04,0.05,-0.11,0.03,-95.12,123.06,-279.34,80.62
EDDF,ESSA,0,136,-10.82,17.85,-34.08,16.38,-0.0,0.08,-0.1,0.1,-4.18,201.35,-243.6,251.8
EDDF,ESSA,1,30,1.96,11.12,-17.74,14.64,0.01,0.07,-0.12,0.09,18.44,159.76,-279.68,215.54
EDDF,EVRA,0,95,2.37,10.21,-13.2,18.98,-0.03,0.12,-0.14,0.12,-63.07,270.53,-331.85,256.66
EDDF,EYVI,0,53,5.63,9.35,-6.3,22.66,0.02,0.05,-0.07,0.07,57.69,111.97,-153.3,193.9
EDDF,GCFV,0,6,-48.4,9.54,-60.4,-38.47,-0.16,0.07,-0.24,-0.07,-394.92,169.87,-585.88,-175.78
EDDF,GCFV,1,33,-28.92,9.03,-47.22,-17.12,-0.11,0.09,-0.26,0.02,-275.38,228.75,-645.58,62.28
EDDF,GCLP,0,27,14.64,12.91,-2.47,32.58,-0.01,0.09,-0.16,0.13,-20.85,218.68,-361.9,313.04
EDDF,GCLP,1,11,9.57,22.27,-11.15,50.25,0.04,0.09,-0.1,0.15,111.78,243.5,-228.0,425.45
EDDF,GCTS,0,36,-2.03,14.12,-26.0,23.1,-0.02,0.11,-0.19,0.18,-38.6,278.37,-464.9,502.28
EDDF,GCTS,1,16,-35.84,9.56,-49.25,-20.55,-0.07,0.12,-0.21,0.11,-199.34,320.9,-586.5,268.9
EDDF,GMMN,0,43,0.41,9.37,-10.96,14.2,-0.01,0.08,-0.19,0.1,-9.38,217.6,-466.55,280.56
EDDF,GMMN,1,25,2.27,13.24,-12.8,23.98,-0.0,0.07,-0.11,0.11,13.59,247.68,-297.5,317.76
EDDF,HECA,0,86,22.54,14.1,5.28,44.28,0.11,0.11,-0.03,0.3,440.98,619.18,-79.9,1278.08
EDDF,HEGN,0,40,17.71,11.66,1.71,40.72,0.02,0.09,-0.17,0.17,29.88,268.21,-480.26,398.44
EDDF,HEGN,1,10,24.62,15.15,7.84,50.36,0.06,0.18,-0.1,0.34,365.94,979.47,-310.79,1974.75
EDDF,KATL,0,64,-4.5,6.37,-15.5,3.31,0.02,0.06,-0.07,0.11,174.39,400.14,-458.2,811.44
EDDF,KATL,1,2,-2.9,4.1,-5.51,-0.29,0.08,0.01,0.08,0.09,493.7,64.21,452.84,534.56
EDDF,KATL,2,17,3.19,13.39,-10.58,19.36,-0.0,0.07,-0.08,0.11,-5.91,522.76,-598.4,844.6
EDDF,KATL,3,24,-4.53,7.61,-20.08,4.22,0.06,0.1,-0.07,0.21,347.67,663.41,-484.78,1324.92
EDDF,KBOS,1,3,-2.5,14.18,-15.62,9.85,0.08,0.06,0.02,0.12,480.0,344.45,146.83,751.36
EDDF,KDEN,0,24,-12.03,7.75,-25.27,-2.63,-0.02,0.05,-0.08,0.07,-83.08,274.28,-422.04,398.45
EDDF,KDEN,1,35,-10.11,14.34,-31.27,0.92,0.01,0.06,-0.09,0.06,27.85,356.55,-472.34,337.66
EDDF,KDFW,0,16,-0.92,11.98,-11.22,17.4,-0.01,0.04,-0.07,0.04,-33.78,214.29,-372.68,223.05
EDDF,KDFW,1,16,-5.26,10.14,-22.52,10.62,0.0,0.14,-0.12,0.19,3.29,720.75,-662.08,1026.62
EDDF,KDFW,2,20,-1.28,9.21,-12.49,18.16,-0.03,0.06,-0.1,0.06,-141.76,324.54,-515.55,322.4
EDDF,KDTW,0,27,-9.17,11.94,-29.44,3.19,-0.0,0.05,-0.08,0.05,-26.77,298.02,-487.19,293.97
EDDF,KDTW,1,30,-4.18,5.47,-13.79,3.16,0.04,0.07,-0.08,0.15,257.45,396.21,-440.8,921.26
EDDF,KEWR,0,9,-1.1,10.3,-18.42,7.38,0.13,0.05,0.06,0.19,775.73,236.05,455.0,1027.82
EDDF,KEWR,1,39,-4.32,6.2,-16.23,5.97,0.1,0.09,-0.04,0.23,650.0,605.56,-293.83,1765.12
EDDF,KEWR,2,9,2.77,6.42,-5.72,11.34,0.01,0.07,-0.09,0.09,65.57,407.17,-515.14,580.04
EDDF,KIAD,0,14,-0.41,5.66,-7.6,8.99,-0.04,0.06,-0.16,0.03,-315.76,418.76,-1031.38,207.35
EDDF,KIAD,1,43,-4.24,7.53,-17.72,6.09,-0.01,0.05,-0.07,0.08,-61.21,402.5,-571.78,586.05
EDDF,KIAD,2,4,-14.32,14.47,-31.94,-5.42,-0.04,0.05,-0.08,0.01,-306.2,360.97,-648.26,105.09
EDDF,KIAH,0,12,-2.33,7.73,-10.58,9.9,-0.03,0.07,-0.11,0.08,-178.91,435.99,-738.28,543.77
EDDF,KIAH,1,17,-9.16,8.73,-20.02,0.86,-0.02,0.08,-0.13,0.08,-157.45,502.28,-859.08,512.26
EDDF,KJFK,0,36,-3.46,5.86,-14.1,4.8,0.11,0.06,0.04,0.23,727.98,400.89,234.0,1383.78
EDDF,KJFK,1,14,-2.29,15.87,-28.64,19.0,0.03,0.1,-0.16,0.16,155.94,749.65,-1282.85,1091.54
EDDF,KJFK,2,32,-4.06,5.6,-9.85,2.24,0.04,0.08,-0.03,0.13,287.62,563.02,-219.97,798.22
EDDF,KJFK,3,31,-2.55,7.5,-16.4,9.85,0.13,0.07,0.04,0.24,874.54,489.92,246.6,1820.0
EDDF,KLAX,0,10,-12.55,10.83,-31.86,-4.43,0.02,0.03,-0.03,0.05,97.78,167.67,-185.32,257.8
EDDF,KLAX,1,10,-2.53,5.46,-9.89,5.38,0.06,0.06,-0.01,0.16,389.49,386.73,-83.61,956.47
EDDF,KLAX,2,11,-4.66,5.82,-12.7,1.95,0.01,0.03,-0.02,0.06,99.05,208.03,-170.25,416.05
EDDF,KORD,0,10,-5.92,6.17,-13.5,3.07,-0.0,0.03,-0.04,0.03,-38.64,187.67,-293.77,176.55
EDDF,KORD,1,27,-7.29,5.41,-14.72,1.75,0.0,0.05,-0.09,0.07,22.34,347.27,-595.1,505.05
EDDF,KORD,2,47,-7.26,8.64,-24.29,3.16,0.01,0.09,-0.12,0.21,79.91,615.77,-820.75,1341.77
EDDF,KORD,3,23,-4.62,10.8,-25.46,4.81,0.0,0.03,-0.05,0.07,33.52,245.3,-338.37,527.4
EDDF,KSEA,0,35,-7.63,10.26,-26.36,3.49,0.03,0.03,-0.02,0.07,176.04,176.88,-85.16,411.6
EDDF,KSEA,1,23,-6.25,6.9,-20.91,0.67,-0.0,0.05,-0.1,0.06,-16.6,299.85,-613.94,377.16
EDDF,KSFO,0,40,-10.33,10.91,-24.51,1.22,-0.02,0.07,-0.1,0.09,-168.8,454.37,-797.8,505.72
EDDF,KSFO,1,21,1.45,25.71,-12.8,7.4,0.16,0.86,-0.1,0.1,754.0,4657.6,-780.0,546.0
EDDF,KSFO,2,20,-8.7,10.67,-21.46,0.24,-0.03,0.07,-0.09,0.09,-255.86,476.27,-739.73,523.35
EDDF,LATI,0,52,-13.99,33.76,-33.65,6.71,-0.03,0.1,-0.13,0.08,-68.2,263.19,-341.02,216.37
EDDF,LBSF,0,38,-26.58,22.47,-48.46,0.19,-0.1,0.06,-0.2,0.0,-249.52,152.86,-480.82,4.72
EDDF,LBSF,1,67,-15.68,19.1,-44.37,6.07,-0.06,0.07,-0.16,0.03,-155.86,173.65,-390.34,88.73
EDDF,LDDU,0,57,2.03,7.71,-3.36,12.34,0.05,0.06,-0.01,0.11,117.71,142.76,-25.66,254.38
EDDF,LDSP,0,79,8.79,39.21,-16.63,24.31,0.07,0.17,-0.04,0.13,168.62,376.73,-79.41,359.6
EDDF,LDZA,0,109,1.6,8.01,-2.16,17.68,0.03,0.06,-0.05,0.11,73.22,129.93,-118.78,249.68
EDDF,LDZA,1,15,2.83,9.79,-3.72,22.39,0.01,0.04,-0.04,0.07,8.3,48.06,-46.88,83.6
EDDF,LEBB,0,50,7.56,19.86,-15.85,39.35,-0.01,0.08,-0.12,0.1,-35.31,204.73,-308.88,269.39
EDDF,LEBB,1,29,0.69,67.56,-31.4,22.18,-0.03,0.23,-0.17,0.07,-69.27,567.44,-420.42,170.06
EDDF,LEBL,0,212,-0.48,13.22,-19.14,24.48,-0.05,0.08,-0.17,0.09,-132.37,214.25,-425.76,249.98
EDDF,LEMD,0,180,-1.83,11.08,-17.02,17.29,0.03,0.08,-0.08,0.17,63.46,187.14,-209.3,400.0
EDDF,LEMD,1,19,-8.86,16.37,-37.71,14.72,-0.02,0.09,-0.16,0.16,-41.41,229.59,-360.5,382.63
EDDF,LEMD,2,27,-4.05,18.85,-27.9,21.45,-0.0,0.1,-0.16,0.12,-11.42,275.79,-416.7,296.62
EDDF,LEMD,3,30,-8.36,14.1,-27.64,7.57,0.01,0.09,-0.09,0.19,28.42,243.75,-258.98,525.69
EDDF,LEMG,0,48,-6.68,7.82,-20.99,6.1,0.02,0.06,-0.07,0.1,58.65,162.65,-199.41,285.17
EDDF,LEMG,1,46,-5.83,14.33,-36.52,6.78,0.03,0.09,-0.12,0.16,75.74,243.59,-281.73,406.92
EDDF,LEPA,0,239,-6.04,15.21,-32.82,19.95,-0.0,0.07,-0.11,0.12,-7.41,181.44,-264.03,291.26
EDDF,LEPA,1,1,0.9,,0.9,0.9,0.08,,0.08,0.08,207.0,,207.0,207.0
EDDF,LEVC,0,64,-5.91,16.76,-36.44,24.32,-0.06,0.08,-0.21,0.05,-156.38,211.3,-593.45,148.38
EDDF,LFBO,0,40,8.18,5.49,3.28,18.66,0.03,0.05,-0.04,0.09,67.31,124.86,-89.01,221.81
EDDF,LFBO,1,57,-15.56,18.93,-38.26,12.94,-0.03,0.07,-0.12,0.07,-74.14,158.94,-310.96,154.12
EDDF,LFLL,0,98,6.57,10.92,0.5,21.62,-0.01,0.06,-0.07,0.08,-18.96,141.2,-181.08,186.73
EDDF,LFML,0,75,9.88,29.82,-3.8,23.46,0.04,0.14,-0.06,0.12,99.33,358.07,-150.64,310.33
EDDF,LFMN,0,37,-40.22,19.65,-63.74,4.5,-0.15,0.08,-0.27,-0.01,-370.53,201.07,-671.26,-21.42
EDDF,LFMN,1,83,-42.81,21.08,-65.82,3.11,-0.13,0.1,-0.24,-0.02,-324.0,229.66,-586.73,-53.37
EDDF,LFPG,0,188,-3.17,9.52,-11.18,15.33,0.02,0.11,-0.13,0.2,24.1,250.88,-326.41,415.75
EDDF,LFPG,1,157,1.8,12.14,-9.82,27.76,0.02,0.09,-0.1,0.18,66.55,255.69,-256.56,420.74
EDDF,LFSB,0,142,-3.76,5.89,-7.5,3.19,0.02,0.04,-0.02,0.09,29.38,51.04,-34.9,125.84
EDDF,LGAV,0,43,2.74,14.54,-15.45,28.26,0.01,0.06,-0.07,0.09,19.29,162.61,-189.46,232.69
EDDF,LGAV,1,21,-0.87,9.05,-11.7,15.4,-0.03,0.05,-0.1,0.04,-68.97,126.81,-251.4,119.0
EDDF,LGAV,2,19,8.26,48.0,-22.97,115.92,0.07,0.27,-0.09,0.79,184.98,665.89,-227.73,1968.79
EDDF,LGAV,3,20,-7.37,19.11,-31.37,27.31,-0.01,0.06,-0.1,0.08,-17.06,174.59,-279.26,225.11
EDDF,LGAV,4,22,-10.2,16.5,-32.02,13.67,-0.03,0.06,-0.11,0.04,-73.95,159.82,-268.75,108.21
EDDF,LGIR,0,27,-15.3,13.32,-30.4,7.43,-0.05,0.08,-0.16,0.06,-120.56,198.71,-406.44,161.34
EDDF,LGIR,1,12,-3.91,9.24,-11.95,12.78,-0.04,0.04,-0.1,0.01,-88.43,102.7,-232.0,35.81
EDDF,LGIR,2,65,-4.94,11.35,-18.84,9.4,-0.02,0.06,-0.11,0.07,-56.34,153.17,-268.44,163.74
EDDF,LGIR,3,34,1.51,11.66,-15.17,20.54,0.01,0.06,-0.08,0.13,19.37,153.46,-196.0,321.88
EDDF,LGRP,0,52,3.79,11.3,-12.84,20.4,-0.03,0.08,-0.14,0.09,-60.95,193.37,-361.92,227.18
EDDF,LGTS,0,60,0.78,15.08,-28.5,20.62,-0.02,0.09,-0.14,0.12,-50.41,229.57,-329.7,298.52
EDDF,LHBP,0,92,-20.13,14.7,-38.44,-2.07,-0.08,0.07,-0.18,0.04,-186.33,176.51,-430.48,99.93
EDDF,LHBP,1,23,-103.12,413.05,-37.9,8.11,-0.24,0.86,-0.15,0.03,-1260.9,5358.13,-345.67,77.57
EDDF,LHBP,2,16,-17.32,18.68,-40.15,-3.0,-0.05,0.06,-0.14,0.03,-143.41,170.29,-393.4,71.72
EDDF,LIMC,0,155,-33.88,19.45,-55.7,0.1,-0.17,0.08,-0.28,-0.05,-428.1,216.99,-698.5,-126.47
EDDF,LIMF,0,66,20.55,10.7,-5.7,27.88,0.05,0.04,-0.03,0.1,84.6,67.26,-53.62,180.0
EDDF,LIML,0,113,42.1,11.13,21.2,52.36,0.05,0.07,-0.03,0.14,99.78,136.78,-73.3,308.4
EDDF,LIML,1,81,40.12,11.26,16.7,52.0,0.04,0.05,-0.03,0.12,110.64,135.78,-83.4,291.7
EDDF,LIPE,0,97,-1.02,21.42,-17.44,24.62,-0.05,0.1,-0.17,0.1,-122.58,242.43,-398.92,257.56
EDDF,LIPQ,0,51,9.65,16.02,-3.45,25.5,0.04,0.06,-0.03,0.11,92.77,120.76,-69.35,245.1
EDDF,LIPX,0,33,-14.32,6.79,-22.02,-5.12,-0.09,0.07,-0.15,0.0,-164.23,147.18,-301.2,0.0
EDDF,LIPX,1,19,-11.54,9.68,-26.32,2.82,-0.05,0.09,-0.17,0.09,-93.33,178.43,-371.44,162.2
EDDF,LIPZ,0,90,-43.3,13.76,-55.36,-15.41,-0.23,0.08,-0.34,-0.1,-578.97,197.0,-841.82,-280.0
EDDF,LIPZ,1,26,-33.85,18.56,-67.53,-7.32,-0.21,0.08,-0.32,-0.1,-523.57,191.69,-791.6,-249.15
EDDF,LIRF,0,23,-22.76,20.0,-51.15,3.91,-0.09,0.08,-0.18,0.04,-241.13,208.89,-511.97,98.09
EDDF,LIRF,1,84,-31.27,13.14,-43.38,0.8,-0.11,0.05,-0.17,-0.01,-268.49,132.81,-465.61,-36.69
EDDF,LIRF,2,16,-37.56,16.94,-62.65,-10.95,-0.2,0.06,-0.27,-0.13,-522.81,158.2,-733.32,-338.58
EDDF,LIRF,3,43,-32.86,16.23,-47.39,-0.64,-0.15,0.05,-0.25,-0.08,-404.12,138.6,-648.94,-234.97
EDDF,LIRF,4,10,-25.84,16.42,-46.45,0.06,-0.13,0.05,-0.2,-0.08,-334.3,108.46,-487.64,-208.34
EDDF,LIRN,0,36,-24.56,40.29,-68.45,17.85,-0.12,0.19,-0.26,0.1,-292.01,510.35,-665.0,277.68
EDDF,LIRN,1,23,-24.75,20.2,-53.97,2.58,-0.07,0.09,-0.2,0.05,-182.28,222.11,-493.24,121.84
EDDF,LIRN,2,16,-18.86,19.07,-45.35,3.08,-0.05,0.1,-0.17,0.12,-130.07,271.69,-442.15,338.28
EDDF,LIRP,0,53,23.92,7.98,14.26,37.44,-0.0,0.05,-0.08,0.08,-6.93,97.75,-153.66,141.1
EDDF,LIRQ,0,84,6.99,6.37,-0.25,20.08,-0.02,0.04,-0.07,0.06,-35.27,75.29,-142.83,116.62
EDDF,LIRQ,1,23,28.29,4.23,23.23,37.16,0.01,0.05,-0.07,0.1,20.02,98.16,-117.0,179.35
EDDF,LJLJ,0,80,32.81,14.18,14.58,41.44,0.08,0.07,0.0,0.15,120.41,104.61,6.56,229.94
EDDF,LKPR,0,79,-22.55,13.64,-42.0,-3.78,-0.14,0.06,-0.23,-0.03,-339.58,141.26,-575.35,-92.31
EDDF,LKPR,1,50,-13.99,10.15,-32.66,-3.28,-0.1,0.05,-0.18,-0.02,-238.0,130.75,-439.58,-38.91
EDDF,LLBG,0,50,1.05,11.85,-15.06,22.7,-0.03,0.07,-0.14,0.09,-64.71,244.82,-355.83,245.71
EDDF,LLBG,1,73,9.33,11.97,-6.46,27.48,0.01,0.08,-0.13,0.14,19.62,220.93,-316.26,419.26
EDDF,LMML,0,31,27.04,12.0,5.25,45.25,0.02,0.08,-0.1,0.15,60.8,211.79,-256.75,353.95
EDDF,LMML,1,24,22.2,14.81,0.03,42.14,0.02,0.06,-0.06,0.1,55.49,161.03,-180.04,293.38
EDDF,LMML,2,26,18.18,14.15,-3.18,43.28,0.0,0.07,-0.1,0.1,11.29,192.67,-246.05,289.98
EDDF,LOWG,0,97,2.37,8.91,-9.32,12.34,0.03,0.05,-0.07,0.09,63.45,111.33,-162.86,213.3
EDDF,LOWI,0,73,-0.71,12.03,-12.04,20.88,0.04,0.06,-0.02,0.14,66.77,108.06,-36.2,260.7
EDDF,LOWL,0,52,-6.19,11.38,-14.98,16.05,-0.02,0.04,-0.07,0.05,-42.54,75.59,-120.0,90.0
EDDF,LOWS,0,97,-11.51,21.26,-53.84,0.86,-0.09,0.05,-0.2,-0.03,-218.13,124.11,-440.0,-73.3
EDDF,LOWW,0,339,2.73,15.63,-15.41,30.0,-0.01,0.06,-0.09,0.09,-19.22,149.73,-221.0,221.2
EDDF,LOWW,1,17,7.36,31.11,-33.72,32.48,-0.0,0.09,-0.17,0.14,-9.72,216.77,-417.7,303.08
EDDF,LPFR,0,30,-2.93,16.49,-21.61,14.44,-0.0,0.06,-0.09,0.09,-1.24,153.71,-228.68,238.01
EDDF,LPFR,1,34,3.72,19.92,-18.74,36.54,-0.04,0.08,-0.17,0.11,-93.19,204.53,-418.42,296.34
EDDF,LPPR,0,28,8.41,11.03,-7.61,28.34,-0.0,0.08,-0.13,0.11,2.95,217.75,-330.99,287.6
EDDF,LPPR,1,49,-6.92,15.31,-24.56,17.7,-0.0,0.08,-0.1,0.14,2.02,239.33,-280.0,362.62
EDDF,LPPT,0,100,-14.19,19.25,-53.97,14.32,0.02,0.1,-0.15,0.2,35.05,267.41,-373.58,472.69
EDDF,LPPT,1,45,-13.42,21.84,-48.82,22.12,0.02,0.07,-0.08,0.1,39.17,175.31,-179.96,274.0
EDDF,LPPT,2,22,-4.23,9.08,-18.33,7.73,-0.02,0.05,-0.1,0.07,-51.72,144.76,-275.33,184.05
EDDF,LPPT,3,29,1.89,12.26,-20.42,20.7,0.04,0.09,-0.1,0.17,100.65,236.87,-268.0,485.32
EDDF,LROP,0,51,-49.01,15.65,-84.0,-28.9,-0.11,0.09,-0.27,0.05,-261.53,221.35,-622.9,110.05
EDDF,LROP,1,64,-46.81,94.72,-47.84,-15.27,-0.12,0.2,-0.18,-0.02,-318.53,554.69,-506.31,-44.05
EDDF,LSGG,0,66,-0.88,11.75,-16.08,7.7,0.01,0.09,-0.11,0.12,15.69,171.2,-216.9,223.95
EDDF,LSGG,1,104,1.55,4.25,0.0,5.45,-0.03,0.06,-0.14,0.09,-51.75,120.67,-261.95,125.32
EDDF,LSZH,0,244,-16.51,8.79,-22.68,0.65,-0.05,0.08,-0.15,0.08,-113.42,180.73,-342.41,178.49
EDDF,LTAI,0,20,-9.13,14.29,-23.79,15.99,0.04,0.08,-0.05,0.18,106.08,190.04,-130.75,440.92
EDDF,LTAI,1,25,9.66,21.85,-18.46,36.12,0.05,0.11,-0.06,0.23,125.88,261.38,-152.0,544.0
EDDF,LTAI,2,39,6.34,27.35,-14.73,42.87,0.06,0.09,-0.05,0.21,138.4,218.67,-133.34,494.43
EDDF,LTAI,3,30,-7.61,14.08,-30.9,7.23,-0.01,0.06,-0.12,0.08,-16.44,142.75,-266.5,174.41
EDDF,LTAI,4,44,-0.62,15.53,-21.08,15.8,0.05,0.09,-0.06,0.17,126.77,228.37,-154.0,400.0
EDDF,LTAI,5,59,-1.5,22.81,-45.12,21.49,0.03,0.08,-0.1,0.15,73.92,203.05,-245.17,319.5
EDDF,LTBJ,0,48,11.85,15.08,-8.38,35.62,0.04,0.08,-0.08,0.13,91.58,178.01,-179.0,309.05
EDDF,LTBJ,1,30,16.46,16.12,-3.25,33.9,0.05,0.05,-0.04,0.13,121.37,122.95,-87.92,280.0
EDDF,LTBJ,2,25,23.32,10.11,8.54,38.78,0.03,0.06,-0.06,0.07,64.51,124.67,-142.0,160.0
EDDF,LTFJ,0,32,-13.21,16.55,-31.74,16.77,-0.0,0.09,-0.1,0.17,-12.52,222.55,-250.0,424.36
EDDF,LTFJ,1,57,-19.61,18.15,-43.34,8.08,0.02,0.14,-0.14,0.28,55.86,340.94,-341.64,691.6
EDDF,LTFM,0,24,-24.58,14.5,-38.64,4.42,-0.04,0.06,-0.12,0.06,-119.68,163.01,-291.68,168.14
EDDF,LTFM,1,44,-18.47,13.69,-37.82,0.19,-0.05,0.08,-0.18,0.07,-128.28,238.9,-452.8,248.99
EDDF,LTFM,2,25,-13.78,32.79,-40.46,9.86,-0.03,0.13,-0.16,0.06,-153.4,464.6,-854.2,177.36
EDDF,LTFM,3,48,-27.43,14.88,-41.49,0.37,-0.07,0.07,-0.17,0.04,-372.88,337.54,-790.48,184.02
EDDF,LTFM,4,34,-28.04,27.03,-47.88,11.98,-0.03,0.16,-0.15,0.27,-200.25,975.79,-895.64,1362.84
EDDF,LTFM,5,31,-20.31,19.27,-38.0,9.7,-0.06,0.11,-0.15,0.11,-157.62,300.43,-501.65,303.3
EDDF,LTFM,6,45,-28.13,14.16,-44.56,-4.28,-0.1,0.08,-0.24,0.0,-504.13,468.49,-1464.0,0.0
EDDF,LYBE,0,75,-14.56,18.81,-29.43,26.86,-0.03,0.08,-0.14,0.1,-73.78,193.93,-343.7,248.85
EDDF,LYBE,1,32,-14.99,24.76,-63.82,5.08,-0.05,0.11,-0.23,0.07,-130.09,278.3,-565.5,157.96
EDDF,OERK,0,17,28.28,32.26,-13.68,75.28,0.23,0.13,0.08,0.41,779.62,507.08,203.42,1622.68
EDDF,OERK,1,28,14.51,29.46,-28.54,69.75,0.07,0.12,-0.1,0.25,450.84,719.6,-595.41,1537.62
EDDF,OJAI,0,45,22.14,10.05,2.7,37.8,0.08,0.1,-0.04,0.25,185.01,233.5,-116.68,585.94
EDDF,OJAI,1,17,16.89,16.44,-10.86,38.54,0.17,0.1,0.06,0.34,430.43,234.06,142.7,790.68
EDDF,OLBA,0,30,8.58,7.88,-3.3,20.39,-0.06,0.06,-0.15,0.02,-148.72,167.17,-383.96,40.26
EDDF,OLBA,1,38,-2.41,13.82,-21.94,18.6,-0.06,0.07,-0.2,0.04,-160.89,188.19,-489.44,99.59
EDDF,OLBA,2,21,-6.76,11.97,-22.5,10.9,-0.04,0.09,-0.16,0.07,-110.17,222.9,-390.3,168.8
EDDF,OMAA,0,59,20.44,14.0,-0.61,43.27,0.09,0.07,-0.02,0.18,555.19,418.39,-98.86,1304.58
EDDF,OMDB,0,57,29.46,28.45,-0.44,73.14,0.21,0.1,0.06,0.38,1996.77,1233.64,408.94,4524.0
EDDF,OMDB,1,31,0.9,24.76,-35.25,41.35,0.22,0.13,0.06,0.42,1778.51,1139.27,392.15,4161.65
EDDF,OMDB,2,30,26.07,29.44,-6.27,49.41,0.19,0.1,0.02,0.33,1682.59,1098.75,152.34,3630.18
EDDF,OTHH,0,63,26.27,19.88,-0.77,61.22,0.13,0.07,0.04,0.27,937.54,550.32,205.53,1852.96
EDDF,OTHH,1,57,32.21,19.62,-0.08,60.4,0.14,0.08,0.04,0.25,1026.48,641.79,275.6,1978.16
EDDF,RJAA,0,24,-8.8,10.69,-32.54,-0.59,-0.03,0.08,-0.15,0.04,-165.02,468.84,-824.25,339.22
EDDF,RJAA,1,38,-10.07,17.14,-41.48,21.85,-0.09,0.1,-0.22,0.04,-481.24,595.95,-1194.65,310.78
EDDF,RJTT,0,19,-21.59,21.37,-53.01,-2.05,-0.06,0.09,-0.17,0.05,-310.55,473.76,-957.92,274.54
EDDF,RJTT,2,41,-39.6,24.42,-77.0,-19.7,-0.09,0.06,-0.17,0.01,-496.08,307.94,-916.7,35.2
EDDF,RKSI,1,38,-3.8,13.54,-13.14,4.2,0.07,0.06,-0.03,0.17,410.5,426.63,-214.26,1012.4
EDDF,RKSI,2,9,1.68,10.15,-10.66,16.46,0.04,0.07,-0.02,0.15,277.31,416.66,-156.44,889.96
EDDF,RKSI,3,27,-3.11,15.58,-20.67,25.55,0.02,0.03,-0.02,0.08,179.84,256.71,-137.81,590.61
EDDF,RKSI,4,18,3.64,16.43,-6.18,45.88,0.03,0.06,-0.04,0.11,157.26,328.72,-216.17,583.09
EDDF,SBGR,0,20,-0.84,7.47,-9.47,11.4,-0.06,0.06,-0.12,0.03,-496.16,465.24,-946.76,203.67
EDDF,SBGR,1,13,0.15,4.79,-6.64,6.16,-0.01,0.06,-0.07,0.1,-86.32,433.41,-536.02,795.16
EDDF,VHHH,0,28,-15.99,12.57,-32.02,-0.49,-0.01,0.03,-0.06,0.04,-56.8,187.71,-364.56,225.55
EDDF,VHHH,1,1,-25.3,,-25.3,-25.3,-0.07,,-0.07,-0.07,-385.1,,-385.1,-385.1
EDDF,VIDP,0,26,-6.97,9.22,-16.58,6.38,-0.04,0.03,-0.09,0.01,-198.45,167.49,-480.32,68.28
EDDF,VIDP,2,30,-11.7,8.35,-26.68,0.1,-0.02,0.04,-0.07,0.04,-85.38,205.88,-398.83,206.58
EDDF,VTBS,0,15,0.24,4.59,-6.02,6.32,-0.04,0.05,-0.11,0.02,-330.33,391.21,-846.05,174.85
EDDF,VTBS,1,17,-6.72,3.24,-11.64,-2.96,-0.11,0.06,-0.2,-0.02,-824.86,451.18,-1522.32,-193.72
EDDF,VTBS,2,18,-1.23,5.86,-10.15,7.71,-0.08,0.02,-0.11,-0.05,-622.68,175.27,-848.9,-384.07
EDDF,VTBS,3,19,-3.89,8.19,-13.17,11.35,-0.08,0.06,-0.14,0.02,-593.21,456.42,-1088.1,120.25
EDDF,WSSS,0,11,-1.53,6.11,-8.25,8.2,0.08,0.1,-0.08,0.17,601.71,743.89,-659.75,1329.25
EDDF,WSSS,1,25,-7.17,19.14,-17.6,4.46,0.06,0.08,-0.1,0.17,394.69,601.0,-755.28,1310.84
EDDF,WSSS,2,24,-0.98,5.86,-13.16,7.2,0.11,0.03,0.06,0.15,687.49,194.36,419.74,1038.73
EDDF,ZBAA,0,19,-7.72,11.09,-22.19,6.3,-0.01,0.05,-0.07,0.08,-49.03,388.17,-573.08,591.07
EDDF,ZBAA,1,23,-8.29,7.81,-16.33,4.2,-0.02,0.07,-0.12,0.07,-173.8,528.0,-900.28,572.46
EDDF,ZBAA,2,15,-5.13,4.0,-11.08,0.27,0.03,0.04,-0.02,0.09,237.33,291.17,-120.67,665.2
EDDF,ZSPD,0,61,-3.36,12.71,-17.4,13.2,-0.02,0.06,-0.11,0.05,-171.99,478.75,-868.8,426.8
EDDF,ZSPD,1,53,-4.47,6.41,-12.2,4.86,-0.01,0.05,-0.1,0.06,-49.63,403.98,-792.12,433.8
EDDF,ZSPD,2,32,-1.37,16.07,-18.69,27.7,0.02,0.04,-0.03,0.09,118.83,320.85,-268.68,721.81
EDDG,EDDF,0,101,-42.7,16.65,-64.2,-20.7,-0.18,0.06,-0.27,-0.08,-252.05,88.96,-377.3,-108.1
EDDG,EDDM,0,105,8.88,11.7,-3.8,30.32,-0.04,0.06,-0.13,0.06,-60.45,89.09,-183.36,77.72
EDDG,LEPA,0,46,-22.56,17.22,-41.92,-0.17,-0.05,0.09,-0.16,0.07,-125.05,229.71,-404.3,175.02
EDDG,LEPA,1,53,-18.45,20.91,-38.44,7.8,-0.02,0.09,-0.13,0.1,-59.78,211.6,-315.08,234.74
EDDG,LTAI,0,64,-9.27,12.47,-27.92,12.3,0.05,0.08,-0.08,0.2,110.94,176.97,-195.0,465.75
EDDG,LTAI,1,22,-1.87,25.34,-30.37,16.3,0.04,0.08,-0.08,0.21,83.57,204.15,-206.22,513.47
EDDH,EBBR,0,62,-9.47,15.1,-31.68,10.54,0.01,0.09,-0.12,0.13,-7.66,166.61,-256.36,231.28
EDDH,EDDF,0,277,-38.64,20.01,-67.58,-7.98,-0.18,0.07,-0.27,-0.06,-445.98,166.36,-695.8,-161.8
EDDH,EDDF,1,66,-43.5,16.57,-61.8,-16.2,-0.22,0.08,-0.36,-0.09,-553.77,196.01,-903.32,-246.3
EDDH,EDDK,0,53,-1.48,9.49,-18.2,8.66,-0.01,0.06,-0.1,0.07,-13.14,129.72,-248.02,167.88
EDDH,EDDL,0,85,3.01,6.55,-2.3,19.34,0.02,0.06,-0.07,0.12,33.29,125.88,-176.72,259.9
EDDH,EDDM,0,387,-18.65,9.6,-30.77,0.08,-0.09,0.07,-0.2,0.02,-242.2,166.94,-501.19,44.57
EDDH,EDDS,0,148,-3.58,8.22,-15.16,10.55,0.03,0.04,-0.05,0.1,66.94,104.37,-128.75,235.41
EDDH,EFHK,0,19,3.93,12.8,-19.82,28.18,0.08,0.07,0.0,0.19,179.08,145.39,6.59,423.95
EDDH,EFHK,1,37,2.41,7.92,-13.4,13.32,0.06,0.05,-0.02,0.14,133.51,120.68,-35.32,317.54
EDDH,EGLL,0,178,8.9,13.34,-2.34,35.23,0.21,0.12,0.04,0.42,487.51,274.22,96.74,963.42
EDDH,EGSS,0,56,3.74,10.47,-7.02,24.62,0.08,0.06,-0.02,0.2,182.27,147.63,-33.65,465.17
EDDH,EHAM,0,189,6.62,7.16,-2.76,18.82,0.04,0.05,-0.03,0.14,94.26,117.26,-75.64,309.74
EDDH,EIDW,0,60,-16.78,18.77,-41.02,21.12,-0.03,0.09,-0.14,0.14,-59.06,208.95,-327.0,350.58
EDDH,EKCH,0,35,-4.88,7.23,-18.91,1.2,-0.03,0.07,-0.15,0.05,-28.67,70.9,-135.4,59.98
EDDH,EKCH,1,100,5.88,11.83,-14.0,16.31,0.02,0.06,-0.11,0.1,19.33,78.29,-102.52,90.56
EDDH,EPWA,0,63,-47.66,20.38,-75.85,-13.87,-0.09,0.07,-0.21,0.04,-152.09,132.52,-349.43,64.76
EDDH,ESSA,0,19,-5.89,15.11,-25.85,19.28,0.05,0.06,-0.06,0.14,117.05,145.12,-145.23,336.16
EDDH,ESSA,1,32,-4.59,14.59,-28.1,14.24,0.02,0.07,-0.08,0.11,33.36,106.12,-106.08,196.88
EDDH,LEBL,0,55,-8.74,33.29,-39.34,29.65,-0.03,0.1,-0.17,0.13,-68.96,248.52,-410.36,327.95
EDDH,LEBL,1,27,-4.14,13.47,-28.71,20.18,-0.01,0.07,-0.09,0.11,-29.7,178.52,-224.92,240.47
EDDH,LEMD,0,16,-8.93,8.37,-21.08,3.45,-0.04,0.07,-0.16,0.06,-84.02,169.85,-373.75,134.18
EDDH,LEMD,1,38,-5.61,18.41,-31.36,9.28,-0.02,0.09,-0.15,0.11,-50.06,213.24,-350.74,253.94
EDDH,LEPA,0,55,-10.27,14.4,-34.54,15.5,0.06,0.07,-0.03,0.18,145.55,179.02,-67.42,434.98
EDDH,LEPA,1,138,-5.97,14.55,-23.28,20.9,-0.0,0.07,-0.1,0.14,-1.86,182.4,-238.3,340.15
EDDH,LEPA,2,67,-4.51,15.67,-23.52,21.56,0.02,0.09,-0.08,0.16,63.11,238.06,-207.0,435.94
EDDH,LEPA,3,20,-5.1,22.52,-46.06,35.72,0.06,0.07,-0.06,0.13,152.64,176.83,-162.4,352.95
EDDH,LEPA,4,28,-13.6,16.66,-36.16,15.14,-0.01,0.07,-0.13,0.1,-36.51,178.7,-343.18,246.75
EDDH,LFPG,0,33,-7.01,9.65,-18.2,2.44,0.01,0.06,-0.08,0.07,14.29,139.83,-196.66,159.02
EDDH,LFPG,1,16,-10.19,12.56,-27.38,8.2,0.05,0.07,-0.04,0.15,103.31,153.51,-105.4,325.4
EDDH,LFPG,2,20,1.48,17.68,-15.0,30.52,0.04,0.09,-0.14,0.17,88.35,213.64,-361.38,399.04
EDDH,LFPG,3,30,-5.12,8.33,-16.86,6.76,0.04,0.06,-0.03,0.1,75.69,123.16,-61.34,211.71
EDDH,LFPG,4,30,-4.56,10.67,-16.74,14.04,0.02,0.05,-0.05,0.08,37.38,113.1,-102.96,181.16
EDDH,LFPG,5,16,0.19,13.2,-17.2,18.45,0.05,0.1,-0.08,0.18,100.05,203.3,-158.75,384.95
EDDH,LGIR,0,47,-3.76,11.55,-14.5,19.74,0.0,0.12,-0.06,0.08,4.39,297.36,-154.72,211.37
EDDH,LGIR,1,17,-15.79,11.79,-37.58,-6.14,-0.02,0.09,-0.13,0.11,-54.88,210.0,-314.04,278.28
EDDH,LOWW,0,36,-4.34,17.08,-23.52,32.85,0.01,0.07,-0.12,0.13,15.27,177.87,-277.9,267.52
EDDH,LOWW,1,26,1.04,17.7,-20.08,30.95,-0.01,0.07,-0.1,0.1,-13.27,161.82,-220.0,260.45
EDDH,LOWW,2,19,-2.97,21.63,-27.33,40.03,0.05,0.09,-0.09,0.16,123.99,236.05,-225.06,407.5
EDDH,LOWW,3,72,-4.43,18.3,-25.96,30.34,0.05,0.07,-0.04,0.16,122.38,166.51,-102.12,396.02
EDDH,LOWW,4,40,-2.2,7.03,-14.22,7.47,0.03,0.05,-0.05,0.12,78.94,127.17,-140.71,278.39
EDDH,LPPT,0,73,-7.98,21.43,-43.54,31.5,0.14,0.11,-0.03,0.31,274.07,215.55,-77.3,566.4
EDDH,LSZH,0,177,-18.03,9.77,-28.14,2.34,-0.02,0.08,-0.14,0.13,-62.59,186.93,-341.94,253.82
EDDH,LSZH,1,30,-16.32,11.85,-24.96,-2.35,-0.03,0.15,-0.22,0.23,-61.95,370.21,-529.11,493.24
EDDH,LTAI,0,20,0.48,21.95,-22.55,19.54,0.09,0.1,0.01,0.24,209.75,239.43,29.39,578.0
EDDH,LTAI,1,27,-9.55,17.03,-33.95,15.05,0.03,0.08,-0.06,0.16,80.6,198.6,-137.02,379.99
EDDH,LTAI,2,27,-14.57,18.91,-50.83,13.64,0.04,0.08,-0.06,0.14,106.47,190.03,-154.12,350.01
EDDH,LTAI,3,20,-17.32,18.02,-38.8,5.7,0.01,0.1,-0.14,0.15,16.33,239.5,-337.56,364.92
EDDH,LTAI,4,20,-8.62,21.67,-35.99,26.06,0.06,0.09,-0.07,0.22,150.92,210.42,-172.94,502.14
EDDH,LTAI,5,26,-8.75,17.36,-34.02,15.75,0.03,0.07,-0.07,0.13,79.6,166.68,-157.2,347.95
EDDH,LTAI,6,32,-10.98,34.23,-36.56,6.56,0.06,0.11,-0.06,0.2,152.96,262.82,-134.0,490.0
EDDH,LTFJ,0,28,-14.36,45.69,-49.24,28.52,0.03,0.18,-0.13,0.29,84.47,483.66,-333.3,691.25
EDDH,LTFJ,1,49,-25.06,19.85,-54.82,0.68,0.02,0.13,-0.13,0.24,58.64,321.93,-316.72,609.74
EDDH,LTFM,0,69,-19.1,21.95,-41.68,21.74,0.0,0.1,-0.1,0.11,7.76,307.59,-312.04,486.64
EDDH,LTFM,1,51,-24.84,20.11,-45.65,3.3,-0.02,0.13,-0.13,0.12,-67.55,734.5,-655.6,608.3
EDDH,OMDB,0,60,12.82,30.62,-32.98,66.55,0.21,0.12,0.02,0.4,1650.28,921.4,138.52,3154.12
EDDK,EDDB,0,102,13.35,13.44,-8.1,29.59,0.04,0.05,-0.05,0.12,96.16,130.91,-112.68,309.03
EDDK,EDDB,1,40,11.42,11.16,-5.84,25.3,0.02,0.07,-0.08,0.1,50.26,149.69,-167.56,223.61
EDDK,EDDH,0,54,-37.57,17.0,-60.34,-5.19,-0.18,0.06,-0.25,-0.08,-414.18,143.62,-588.45,-173.44
EDDK,EDDM,0,194,1.11,12.36,-12.34,25.28,-0.06,0.06,-0.14,0.04,-105.22,136.37,-318.06,122.4
EDDK,EDDM,1,41,6.76,12.52,-11.4,25.2,-0.04,0.07,-0.13,0.06,-76.78,142.96,-293.9,132.0
EDDK,EDDM,2,25,-4.59,19.78,-48.4,21.02,-0.09,0.12,-0.22,0.11,-115.14,182.24,-313.62,210.92
EDDK,EDDP,0,28,-19.11,23.94,-60.72,5.18,-0.03,0.09,-0.17,0.12,-127.1,346.4,-675.78,305.25
EDDK,EDDP,1,17,-16.82,21.92,-53.72,2.94,-0.03,0.04,-0.1,0.02,-82.54,103.22,-232.9,52.54
EDDK,EGLL,0,76,13.57,15.55,-4.78,40.6,0.2,0.11,0.05,0.37,452.31,269.7,108.72,867.72
EDDK,EGNX,0,47,-0.93,17.43,-22.25,22.31,0.05,0.08,-0.03,0.15,216.26,395.01,-135.88,640.48
EDDK,EGSS,0,30,12.31,15.9,-8.04,41.03,0.09,0.06,0.0,0.17,218.84,152.66,8.61,425.4
EDDK,EGSS,1,52,5.6,12.09,-11.69,23.51,0.05,0.06,-0.04,0.13,131.09,132.86,-101.1,312.54
EDDK,KSDF,0,1,0.0,,0.0,0.0,0.03,,0.03,0.03,155.8,,155.8,155.8
EDDK,LEBL,0,46,-10.65,15.14,-34.3,15.95,-0.03,0.09,-0.13,0.15,-68.51,209.18,-312.25,360.82
EDDK,LEBL,1,53,-28.92,28.78,-74.54,6.88,-0.07,0.08,-0.23,0.06,-267.77,347.37,-892.52,137.12
EDDK,LEBL,2,15,-22.51,34.2,-63.05,34.02,-0.07,0.11,-0.19,0.12,-190.32,278.45,-554.0,297.88
EDDK,LEPA,0,161,-14.9,22.99,-57.6,19.6,-0.02,0.09,-0.17,0.11,-55.66,206.32,-410.4,258.0
EDDK,LEPA,1,62,-11.78,18.59,-43.26,12.89,0.04,0.06,-0.05,0.16,107.57,151.29,-129.18,335.08
EDDK,LEPA,2,16,-16.52,20.6,-47.78,13.88,0.03,0.08,-0.05,0.15,72.61,181.34,-121.5,348.35
EDDK,LEPA,3,83,-18.45,20.4,-51.97,15.27,-0.04,0.08,-0.15,0.11,-96.94,188.76,-366.1,235.76
EDDK,LFPG,0,86,-26.5,16.6,-46.25,0.45,0.02,0.05,-0.05,0.1,178.22,335.6,-269.27,700.38
EDDK,LIMC,0,78,-57.9,18.45,-83.56,-26.86,-0.24,0.08,-0.37,-0.13,-785.46,597.99,-2201.0,-301.89
EDDK,LIME,0,18,-20.86,20.72,-44.75,9.28,-0.04,0.06,-0.12,0.04,-192.54,237.51,-526.1,197.05
EDDK,LIME,1,46,-53.05,15.92,-73.25,-26.65,-0.07,0.06,-0.16,0.0,-165.8,139.39,-357.68,2.2
EDDK,LIPZ,0,58,-47.23,15.8,-65.82,-14.44,-0.16,0.06,-0.25,-0.05,-524.39,215.77,-916.6,-125.17
EDDK,LIRF,0,69,-45.58,19.78,-71.0,-8.0,-0.14,0.07,-0.25,-0.02,-332.14,171.81,-624.02,-37.0
EDDK,LOWW,0,170,3.27,15.48,-12.47,32.87,0.01,0.07,-0.11,0.13,44.74,198.43,-253.0,366.7
EDDK,LSZH,0,51,-31.76,13.33,-51.8,-12.15,-0.11,0.08,-0.21,-0.02,-261.29,176.82,-469.65,-35.6
EDDK,LSZH,1,18,-28.12,16.96,-48.45,-2.87,-0.08,0.07,-0.18,0.04,-185.72,179.57,-424.18,100.31
EDDK,LTAI,0,85,-7.77,12.53,-27.72,12.82,0.07,0.09,-0.05,0.21,172.32,218.57,-122.0,520.0
EDDK,LTAI,1,179,-7.39,14.37,-28.05,13.96,0.04,0.09,-0.1,0.18,102.41,219.25,-250.0,459.14
EDDK,LTAI,2,27,12.18,43.81,-15.58,108.95,0.11,0.21,-0.09,0.55,265.47,491.08,-214.0,1304.02
EDDK,LTBJ,0,20,8.52,10.48,-8.53,20.88,0.0,0.04,-0.08,0.07,7.25,98.05,-200.0,140.0
EDDK,LTBJ,1,28,16.63,44.43,-10.48,30.31,0.07,0.16,-0.03,0.15,163.18,357.38,-68.1,344.25
EDDK,LTBJ,2,15,7.17,16.39,-12.82,32.04,0.02,0.08,-0.11,0.12,34.63,177.59,-253.01,276.5
EDDK,LTBJ,3,17,14.15,10.06,-2.62,27.3,0.01,0.06,-0.07,0.09,23.68,126.19,-170.0,216.0
EDDK,LTFJ,0,34,-18.95,21.39,-48.79,15.36,-0.01,0.1,-0.15,0.17,-18.42,261.32,-362.55,418.75
EDDK,LTFJ,1,87,-21.77,20.51,-42.35,14.97,-0.01,0.11,-0.13,0.22,-39.74,264.76,-373.37,507.62
EDDK,LTFJ,2,18,-17.6,18.41,-39.06,14.11,-0.01,0.1,-0.13,0.15,-27.41,267.34,-361.7,365.75
EDDK,LTFM,0,34,-31.81,19.86,-58.4,2.68,-0.05,0.08,-0.18,0.07,-184.64,294.65,-697.1,217.6
EDDK,LTFM,1,83,-18.84,23.78,-44.5,15.08,-0.01,0.13,-0.12,0.13,-27.87,361.33,-326.69,458.5
EDDL,BKPR,0,66,-24.08,22.83,-60.72,9.08,-0.03,0.06,-0.15,0.04,-82.31,170.7,-415.85,105.22
EDDL,EDDB,0,48,8.97,11.95,-9.3,25.31,0.06,0.05,-0.03,0.13,121.18,116.21,-56.06,294.36
EDDL,EDDB,1,86,7.22,15.5,-9.45,25.58,0.04,0.06,-0.07,0.13,100.6,155.9,-163.02,316.82
EDDL,EDDF,0,127,-37.64,13.85,-49.2,-13.55,-0.2,0.06,-0.29,-0.11,-481.61,148.57,-713.2,-231.0
EDDL,EDDH,0,65,-46.82,19.15,-73.9,-11.76,-0.2,0.06,-0.31,-0.09,-462.86,146.46,-690.22,-210.92
EDDL,EDDH,1,18,-47.22,17.47,-72.06,-18.55,-0.13,0.09,-0.22,0.06,-304.71,222.2,-525.4,140.63
EDDL,EDDM,0,91,2.31,8.57,-8.9,15.65,-0.09,0.04,-0.16,-0.03,-228.61,110.24,-405.95,-76.7
EDDL,EDDM,1,87,4.71,11.21,-11.3,23.76,-0.08,0.05,-0.15,-0.01,-174.12,112.77,-380.32,-26.09
EDDL,EDDM,2,50,21.77,103.53,-5.42,30.56,0.03,0.44,-0.12,0.08,76.55,973.77,-271.4,157.92
EDDL,EDDM,3,23,9.8,12.04,-3.68,31.38,-0.03,0.06,-0.1,0.05,-58.57,131.84,-220.04,107.4
EDDL,EDDM,4,117,4.6,10.27,-9.5,22.88,-0.08,0.06,-0.16,0.04,-172.97,141.38,-366.22,64.36
EDDL,EDDM,5,18,-13.73,28.7,-62.4,12.32,-0.14,0.1,-0.26,0.02,-291.72,227.87,-603.93,40.96
EDDL,EFHK,0,57,-0.26,10.19,-20.32,16.0,0.06,0.05,-0.03,0.15,138.57,132.67,-59.5,350.9
EDDL,EGBB,0,56,-9.66,13.91,-28.08,10.82,0.02,0.06,-0.07,0.13,51.74,140.33,-163.1,264.6
EDDL,EGCC,0,57,9.99,13.5,-8.88,25.02,0.04,0.07,-0.06,0.22,99.6,162.53,-125.24,461.3
EDDL,EGLC,0,34,-3.83,7.49,-17.75,6.0,0.05,0.06,-0.02,0.1,104.76,124.64,-36.7,227.44
EDDL,EGLC,1,26,-14.03,9.18,-30.02,-1.4,0.03,0.06,-0.04,0.13,62.93,124.44,-79.32,284.12
EDDL,EGLL,0,175,-0.06,13.98,-21.39,21.76,0.18,0.1,0.02,0.34,413.15,235.95,45.51,837.5
EDDL,EGLL,1,38,7.43,10.86,-0.11,24.85,0.23,0.08,0.1,0.39,455.11,172.74,184.6,794.1
EDDL,EHAM,0,46,0.4,5.41,-7.58,8.3,-0.0,0.03,-0.06,0.05,-1.18,67.24,-103.65,100.05
EDDL,EHAM,1,97,-4.66,10.27,-26.8,10.46,-0.01,0.06,-0.09,0.08,-14.91,109.92,-159.0,175.7
EDDL,EIDW,0,75,-10.21,14.62,-29.18,11.14,0.01,0.09,-0.08,0.12,29.41,215.65,-197.34,260.72
EDDL,EKCH,0,112,-8.36,8.32,-24.67,0.97,-0.07,0.08,-0.19,0.05,-122.94,158.72,-438.44,68.36
EDDL,EKCH,1,36,-6.27,12.48,-24.9,11.85,-0.03,0.06,-0.12,0.05,-62.89,110.0,-268.73,67.4
EDDL,ENGM,0,25,-29.14,10.62,-48.84,-13.54,-0.1,0.08,-0.19,0.03,-230.85,173.03,-444.14,71.32
EDDL,ENGM,1,19,-24.08,13.71,-39.79,-3.42,-0.06,0.07,-0.19,0.02,-128.05,159.67,-418.31,30.54
EDDL,ENGM,2,32,-27.57,17.76,-59.52,-4.56,-0.09,0.09,-0.24,0.04,-200.13,207.32,-530.77,87.09
EDDL,EPWA,0,84,-43.14,19.89,-67.76,-14.9,-0.1,0.07,-0.2,0.04,-178.07,141.22,-355.31,73.38
EDDL,ESSA,0,22,-5.19,18.01,-29.59,18.99,0.07,0.12,-0.04,0.19,161.57,285.59,-80.29,423.53
EDDL,ESSA,1,48,-16.24,18.41,-38.55,17.03,-0.03,0.07,-0.11,0.11,-37.8,115.16,-156.01,205.08
EDDL,ESSA,2,21,-2.83,11.08,-22.7,12.3,0.04,0.04,-0.02,0.1,96.15,99.9,-45.1,230.6
EDDL,GCFV,0,17,-37.04,19.29,-63.4,-8.9,-0.09,0.1,-0.2,0.04,-213.46,234.29,-505.12,105.82
EDDL,GCFV,1,20,-39.58,10.73,-52.92,-26.38,-0.15,0.05,-0.2,-0.07,-353.97,125.73,-474.56,-160.91
EDDL,GCLP,0,29,-2.38,16.04,-21.44,22.96,0.04,0.07,-0.05,0.18,91.52,159.07,-120.78,395.14
EDDL,GCLP,1,10,7.0,13.09,-6.46,25.21,0.0,0.09,-0.16,0.1,-1.62,214.46,-371.55,207.77
EDDL,HEGN,0,31,17.39,10.24,6.15,27.05,0.05,0.07,-0.11,0.13,114.88,166.77,-263.35,321.5
EDDL,HEGN,1,4,10.75,4.13,7.24,15.23,0.07,0.1,-0.03,0.17,168.1,245.57,-71.5,386.84
EDDL,LDSP,0,45,5.06,16.06,-17.62,34.6,0.06,0.05,-0.0,0.16,141.39,125.23,-4.92,362.5
EDDL,LDSP,1,15,-9.42,18.62,-34.26,14.96,0.04,0.05,-0.03,0.12,98.79,125.36,-77.02,286.67
EDDL,LEAL,0,52,-9.49,12.75,-30.21,8.09,0.08,0.06,-0.0,0.18,208.96,159.85,-4.04,460.23
EDDL,LEBL,0,96,-8.81,16.77,-33.92,17.35,-0.03,0.1,-0.15,0.13,-65.57,248.65,-383.35,320.88
EDDL,LEBL,1,19,-16.04,18.68,-36.34,7.17,-0.07,0.07,-0.16,0.02,-166.15,193.49,-411.61,48.94
EDDL,LEIB,0,60,-24.35,20.17,-57.91,2.95,-0.04,0.07,-0.14,0.09,-94.22,167.38,-306.16,193.17
EDDL,LEMD,0,107,-8.53,18.45,-32.15,12.91,0.0,0.09,-0.14,0.17,9.73,226.34,-359.53,419.01
EDDL,LEMG,0,90,-12.65,18.42,-44.6,10.81,0.04,0.11,-0.09,0.2,104.55,287.84,-229.88,507.4
EDDL,LEPA,0,364,-13.69,14.98,-37.58,13.29,-0.01,0.07,-0.12,0.1,-58.0,262.79,-594.81,284.68
EDDL,LEPA,1,20,-16.72,14.64,-37.8,4.04,0.02,0.07,-0.09,0.14,50.55,174.79,-212.14,291.47
EDDL,LEPA,2,12,-21.72,14.36,-42.08,-3.29,-0.06,0.07,-0.19,0.02,-276.39,417.14,-1135.95,59.05
EDDL,LFMN,0,61,-47.61,21.89,-77.4,-15.1,-0.17,0.07,-0.3,-0.07,-403.01,163.04,-654.5,-174.7
EDDL,LFPG,0,63,-28.01,12.19,-49.12,-8.14,0.07,0.09,-0.07,0.16,150.35,196.7,-148.87,344.3
EDDL,LFPG,1,102,-14.77,16.4,-37.97,10.6,0.11,0.09,-0.06,0.23,218.02,183.17,-133.25,502.72
EDDL,LGAV,0,20,3.28,18.92,-16.44,36.83,0.03,0.07,-0.07,0.11,78.06,179.75,-206.48,317.94
EDDL,LGAV,1,20,-10.28,20.89,-37.34,17.15,0.02,0.07,-0.07,0.09,55.09,181.66,-183.24,261.46
EDDL,LGAV,2,34,-6.06,18.55,-28.51,29.87,0.03,0.08,-0.07,0.16,63.04,186.32,-162.7,392.08
EDDL,LGIR,0,19,-9.42,12.85,-24.41,5.33,-0.04,0.05,-0.11,0.04,-101.86,130.37,-270.8,100.13
EDDL,LGIR,1,16,-11.02,13.15,-29.2,7.45,-0.03,0.08,-0.15,0.07,-63.4,208.7,-368.12,187.92
EDDL,LGIR,2,98,-4.7,8.24,-16.99,10.02,-0.02,0.07,-0.14,0.11,-42.49,180.17,-354.1,275.3
EDDL,LGKO,0,60,-3.18,15.06,-32.24,19.23,0.01,0.08,-0.14,0.12,32.36,197.93,-341.84,342.41
EDDL,LGKR,0,43,9.81,18.38,-27.34,30.67,0.03,0.08,-0.08,0.15,83.05,197.97,-191.85,387.27
EDDL,LGRP,0,54,-1.71,12.38,-21.5,17.56,-0.01,0.05,-0.1,0.07,-17.67,136.91,-236.3,197.43
EDDL,LGTS,0,66,-8.62,19.27,-45.38,22.8,-0.01,0.07,-0.13,0.09,-30.37,178.2,-305.73,226.08
EDDL,LIMC,0,63,-49.59,18.02,-71.99,-15.01,-0.2,0.08,-0.3,-0.06,-460.89,178.58,-660.0,-140.6
EDDL,LIRF,0,52,-39.91,12.76,-58.86,-20.92,-0.15,0.05,-0.22,-0.08,-364.0,124.35,-560.46,-171.39
EDDL,LKPR,0,26,-24.99,14.4,-46.55,-5.62,-0.11,0.08,-0.21,-0.02,-265.43,188.82,-531.28,-37.93
EDDL,LKPR,1,28,-36.54,8.89,-48.12,-19.74,-0.04,0.04,-0.1,0.02,-93.34,97.39,-239.5,41.7
EDDL,LOWW,0,205,-0.56,15.63,-19.3,29.32,0.02,0.06,-0.07,0.13,36.23,144.96,-166.7,291.7
EDDL,LPFR,0,51,-8.8,13.03,-25.55,9.65,0.01,0.06,-0.07,0.12,25.02,161.0,-186.65,326.65
EDDL,LPPT,0,55,-15.66,20.18,-41.09,19.63,0.1,0.11,-0.04,0.29,212.92,226.45,-92.01,550.0
EDDL,LPPT,1,38,-17.27,13.85,-39.1,3.27,0.08,0.11,-0.07,0.25,152.02,231.03,-169.7,526.39
EDDL,LSZH,0,84,-26.44,9.79,-41.47,-10.81,-0.08,0.08,-0.2,0.04,-183.77,184.38,-475.74,84.91
EDDL,LSZH,1,55,-22.56,12.3,-48.85,-5.34,-0.02,0.09,-0.12,0.14,-50.48,197.4,-282.46,310.45
EDDL,LSZH,2,15,-7.88,17.7,-32.21,14.92,0.03,0.09,-0.11,0.14,60.68,209.71,-286.89,315.73
EDDL,LTAC,0,56,-11.42,8.54,-25.38,0.65,0.01,0.08,-0.09,0.13,18.8,172.55,-210.0,320.0
EDDL,LTAI,0,16,-2.63,11.7,-16.48,15.45,0.01,0.09,-0.11,0.16,27.38,227.59,-270.88,395.82
EDDL,LTAI,1,62,-12.65,16.39,-37.75,5.76,0.03,0.09,-0.12,0.21,33.15,299.17,-514.83,512.0
EDDL,LTAI,2,188,-0.88,15.23,-22.76,22.7,0.07,0.08,-0.03,0.2,183.84,252.05,-86.36,656.66
EDDL,LTAI,3,78,2.09,19.26,-18.92,40.45,0.06,0.12,-0.07,0.35,163.37,303.76,-166.7,866.21
EDDL,LTAI,4,47,-7.72,14.36,-26.02,16.63,0.03,0.1,-0.1,0.24,50.41,310.07,-434.0,562.99
EDDL,LTBJ,0,18,24.21,10.71,8.84,39.39,0.05,0.05,-0.01,0.11,113.06,115.19,-18.0,264.0
EDDL,LTBJ,1,16,24.99,11.09,13.12,40.02,0.05,0.06,-0.01,0.13,120.29,132.18,-28.75,295.3
EDDL,LTBJ,2,24,3.72,16.62,-24.36,27.29,0.04,0.05,-0.03,0.11,80.37,111.18,-73.74,262.55
EDDL,LTBJ,3,17,11.32,14.69,-4.16,37.12,0.04,0.07,-0.08,0.14,84.94,167.12,-184.0,328.0
EDDL,LTBJ,4,40,5.04,16.97,-14.77,26.29,0.01,0.09,-0.14,0.12,15.51,196.06,-321.5,272.88
EDDL,LTFJ,0,51,-10.97,13.65,-33.95,4.4,0.06,0.09,-0.04,0.24,155.95,234.59,-104.2,592.5
EDDL,LTFJ,1,74,-11.74,22.54,-41.49,34.78,0.04,0.12,-0.11,0.23,103.74,287.39,-264.56,583.3
EDDL,LTFJ,2,25,-13.11,16.88,-32.48,18.78,0.03,0.14,-0.11,0.27,86.2,338.06,-283.36,680.54
EDDL,LTFM,0,99,-19.38,24.83,-38.03,10.41,-0.01,0.13,-0.12,0.11,-84.17,442.48,-527.03,628.84
EDDL,LTFM,1,20,-33.6,13.83,-50.34,-8.0,-0.07,0.07,-0.15,0.02,-341.73,370.6,-922.16,107.47
EDDL,OMDB,0,40,14.8,19.46,-11.76,47.09,0.24,0.13,0.04,0.48,2438.97,1460.77,492.51,4724.13
EDDL,OMDB,1,20,7.78,28.05,-21.39,58.14,0.19,0.13,0.01,0.38,1909.4,1379.28,108.77,3795.34
EDDM,CYYZ,0,26,-3.83,9.22,-17.45,7.1,0.01,0.06,-0.11,0.1,55.88,390.53,-670.8,620.8
EDDM,CYYZ,1,33,-2.03,6.88,-16.28,5.94,0.0,0.05,-0.09,0.08,19.37,315.7,-548.4,443.02
EDDM,EBBR,0,185,5.52,12.76,-3.56,26.0,-0.02,0.07,-0.13,0.11,-51.0,172.45,-291.6,244.66
EDDM,EDDB,0,162,10.95,5.76,0.37,24.57,-0.0,0.05,-0.06,0.08,-2.99,110.21,-153.97,183.21
EDDM,EDDB,1,148,10.75,7.74,0.5,25.03,0.01,0.06,-0.08,0.1,27.15,137.19,-183.58,249.66
EDDM,EDDC,0,46,13.21,11.13,-2.7,23.32,0.04,0.04,-0.02,0.1,66.92,69.11,-35.2,179.88
EDDM,EDDC,1,29,7.93,11.17,0.0,26.42,0.01,0.04,-0.05,0.08,22.3,70.72,-69.04,125.88
EDDM,EDDF,0,342,-24.23,151.57,-42.28,0.19,-0.16,0.33,-0.25,-0.05,-586.75,3942.32,-628.76,-111.53
EDDM,EDDG,0,105,6.84,10.99,-2.7,12.32,0.0,0.07,-0.05,0.06,1.61,103.72,-65.3,84.78
EDDM,EDDH,0,209,-31.42,13.9,-49.82,-4.38,-0.16,0.06,-0.24,-0.06,-402.89,147.63,-609.66,-161.34
EDDM,EDDH,1,132,-39.03,11.53,-51.87,-14.58,-0.17,0.06,-0.27,-0.08,-428.56,135.02,-631.29,-193.75
EDDM,EDDH,2,31,-38.36,12.59,-54.55,-15.45,-0.2,0.07,-0.31,-0.07,-486.54,171.19,-713.65,-155.75
EDDM,EDDH,3,16,-44.87,13.87,-63.92,-33.52,-0.17,0.06,-0.25,-0.08,-426.96,165.7,-686.8,-181.5
EDDM,EDDK,0,261,10.0,12.7,-7.7,25.3,0.03,0.08,-0.08,0.18,99.43,295.28,-155.6,692.1
EDDM,EDDL,0,44,-3.93,11.26,-15.1,21.43,0.02,0.08,-0.07,0.17,39.12,195.45,-169.32,425.51
EDDM,EDDL,1,197,-5.14,14.23,-15.5,11.02,-0.06,0.08,-0.15,0.05,-128.98,181.81,-345.44,105.52
EDDM,EDDL,2,115,-5.05,15.33,-17.01,10.9,-0.02,0.08,-0.11,0.1,-36.96,167.64,-272.97,217.15
EDDM,EDDL,3,31,-12.23,9.04,-21.2,-0.35,-0.08,0.08,-0.2,0.06,-173.45,180.97,-461.7,135.75
EDDM,EDDP,0,25,-30.54,9.68,-40.86,-17.06,-0.12,0.05,-0.16,-0.04,-187.12,97.01,-234.6,-57.98
EDDM,EDDP,1,20,-28.82,7.79,-40.34,-18.37,-0.12,0.05,-0.16,-0.04,-160.74,95.88,-224.42,-51.5
EDDM,EDDS,0,126,7.37,12.4,-6.4,22.48,0.06,0.06,-0.02,0.16,101.65,107.04,-21.5,321.02
EDDM,EDDV,0,76,-2.01,10.32,-9.8,7.62,-0.08,0.06,-0.18,0.01,-193.74,136.25,-408.25,23.3
EDDM,EDDV,1,75,-2.02,21.04,-24.63,25.8,-0.06,0.11,-0.16,0.06,-134.48,275.78,-374.59,112.59
EDDM,EDDV,2,15,6.32,6.68,0.49,18.71,-0.04,0.03,-0.09,0.01,-101.69,81.75,-221.61,13.69
EDDM,EDDW,0,137,-0.11,7.32,-9.34,7.82,-0.0,0.04,-0.06,0.06,-7.02,83.84,-136.86,129.18
EDDM,EDLP,0,58,-5.39,4.68,-11.43,2.86,-0.03,0.02,-0.07,0.01,-37.72,33.97,-93.08,17.62
EDDM,EFHK,0,21,-7.85,12.98,-22.7,14.1,0.02,0.08,-0.07,0.15,61.61,199.85,-151.4,357.0
EDDM,EFHK,1,21,-6.55,14.36,-20.8,17.5,0.02,0.06,-0.06,0.12,45.72,150.56,-139.6,256.1
EDDM,EFHK,2,108,-2.23,10.2,-18.16,10.47,-0.0,0.08,-0.11,0.13,-5.85,194.61,-295.31,312.87
EDDM,EGBB,0,77,-8.36,15.23,-30.0,14.96,-0.0,0.07,-0.1,0.11,-5.49,151.36,-220.2,238.0
EDDM,EGCC,0,57,14.86,8.72,0.96,29.44,0.05,0.09,-0.05,0.18,123.22,219.08,-122.74,457.22
EDDM,EGCC,1,44,10.92,18.68,-34.46,36.24,0.02,0.09,-0.1,0.21,61.59,243.01,-245.67,570.61
EDDM,EGLL,0,99,10.25,12.35,-4.17,35.21,0.22,0.13,0.07,0.44,517.04,298.13,174.51,1097.07
EDDM,EGLL,1,267,10.2,11.99,-2.41,34.67,0.15,0.12,-0.01,0.37,351.54,279.85,-29.34,862.99
EDDM,EGLL,2,30,-1.55,14.5,-22.89,19.42,0.11,0.12,-0.03,0.29,266.79,277.95,-79.48,677.63
EDDM,EHAM,0,321,10.98,7.03,-0.6,25.1,0.06,0.06,-0.03,0.15,116.84,128.66,-73.7,327.3
EDDM,EIDW,0,31,0.17,10.45,-14.8,15.5,-0.02,0.09,-0.16,0.11,-53.59,227.9,-365.8,273.95
EDDM,EIDW,1,74,0.4,11.52,-17.81,20.84,0.01,0.1,-0.09,0.11,36.15,250.64,-234.35,285.22
EDDM,EKBI,0,60,0.84,7.37,-6.84,9.07,0.01,0.05,-0.08,0.08,14.35,66.65,-111.34,117.74
EDDM,EKCH,0,207,2.22,10.76,-15.16,18.68,-0.05,0.06,-0.13,0.03,-111.67,123.64,-291.13,61.83
EDDM,ELLX,0,119,-17.16,14.52,-33.81,8.99,-0.1,0.07,-0.17,-0.0,-129.34,87.62,-237.43,-2.29
EDDM,ENGM,0,83,-13.24,12.87,-25.36,4.32,-0.06,0.07,-0.16,0.05,-143.09,170.7,-392.04,108.09
EDDM,ENGM,1,27,-18.24,13.77,-39.91,1.08,-0.08,0.06,-0.15,0.03,-193.33,154.17,-373.63,74.78
EDDM,EPGD,0,21,-46.51,8.23,-61.3,-31.8,-0.15,0.05,-0.22,-0.08,-212.22,64.71,-303.4,-116.7
EDDM,EPGD,1,22,-55.85,10.66,-71.58,-38.67,-0.18,0.05,-0.25,-0.12,-254.55,68.28,-348.83,-163.3
EDDM,EPGD,2,17,-35.16,4.42,-43.84,-30.76,-0.12,0.04,-0.19,-0.06,-173.6,61.76,-266.04,-90.9
EDDM,EPKK,0,90,-29.63,40.68,-115.14,0.0,-0.1,0.14,-0.42,0.01,-232.28,333.73,-835.5,25.72
EDDM,EPPO,0,60,-37.42,8.37,-50.86,-24.3,-0.11,0.06,-0.18,-0.02,-158.95,77.78,-257.86,-22.14
EDDM,EPWA,0,157,-51.39,16.29,-68.2,-15.92,-0.09,0.09,-0.21,0.07,-162.16,163.77,-376.74,131.68
EDDM,EPWA,1,46,-22.07,15.45,-39.2,6.78,-0.07,0.06,-0.15,0.05,-101.08,90.28,-204.72,100.48
EDDM,EPWR,0,80,-36.16,10.96,-52.46,-18.71,-0.11,0.06,-0.19,-0.01,-157.88,97.7,-264.14,-18.8
EDDM,ESGG,0,88,-0.68,10.25,-24.4,12.76,-0.0,0.07,-0.09,0.1,-4.48,153.61,-227.31,226.63
EDDM,ESSA,0,25,3.45,15.21,-24.34,29.0,-0.03,0.14,-0.18,0.06,-80.79,336.03,-412.02,134.2
EDDM,ESSA,1,55,1.38,20.78,-26.7,16.87,-0.02,0.1,-0.15,0.08,-69.29,197.74,-377.67,147.48
EDDM,ESSA,2,57,-3.21,18.91,-28.08,24.68,-0.07,0.1,-0.21,0.11,-164.15,213.91,-473.62,173.98
EDDM,ESSA,3,16,0.32,8.34,-15.27,10.92,-0.07,0.08,-0.17,0.04,-171.18,188.79,-427.48,83.15
EDDM,EVRA,0,51,9.18,12.61,-12.05,26.45,0.04,0.06,-0.05,0.14,78.6,132.22,-97.7,303.4
EDDM,HECA,0,18,22.26,9.51,11.84,38.71,0.07,0.08,-0.03,0.21,186.24,206.32,-64.6,529.61
EDDM,HECA,1,42,26.3,19.37,7.56,61.24,0.14,0.11,-0.03,0.37,335.82,271.95,-78.08,920.51
EDDM,HEGN,0,26,13.57,15.32,3.08,25.2,0.03,0.07,-0.09,0.1,71.96,158.86,-245.42,274.62
EDDM,HEGN,1,32,20.97,15.65,8.28,46.99,0.04,0.08,-0.08,0.15,103.19,204.23,-211.96,425.94
EDDM,KCLT,0,7,-1.93,8.74,-10.88,10.57,0.01,0.08,-0.11,0.09,98.73,545.8,-711.16,612.86
EDDM,KCLT,1,23,-4.28,7.54,-21.54,3.7,-0.0,0.15,-0.11,0.09,-29.65,1005.16,-719.0,625.5
EDDM,KDEN,0,25,-2.46,8.22,-21.44,6.08,0.04,0.08,-0.04,0.23,237.69,452.48,-203.4,1242.98
EDDM,KDEN,1,34,-3.34,5.64,-12.48,3.02,0.01,0.05,-0.05,0.09,62.25,286.52,-270.56,490.09
EDDM,KEWR,0,20,-0.6,7.42,-14.35,9.94,0.03,0.13,-0.14,0.23,168.84,715.53,-771.05,1256.2
EDDM,KEWR,1,9,-7.67,7.9,-21.28,-2.08,0.15,0.08,0.06,0.27,846.08,426.51,356.32,1492.38
EDDM,KIAD,0,15,-0.37,5.76,-11.12,7.09,-0.01,0.08,-0.13,0.1,-96.08,509.71,-845.89,647.9
EDDM,KIAD,1,12,-7.07,8.8,-22.19,3.09,-0.05,0.03,-0.11,-0.02,-354.76,224.24,-722.96,-110.68
EDDM,KORD,0,22,-2.31,9.79,-11.03,2.5,0.01,0.06,-0.07,0.1,81.35,356.62,-481.38,605.65
EDDM,KORD,1,8,-7.15,16.16,-33.42,5.45,0.03,0.14,-0.1,0.25,217.29,887.49,-670.86,1623.93
EDDM,KORD,2,12,-7.69,8.86,-21.92,1.88,-0.02,0.06,-0.1,0.07,-138.27,374.06,-646.42,425.63
EDDM,KORD,3,18,-0.21,2.28,-3.93,3.66,0.06,0.12,-0.12,0.27,346.86,760.44,-758.58,1746.39
EDDM,KSFO,0,20,-3.28,8.75,-26.08,4.45,0.01,0.07,-0.06,0.11,56.52,435.55,-411.55,639.01
EDDM,KSFO,1,40,-1.13,9.7,-7.48,7.82,-0.01,0.05,-0.09,0.06,-54.54,330.01,-587.38,400.5
EDDM,LATI,0,41,-23.49,12.87,-36.6,-1.9,-0.03,0.06,-0.12,0.06,-86.44,139.98,-307.7,151.4
EDDM,LATI,1,15,-17.57,17.41,-32.16,6.66,-0.1,0.11,-0.24,0.06,-252.57,273.59,-578.77,153.57
EDDM,LBSF,0,66,-15.21,22.24,-40.72,14.2,-0.05,0.13,-0.13,0.04,-120.49,303.0,-325.15,95.88
EDDM,LBSF,1,21,-53.07,104.9,-50.7,-0.3,-0.14,0.21,-0.18,-0.0,-344.56,492.23,-412.5,-6.3
EDDM,LDDU,0,35,3.94,8.26,-2.08,19.74,0.05,0.07,-0.02,0.16,128.11,173.08,-62.34,409.69
EDDM,LDDU,1,25,2.95,7.34,-3.96,16.16,0.02,0.03,-0.04,0.06,64.08,88.4,-98.8,171.3
EDDM,LDSP,0,98,4.38,13.21,-14.86,27.6,0.04,0.07,-0.08,0.15,82.73,144.52,-90.44,337.94
EDDM,LDZA,0,70,1.38,20.96,-8.75,18.48,-0.0,0.09,-0.07,0.07,-1.87,138.88,-171.38,146.93
EDDM,LEBB,0,115,-3.47,20.03,-28.49,31.22,-0.01,0.08,-0.12,0.13,-19.65,175.84,-268.84,295.79
EDDM,LEBL,0,52,-8.46,11.88,-24.74,13.55,-0.05,0.08,-0.18,0.07,-120.4,209.16,-432.54,179.96
EDDM,LEBL,1,181,-1.56,13.24,-15.4,22.6,-0.03,0.08,-0.15,0.09,-77.81,210.28,-363.5,256.7
EDDM,LEIB,0,59,-17.14,20.6,-46.23,18.32,-0.06,0.06,-0.15,0.05,-153.39,158.2,-369.53,114.79
EDDM,LEMD,0,68,2.72,12.44,-9.33,31.78,0.02,0.09,-0.09,0.21,42.29,213.66,-197.1,463.85
EDDM,LEMD,1,22,-3.17,12.04,-19.17,12.34,0.03,0.12,-0.13,0.25,88.19,298.47,-288.55,623.75
EDDM,LEMD,2,176,-13.85,18.33,-38.4,6.38,-0.0,0.09,-0.13,0.13,-1.88,214.16,-306.62,304.02
EDDM,LEMG,0,17,-13.03,9.38,-27.36,-0.28,0.02,0.09,-0.09,0.13,60.88,242.91,-239.54,363.24
EDDM,LEMG,1,47,-8.99,9.31,-26.15,2.97,0.02,0.07,-0.1,0.15,55.95,189.22,-249.67,357.98
EDDM,LEPA,0,195,-0.62,11.66,-15.95,21.13,0.03,0.07,-0.08,0.15,72.28,186.07,-205.29,366.85
EDDM,LEPA,1,24,-15.3,17.33,-37.66,2.04,-0.02,0.07,-0.11,0.07,-60.65,158.92,-283.56,168.73
EDDM,LEPA,2,19,-14.02,20.63,-33.42,6.09,-0.0,0.07,-0.08,0.1,-4.03,173.37,-187.19,235.4
EDDM,LFBO,0,25,-3.32,14.14,-34.62,15.92,0.02,0.06,-0.07,0.11,40.02,131.43,-159.18,257.28
EDDM,LFBO,1,83,-0.81,25.91,-32.43,20.11,0.04,0.1,-0.07,0.16,104.03,239.3,-173.94,349.58
EDDM,LFLL,0,91,-1.09,11.93,-12.4,17.3,-0.0,0.06,-0.09,0.09,-7.67,103.74,-159.1,142.35
EDDM,LFML,0,56,12.23,17.32,-10.72,38.3,0.06,0.08,-0.06,0.19,133.51,184.18,-130.75,423.38
EDDM,LFML,1,29,-4.07,16.22,-25.52,20.2,0.03,0.09,-0.07,0.14,62.19,193.52,-162.88,317.76
EDDM,LFMN,0,59,-51.71,17.22,-77.95,-13.15,-0.26,0.08,-0.39,-0.13,-614.91,188.34,-923.66,-309.95
EDDM,LFMN,1,57,-53.51,16.07,-72.04,-30.32,-0.24,0.08,-0.36,-0.11,-540.33,183.78,-820.04,-249.68
EDDM,LFPG,0,31,-13.58,11.57,-27.8,5.8,0.04,0.08,-0.12,0.14,69.88,175.5,-285.65,258.3
EDDM,LFPG,1,83,-5.79,15.78,-27.29,23.52,-0.01,0.09,-0.13,0.14,-20.34,193.26,-322.01,271.69
EDDM,LFPG,2,142,-6.76,13.2,-29.74,16.91,-0.02,0.07,-0.14,0.08,-56.49,159.23,-340.37,193.96
EDDM,LFPG,3,76,-11.59,13.02,-36.08,4.77,-0.0,0.07,-0.09,0.1,-18.55,171.05,-245.0,190.3
EDDM,LFPO,0,60,-6.46,30.06,-45.52,47.4,0.05,0.11,-0.13,0.24,89.59,203.16,-237.97,435.88
EDDM,LGAV,0,86,1.4,15.17,-15.88,22.2,-0.01,0.07,-0.12,0.1,-28.4,165.21,-301.25,246.6
EDDM,LGAV,1,37,-3.67,19.41,-31.28,21.38,-0.0,0.09,-0.15,0.13,-7.71,238.02,-410.62,353.42
EDDM,LGAV,2,18,-0.88,17.59,-21.18,22.99,0.02,0.07,-0.07,0.13,38.6,172.16,-172.1,300.24
EDDM,LGAV,3,34,-5.68,11.62,-22.74,9.2,-0.03,0.06,-0.12,0.07,-76.37,175.06,-367.92,182.78
EDDM,LGAV,4,53,-4.15,17.49,-34.98,21.0,0.05,0.09,-0.1,0.19,232.1,369.99,-263.52,950.32
EDDM,LGIR,0,88,-3.77,10.61,-25.31,10.56,-0.02,0.06,-0.11,0.07,-58.79,142.24,-274.44,166.09
EDDM,LGIR,1,47,-5.46,21.9,-18.64,14.25,0.01,0.07,-0.11,0.1,31.86,183.5,-269.7,265.86
EDDM,LGTS,0,90,-3.56,18.23,-36.9,21.17,0.0,0.07,-0.12,0.12,2.44,169.77,-294.54,272.4
EDDM,LHBP,0,111,-15.26,13.78,-27.2,4.1,-0.04,0.06,-0.13,0.07,-93.06,141.18,-291.55,165.75
EDDM,LIBD,0,60,19.88,15.22,2.07,45.41,0.09,0.08,-0.0,0.22,158.65,140.46,-6.6,390.07
EDDM,LICC,0,26,-26.78,19.06,-47.22,0.08,-0.03,0.07,-0.13,0.03,-76.59,166.42,-308.4,84.75
EDDM,LICC,1,11,-47.82,16.68,-67.85,-25.2,-0.01,0.07,-0.09,0.1,-29.9,200.38,-229.15,284.7
EDDM,LICC,2,49,-31.88,35.87,-72.22,57.32,-0.01,0.12,-0.13,0.21,-23.56,290.54,-333.36,515.72
EDDM,LIEO,0,67,-23.02,16.72,-54.0,-3.36,-0.06,0.08,-0.21,0.02,-148.99,195.65,-554.51,41.67
EDDM,LIEO,1,1,-9.1,,-9.1,-9.1,-0.1,,-0.1,-0.1,-259.7,,-259.7,-259.7
EDDM,LIMC,0,118,-61.22,20.5,-83.32,-25.92,-0.24,0.08,-0.33,-0.11,-429.34,153.15,-600.6,-201.0
EDDM,LIMC,1,18,-33.88,29.18,-64.57,1.81,-0.14,0.14,-0.29,0.1,-538.22,706.43,-2142.16,226.9
EDDM,LIMF,0,71,15.66,14.44,-12.1,35.65,0.07,0.07,-0.04,0.17,135.1,129.23,-75.0,302.75
EDDM,LIML,0,58,-2.44,8.96,-13.44,14.92,-0.01,0.08,-0.08,0.07,-11.38,139.85,-150.0,124.92
EDDM,LIPE,0,87,-0.27,11.5,-11.7,19.77,-0.01,0.05,-0.08,0.08,-20.24,91.86,-150.0,150.0
EDDM,LIPX,0,56,-0.1,3.96,-4.53,1.35,-0.0,0.04,-0.07,0.07,-3.14,77.44,-120.0,120.0
EDDM,LIPZ,0,110,-49.35,14.71,-67.76,-21.6,-0.2,0.06,-0.27,-0.09,-357.75,109.95,-480.0,-164.05
EDDM,LIRF,0,71,-26.42,29.27,-43.4,0.55,-0.11,0.11,-0.22,-0.02,-286.45,289.79,-606.7,-46.7
EDDM,LIRF,1,105,-24.72,17.97,-43.4,7.1,-0.1,0.07,-0.21,0.02,-249.44,191.24,-513.38,45.7
EDDM,LIRN,0,107,-21.11,21.55,-45.85,11.03,-0.05,0.08,-0.15,0.08,-120.34,189.69,-403.64,179.03
EDDM,LIRQ,0,86,30.89,4.29,26.22,40.3,0.03,0.04,-0.03,0.1,63.24,80.17,-60.0,180.0
EDDM,LKPR,0,83,-16.84,12.69,-32.74,0.99,-0.07,0.05,-0.15,0.02,-153.68,115.29,-326.33,36.7
EDDM,LLBG,0,51,9.23,10.44,-4.1,27.3,0.01,0.06,-0.06,0.11,25.61,144.96,-144.3,281.55
EDDM,LLBG,1,16,10.35,14.16,-3.48,33.83,-0.0,0.11,-0.12,0.17,-4.99,295.16,-323.18,436.65
EDDM,LLBG,2,20,6.26,9.0,-2.8,22.57,-0.01,0.07,-0.12,0.09,-33.96,165.02,-293.78,216.64
EDDM,LMML,0,34,23.06,13.82,2.08,36.78,0.05,0.07,-0.07,0.13,126.84,160.18,-164.65,302.92
EDDM,LMML,1,27,18.36,10.99,-3.08,33.41,0.05,0.05,-0.02,0.13,114.19,120.13,-49.49,289.27
EDDM,LMML,2,19,20.78,12.66,-0.41,35.99,0.05,0.09,-0.05,0.14,115.78,203.79,-120.49,350.31
EDDM,LOWG,0,40,2.33,5.58,-5.82,9.71,0.05,0.06,-0.02,0.15,102.0,113.22,-23.3,300.0
EDDM,LOWG,1,34,3.22,5.45,-4.24,10.27,0.01,0.04,-0.05,0.07,14.27,59.39,-63.01,104.46
EDDM,LOWW,0,171,6.35,14.71,-9.5,29.8,0.0,0.07,-0.08,0.12,2.16,133.36,-187.5,245.0
EDDM,LPPR,0,59,0.69,15.44,-17.42,26.74,0.03,0.08,-0.07,0.12,82.91,200.11,-169.19,326.7
EDDM,LPPT,0,149,-9.94,17.5,-38.0,16.8,0.04,0.09,-0.08,0.18,111.64,234.28,-208.3,483.36
EDDM,LRCL,0,60,1.67,6.69,-10.9,11.81,0.04,0.05,-0.04,0.12,73.0,93.54,-64.65,208.07
EDDM,LROP,0,85,-34.57,10.66,-41.58,-11.36,-0.12,0.06,-0.23,-0.02,-283.76,152.67,-536.68,-46.62
EDDM,LRSB,0,61,12.87,12.45,-7.5,26.7,0.03,0.06,-0.07,0.13,40.7,85.8,-94.9,179.3
EDDM,LRTR,0,23,-3.84,7.85,-10.35,2.53,-0.0,0.04,-0.05,0.08,0.82,77.12,-94.58,136.52
EDDM,LRTR,1,64,-2.79,11.38,-9.58,23.28,-0.0,0.04,-0.06,0.08,-3.89,89.57,-132.84,143.8
EDDM,LSGG,0,17,-4.96,7.46,-16.68,1.66,0.02,0.04,-0.06,0.06,41.43,70.41,-91.26,116.7
EDDM,LSGG,1,26,-11.81,9.65,-26.08,2.82,0.0,0.05,-0.09,0.06,2.19,80.52,-137.0,95.42
EDDM,LSGG,2,49,-8.33,6.87,-13.1,-2.34,0.0,0.06,-0.08,0.12,11.13,109.43,-123.98,192.0
EDDM,LSGG,3,27,-7.47,7.51,-13.6,-2.3,-0.01,0.04,-0.07,0.05,-20.15,69.03,-128.3,81.85
EDDM,LSZH,0,160,8.75,10.13,-8.41,23.2,0.03,0.07,-0.07,0.14,61.37,138.38,-128.62,277.78
EDDM,LTAI,0,20,9.23,20.16,-23.56,36.82,0.09,0.12,-0.03,0.26,218.25,303.41,-87.14,647.75
EDDM,LTAI,1,18,-1.27,20.57,-22.16,31.0,0.06,0.17,-0.09,0.47,146.27,412.46,-220.81,1103.12
EDDM,LTAI,2,47,-3.76,17.69,-28.74,20.98,0.08,0.11,-0.08,0.29,179.68,259.86,-208.3,666.19
EDDM,LTAI,3,63,5.92,28.89,-21.99,44.93,0.1,0.12,-0.01,0.33,241.39,273.69,-32.94,795.97
EDDM,LTAI,4,21,-4.36,12.56,-25.4,17.0,0.02,0.11,-0.17,0.16,59.77,266.16,-416.7,411.1
EDDM,LTAI,5,23,2.54,12.67,-15.05,25.93,0.07,0.08,-0.05,0.17,162.97,194.15,-120.0,380.97
EDDM,LTBJ,0,19,13.26,16.9,-1.76,26.16,0.06,0.09,-0.02,0.24,134.26,222.62,-48.0,580.0
EDDM,LTBJ,1,41,15.69,9.82,-4.4,28.7,0.04,0.07,-0.03,0.1,104.14,170.42,-80.0,240.0
EDDM,LTBJ,2,14,42.93,57.55,10.27,114.83,0.13,0.27,-0.06,0.71,323.15,666.82,-134.0,1783.2
EDDM,LTFJ,0,31,-4.15,41.67,-35.3,54.8,0.04,0.18,-0.12,0.4,106.65,437.98,-312.5,999.95
EDDM,LTFJ,1,44,-10.61,25.11,-36.74,39.02,0.02,0.13,-0.12,0.22,39.74,312.82,-291.68,541.69
EDDM,LTFM,0,19,-14.74,18.19,-37.82,15.0,-0.04,0.1,-0.22,0.09,-227.89,553.52,-1374.3,282.4
EDDM,LTFM,1,51,-31.81,15.86,-49.2,-1.75,-0.06,0.11,-0.15,0.07,-279.15,614.03,-953.25,376.65
EDDM,LTFM,2,22,-21.53,13.02,-35.74,1.17,-0.1,0.11,-0.27,0.05,-536.73,634.79,-1648.14,137.17
EDDM,LTFM,3,28,-16.64,29.38,-40.58,45.38,0.01,0.14,-0.08,0.2,43.41,401.01,-263.69,569.14
EDDM,LYBE,0,53,-6.45,19.51,-26.2,33.08,0.0,0.08,-0.11,0.16,8.54,173.42,-228.56,337.96
EDDM,OMDB,0,60,20.26,21.07,-7.02,52.9,0.26,0.13,0.08,0.45,3135.33,1603.93,923.0,5460.36
EDDM,OTHH,0,69,26.05,19.2,-0.56,54.9,0.1,0.09,-0.03,0.24,645.14,573.82,-156.62,1707.54
EDDM,VTBS,0,17,-0.04,3.91,-4.36,6.82,0.01,0.04,-0.04,0.07,76.38,206.84,-236.54,387.02
EDDM,VTBS,1,23,-3.3,4.42,-9.17,4.41,-0.02,0.04,-0.07,0.05,-102.2,247.65,-401.67,285.3
EDDM,VTBS,2,20,1.16,4.39,-3.74,8.0,0.06,0.05,0.01,0.12,321.44,263.82,33.42,710.54
EDDM,WSSS,0,33,-1.94,7.03,-10.66,10.6,0.15,0.06,0.09,0.24,887.13,355.06,514.86,1368.82
EDDM,WSSS,1,18,-4.52,10.23,-16.45,4.02,0.08,0.04,0.04,0.17,471.97,241.84,252.62,959.35
EDDN,EDDF,0,133,-13.21,21.14,-44.7,16.68,-0.12,0.07,-0.23,-0.02,-232.06,158.84,-528.1,-29.76
EDDN,EHAM,0,100,12.95,9.07,-0.04,28.03,0.07,0.07,-0.03,0.19,153.94,150.51,-58.66,409.38
EDDN,LEPA,0,159,-10.87,12.51,-28.6,12.16,-0.0,0.07,-0.1,0.1,-12.5,168.85,-249.44,249.65
EDDN,LFPG,0,50,-21.67,19.11,-43.62,11.65,0.07,0.06,-0.04,0.17,149.3,138.55,-100.76,383.37
EDDN,LFPG,1,43,-27.23,14.49,-47.04,-4.73,0.05,0.07,-0.02,0.16,99.97,130.34,-41.21,314.35
EDDN,LFPG,2,20,5.41,16.65,-14.69,34.42,0.07,0.06,-0.0,0.15,165.35,131.01,-8.26,355.1
EDDN,LSZH,0,38,-19.67,9.21,-29.06,-4.69,-0.07,0.13,-0.24,0.17,-170.36,291.33,-543.92,331.3
EDDN,LTAI,0,170,-8.19,17.56,-40.33,19.54,0.06,0.1,-0.06,0.2,145.83,224.23,-133.25,480.0
EDDN,LTFM,0,88,-32.94,15.28,-53.26,-5.42,-0.04,0.06,-0.12,0.06,-108.7,151.79,-326.67,160.24
EDDP,EBBR,0,13,-27.95,13.4,-44.18,-8.28,-0.06,0.04,-0.11,-0.01,-228.62,163.12,-452.0,-37.98
EDDP,EBBR,1,17,-8.92,9.06,-20.28,7.22,-0.02,0.07,-0.13,0.07,-111.29,323.79,-586.64,273.8
EDDP,EBBR,2,16,-22.84,7.35,-33.85,-11.08,-0.03,0.06,-0.14,0.04,-215.65,387.18,-832.5,305.5
EDDP,EBBR,3,16,-6.84,11.65,-26.75,7.8,0.02,0.05,-0.06,0.09,105.69,211.41,-233.35,349.98
EDDP,EBBR,4,5,-23.58,9.13,-34.54,-14.1,-0.03,0.06,-0.11,0.03,-217.66,361.63,-668.3,120.04
EDDP,EDDF,0,185,-39.43,21.96,-62.9,-1.62,-0.16,0.07,-0.28,-0.05,-518.99,449.27,-1599.9,-97.6
EDDP,EDDK,0,24,21.44,14.86,-1.82,39.2,0.13,0.1,0.03,0.31,373.27,319.45,66.56,957.83
EDDP,EDDK,1,31,9.68,17.92,-10.25,36.75,0.11,0.09,-0.03,0.26,368.23,288.69,-109.85,794.0
EDDP,EDDM,0,44,-24.26,9.59,-34.95,-14.62,-0.15,0.05,-0.22,-0.07,-235.33,96.49,-425.54,-104.0
EDDP,EDDM,1,4,-37.07,19.5,-59.81,-19.63,-0.11,0.09,-0.19,-0.01,-158.88,121.57,-272.47,-32.79
EDDP,EGNX,0,23,-14.46,16.1,-36.23,7.27,0.02,0.07,-0.05,0.13,115.04,348.34,-264.05,724.12
EDDP,EGNX,1,70,-7.05,13.5,-21.76,19.3,0.03,0.05,-0.04,0.12,165.77,244.89,-185.7,728.08
EDDP,EGNX,2,54,-14.54,27.39,-29.84,8.18,0.01,0.06,-0.07,0.09,98.83,422.21,-354.04,644.92
EDDP,EKCH,0,30,-28.06,22.78,-40.93,-11.83,-0.1,0.06,-0.19,-0.02,-357.02,224.49,-582.34,-60.99
EDDP,KCVG,0,21,-9.08,20.39,-29.2,6.3,0.0,0.06,-0.1,0.06,26.69,326.1,-537.8,407.3
EDDP,KCVG,1,12,-5.8,20.67,-36.82,5.07,0.02,0.05,-0.06,0.07,123.21,365.86,-433.5,448.51
EDDP,KCVG,2,17,-15.18,34.07,-70.92,2.54,0.01,0.06,-0.08,0.09,64.91,376.25,-524.64,621.56
EDDP,LEMD,0,25,-6.14,7.86,-17.6,9.4,-0.0,0.08,-0.11,0.11,-18.54,196.3,-337.28,276.0
EDDP,LEPA,0,87,-10.31,17.8,-40.39,15.47,0.0,0.08,-0.14,0.13,13.37,222.07,-338.94,349.75
EDDP,LFPG,0,20,-5.95,21.15,-32.44,19.36,0.02,0.13,-0.1,0.2,126.25,720.78,-266.71,862.95
EDDP,LFPG,1,47,-2.47,21.59,-23.67,34.98,0.02,0.06,-0.07,0.11,111.86,254.48,-216.23,598.3
EDDP,LIMC,0,66,-43.89,19.41,-66.08,1.95,-0.16,0.08,-0.3,-0.02,-572.99,360.05,-1016.42,-43.3
EDDP,LIMC,1,17,-64.84,20.13,-85.58,-20.6,-0.21,0.04,-0.26,-0.15,-895.16,373.09,-1338.38,-360.0
EDDP,LOWW,0,68,6.6,17.68,-23.07,37.87,0.09,0.07,0.0,0.22,175.98,131.84,0.0,410.02
EDDP,LTAI,0,75,-6.94,23.59,-49.84,25.48,0.08,0.13,-0.12,0.31,182.75,303.67,-280.0,696.0
EDDP,LTAI,1,66,-11.18,22.73,-45.68,23.38,0.06,0.11,-0.08,0.25,130.93,250.08,-193.75,612.65
EDDP,LTFM,0,21,-32.17,17.63,-62.2,-10.2,-0.02,0.22,-0.23,0.1,-49.92,542.58,-563.4,240.0
EDDP,VHHH,0,31,-12.19,22.51,-33.9,11.25,-0.01,0.1,-0.13,0.08,-53.19,796.97,-1033.5,648.9
EDDP,VHHH,1,25,-9.27,21.37,-35.4,16.34,-0.03,0.07,-0.13,0.08,-212.43,543.76,-1022.2,594.08
EDDS,BKPR,0,41,-21.23,23.4,-64.6,8.4,-0.03,0.08,-0.2,0.07,-87.54,232.57,-500.0,166.6
EDDS,BKPR,1,22,-52.19,16.23,-70.0,-19.78,-0.1,0.06,-0.18,-0.02,-296.29,201.56,-568.4,-51.7
EDDS,EDDB,0,125,-1.13,15.04,-28.82,24.3,0.03,0.06,-0.06,0.11,71.38,138.8,-142.96,276.82
EDDS,EDDB,1,52,-0.2,14.4,-19.42,25.33,0.04,0.05,-0.05,0.11,82.96,120.21,-118.83,235.6
EDDS,EDDF,0,121,-27.68,16.08,-50.6,0.1,-0.17,0.05,-0.26,-0.08,-397.78,137.76,-622.9,-175.4
EDDS,EDDH,0,148,-30.21,12.67,-45.03,-4.12,-0.13,0.05,-0.22,-0.05,-289.48,114.0,-489.38,-107.47
EDDS,EDDM,0,112,2.23,13.62,-13.52,26.17,-0.04,0.06,-0.13,0.07,-52.84,90.4,-175.06,118.62
EDDS,EGLL,0,136,-7.34,11.24,-19.1,12.65,0.15,0.11,-0.01,0.33,331.38,244.57,-17.68,733.02
EDDS,EHAM,0,49,-0.64,8.86,-14.08,14.88,0.0,0.05,-0.07,0.08,7.22,119.91,-150.3,182.08
EDDS,EHAM,1,94,0.09,9.25,-12.39,15.15,-0.02,0.06,-0.11,0.08,-43.39,117.42,-235.51,154.52
EDDS,EHAM,2,17,-8.37,18.86,-38.64,13.5,0.03,0.08,-0.08,0.13,67.75,174.22,-159.76,296.86
EDDS,LEBL,0,100,-9.21,11.28,-33.25,11.62,-0.03,0.07,-0.14,0.09,-65.22,178.03,-348.46,216.36
EDDS,LEPA,0,243,-12.01,16.68,-37.09,13.91,0.01,0.08,-0.1,0.14,17.69,193.71,-244.41,343.37
EDDS,LFPG,0,76,6.38,17.79,-7.12,38.6,0.13,0.08,0.03,0.26,292.38,175.0,95.15,603.67
EDDS,LGIR,0,23,-25.73,18.67,-54.2,2.22,-0.03,0.04,-0.08,0.03,-72.91,105.63,-209.85,77.85
EDDS,LGIR,1,18,-13.83,7.76,-22.69,1.61,-0.05,0.04,-0.1,0.01,-130.52,94.01,-242.2,18.99
EDDS,LGIR,2,48,-9.1,10.34,-25.18,6.23,-0.02,0.05,-0.1,0.08,-47.68,126.97,-212.0,189.85
EDDS,LGTS,0,64,-12.7,17.78,-42.11,18.09,-0.04,0.06,-0.15,0.06,-100.21,150.81,-362.64,144.27
EDDS,LOWW,0,140,3.03,17.18,-12.3,30.3,0.01,0.09,-0.13,0.15,16.56,191.43,-309.26,300.0
EDDS,LSZH,0,59,-19.56,7.97,-26.24,-0.38,-0.01,0.07,-0.1,0.08,-37.82,156.23,-256.49,199.99
EDDS,LTAI,0,56,-7.49,16.08,-31.17,15.05,0.01,0.09,-0.13,0.17,26.22,230.35,-333.32,391.65
EDDS,LTAI,1,56,-6.54,13.04,-26.18,13.38,0.05,0.07,-0.05,0.17,109.14,175.86,-128.32,387.48
EDDS,LTAI,2,87,-11.37,19.68,-45.95,17.34,0.02,0.08,-0.11,0.18,44.59,196.98,-268.0,409.69
EDDS,LTAI,3,22,-9.96,11.33,-29.06,9.84,0.03,0.07,-0.05,0.1,90.61,206.85,-120.0,278.0
EDDS,LTBJ,0,40,2.21,32.32,-72.39,33.28,-0.03,0.09,-0.2,0.08,-65.6,213.51,-480.0,202.0
EDDS,LTBJ,1,19,-9.45,27.32,-78.62,18.73,-0.04,0.07,-0.17,0.05,-103.86,177.57,-416.0,106.5
EDDS,LTBJ,2,22,6.14,25.02,-46.13,44.29,0.02,0.08,-0.12,0.13,43.01,196.41,-280.0,316.0
EDDS,LTFJ,0,15,-12.75,18.86,-34.01,24.68,0.04,0.16,-0.09,0.34,101.78,393.86,-227.48,804.0
EDDS,LTFJ,1,45,-20.7,25.05,-66.0,17.92,-0.0,0.12,-0.16,0.21,1.44,291.37,-395.0,529.36
EDDS,LTFJ,2,32,-10.11,22.16,-40.94,20.33,0.04,0.18,-0.13,0.28,97.48,436.59,-318.67,691.68
EDDS,LTFM,0,100,-20.25,26.74,-43.9,9.14,-0.02,0.16,-0.13,0.1,-54.95,482.52,-360.67,286.92
EDDS,LTFM,1,20,-29.76,23.82,-62.9,12.1,-0.07,0.09,-0.15,0.09,-195.84,242.37,-428.17,245.07
EDDV,EDDF,0,128,-33.69,22.23,-56.56,-7.94,-0.21,0.11,-0.31,-0.11,-489.65,261.02,-753.26,-218.08
EDDV,EDDM,0,164,-25.32,14.33,-44.5,-0.5,-0.16,0.08,-0.29,-0.03,-381.47,200.49,-676.02,-61.08
EDDV,EGLL,0,41,11.1,12.37,0.6,30.6,0.23,0.11,0.1,0.43,557.59,275.28,225.0,1111.8
EDDV,EGLL,1,18,17.49,15.75,0.15,45.25,0.31,0.14,0.14,0.56,732.56,318.89,338.97,1368.87
EDDV,EHAM,0,104,4.41,8.65,-8.68,22.13,0.04,0.05,-0.04,0.12,69.0,90.95,-79.53,215.6
EDDV,LEBL,0,80,-4.47,13.8,-20.84,12.79,-0.09,0.09,-0.21,0.06,-210.36,222.03,-493.1,155.01
EDDV,LEPA,0,39,-6.46,14.04,-23.03,16.82,-0.03,0.06,-0.13,0.05,-86.02,141.06,-327.78,136.64
EDDV,LEPA,1,15,-14.75,18.46,-41.68,11.47,-0.03,0.05,-0.1,0.04,-68.57,123.52,-250.08,97.5
EDDV,LEPA,2,35,-12.13,10.9,-26.13,3.86,-0.05,0.06,-0.14,0.08,-122.05,151.74,-304.25,201.41
EDDV,LEPA,3,32,-14.43,19.31,-42.47,17.01,0.01,0.07,-0.1,0.14,30.74,164.87,-228.72,322.1
EDDV,LFPG,0,45,-15.23,16.3,-35.94,14.94,0.06,0.07,-0.04,0.17,142.87,177.03,-106.86,390.84
EDDV,LFPG,1,59,-13.41,15.46,-32.09,19.27,0.07,0.06,-0.01,0.16,141.97,120.0,-28.88,323.07
EDDV,LFPG,2,18,-12.68,14.52,-30.63,10.81,0.07,0.08,-0.04,0.17,111.76,151.54,-142.19,285.03
EDDV,LOWW,0,77,9.28,16.5,-9.0,37.68,0.06,0.05,-0.0,0.15,140.35,122.2,-6.0,378.0
EDDV,LSZH,0,53,-18.44,9.55,-28.06,-1.26,-0.02,0.1,-0.18,0.17,-51.05,231.81,-435.98,369.66
EDDV,LTAI,0,38,-5.86,10.98,-21.14,9.94,0.09,0.07,-0.02,0.2,213.14,175.43,-49.75,483.0
EDDV,LTAI,1,33,-3.55,14.97,-27.88,18.8,0.08,0.08,-0.09,0.19,179.55,195.7,-212.64,464.7
EDDV,LTAI,2,22,-1.86,20.89,-30.24,25.69,0.06,0.14,-0.08,0.18,147.34,365.86,-206.32,508.73
EDDV,LTAI,3,102,-7.38,22.37,-29.76,15.48,0.09,0.12,-0.03,0.22,201.05,266.9,-83.14,499.92
EDDV,LTAI,4,43,-7.39,15.14,-26.3,21.86,0.08,0.09,-0.07,0.21,183.88,200.88,-156.5,451.5
EDDV,LTFJ,0,56,-20.62,22.03,-47.15,28.08,-0.02,0.1,-0.14,0.18,-54.39,239.43,-343.8,447.95
EDDV,LTFM,0,104,-26.66,29.11,-64.87,21.36,0.02,0.14,-0.11,0.26,42.39,400.75,-319.7,739.61
EDDW,EDDF,0,135,-36.87,16.03,-55.53,-13.0,-0.22,0.07,-0.33,-0.1,-450.96,188.54,-750.88,-188.67
EDDW,EDDM,0,70,-23.99,15.44,-36.51,9.22,-0.14,0.07,-0.23,-0.04,-293.3,163.96,-528.01,-95.37
EDDW,EDDM,1,36,-26.14,12.55,-40.75,-7.95,-0.12,0.05,-0.21,-0.05,-248.37,118.71,-446.33,-107.28
EDDW,EDDM,2,15,-16.15,14.82,-30.83,12.43,-0.11,0.09,-0.23,0.02,-250.95,201.93,-504.04,53.41
EDDW,EDDM,3,15,-15.57,9.2,-23.17,1.09,-0.17,0.06,-0.26,-0.1,-304.22,147.03,-554.32,-146.49
EDDW,EHAM,0,98,0.1,9.19,-12.52,16.23,0.03,0.04,-0.05,0.09,55.52,79.07,-81.5,180.82
EDDW,LEPA,0,76,-8.24,13.35,-24.72,16.8,0.02,0.08,-0.09,0.16,38.15,191.18,-208.4,390.5
EDDW,LTAI,0,26,-0.83,30.86,-32.0,18.48,0.08,0.12,-0.07,0.25,175.51,282.23,-181.25,516.25
EDDW,LTAI,1,29,1.93,32.04,-23.68,40.76,0.08,0.13,-0.06,0.32,177.88,289.39,-146.0,768.38
EDDW,LTFM,0,50,-17.96,16.98,-45.53,3.45,0.04,0.16,-0.09,0.17,95.02,384.74,-244.0,398.98
EDJA,LEPA,0,34,-0.8,12.21,-11.37,22.49,0.05,0.09,-0.05,0.21,124.54,209.21,-119.0,497.71
EDJA,LEPA,1,19,-10.53,11.0,-30.45,4.11,0.0,0.07,-0.09,0.1,11.46,163.27,-211.37,244.63
EDLP,EDDM,0,59,3.25,14.86,-14.7,26.13,-0.07,0.07,-0.15,0.05,-98.61,97.17,-210.57,72.45
EDLP,LEPA,0,68,-6.07,16.47,-26.5,16.33,-0.01,0.08,-0.1,0.1,-17.56,194.42,-252.8,257.95
EDLP,LTAI,0,19,-15.04,39.72,-41.07,13.13,0.05,0.16,-0.09,0.21,126.75,381.05,-205.72,503.93
EDLP,LTAI,1,32,-22.19,13.55,-40.79,-0.77,0.05,0.08,-0.04,0.16,117.61,178.25,-95.4,372.47
EDLP,LTAI,2,42,-30.23,16.46,-55.61,-1.09,-0.04,0.08,-0.17,0.09,-96.19,203.25,-414.83,222.21
EDLV,LEPA,0,56,-1.65,17.33,-28.2,28.6,0.02,0.08,-0.09,0.14,34.53,173.97,-194.8,314.42
EDLW,EPKT,0,94,-20.17,16.45,-48.37,4.14,0.0,0.05,-0.05,0.06,8.75,128.55,-143.01,157.21
EDLW,LEPA,0,36,-4.34,12.82,-15.95,19.27,0.0,0.08,-0.12,0.11,6.1,194.93,-307.6,265.12
EDLW,LEPA,1,41,-20.98,10.98,-41.0,-5.4,-0.04,0.06,-0.13,0.06,-103.57,147.92,-322.3,128.9
EDNY,EDDF,0,106,-35.82,14.74,-57.0,-5.72,-0.18,0.04,-0.24,-0.11,-252.42,67.58,-349.48,-152.05
EDSB,LEPA,0,59,-26.38,14.41,-46.78,-4.17,-0.06,0.08,-0.17,0.06,-146.8,181.45,-403.53,135.9
EDSB,LEPA,1,30,-27.78,16.36,-47.7,0.34,-0.03,0.08,-0.16,0.09,-65.47,193.29,-395.31,223.1
EDSB,LEPA,2,17,-27.82,13.16,-43.54,-7.98,-0.03,0.07,-0.09,0.05,-67.56,157.65,-227.84,126.26
EEKE,EETN,0,51,-12.42,8.82,-21.95,0.0,0.01,0.08,-0.05,0.07,3.94,50.32,-32.5,43.35
EETN,EDDF,0,74,-32.74,19.6,-56.06,-3.39,-0.21,0.07,-0.31,-0.1,-520.92,174.46,-795.17,-237.82
EETN,EEKE,0,51,1.71,2.42,0.0,7.0,0.05,0.03,0.02,0.1,33.35,16.75,10.85,65.0
EETN,EFHK,0,221,15.04,6.65,1.1,22.3,0.1,0.03,0.04,0.16,93.66,45.09,36.2,175.4
EETN,EPWA,0,99,-32.02,16.28,-53.44,-1.36,-0.14,0.08,-0.22,-0.02,-262.43,155.59,-460.1,-33.8
EETN,ESSA,0,67,-15.46,16.38,-31.7,12.48,-0.01,0.09,-0.1,0.13,-10.81,139.81,-145.47,181.76
EETN,ESSA,1,43,-4.75,17.17,-33.76,16.41,0.02,0.09,-0.12,0.17,25.3,109.78,-109.62,191.07
EETN,ESSA,2,26,-2.7,17.87,-29.22,18.15,0.07,0.1,-0.07,0.24,95.87,128.07,-58.6,340.78
EETN,EVRA,0,120,2.76,7.88,-5.06,20.76,0.04,0.05,-0.01,0.14,77.68,90.0,-15.32,256.65
EETN,LTAI,0,16,2.26,16.13,-10.22,21.8,0.12,0.09,0.02,0.23,302.84,202.79,41.7,564.12
EETN,LTAI,1,17,1.79,35.05,-28.82,40.84,0.1,0.18,-0.09,0.31,239.65,413.08,-208.0,730.34
EFHK,BIKF,0,56,-4.2,13.9,-29.12,9.93,0.04,0.06,-0.02,0.17,105.8,149.35,-53.68,357.48
EFHK,EBBR,0,42,-2.6,35.26,-24.34,21.79,0.06,0.18,-0.05,0.17,166.44,409.82,-139.16,462.7
EFHK,EBBR,1,45,-3.17,10.45,-13.64,8.8,0.05,0.06,-0.03,0.16,180.76,264.87,-100.0,652.54
EFHK,EDDB,0,39,8.48,10.06,-1.99,25.13,0.07,0.07,0.0,0.16,182.65,166.96,9.04,390.27
EFHK,EDDB,1,19,12.66,11.17,-0.7,28.43,0.08,0.06,0.0,0.15,203.46,141.46,8.8,346.38
EFHK,EDDB,2,25,-3.77,16.68,-36.2,14.0,0.04,0.06,-0.04,0.14,91.91,167.18,-93.84,391.54
EFHK,EDDB,3,38,11.21,9.41,-5.26,27.12,0.08,0.05,0.01,0.15,202.33,130.59,12.13,374.33
EFHK,EDDF,0,45,-43.3,16.81,-62.02,-5.96,-0.13,0.07,-0.23,-0.03,-327.74,205.44,-599.14,-70.48
EFHK,EDDF,1,90,-26.71,19.44,-54.06,-3.16,-0.18,0.1,-0.35,-0.04,-445.64,263.87,-896.29,-95.14
EFHK,EDDH,0,24,-17.69,11.09,-28.54,1.98,-0.01,0.04,-0.05,0.09,-16.35,95.72,-117.7,197.22
EFHK,EDDH,1,33,-14.19,17.18,-27.86,20.36,-0.01,0.06,-0.09,0.09,-19.87,139.13,-207.84,195.66
EFHK,EDDL,0,19,1.39,7.14,-11.72,11.74,0.03,0.06,-0.06,0.12,79.2,142.99,-121.32,263.56
EFHK,EDDL,1,38,-0.87,8.31,-13.9,7.37,0.06,0.07,-0.04,0.14,148.77,161.81,-95.28,341.92
EFHK,EDDM,0,37,-3.21,12.17,-21.26,15.58,-0.04,0.09,-0.16,0.07,-111.65,211.14,-421.54,168.48
EFHK,EDDM,1,91,-3.85,13.85,-22.95,26.35,-0.05,0.07,-0.16,0.04,-122.85,177.24,-422.15,96.45
EFHK,EDDM,2,22,-3.59,14.11,-22.47,19.77,-0.03,0.1,-0.16,0.13,-76.76,246.13,-456.48,293.45
EFHK,EETN,0,238,-3.0,5.35,-11.62,2.3,0.0,0.03,-0.03,0.05,6.87,37.17,-29.92,80.0
EFHK,EFKK,0,50,-20.97,10.74,-33.76,-1.75,-0.11,0.05,-0.17,-0.03,-91.64,39.42,-144.96,-22.79
EFHK,EFKU,0,113,1.47,11.33,-16.48,21.76,0.01,0.05,-0.07,0.08,7.2,40.48,-58.62,66.58
EFHK,EFOU,0,46,-6.19,7.32,-22.18,0.0,0.03,0.03,-0.02,0.08,73.17,73.98,-40.17,182.65
EFHK,EFOU,1,25,-13.02,12.56,-37.04,0.0,0.01,0.05,-0.07,0.07,23.35,119.53,-147.96,203.16
EFHK,EFOU,2,47,-7.26,12.38,-14.67,1.96,0.02,0.05,-0.06,0.09,48.21,131.52,-134.97,207.47
EFHK,EFOU,3,101,-11.53,7.9,-28.5,-3.2,-0.05,0.05,-0.13,0.02,-41.25,47.06,-113.3,14.4
EFHK,EFRO,0,46,-15.97,11.96,-29.12,2.75,-0.06,0.07,-0.16,0.04,-51.02,58.24,-136.25,34.3
EFHK,EFRO,1,55,-12.82,11.23,-27.73,1.03,0.04,0.03,-0.02,0.09,87.12,76.28,-43.44,199.53
EFHK,EFRO,2,28,-11.19,24.23,-34.99,24.76,0.01,0.06,-0.07,0.09,18.3,132.35,-175.08,220.19
EFHK,EFVA,0,84,-26.42,11.79,-37.08,0.0,-0.15,0.05,-0.22,-0.06,-128.34,44.84,-186.92,-46.91
EFHK,EGLL,0,49,6.53,11.37,-4.12,29.06,0.21,0.11,0.07,0.42,1079.97,714.45,209.68,2464.66
EFHK,EGLL,1,36,13.39,16.1,-3.05,33.57,0.24,0.14,0.08,0.52,674.42,556.48,206.9,1434.42
EFHK,EGLL,2,38,5.06,10.23,-10.14,18.52,0.15,0.11,0.01,0.32,649.47,540.99,39.17,1729.61
EFHK,EHAM,0,69,8.88,6.88,-1.18,20.9,0.09,0.04,0.02,0.17,307.72,215.8,46.64,705.06
EFHK,EHAM,1,37,9.56,7.0,-0.9,22.34,0.1,0.05,0.03,0.18,372.22,227.29,115.06,885.94
EFHK,EHAM,2,47,9.93,5.86,0.02,18.14,0.08,0.05,0.02,0.16,200.5,121.42,36.6,390.28
EFHK,EKCH,0,249,-13.32,11.52,-29.12,9.46,-0.09,0.08,-0.23,0.03,-204.0,186.09,-545.88,59.34
EFHK,ENGM,0,141,-3.72,9.0,-16.6,3.4,0.01,0.04,-0.06,0.08,35.07,129.73,-130.7,178.3
EFHK,EPWA,0,86,-35.96,16.25,-56.35,-3.3,-0.1,0.06,-0.17,0.02,-225.57,129.69,-369.38,35.25
EFHK,ESGG,0,114,-0.29,8.75,-11.44,18.44,0.0,0.06,-0.1,0.1,3.92,53.77,-80.85,85.74
EFHK,ESSA,0,287,2.0,12.57,-28.81,21.85,0.07,0.09,-0.06,0.22,171.05,224.53,-114.19,550.39
EFHK,ESSA,1,35,-3.16,10.9,-16.15,15.89,0.07,0.06,-0.0,0.17,154.12,144.62,-5.61,386.87
EFHK,ESSA,2,106,-1.21,11.65,-30.95,17.6,0.03,0.08,-0.13,0.14,52.83,142.84,-152.23,332.78
EFHK,EVRA,0,223,0.28,9.25,-15.03,20.88,-0.0,0.05,-0.08,0.08,3.3,64.71,-76.17,107.4
EFHK,EYVI,0,72,-15.5,8.72,-34.34,0.08,-0.03,0.05,-0.11,0.05,-26.89,43.03,-91.34,42.5
EFHK,EYVI,1,45,-12.04,7.63,-18.68,5.84,-0.01,0.05,-0.08,0.1,-9.67,45.61,-69.58,82.18
EFHK,LEMG,0,24,-7.0,9.52,-20.47,5.5,0.07,0.07,-0.03,0.17,193.07,194.71,-77.4,478.36
EFHK,LEMG,1,15,-7.37,9.01,-20.82,3.79,-0.01,0.09,-0.17,0.1,-22.18,232.8,-417.01,290.99
EFHK,LEMG,2,15,-3.85,9.68,-13.3,15.38,0.02,0.06,-0.09,0.09,65.77,163.03,-216.6,253.58
EFHK,LEMG,3,40,-4.72,13.59,-25.5,15.76,0.03,0.08,-0.1,0.17,78.96,210.76,-235.33,455.94
EFHK,LFPG,0,28,-3.3,8.76,-11.28,16.52,0.04,0.06,-0.04,0.14,85.59,123.36,-91.93,294.51
EFHK,LFPG,1,22,-4.87,12.45,-19.06,21.17,0.03,0.05,-0.08,0.09,70.8,132.51,-155.54,253.1
EFHK,LFPG,2,17,-10.54,14.59,-25.44,12.34,0.05,0.08,-0.11,0.15,89.42,147.49,-214.26,282.46
EFHK,LFPG,3,41,-9.78,16.47,-38.3,18.8,0.06,0.07,-0.03,0.17,143.85,154.74,-84.0,412.3
EFHK,LFPG,4,33,-6.96,10.47,-20.78,8.36,0.03,0.06,-0.08,0.13,74.93,167.3,-207.12,340.82
EFHK,LGRP,0,31,9.77,15.43,-4.45,41.0,0.07,0.06,-0.02,0.14,166.55,149.28,-62.85,387.35
EFHK,LGRP,1,22,5.47,7.04,-1.12,17.1,0.02,0.05,-0.04,0.13,57.76,122.91,-103.87,295.49
EFHK,LGRP,2,20,10.46,8.99,-2.07,21.7,0.08,0.08,-0.05,0.23,194.88,199.55,-102.69,605.52
EFHK,LGSA,0,77,6.95,9.86,-7.98,21.06,0.03,0.06,-0.08,0.13,75.6,153.63,-186.58,296.58
EFHK,LHBP,0,57,-12.56,6.76,-21.98,-2.72,-0.0,0.05,-0.06,0.08,-11.31,108.57,-143.44,180.38
EFHK,LIMC,0,32,-35.45,20.03,-56.42,0.7,-0.17,0.15,-0.3,-0.04,-437.07,392.92,-800.07,-102.69
EFHK,LIMC,1,27,-41.6,17.23,-58.9,-3.62,-0.16,0.06,-0.25,-0.07,-437.28,158.17,-686.02,-194.06
EFHK,LIRF,0,15,-38.11,17.05,-59.62,-6.41,-0.13,0.06,-0.22,-0.04,-364.78,159.84,-606.7,-125.99
EFHK,LIRF,1,26,-34.4,15.49,-55.03,-3.15,-0.11,0.06,-0.2,-0.04,-308.2,170.81,-548.33,-101.22
EFHK,LIRF,2,19,-29.79,17.74,-46.01,2.2,-0.12,0.05,-0.18,-0.03,-325.53,141.7,-517.97,-75.34
EFHK,LKPR,0,78,-10.7,10.47,-25.24,7.32,0.01,0.05,-0.07,0.1,22.5,122.74,-146.7,229.0
EFHK,LOWW,0,74,11.89,15.93,-5.44,46.56,0.04,0.06,-0.05,0.16,108.19,166.58,-130.25,431.47
EFHK,LSZH,0,59,-20.15,5.88,-30.34,-9.56,-0.04,0.06,-0.12,0.09,-93.2,153.95,-289.97,206.41
EFHK,LTFM,0,64,-26.89,19.61,-52.8,4.62,-0.01,0.09,-0.11,0.18,-25.5,266.8,-387.5,496.3
EFHK,RJTT,0,16,-49.02,16.3,-76.57,-30.35,-0.22,0.06,-0.3,-0.13,-1190.53,304.41,-1626.0,-725.7
EFHK,RJTT,1,15,3.13,7.09,-6.86,14.75,-0.0,0.04,-0.08,0.04,-20.37,238.32,-452.25,230.74
EFHK,RJTT,2,21,-2.85,8.03,-11.8,4.5,0.01,0.04,-0.05,0.08,45.89,235.31,-306.1,491.4
EFKK,EFKE,0,50,-14.31,18.64,-29.3,22.8,-0.03,0.09,-0.11,0.14,-28.49,72.51,-94.96,121.59
EFKU,EFHK,0,114,-10.5,5.82,-14.3,-3.92,-0.05,0.05,-0.12,0.02,-44.91,43.67,-100.16,16.35
EFOU,EFHK,0,82,-0.05,12.15,-3.28,8.38,0.08,0.06,-0.02,0.15,176.29,133.0,-35.31,377.39
EFOU,EFHK,1,36,0.05,10.18,-14.0,13.82,0.05,0.06,-0.06,0.18,136.32,163.7,-138.48,475.15
EFOU,EFHK,2,101,-1.42,6.63,-16.8,7.6,-0.01,0.05,-0.09,0.06,-14.58,51.31,-92.4,69.7
EFRO,EFHK,0,63,-0.02,4.4,-10.64,4.19,0.09,0.05,0.03,0.14,192.63,108.84,64.84,311.27
EFRO,EFHK,1,20,-17.71,23.08,-49.61,2.72,0.06,0.08,-0.06,0.14,125.51,183.22,-153.31,302.43
EFRO,EFHK,2,46,-3.65,9.95,-21.95,4.9,-0.03,0.06,-0.11,0.12,-21.78,53.2,-93.38,104.0
EFTU,ESSA,0,70,-21.66,16.56,-37.6,14.51,-0.06,0.09,-0.17,0.1,-57.46,83.39,-156.32,106.47
EFVA,EFHK,0,85,-14.75,13.27,-40.28,4.66,-0.02,0.07,-0.14,0.09,-18.35,57.44,-120.42,76.82
EGAA,EGBB,0,113,11.37,14.06,-0.4,29.24,0.06,0.06,-0.01,0.16,137.77,130.25,-13.12,356.74
EGAA,EGCC,0,132,6.49,109.06,-0.29,27.21,0.04,0.25,-0.02,0.15,100.3,564.27,-40.57,337.52
EGAA,EGCC,1,59,15.73,9.87,-1.07,25.73,0.06,0.05,-0.02,0.12,140.14,113.99,-46.71,290.37
EGAA,EGGD,0,112,10.88,12.42,-2.37,24.04,0.03,0.07,-0.07,0.1,63.49,160.59,-149.67,259.61
EGAA,EGGP,0,100,8.93,11.32,0.3,22.46,0.03,0.05,-0.03,0.1,74.02,116.4,-57.43,222.96
EGAA,EGGP,1,39,13.37,6.41,2.15,23.94,0.03,0.04,-0.06,0.08,60.29,99.68,-147.46,168.25
EGAA,EGGP,2,21,8.93,6.75,0.3,19.6,0.02,0.05,-0.07,0.09,33.78,109.27,-173.6,190.7
EGAA,EGGW,0,112,-25.61,12.54,-39.84,-2.53,-0.03,0.06,-0.12,0.06,-70.33,129.08,-273.46,123.26
EGAA,EGKK,0,147,12.24,13.95,-15.73,28.71,0.17,0.15,-0.02,0.42,384.46,329.91,-39.26,994.24
EGAA,EGNT,0,63,20.5,12.25,2.6,33.8,0.03,0.05,-0.05,0.11,72.6,122.94,-114.5,238.72
EGAA,EGNX,0,35,1.39,13.22,-13.87,17.97,0.11,0.06,0.04,0.15,337.35,199.17,125.55,459.99
EGAA,EGNX,1,63,2.94,13.13,-13.88,19.19,0.05,0.06,-0.04,0.13,138.11,270.88,-182.45,426.52
EGAA,EGPF,0,121,-1.09,16.6,-23.5,28.5,-0.11,0.06,-0.19,0.01,-260.64,134.36,-427.5,13.2
EGAA,EGPH,0,137,7.75,15.13,-14.5,24.16,0.02,0.06,-0.08,0.11,43.22,148.99,-188.74,253.82
EGAA,EGPH,1,31,8.46,13.75,-15.95,22.85,0.06,0.11,-0.06,0.27,140.3,272.4,-154.15,676.55
EGAA,EGSS,0,46,-2.92,8.96,-14.6,15.7,0.03,0.05,-0.06,0.09,63.98,122.8,-137.72,227.5
EGAA,EGSS,1,129,-2.49,10.17,-13.84,14.56,0.06,0.05,-0.01,0.14,137.67,131.08,-32.76,371.5
EGAA,EGSS,2,20,4.24,16.2,-14.13,34.49,0.05,0.08,-0.06,0.17,128.7,208.8,-135.5,461.33
EGAA,LEAL,0,37,-13.92,16.28,-38.26,14.28,0.04,0.07,-0.06,0.12,85.84,156.95,-143.46,292.62
EGAA,LEAL,1,20,-10.39,15.07,-30.32,8.92,0.01,0.06,-0.06,0.08,27.73,125.9,-150.92,191.76
EGAA,LEMG,0,31,-8.79,26.18,-57.85,41.05,0.06,0.09,-0.07,0.21,147.18,211.88,-173.1,511.65
EGAA,LEMG,1,39,-17.48,11.03,-25.1,-4.03,0.04,0.05,-0.04,0.12,103.63,107.07,-85.88,289.91
EGAA,LEPA,0,42,5.77,19.67,-16.54,52.29,0.05,0.15,-0.06,0.19,119.96,358.47,-124.4,428.99
EGAA,LEPA,1,44,-20.42,18.16,-46.82,1.85,-0.04,0.09,-0.14,0.12,-82.06,207.57,-326.16,289.7
EGAA,LPFR,0,29,-7.66,7.4,-14.74,4.6,0.01,0.05,-0.05,0.09,34.3,117.83,-116.0,212.0
EGAA,LPFR,1,33,-4.13,8.23,-14.46,5.8,0.01,0.05,-0.05,0.11,29.55,115.34,-122.0,256.0
EGAA,LPFR,2,32,-4.38,15.04,-18.84,17.04,0.02,0.07,-0.05,0.11,58.34,154.84,-122.25,270.01
EGAC,EGBB,0,104,9.47,10.74,0.0,26.57,0.11,0.05,0.04,0.2,98.12,48.08,35.35,180.17
EGAC,EGCC,0,127,17.0,10.41,4.11,28.2,0.13,0.08,0.06,0.23,129.54,91.0,55.53,234.54
EGAC,EGGP,0,39,8.01,6.04,0.99,17.99,0.03,0.03,-0.02,0.08,60.7,74.02,-61.38,170.94
EGAC,EGGP,1,16,10.35,5.4,2.05,18.52,0.04,0.06,-0.0,0.11,99.73,121.67,-10.55,233.77
EGAC,EGHI,0,55,2.8,9.41,-4.84,22.8,0.13,0.05,0.07,0.2,114.45,44.35,64.48,179.51
EGAC,EGKK,0,84,15.31,14.1,-16.54,35.01,0.2,0.16,-0.01,0.48,446.8,341.65,-29.4,1056.46
EGAC,EGLC,0,76,-14.82,13.29,-40.43,1.95,0.06,0.12,-0.06,0.19,131.17,254.98,-134.8,412.48
EGAC,EGLL,0,169,21.19,11.01,10.32,42.44,0.13,0.11,-0.02,0.33,320.49,259.87,-60.72,747.18
EGAC,EGNM,0,83,8.75,9.05,-2.98,24.67,0.09,0.12,0.02,0.15,83.86,108.99,15.93,134.02
EGAC,EGPF,0,76,-1.44,12.61,-20.2,16.75,-0.04,0.05,-0.12,0.05,-55.19,84.46,-225.72,40.62
EGAC,EGPH,0,100,12.17,15.09,-12.94,29.9,0.11,0.09,-0.02,0.23,100.46,85.01,-14.39,210.6
EGAE,EGLL,0,81,24.08,13.34,11.9,47.6,0.14,0.09,0.01,0.31,193.06,125.3,18.4,423.4
EGBB,EDDF,0,98,-43.65,16.04,-64.83,-20.58,-0.16,0.07,-0.25,-0.06,-366.66,171.62,-589.93,-146.88
EGBB,EDDF,1,2,-59.15,0.78,-59.64,-58.66,-0.28,0.15,-0.37,-0.18,-714.8,345.49,-934.67,-494.93
EGBB,EDDL,0,57,-22.8,9.24,-36.9,-8.92,-0.07,0.07,-0.16,0.05,-158.68,152.81,-378.74,92.02
EGBB,EDDM,0,77,-1.65,13.79,-18.34,24.44,-0.06,0.07,-0.16,0.05,-134.46,168.46,-382.6,115.94
EGBB,EGAA,0,113,6.4,9.95,-2.8,26.18,0.02,0.05,-0.05,0.11,39.86,108.61,-112.44,240.68
EGBB,EGAC,0,104,-7.45,7.55,-20.97,2.51,0.01,0.06,-0.05,0.08,8.14,50.42,-45.0,72.75
EGBB,EGPD,0,74,5.0,12.21,-13.86,20.53,-0.03,0.08,-0.17,0.11,-34.24,112.92,-226.56,146.67
EGBB,EGPF,0,72,10.02,7.61,1.95,27.12,0.0,0.06,-0.07,0.11,5.59,134.59,-154.04,265.27
EGBB,EGPH,0,60,11.55,6.8,2.17,23.0,0.01,0.06,-0.08,0.13,25.69,152.98,-180.42,326.64
EGBB,EHAM,0,98,0.85,3.5,-4.36,6.83,0.01,0.05,-0.07,0.09,25.94,117.12,-160.06,221.0
EGBB,EHAM,1,88,2.13,4.83,-4.16,9.06,0.03,0.06,-0.08,0.12,76.17,133.33,-149.71,284.25
EGBB,EIDW,0,152,-14.43,13.25,-32.15,8.76,-0.07,0.07,-0.16,0.05,-161.93,171.44,-379.96,111.73
EGBB,EIDW,1,19,-16.76,10.91,-32.26,-3.4,-0.06,0.05,-0.13,0.0,-137.04,106.94,-303.47,7.97
EGBB,EIDW,2,121,-2.28,15.65,-30.2,22.1,0.01,0.09,-0.11,0.14,-0.69,115.95,-190.0,134.8
EGBB,GCRR,0,51,-17.13,13.51,-38.0,12.5,-0.08,0.07,-0.21,0.01,-199.22,174.89,-507.35,37.65
EGBB,GCTS,0,23,-28.24,12.75,-45.07,-3.14,-0.09,0.06,-0.16,0.02,-226.46,177.17,-452.26,65.49
EGBB,GCTS,1,46,-24.6,10.2,-36.4,-5.28,-0.08,0.08,-0.19,0.02,-217.95,190.9,-545.97,51.6
EGBB,GCTS,2,15,-62.63,169.21,-222.92,-2.16,-0.19,0.33,-0.56,-0.04,-438.59,684.16,-1232.49,-87.88
EGBB,LEAL,0,95,-0.61,11.48,-17.52,17.29,0.02,0.08,-0.12,0.15,39.32,196.68,-277.11,341.82
EGBB,LEBL,0,64,-7.67,14.85,-22.08,18.06,-0.06,0.08,-0.18,0.08,-150.7,188.87,-440.84,196.35
EGBB,LEIB,0,66,-16.22,20.45,-50.5,14.68,-0.07,0.1,-0.22,0.07,-175.86,238.25,-539.25,169.85
EGBB,LEMG,0,24,4.08,7.68,-7.11,18.33,0.09,0.06,0.03,0.18,265.64,207.66,92.24,608.74
EGBB,LEMG,1,58,0.48,13.45,-16.53,21.82,0.09,0.08,-0.04,0.2,199.52,181.2,-100.3,467.94
EGBB,LEPA,0,75,3.04,11.09,-11.6,16.15,-0.01,0.09,-0.15,0.09,-49.55,335.43,-356.88,205.3
EGBB,LEPA,1,53,-4.7,12.69,-24.56,17.16,-0.01,0.1,-0.19,0.13,-28.39,241.4,-449.32,298.32
EGBB,LEPA,2,31,-5.96,14.13,-25.0,16.15,0.0,0.09,-0.17,0.15,19.51,352.3,-481.75,657.95
EGBB,LFPG,0,114,-0.21,16.89,-35.32,20.57,0.15,0.1,-0.01,0.27,317.33,214.62,-12.82,578.91
EGBB,LGRP,0,25,6.12,7.39,-4.7,17.4,-0.05,0.07,-0.15,0.04,-115.51,170.44,-355.7,92.4
EGBB,LGRP,1,22,2.68,13.6,-17.46,19.54,-0.08,0.06,-0.15,0.0,-200.5,152.62,-371.74,6.5
EGBB,LGRP,2,18,5.22,12.54,-11.18,23.77,-0.04,0.09,-0.16,0.07,-100.23,209.0,-381.9,146.51
EGBB,LPFR,0,102,-8.21,63.02,-19.8,10.79,-0.02,0.16,-0.12,0.08,-43.61,386.59,-278.0,174.58
EGBB,LTAI,0,80,-2.63,17.73,-20.24,22.16,0.01,0.12,-0.13,0.2,7.03,335.05,-324.0,480.0
EGBB,LTAI,1,17,1.35,16.61,-21.86,23.56,0.06,0.13,-0.12,0.27,124.12,301.75,-296.0,592.0
EGBB,LTBS,0,58,14.68,17.13,-13.44,40.84,-0.02,0.09,-0.17,0.15,-63.72,309.51,-440.0,360.0
EGBB,LTBS,1,20,12.87,24.41,-18.18,67.17,-0.01,0.12,-0.18,0.18,-39.77,334.69,-530.66,444.0
EGBB,LTFM,0,28,-26.13,18.37,-45.89,4.32,-0.01,0.07,-0.13,0.09,-32.46,167.47,-301.87,244.15
EGBB,LTFM,1,17,-11.64,19.62,-31.4,22.14,-0.03,0.08,-0.1,0.11,-71.95,199.08,-258.32,240.0
EGBB,LTFM,2,14,-21.77,17.97,-47.24,5.34,-0.02,0.09,-0.12,0.12,-60.59,201.33,-308.34,267.54
EGBB,OMDB,0,16,12.29,19.0,-12.12,38.85,0.2,0.13,0.06,0.39,2119.74,1554.92,458.83,4731.68
EGBB,OMDB,1,16,19.94,18.74,-8.05,49.05,0.18,0.11,0.0,0.33,2147.21,1321.76,31.7,3953.32
EGBB,OMDB,2,28,-0.3,18.18,-15.23,36.66,0.14,0.11,-0.01,0.31,1220.76,1050.22,-98.15,3191.37
EGCC,EBBR,0,51,20.13,10.49,2.95,38.3,-0.03,0.07,-0.13,0.07,-80.05,159.09,-333.3,170.1
EGCC,EBCI,0,19,9.15,9.41,-1.13,28.69,0.07,0.15,-0.0,0.23,154.77,308.29,-10.5,483.0
EGCC,EBCI,1,49,5.22,6.9,-6.78,14.06,0.03,0.05,-0.02,0.09,74.0,110.57,-46.42,228.02
EGCC,EDDB,0,55,6.75,12.72,-15.86,21.88,0.06,0.06,-0.03,0.15,136.77,137.7,-64.22,353.01
EGCC,EDDF,0,104,-46.94,10.23,-63.4,-30.26,-0.16,0.06,-0.26,-0.09,-439.5,153.12,-685.11,-200.6
EGCC,EDDL,0,57,-12.26,12.12,-24.54,5.2,-0.0,0.08,-0.11,0.15,-14.94,184.69,-285.6,322.62
EGCC,EDDM,0,102,2.24,13.76,-17.52,29.24,-0.06,0.08,-0.18,0.06,-146.72,199.02,-453.44,171.15
EGCC,EGAA,0,190,5.76,9.22,-4.16,24.58,0.01,0.06,-0.1,0.09,28.6,158.44,-250.0,208.4
EGCC,EGAC,0,127,-4.52,5.69,-10.77,5.28,-0.02,0.05,-0.08,0.05,-25.87,66.06,-85.5,45.0
EGCC,EGHQ,0,51,2.46,8.23,-7.4,17.95,-0.0,0.07,-0.09,0.07,-1.06,87.44,-103.65,145.5
EGCC,EGLL,0,158,19.09,10.27,10.2,40.46,0.12,0.1,-0.01,0.31,301.99,257.81,-33.47,746.01
EGCC,EGNS,0,83,-0.41,7.67,-9.39,11.89,0.02,0.08,-0.08,0.18,23.62,154.14,-198.07,227.09
EGCC,EGPD,0,75,-5.91,12.83,-31.92,12.08,0.0,0.08,-0.12,0.11,0.03,72.11,-106.45,95.25
EGCC,EGPD,1,19,-3.57,6.13,-13.02,3.95,-0.04,0.04,-0.08,0.03,-48.53,56.21,-108.97,45.58
EGCC,EHAM,0,281,4.53,7.44,-7.1,16.5,0.05,0.06,-0.04,0.13,108.45,151.54,-95.2,311.3
EGCC,EHAM,1,42,3.27,6.96,-6.7,15.82,0.02,0.06,-0.05,0.11,52.51,154.51,-128.77,276.42
EGCC,EICK,0,59,-2.5,16.55,-18.8,14.27,0.09,0.19,-0.0,0.17,215.22,449.15,-5.76,398.16
EGCC,EIDW,0,340,-10.04,16.14,-35.52,20.63,-0.04,0.1,-0.16,0.12,-75.01,189.18,-326.83,188.02
EGCC,EKCH,0,55,-8.51,12.37,-24.51,11.89,-0.09,0.06,-0.16,-0.01,-194.39,135.47,-382.46,-21.26
EGCC,EKCH,1,48,-12.82,14.01,-32.7,4.58,-0.07,0.07,-0.21,0.01,-155.05,165.6,-490.46,27.54
EGCC,EKCH,2,16,-18.19,15.45,-35.08,6.58,-0.09,0.06,-0.17,-0.01,-204.36,120.04,-364.58,-22.98
EGCC,EKCH,3,25,-16.37,12.62,-35.34,6.4,-0.09,0.05,-0.18,-0.02,-168.13,105.54,-385.96,-54.54
EGCC,ENGM,0,19,-22.61,17.02,-52.44,-1.68,-0.07,0.07,-0.16,0.05,-165.28,172.14,-374.59,118.78
EGCC,ENGM,1,24,-5.44,6.64,-19.2,1.84,-0.04,0.04,-0.1,-0.0,-104.1,93.11,-241.82,-0.69
EGCC,ENGM,2,15,-14.52,24.86,-47.52,17.59,-0.07,0.13,-0.25,0.09,-162.36,303.29,-604.12,208.6
EGCC,GCFV,0,51,-32.28,12.01,-56.4,-17.7,-0.11,0.08,-0.25,0.02,-388.71,352.58,-1114.5,60.0
EGCC,GCLP,0,44,11.34,13.27,-2.68,35.4,0.08,0.1,-0.08,0.2,211.77,307.42,-285.1,603.5
EGCC,GCLP,1,1,16.5,,16.5,16.5,0.16,,0.16,0.16,341.2,,341.2,341.2
EGCC,GCLP,2,24,13.08,29.44,-16.16,27.98,0.07,0.1,-0.05,0.19,253.9,392.0,-206.36,973.11
EGCC,GCRR,0,89,-16.44,13.93,-29.02,1.72,-0.05,0.08,-0.21,0.06,-216.91,301.34,-692.24,139.16
EGCC,GCRR,1,16,-24.28,12.9,-45.3,-7.48,-0.04,0.06,-0.11,0.04,-138.96,184.59,-409.98,92.52
EGCC,GCTS,0,109,-22.56,13.28,-37.54,5.16,-0.06,0.09,-0.19,0.06,-193.69,295.82,-710.26,201.76
EGCC,GCTS,1,24,-26.58,11.43,-39.7,-5.96,-0.07,0.07,-0.18,0.03,-205.32,205.07,-573.92,62.99
EGCC,GCTS,2,24,-39.9,12.79,-60.77,-27.56,-0.09,0.09,-0.27,0.04,-355.67,383.81,-1027.11,166.1
EGCC,GCTS,3,22,-33.8,10.3,-47.28,-21.55,-0.06,0.07,-0.19,0.0,-330.36,370.27,-1065.72,21.79
EGCC,KJFK,0,14,0.19,1.96,-2.1,4.12,0.07,0.06,-0.02,0.14,400.4,343.34,-123.37,858.78
EGCC,KJFK,1,21,-0.49,4.86,-8.1,9.9,0.03,0.08,-0.04,0.07,187.98,495.61,-246.3,393.1
EGCC,KJFK,2,25,0.87,8.55,-4.72,16.84,0.12,0.05,0.06,0.18,695.47,285.81,376.14,1086.06
EGCC,KMCO,0,9,-1.78,1.68,-4.36,0.0,-0.02,0.05,-0.1,0.04,-132.12,336.02,-637.2,250.38
EGCC,KMCO,1,37,0.76,11.15,-3.8,3.2,0.01,0.05,-0.07,0.09,34.0,302.34,-432.64,530.94
EGCC,KMCO,2,31,2.52,8.68,-3.3,19.4,0.02,0.07,-0.06,0.14,120.44,403.86,-383.2,831.1
EGCC,LCLK,0,55,6.37,13.13,-12.46,31.74,-0.02,0.08,-0.15,0.07,-69.02,217.97,-448.01,171.71
EGCC,LCPH,0,65,9.63,11.81,-6.42,26.38,-0.02,0.06,-0.13,0.06,-74.46,182.82,-436.0,137.78
EGCC,LCPH,1,25,14.45,10.55,-1.24,27.94,-0.01,0.07,-0.18,0.06,-88.54,330.04,-938.7,139.98
EGCC,LEAL,0,216,5.38,12.61,-8.7,20.17,0.08,0.09,-0.03,0.18,211.1,261.25,-96.05,532.65
EGCC,LEBL,0,138,-6.13,22.49,-23.28,15.13,-0.06,0.07,-0.14,0.05,-140.19,161.93,-373.15,112.6
EGCC,LEIB,0,31,-22.42,14.58,-41.3,1.8,-0.01,0.06,-0.09,0.08,-19.71,131.85,-219.0,187.2
EGCC,LEIB,1,98,-15.47,20.69,-46.42,20.97,-0.07,0.09,-0.22,0.09,-243.52,325.26,-765.16,198.34
EGCC,LEMG,0,160,4.67,12.17,-3.96,31.25,0.09,0.07,-0.02,0.22,233.46,210.28,-49.36,615.58
EGCC,LEMH,0,34,1.06,13.7,-20.06,25.51,-0.01,0.06,-0.09,0.07,-2.52,207.53,-264.11,234.5
EGCC,LEMH,1,15,-0.25,10.37,-9.75,14.14,0.02,0.05,-0.04,0.09,67.2,138.87,-96.08,265.06
EGCC,LEMH,2,16,7.18,11.16,-3.28,27.8,0.01,0.07,-0.07,0.12,3.76,202.65,-234.2,291.67
EGCC,LEPA,0,82,-1.01,11.05,-17.88,18.9,0.03,0.1,-0.14,0.18,68.64,310.07,-428.78,604.84
EGCC,LEPA,1,157,6.2,9.13,-2.42,23.92,0.01,0.07,-0.11,0.11,19.91,229.11,-337.18,366.8
EGCC,LEPA,2,18,-11.52,11.98,-24.34,4.65,0.07,0.13,-0.03,0.22,224.71,362.44,-141.99,735.37
EGCC,LEPA,3,18,4.39,13.85,-14.92,24.45,0.03,0.07,-0.06,0.15,96.03,223.1,-167.2,387.25
EGCC,LFPG,0,196,-1.92,12.43,-32.43,10.62,0.0,0.08,-0.13,0.14,-0.46,188.55,-326.23,320.02
EGCC,LFPG,1,2,-0.2,8.63,-5.69,5.29,-0.01,0.2,-0.14,0.12,-43.15,466.34,-339.92,253.62
EGCC,LGIR,0,83,-6.94,11.58,-21.59,10.54,-0.05,0.08,-0.17,0.09,-138.67,256.87,-568.61,215.5
EGCC,LGKF,0,19,7.56,20.61,-32.5,25.63,-0.0,0.12,-0.14,0.18,-33.71,362.55,-387.77,407.23
EGCC,LGKF,1,36,10.92,17.24,-11.0,36.7,0.01,0.11,-0.13,0.17,29.94,249.78,-318.68,411.05
EGCC,LGKO,0,51,-2.26,11.58,-16.45,21.25,-0.02,0.09,-0.14,0.14,-37.16,256.17,-358.1,416.2
EGCC,LGKO,1,29,-3.61,14.13,-27.08,20.1,-0.05,0.11,-0.19,0.08,-191.49,385.12,-1001.32,205.06
EGCC,LGKR,0,37,-1.48,18.39,-35.44,23.84,-0.05,0.09,-0.18,0.09,-110.39,219.51,-425.6,214.68
EGCC,LGKR,1,15,6.37,11.48,-9.26,21.42,0.02,0.12,-0.12,0.18,1.16,356.05,-590.96,455.15
EGCC,LGKR,2,18,0.93,15.03,-20.59,20.48,-0.05,0.09,-0.16,0.07,-140.88,247.24,-510.55,163.65
EGCC,LGKR,3,39,6.36,15.89,-17.92,32.56,0.02,0.08,-0.11,0.14,43.05,205.54,-262.81,314.76
EGCC,LGRP,0,36,10.56,9.68,-3.48,24.02,-0.04,0.08,-0.16,0.09,-163.03,282.99,-680.53,189.15
EGCC,LGRP,1,84,9.65,13.74,-9.01,32.74,-0.01,0.08,-0.16,0.08,-60.31,251.34,-492.72,195.67
EGCC,LGZA,0,15,5.52,17.95,-16.76,38.09,-0.01,0.1,-0.16,0.11,-22.97,248.19,-390.12,250.32
EGCC,LGZA,1,25,13.38,30.35,-6.18,36.28,0.03,0.18,-0.13,0.42,42.52,484.85,-530.92,1062.22
EGCC,LGZA,2,21,5.19,18.99,-14.2,27.3,-0.03,0.1,-0.18,0.1,-81.2,270.58,-569.3,240.0
EGCC,LIMC,0,22,-52.7,24.87,-93.08,-14.28,-0.16,0.08,-0.27,-0.03,-399.1,208.02,-637.96,-81.64
EGCC,LIMC,1,42,-47.81,19.37,-72.98,-8.64,-0.21,0.07,-0.33,-0.1,-501.1,180.69,-765.77,-229.51
EGCC,LIMC,2,24,-64.98,21.63,-92.12,-28.27,-0.27,0.11,-0.41,-0.15,-661.59,281.69,-1031.28,-378.75
EGCC,LIPZ,0,34,-32.37,16.39,-52.8,0.14,-0.17,0.07,-0.28,-0.07,-408.16,179.83,-689.9,-160.0
EGCC,LIPZ,1,19,-36.95,16.42,-54.06,-11.36,-0.16,0.13,-0.32,-0.04,-391.79,297.12,-768.0,-92.6
EGCC,LIRP,0,52,2.08,21.28,-35.24,25.44,-0.03,0.06,-0.13,0.05,-73.18,142.49,-311.57,122.7
EGCC,LKPR,0,32,-18.6,19.3,-29.58,7.89,0.01,0.05,-0.07,0.09,14.69,120.64,-163.01,208.87
EGCC,LKPR,1,27,-13.85,17.03,-35.44,12.01,-0.03,0.06,-0.11,0.06,-81.43,152.81,-268.0,148.0
EGCC,LMML,0,53,19.81,16.84,1.3,48.82,0.03,0.1,-0.11,0.13,70.41,233.96,-252.74,295.44
EGCC,LMML,1,18,21.79,21.7,-10.59,38.21,-0.03,0.1,-0.16,0.12,-76.24,240.58,-388.1,302.28
EGCC,LPFR,0,164,2.93,8.39,-9.71,19.37,0.04,0.06,-0.07,0.13,123.33,205.13,-160.0,600.0
EGCC,LPPT,0,115,1.28,19.12,-28.99,37.91,0.13,0.11,-0.03,0.35,289.56,242.33,-70.99,683.0
EGCC,LSGG,0,32,-16.74,9.19,-28.22,1.41,0.09,0.08,-0.03,0.19,270.46,276.16,-149.66,670.98
EGCC,LSGG,1,48,-8.29,24.9,-27.22,5.84,-0.03,0.1,-0.12,0.04,-57.19,509.34,-385.67,183.98
EGCC,LSZH,0,18,-21.12,15.69,-41.93,-2.9,0.0,0.08,-0.09,0.12,-0.53,157.71,-219.02,236.41
EGCC,LSZH,1,31,15.55,13.41,-4.75,35.95,0.05,0.09,-0.12,0.17,90.9,204.36,-228.5,338.05
EGCC,LTAI,0,9,-2.13,10.48,-15.22,11.88,-0.01,0.09,-0.17,0.08,-95.74,341.66,-693.32,181.32
EGCC,LTAI,1,211,-3.19,18.54,-25.7,17.3,0.02,0.11,-0.14,0.18,26.65,333.19,-654.15,436.65
EGCC,LTAI,2,27,0.9,17.09,-16.24,40.02,0.06,0.09,-0.09,0.17,140.0,212.54,-207.82,411.5
EGCC,LTBS,0,78,20.9,18.63,-11.26,44.91,0.06,0.08,-0.1,0.17,161.01,222.11,-246.0,517.2
EGCC,LTBS,1,145,21.52,21.73,-15.2,49.4,0.04,0.09,-0.1,0.18,139.91,339.82,-260.0,784.66
EGCC,LTFM,0,99,-17.33,19.22,-39.02,13.9,-0.02,0.1,-0.15,0.13,-93.37,354.75,-560.0,388.83
EGCC,OMDB,0,90,18.23,18.99,-7.98,52.24,0.21,0.13,0.02,0.42,2223.83,1512.93,204.99,4981.2
EGCC,OTHH,0,77,36.21,26.83,4.24,72.96,0.17,0.09,0.03,0.32,1132.88,706.07,157.72,2528.1
EGFF,EHAM,0,89,11.93,8.74,-1.58,25.46,0.07,0.07,-0.02,0.17,141.19,145.52,-47.38,375.2
EGGD,EGAA,0,112,2.83,10.11,-9.69,19.7,-0.02,0.05,-0.1,0.06,-48.3,121.54,-236.75,134.5
EGGD,EGPF,0,81,5.43,6.74,-2.8,15.5,-0.02,0.07,-0.1,0.05,-52.4,178.33,-235.1,115.3
EGGD,EGPF,1,28,7.02,6.71,-3.4,15.85,0.01,0.07,-0.06,0.15,30.75,181.43,-142.2,371.41
EGGD,EGPH,0,36,4.51,8.27,-8.65,15.72,-0.01,0.08,-0.13,0.08,-36.36,192.51,-320.65,206.9
EGGD,EGPH,1,29,8.6,7.01,-0.16,20.02,0.01,0.06,-0.09,0.07,16.03,151.92,-218.06,165.68
EGGD,EGPH,2,56,7.06,7.57,-5.3,20.5,0.0,0.06,-0.08,0.1,4.91,142.23,-173.1,223.77
EGGD,EHAM,0,211,5.53,6.53,-7.7,14.4,0.01,0.06,-0.08,0.1,26.14,132.01,-180.5,242.3
EGGD,EIDW,0,45,-32.25,9.32,-42.28,-16.82,-0.1,0.07,-0.18,0.04,-222.58,176.94,-426.42,87.46
EGGD,EIDW,1,130,-15.48,12.5,-36.13,3.76,-0.06,0.12,-0.3,0.05,-67.05,139.77,-355.66,100.8
EGGD,GCLP,0,51,9.53,14.26,-8.5,33.85,0.1,0.06,0.01,0.18,227.74,155.52,18.35,416.15
EGGD,GCRR,0,60,-15.82,9.13,-26.12,-4.52,-0.04,0.06,-0.14,0.03,-87.2,127.2,-312.97,75.89
EGGD,GCTS,0,18,-46.92,11.86,-56.68,-27.06,-0.07,0.06,-0.17,0.01,-180.86,152.51,-424.3,15.6
EGGD,GCTS,1,64,-25.07,14.04,-39.5,3.15,-0.07,0.06,-0.16,0.03,-175.27,132.77,-391.9,62.03
EGGD,LEAL,0,73,-4.86,13.34,-25.62,15.4,0.04,0.09,-0.08,0.17,95.59,213.25,-188.5,399.78
EGGD,LEAL,1,65,-2.18,14.73,-25.24,20.6,0.04,0.06,-0.05,0.14,86.47,136.97,-111.82,343.66
EGGD,LEBL,0,47,-14.19,13.53,-30.18,3.08,-0.13,0.06,-0.21,-0.04,-305.72,133.47,-523.17,-108.97
EGGD,LEBL,1,12,-17.88,18.62,-40.08,8.47,-0.08,0.08,-0.17,0.05,-181.02,192.28,-384.54,114.2
EGGD,LEBL,2,16,-2.18,13.52,-15.0,23.75,-0.08,0.05,-0.15,-0.0,-185.15,123.91,-370.62,-11.2
EGGD,LEBL,3,11,-7.74,11.49,-23.7,4.7,-0.03,0.05,-0.1,0.04,-66.79,114.92,-226.65,84.9
EGGD,LEIB,0,60,-32.18,18.44,-61.38,-3.48,-0.09,0.09,-0.23,0.04,-213.2,210.6,-532.6,97.17
EGGD,LEMG,0,62,0.86,16.06,-8.6,28.15,0.09,0.07,0.01,0.22,208.1,158.09,30.24,539.5
EGGD,LEMG,1,31,3.9,31.2,-16.55,63.75,0.14,0.17,0.02,0.47,350.96,415.22,57.65,1175.35
EGGD,LEMG,2,37,6.34,18.82,-11.04,41.48,0.08,0.06,-0.02,0.18,203.92,159.18,-36.62,438.96
EGGD,LEPA,0,41,-14.97,18.35,-36.2,11.4,-0.02,0.1,-0.14,0.1,-44.07,219.85,-333.3,242.7
EGGD,LEPA,1,51,2.66,8.28,-10.25,19.55,0.01,0.05,-0.07,0.09,16.76,114.5,-149.1,212.4
EGGD,LEPA,2,60,-9.04,10.14,-24.71,9.86,-0.03,0.06,-0.12,0.06,-59.84,132.7,-304.43,147.37
EGGD,LEPA,3,24,-6.96,12.67,-20.82,1.56,0.06,0.07,-0.03,0.16,150.99,170.42,-62.06,358.1
EGGD,LFPG,0,54,-5.73,13.05,-35.16,10.92,-0.04,0.06,-0.17,0.04,-103.57,145.92,-424.4,104.79
EGGD,LGRP,0,40,11.4,16.49,-7.27,33.82,0.0,0.07,-0.1,0.1,5.12,177.54,-234.2,229.65
EGGD,LGRP,1,17,5.69,16.27,-15.18,31.24,-0.02,0.07,-0.1,0.09,-41.86,156.67,-223.8,199.94
EGGD,LPFR,0,131,-0.27,8.19,-11.6,14.2,0.02,0.06,-0.07,0.12,53.97,143.84,-146.65,285.85
EGGD,LTAI,0,19,-6.1,15.12,-25.91,7.64,-0.0,0.09,-0.12,0.15,-1.84,217.55,-279.8,329.33
EGGD,LTAI,1,30,-3.01,14.91,-21.4,10.63,0.01,0.06,-0.08,0.11,14.2,145.77,-168.25,252.82
EGGD,LTAI,2,24,2.78,17.2,-17.74,33.46,0.04,0.09,-0.09,0.19,88.05,207.77,-222.0,450.0
EGGD,LTBS,0,20,6.41,21.09,-23.56,39.76,-0.01,0.05,-0.1,0.05,-18.92,129.24,-253.5,119.67
EGGD,LTBS,1,24,28.31,21.28,-4.93,61.68,0.04,0.07,-0.06,0.15,86.55,169.37,-137.0,314.83
EGGD,LTBS,2,25,12.48,24.03,-19.56,49.16,0.01,0.09,-0.11,0.14,31.75,221.21,-272.0,353.5
EGGP,EGAA,0,160,8.19,9.04,0.3,25.02,0.03,0.06,-0.04,0.12,68.44,137.61,-89.4,291.7
EGGP,EGAC,0,55,-0.34,4.89,-7.44,6.36,-0.01,0.06,-0.07,0.05,-14.28,140.18,-154.5,110.0
EGGP,EGNS,0,96,0.04,6.8,-6.72,11.58,0.04,0.07,-0.05,0.18,46.13,116.85,-119.88,238.0
EGGP,EIDW,0,203,-12.05,14.27,-31.17,13.22,-0.03,0.13,-0.15,0.11,-63.83,282.76,-328.56,259.07
EGGP,LEAL,0,70,3.21,11.77,-12.02,26.73,0.07,0.07,-0.05,0.2,165.99,160.0,-109.56,459.16
EGGP,LEMG,0,77,3.37,18.98,-10.82,37.12,0.11,0.08,0.0,0.25,248.61,194.62,5.12,556.96
EGGP,LEPA,0,23,-6.14,12.23,-25.28,13.17,0.05,0.05,-0.03,0.14,118.78,127.54,-64.09,338.1
EGGP,LEPA,1,35,6.51,7.3,-0.92,21.6,0.05,0.06,-0.04,0.16,109.74,149.04,-81.06,380.39
EGGP,LEPA,2,15,8.39,8.71,-3.72,21.9,0.05,0.07,-0.03,0.15,129.97,169.47,-68.55,380.95
EGGP,LPFR,0,19,-2.82,11.77,-15.22,9.7,0.03,0.07,-0.08,0.13,67.92,163.31,-192.48,305.5
EGGP,LPFR,1,62,0.03,8.18,-11.4,12.48,0.01,0.05,-0.06,0.1,17.56,116.36,-140.96,218.17
EGGW,EGAA,0,72,12.6,8.93,2.66,27.33,0.03,0.05,-0.07,0.1,72.18,126.77,-161.27,234.38
EGGW,EGAA,1,40,12.36,9.47,0.4,28.34,0.02,0.06,-0.05,0.12,47.4,140.42,-120.52,268.3
EGGW,EGPE,0,51,25.59,11.56,5.8,43.95,0.09,0.04,0.02,0.15,211.59,87.61,56.0,346.8
EGGW,EGPF,0,51,19.55,10.11,11.3,34.4,0.08,0.08,0.0,0.18,175.76,167.36,5.45,413.4
EGGW,EGPF,1,28,16.42,4.65,9.44,22.1,0.05,0.06,-0.02,0.12,115.18,127.9,-50.1,261.56
EGGW,EGPH,0,31,20.56,5.69,11.1,28.9,0.05,0.06,-0.07,0.15,109.68,138.27,-146.05,329.25
EGGW,EGPH,1,23,24.65,9.47,9.7,39.99,0.06,0.12,-0.12,0.16,154.23,307.63,-304.78,405.49
EGGW,EGPH,2,45,21.09,7.3,12.36,35.44,0.07,0.06,-0.03,0.18,148.37,133.04,-60.2,419.02
EGGW,EHAM,0,178,8.13,5.2,0.5,16.8,0.02,0.05,-0.05,0.09,47.86,107.29,-122.36,217.11
EGGW,EIDW,0,62,-6.45,18.4,-29.12,28.48,-0.03,0.11,-0.16,0.16,-76.76,251.71,-361.9,369.67
EGGW,EIDW,1,44,-14.43,25.33,-37.28,28.23,-0.06,0.09,-0.15,0.07,-143.67,201.26,-363.8,149.98
EGGW,EPGD,0,15,-27.83,11.01,-43.63,-14.16,-0.08,0.05,-0.15,-0.01,-224.43,124.21,-420.0,-32.62
EGGW,EPGD,1,45,-34.19,13.56,-54.08,-14.16,-0.06,0.04,-0.13,0.0,-157.19,114.53,-332.06,0.0
EGGW,EPKK,0,60,-20.59,14.64,-42.42,3.44,-0.03,0.05,-0.1,0.05,-65.59,123.52,-232.24,106.75
EGGW,EPKT,0,60,-14.53,15.52,-36.46,9.98,-0.01,0.04,-0.08,0.07,-26.27,117.5,-208.3,167.69
EGGW,EPLB,0,51,0.85,15.72,-28.05,22.7,0.06,0.08,-0.02,0.14,128.22,177.72,-55.3,317.5
EGGW,EPWA,0,18,-29.86,15.64,-49.58,-10.4,-0.07,0.07,-0.16,0.01,-182.67,176.28,-390.62,37.93
EGGW,EPWA,1,31,-22.74,16.03,-47.35,0.55,-0.04,0.06,-0.13,0.05,-112.61,168.59,-372.95,140.05
EGGW,EPWA,2,16,-32.8,14.16,-58.48,-20.25,-0.11,0.05,-0.18,-0.05,-273.08,119.59,-482.05,-124.88
EGGW,EPWA,3,18,-27.95,23.86,-57.31,10.6,-0.07,0.07,-0.14,0.04,-192.1,181.93,-368.7,109.77
EGGW,EYKA,0,52,-18.51,12.95,-36.17,6.03,-0.04,0.05,-0.11,0.04,-95.99,113.78,-263.5,93.12
EGGW,EYVI,0,60,15.22,10.14,-2.63,30.73,0.07,0.04,0.0,0.15,173.11,108.98,0.0,375.0
EGGW,LATI,0,20,-31.94,14.21,-47.66,-11.23,-0.07,0.06,-0.15,0.01,-186.87,141.83,-383.3,31.1
EGGW,LATI,1,34,-31.97,15.49,-49.08,-5.55,-0.06,0.07,-0.17,0.06,-153.48,187.13,-426.49,151.45
EGGW,LATI,2,18,-26.25,22.73,-46.99,1.71,-0.03,0.12,-0.13,0.14,-79.17,296.81,-336.29,338.95
EGGW,LBSF,0,39,-30.17,14.19,-48.17,-5.18,-0.04,0.04,-0.1,0.02,-114.7,109.98,-287.26,52.5
EGGW,LBSF,1,34,-24.71,19.06,-54.71,-1.16,-0.02,0.07,-0.12,0.09,-56.51,199.1,-295.02,241.95
EGGW,LCLK,0,21,1.42,10.59,-11.6,15.4,0.04,0.11,-0.07,0.2,99.61,263.3,-166.7,460.0
EGGW,LCLK,1,34,6.94,10.51,-8.29,20.05,0.03,0.05,-0.06,0.11,69.4,134.09,-145.4,266.35
EGGW,LDSP,0,60,-3.92,32.36,-29.35,34.1,0.03,0.16,-0.07,0.1,71.06,390.38,-170.75,248.54
EGGW,LEAL,0,94,-2.6,11.42,-17.7,16.81,0.05,0.06,-0.04,0.15,117.8,141.87,-101.64,372.08
EGGW,LEBL,0,81,-7.48,13.18,-22.9,19.5,-0.07,0.08,-0.18,0.06,-158.43,184.52,-414.7,146.9
EGGW,LEMG,0,30,15.21,22.76,-1.96,53.6,0.12,0.1,0.02,0.34,267.36,232.24,56.52,753.47
EGGW,LEMG,1,88,9.19,16.62,-3.0,38.55,0.11,0.08,-0.01,0.25,252.23,187.79,-25.25,616.25
EGGW,LEPA,0,41,-8.16,18.87,-31.7,25.7,0.06,0.09,-0.06,0.18,157.65,234.73,-138.8,444.9
EGGW,LEPA,1,99,-1.51,13.12,-12.47,15.6,0.01,0.07,-0.09,0.13,27.13,177.51,-213.92,320.59
EGGW,LFMN,0,64,-5.3,11.34,-19.34,17.5,0.02,0.04,-0.06,0.09,40.11,104.94,-147.94,224.44
EGGW,LFPG,0,108,-21.56,18.4,-50.8,2.47,-0.07,0.09,-0.2,0.05,-213.81,286.54,-740.0,122.39
EGGW,LHBP,0,46,-13.47,11.65,-28.08,2.95,0.01,0.06,-0.08,0.11,29.35,157.42,-190.25,277.75
EGGW,LHBP,1,30,-10.22,18.93,-31.58,20.36,0.01,0.08,-0.07,0.08,16.56,197.14,-172.22,209.83
EGGW,LHBP,2,15,-41.07,45.68,-89.07,-9.31,-0.08,0.09,-0.2,-0.01,-209.45,228.55,-489.65,-13.12
EGGW,LLBG,0,30,10.86,10.59,-5.75,28.65,0.02,0.08,-0.11,0.12,39.43,180.17,-254.95,286.81
EGGW,LLBG,1,19,11.3,10.15,-2.69,27.66,0.06,0.08,-0.03,0.15,141.4,194.8,-67.62,373.07
EGGW,LLBG,2,44,0.13,15.15,-23.66,19.06,-0.04,0.07,-0.13,0.08,-90.35,171.41,-320.0,186.62
EGGW,LLBG,3,16,-4.38,10.06,-19.52,11.6,-0.03,0.07,-0.14,0.07,-67.51,184.52,-341.0,158.9
EGGW,LPFR,0,109,6.29,9.03,-3.46,19.96,0.05,0.06,-0.02,0.14,123.21,130.44,-41.7,340.36
EGGW,LPPT,0,42,8.86,13.63,-10.07,36.42,0.15,0.09,0.02,0.27,347.2,207.79,37.52,624.42
EGGW,LPPT,1,62,8.17,24.88,-20.7,56.5,0.1,0.09,-0.03,0.27,224.63,220.25,-73.4,624.42
EGGW,LPPT,2,16,2.06,12.33,-15.9,21.35,0.06,0.11,-0.1,0.21,156.36,270.37,-239.55,531.25
EGGW,LRCL,0,68,-1.82,9.37,-14.96,14.12,-0.02,0.06,-0.1,0.09,-39.37,145.77,-252.1,220.24
EGGW,LRIA,0,68,5.24,14.12,-10.2,38.81,0.04,0.06,-0.04,0.14,103.46,152.77,-111.52,357.39
EGGW,LROP,0,56,-44.91,14.21,-58.92,-21.38,-0.11,0.06,-0.23,-0.02,-275.75,160.08,-583.3,-45.45
EGGW,LROP,1,55,-41.53,11.58,-55.69,-26.75,-0.1,0.05,-0.22,-0.03,-254.09,135.0,-541.7,-72.32
EGGW,LSGG,0,21,-24.69,11.21,-40.0,-7.0,0.05,0.1,-0.11,0.17,123.92,222.99,-242.0,371.6
EGGW,LSGG,1,33,-20.6,12.78,-41.32,-2.82,-0.08,0.07,-0.19,0.05,-181.05,163.8,-430.58,119.08
EGHH,LEPA,0,16,-12.98,16.55,-39.32,13.82,0.04,0.05,-0.03,0.11,96.62,117.81,-83.68,249.58
EGHH,LEPA,1,36,6.77,14.34,-11.82,22.67,0.04,0.05,-0.03,0.11,89.59,116.6,-81.82,266.02
EGHI,EGAC,0,55,-9.72,7.44,-21.49,0.86,0.01,0.04,-0.05,0.08,9.0,38.47,-49.5,69.0
EGHI,EGJB,0,105,5.21,9.5,0.0,29.1,0.03,0.05,-0.03,0.09,25.18,42.7,-26.74,74.88
EGHI,EGJJ,0,97,0.46,3.13,-1.0,7.64,0.04,0.03,0.02,0.08,33.72,21.45,12.92,71.14
EGHI,EGNT,0,72,18.21,7.83,6.58,32.47,-0.03,0.07,-0.13,0.08,-33.75,81.52,-180.0,100.13
EGHI,EGPF,0,100,19.27,9.21,6.6,33.35,-0.01,0.06,-0.1,0.09,-15.59,83.54,-139.17,117.88
EGHI,EGPH,0,123,22.15,8.73,7.79,35.69,-0.01,0.08,-0.13,0.14,-6.35,112.93,-172.85,202.46
EGHI,EHAM,0,60,5.8,7.91,-6.24,18.59,0.04,0.05,-0.04,0.12,68.26,97.58,-68.18,229.29
EGHI,EIDW,0,56,-11.73,16.3,-44.75,12.42,-0.01,0.09,-0.15,0.14,-0.63,97.19,-134.35,126.68
EGHQ,EGCC,0,30,6.18,12.08,-15.94,20.73,0.04,0.08,-0.08,0.21,30.17,78.99,-75.0,193.31
EGHQ,EGCC,1,20,9.54,10.91,-13.49,19.89,0.05,0.08,-0.04,0.14,118.11,191.73,-93.79,319.88
EGHQ,EGKK,0,78,16.24,8.41,1.19,28.81,0.11,0.11,-0.01,0.32,100.7,97.59,-8.28,284.77
EGJB,EGHI,0,104,7.11,7.22,0.0,21.84,0.06,0.07,-0.02,0.14,53.04,58.8,-16.18,122.73
EGJB,EGJJ,0,83,0.0,0.0,0.0,0.0,0.01,0.0,0.0,0.02,6.11,3.76,1.2,12.95
EGJB,EGKK,0,171,12.53,10.48,-5.45,30.1,0.14,0.12,-0.02,0.38,201.61,200.31,-20.0,610.0
EGJB,EGNX,0,18,-5.41,6.76,-16.55,5.73,-0.09,0.09,-0.18,-0.03,-84.86,77.01,-162.65,-28.45
EGJJ,EGHI,0,97,6.82,6.73,0.0,22.22,0.07,0.05,0.0,0.15,61.66,43.96,0.5,125.04
EGJJ,EGJB,0,84,0.0,0.0,0.0,0.0,0.0,0.0,0.0,0.02,3.4,3.45,0.2,13.26
EGJJ,EGKK,0,122,15.57,10.39,1.01,30.58,0.03,0.13,-0.11,0.28,69.56,286.95,-251.65,641.03
EGJJ,EGLL,0,128,19.38,6.72,13.97,33.85,0.11,0.1,-0.08,0.28,257.01,230.79,-170.62,619.46
EGKK,CYYZ,0,22,7.33,11.22,-9.88,18.88,0.05,0.06,-0.05,0.14,199.84,302.94,-130.88,744.87
EGKK,CYYZ,1,37,1.97,7.27,-7.8,14.56,-0.0,0.06,-0.08,0.1,-12.39,315.2,-469.84,417.12
EGKK,EDDB,0,51,7.78,14.55,-16.25,26.0,0.03,0.05,-0.07,0.1,64.57,135.13,-182.6,250.35
EGKK,EDDB,1,27,12.94,13.65,-8.94,29.98,0.06,0.06,-0.03,0.14,123.4,125.85,-73.29,306.87
EGKK,EDDF,0,34,-52.3,28.66,-70.62,-30.21,-0.23,0.08,-0.31,-0.15,-576.33,236.07,-875.13,-375.05
EGKK,EDDF,1,23,-49.37,15.67,-65.46,-22.16,-0.19,0.07,-0.26,-0.07,-464.89,179.15,-655.65,-166.08
EGKK,EGAA,0,130,-0.87,11.54,-15.7,22.58,-0.01,0.05,-0.08,0.08,-28.08,115.69,-188.4,183.36
EGKK,EGAA,1,17,0.05,10.41,-14.24,16.38,-0.03,0.03,-0.08,0.02,-65.97,81.38,-189.96,38.16
EGKK,EGAC,0,85,-6.27,9.82,-19.76,13.26,-0.04,0.06,-0.12,0.03,-91.77,140.07,-256.68,73.4
EGKK,EGHQ,0,78,3.36,9.74,-10.93,17.99,0.02,0.06,-0.09,0.1,14.72,58.14,-80.72,89.74
EGKK,EGJB,0,171,5.98,14.16,-17.9,29.75,-0.01,0.11,-0.19,0.13,22.51,139.07,-169.9,240.0
EGKK,EGJJ,0,90,5.41,7.43,-2.41,22.48,0.04,0.05,-0.03,0.11,83.76,107.34,-62.47,251.8
EGKK,EGJJ,1,32,6.86,14.06,-2.74,26.09,0.02,0.06,-0.05,0.1,50.64,140.9,-117.02,217.7
EGKK,EGNS,0,17,-5.96,7.04,-14.76,4.42,-0.02,0.06,-0.1,0.06,-39.49,138.14,-236.08,144.42
EGKK,EGNS,1,33,-3.33,7.05,-14.88,7.22,-0.01,0.09,-0.12,0.09,-23.19,188.2,-256.02,191.86
EGKK,EGPD,0,37,2.8,12.95,-19.38,26.14,0.01,0.08,-0.13,0.1,32.92,171.13,-278.24,210.7
EGKK,EGPD,1,24,5.25,14.5,-9.3,23.67,0.02,0.06,-0.04,0.11,53.47,126.9,-81.0,242.24
EGKK,EGPE,0,58,15.21,17.15,-7.58,41.05,0.03,0.06,-0.05,0.12,71.81,140.01,-118.16,268.38
EGKK,EGPE,1,18,14.04,13.4,-3.48,27.49,0.05,0.05,-0.03,0.13,110.04,124.45,-67.33,288.19
EGKK,EGPF,0,65,11.51,13.94,-4.88,39.36,0.05,0.15,-0.04,0.19,125.28,383.25,-104.56,465.3
EGKK,EGPF,1,104,6.46,11.43,-7.66,29.83,0.01,0.06,-0.07,0.11,19.82,128.1,-165.55,235.85
EGKK,EGPH,0,50,7.37,10.61,-7.03,26.46,0.02,0.07,-0.06,0.08,34.52,152.85,-124.55,183.01
EGKK,EGPH,1,23,7.13,11.51,-8.42,23.96,-0.0,0.08,-0.11,0.13,-10.46,193.72,-285.85,317.26
EGKK,EGPH,2,60,9.5,7.87,-3.35,23.1,0.03,0.07,-0.06,0.17,73.02,180.81,-146.15,422.22
EGKK,EHAM,0,223,3.56,7.91,-5.3,16.78,0.0,0.06,-0.09,0.1,11.37,147.41,-206.71,229.58
EGKK,EIDW,0,63,-33.39,9.36,-44.29,-17.84,-0.14,0.06,-0.24,-0.03,-328.69,145.42,-568.07,-81.1
EGKK,EIDW,1,91,-17.39,20.57,-49.9,13.75,-0.05,0.14,-0.23,0.11,-129.35,309.09,-509.25,284.35
EGKK,EIDW,2,89,-3.47,14.45,-18.74,26.18,-0.05,0.06,-0.15,0.04,-122.72,156.57,-362.26,99.98
EGKK,EIDW,3,17,-0.44,16.5,-24.66,27.2,-0.03,0.06,-0.11,0.1,-61.34,140.48,-236.28,250.82
EGKK,EIDW,4,29,-42.12,10.35,-60.3,-27.12,-0.14,0.06,-0.23,-0.06,-328.88,130.75,-531.9,-139.46
EGKK,EIDW,5,37,-33.04,34.47,-54.46,-10.36,-0.11,0.23,-0.26,0.06,-268.08,542.03,-620.4,134.28
EGKK,EKCH,0,190,-12.41,11.69,-33.3,4.58,-0.11,0.05,-0.21,-0.04,-252.14,118.96,-464.38,-89.02
EGKK,ENBR,0,54,-18.3,12.57,-36.44,2.27,-0.07,0.06,-0.19,0.02,-175.46,141.07,-450.76,55.85
EGKK,ENGM,0,108,-12.99,15.43,-36.25,15.44,-0.07,0.07,-0.17,0.06,-178.3,163.7,-396.35,145.24
EGKK,EPKK,0,45,-19.82,38.4,-50.76,11.16,-0.04,0.15,-0.14,0.09,-104.76,370.81,-401.34,237.34
EGKK,EPKK,1,15,-13.85,15.86,-29.66,7.93,-0.06,0.04,-0.12,0.0,-167.69,122.04,-340.85,3.27
EGKK,ESSA,0,53,-1.17,11.9,-17.02,19.96,0.01,0.06,-0.07,0.12,15.49,142.53,-165.32,280.1
EGKK,ESSA,1,19,-5.26,12.42,-24.67,11.81,-0.01,0.09,-0.1,0.09,-19.83,212.24,-240.43,225.27
EGKK,ESSA,2,28,-5.92,17.59,-25.93,23.34,-0.03,0.07,-0.11,0.08,-61.95,168.39,-254.84,202.94
EGKK,EVRA,0,16,-0.37,15.79,-21.65,13.8,0.03,0.07,-0.08,0.1,51.23,129.61,-150.5,192.35
EGKK,EVRA,1,17,4.69,7.62,-4.2,18.62,0.06,0.07,-0.01,0.19,117.28,139.08,-18.86,354.46
EGKK,EVRA,2,18,13.17,17.39,-4.97,36.04,0.09,0.07,0.0,0.21,168.47,140.57,8.16,405.46
EGKK,GCLP,0,62,12.38,13.75,-0.76,37.64,0.1,0.07,-0.01,0.21,248.25,169.61,-33.08,500.84
EGKK,GCRR,0,112,-12.86,12.0,-28.04,8.84,-0.03,0.08,-0.17,0.08,-81.7,185.39,-415.43,194.66
EGKK,GCTS,0,58,-18.78,13.62,-36.21,5.83,-0.04,0.11,-0.16,0.1,-85.52,291.02,-393.88,264.83
EGKK,GCTS,1,42,-21.23,9.23,-31.62,-2.65,-0.08,0.06,-0.16,0.01,-211.25,144.07,-399.17,24.71
EGKK,GCTS,2,36,-21.11,10.26,-29.45,-1.27,-0.1,0.08,-0.24,0.01,-265.9,212.05,-597.02,13.25
EGKK,GMMX,0,88,2.78,13.87,-15.06,23.26,0.05,0.08,-0.06,0.2,126.84,200.84,-147.07,448.32
EGKK,GMMX,1,30,-1.74,10.43,-14.45,13.26,0.03,0.07,-0.06,0.13,73.53,186.76,-161.02,325.72
EGKK,KJFK,0,30,-0.55,15.12,-9.67,16.52,0.06,0.07,-0.07,0.15,340.42,375.64,-240.02,858.42
EGKK,KJFK,1,24,1.7,9.49,-12.0,15.68,0.0,0.06,-0.1,0.09,38.59,324.36,-497.84,586.46
EGKK,KJFK,2,26,4.87,8.45,-4.0,16.83,0.1,0.08,-0.02,0.21,377.24,382.48,-126.52,693.25
EGKK,KJFK,3,34,-1.04,9.74,-16.36,13.81,0.09,0.08,-0.03,0.23,486.71,510.11,-182.33,1525.92
EGKK,KMCO,0,44,1.94,6.92,-6.46,15.6,0.06,0.05,-0.04,0.14,354.25,335.79,-210.82,912.89
EGKK,KMCO,1,29,1.58,9.66,-4.78,15.7,0.07,0.04,0.01,0.13,431.78,286.74,46.2,846.28
EGKK,LCLK,0,37,18.22,23.41,-13.26,43.82,0.03,0.11,-0.1,0.19,76.21,257.33,-242.52,479.02
EGKK,LCLK,1,64,20.78,13.81,5.09,40.78,0.05,0.08,-0.08,0.17,121.2,200.37,-208.3,419.5
EGKK,LCPH,0,70,25.33,11.89,2.99,38.75,-0.01,0.07,-0.13,0.11,-16.61,197.17,-321.43,275.53
EGKK,LCPH,1,64,21.39,10.94,3.32,44.25,-0.03,0.07,-0.14,0.06,-69.94,160.73,-352.4,158.14
EGKK,LDDU,0,34,2.36,6.77,-7.37,14.05,0.01,0.05,-0.08,0.08,15.24,160.31,-230.19,211.73
EGKK,LDDU,1,34,6.99,15.83,-12.05,40.94,0.03,0.07,-0.07,0.14,72.29,168.32,-181.51,343.4
EGKK,LDDU,2,32,4.39,8.9,-8.35,21.22,0.01,0.06,-0.08,0.09,42.68,150.36,-186.34,254.16
EGKK,LDDU,3,22,7.49,6.99,-1.53,18.06,0.03,0.07,-0.07,0.16,72.32,172.81,-178.62,407.02
EGKK,LDSP,0,56,6.48,13.12,-17.18,22.58,0.04,0.06,-0.05,0.12,88.19,137.69,-122.1,283.52
EGKK,LDSP,1,32,12.8,17.38,-0.55,30.81,0.05,0.06,-0.03,0.13,101.29,130.56,-62.83,289.25
EGKK,LEAL,0,232,6.31,14.9,-5.61,24.24,0.07,0.08,-0.03,0.16,162.79,198.96,-68.04,396.2
EGKK,LEBB,0,104,-15.47,22.49,-43.47,30.76,-0.01,0.05,-0.1,0.07,-28.91,134.28,-254.42,167.11
EGKK,LEBL,0,106,-3.17,27.42,-27.92,19.73,-0.03,0.1,-0.14,0.07,-64.72,249.25,-348.28,178.95
EGKK,LEBL,1,232,-3.61,9.25,-12.64,11.37,-0.06,0.06,-0.16,0.05,-146.09,149.71,-381.6,108.05
EGKK,LEIB,0,69,-24.86,18.58,-56.92,5.76,-0.04,0.08,-0.17,0.08,-103.19,181.61,-391.9,192.5
EGKK,LEIB,1,43,-21.83,13.96,-42.57,1.69,-0.04,0.08,-0.16,0.07,-101.56,206.55,-381.3,185.21
EGKK,LEIB,2,41,-19.26,17.75,-43.4,9.3,-0.05,0.09,-0.18,0.08,-124.93,211.61,-399.7,194.0
EGKK,LEMD,0,111,-11.63,18.86,-50.4,14.45,0.02,0.09,-0.12,0.17,38.58,216.6,-282.55,408.3
EGKK,LEMD,1,30,-0.5,19.04,-34.27,15.96,0.05,0.12,-0.1,0.28,138.05,291.57,-240.0,675.2
EGKK,LEMD,2,23,14.97,19.71,-6.4,45.71,0.13,0.09,0.02,0.24,312.93,217.92,43.34,601.49
EGKK,LEMG,0,319,8.44,19.68,-7.93,44.63,0.11,0.09,-0.01,0.26,258.25,209.5,-35.71,665.58
EGKK,LEMG,1,28,-5.55,14.36,-27.78,12.35,0.05,0.06,-0.02,0.14,121.32,140.25,-57.62,352.48
EGKK,LEMH,0,130,-2.82,11.59,-26.04,20.08,-0.0,0.06,-0.1,0.11,-5.02,151.72,-235.4,251.93
EGKK,LEMI,0,58,-35.95,17.91,-50.32,4.2,-0.08,0.09,-0.18,0.09,-186.96,200.84,-427.38,209.94
EGKK,LEPA,0,78,-8.61,10.37,-23.48,7.43,0.03,0.05,-0.04,0.11,84.93,121.16,-105.57,289.74
EGKK,LEPA,1,171,4.08,8.65,-5.7,22.4,0.01,0.06,-0.08,0.13,30.58,156.63,-178.35,293.9
EGKK,LEVC,0,111,1.81,11.49,-9.35,17.15,0.01,0.06,-0.08,0.11,23.88,139.52,-175.35,259.35
EGKK,LEZL,0,111,3.82,7.64,-6.5,16.95,0.04,0.06,-0.05,0.13,86.19,136.81,-110.15,328.5
EGKK,LFBD,0,101,-9.37,13.86,-29.8,10.9,0.02,0.09,-0.09,0.12,47.99,226.85,-190.7,291.5
EGKK,LFLL,0,57,1.86,13.91,-14.3,20.8,-0.09,0.07,-0.19,0.01,-212.75,163.02,-449.16,28.68
EGKK,LFML,0,52,7.94,15.52,-9.92,31.07,0.02,0.07,-0.07,0.12,37.11,152.49,-160.8,285.77
EGKK,LFMN,0,214,6.28,13.05,-7.62,31.57,0.06,0.07,-0.03,0.18,161.87,187.31,-78.54,427.9
EGKK,LFMT,0,33,-6.09,16.86,-30.56,18.46,-0.1,0.07,-0.2,0.02,-223.8,156.89,-459.68,35.46
EGKK,LFMT,1,28,-11.9,14.28,-32.81,8.04,-0.1,0.05,-0.16,-0.01,-232.0,111.11,-388.94,-34.84
EGKK,LFPG,0,97,-0.6,18.55,-19.56,27.4,-0.0,0.12,-0.12,0.11,-4.17,275.18,-273.14,265.3
EGKK,LFPG,1,15,-5.28,14.94,-37.41,12.13,-0.03,0.06,-0.12,0.03,-64.73,144.79,-307.85,68.0
EGKK,LFPO,0,65,-33.6,14.93,-52.22,-10.32,-0.07,0.08,-0.19,0.03,-184.0,204.1,-481.78,92.0
EGKK,LFSB,0,55,3.79,7.52,-7.23,14.29,-0.07,0.06,-0.17,-0.01,-169.47,129.1,-414.08,-13.22
EGKK,LGAV,0,21,-0.04,14.31,-20.3,20.3,0.05,0.09,-0.02,0.25,128.31,243.17,-65.3,564.1
EGKK,LGAV,1,41,-5.3,18.06,-32.4,20.4,-0.0,0.07,-0.1,0.1,-3.6,176.66,-259.1,249.3
EGKK,LGAV,2,24,2.25,15.53,-20.4,26.05,0.02,0.06,-0.09,0.1,57.26,148.76,-201.9,267.13
EGKK,LGAV,3,12,-11.22,17.28,-27.34,20.2,-0.05,0.07,-0.15,0.06,-132.12,182.19,-373.78,141.46
EGKK,LGAV,4,25,3.94,47.36,-19.12,9.74,-0.0,0.21,-0.17,0.08,-12.77,530.04,-416.8,171.72
EGKK,LGAV,5,21,-0.61,50.0,-40.1,138.3,0.04,0.19,-0.12,0.5,90.73,431.96,-302.7,1150.0
EGKK,LGIR,0,43,2.9,9.73,-11.3,12.68,-0.01,0.06,-0.1,0.09,-31.54,147.21,-247.72,228.94
EGKK,LGIR,1,15,-1.53,15.37,-18.57,22.53,0.02,0.13,-0.13,0.19,47.94,318.79,-299.16,504.21
EGKK,LGIR,2,22,0.12,9.27,-10.73,18.22,-0.0,0.04,-0.09,0.06,-11.37,108.99,-214.23,154.74
EGKK,LGIR,3,20,4.12,13.88,-10.76,24.27,-0.03,0.05,-0.1,0.03,-85.51,130.24,-249.08,75.68
EGKK,LGIR,4,16,-1.87,10.16,-16.18,11.65,-0.06,0.08,-0.18,0.05,-152.61,187.44,-408.18,132.95
EGKK,LGKF,0,50,11.64,13.66,-14.51,27.46,0.09,0.09,-0.05,0.21,203.62,212.46,-125.94,514.31
EGKK,LGKF,1,20,20.6,26.36,-9.65,61.47,0.1,0.14,-0.09,0.41,228.62,354.28,-232.96,1015.36
EGKK,LGKO,0,80,8.48,14.89,-12.03,31.43,0.01,0.07,-0.11,0.13,27.24,206.49,-316.0,342.71
EGKK,LGKR,0,31,13.08,13.69,-2.35,34.35,0.03,0.08,-0.08,0.15,70.9,213.67,-193.7,387.65
EGKK,LGKR,1,45,7.5,12.03,-13.1,24.3,0.01,0.1,-0.13,0.13,28.38,257.11,-330.86,335.3
EGKK,LGKR,2,46,13.57,15.57,-5.1,40.5,0.03,0.07,-0.06,0.15,84.36,181.98,-154.18,386.12
EGKK,LGRP,0,45,11.28,8.38,-5.18,25.74,-0.03,0.08,-0.18,0.07,-78.39,190.3,-445.46,173.9
EGKK,LGRP,1,69,11.84,9.95,-0.86,29.5,0.01,0.06,-0.1,0.1,39.57,147.22,-255.06,248.94
EGKK,LGRP,2,25,8.2,11.62,-10.5,22.08,-0.01,0.08,-0.1,0.1,-18.76,196.08,-252.06,285.42
EGKK,LGSA,0,46,18.33,24.75,-4.97,33.83,0.05,0.11,-0.08,0.23,136.85,272.08,-191.8,575.0
EGKK,LGSA,1,17,1.05,15.03,-18.58,21.82,-0.02,0.12,-0.19,0.12,-49.04,286.77,-473.28,274.08
EGKK,LGSR,0,28,18.99,10.11,3.17,31.93,0.06,0.08,-0.07,0.16,140.32,193.86,-186.8,398.92
EGKK,LGSR,1,22,10.77,13.93,-8.38,27.74,0.04,0.06,-0.04,0.14,88.18,155.42,-93.22,322.87
EGKK,LGSR,2,26,20.5,10.89,1.6,39.12,0.05,0.08,-0.12,0.16,113.17,206.51,-296.33,405.6
EGKK,LGTS,0,55,3.44,18.91,-33.62,30.05,0.02,0.06,-0.09,0.13,46.69,152.96,-235.41,310.19
EGKK,LGTS,1,31,2.76,20.91,-29.75,38.7,-0.02,0.1,-0.17,0.12,-55.9,242.48,-413.9,306.6
EGKK,LGZA,0,33,27.46,14.82,5.52,46.22,0.09,0.09,-0.07,0.22,226.55,227.96,-160.9,538.02
EGKK,LGZA,1,17,32.88,10.83,17.8,49.6,0.09,0.08,-0.02,0.18,214.74,203.96,-50.58,459.4
EGKK,LHBP,0,50,-9.18,14.3,-25.96,13.9,-0.0,0.06,-0.09,0.09,-9.76,134.25,-210.02,215.39
EGKK,LIBD,0,55,9.12,44.82,-38.48,42.18,0.02,0.19,-0.2,0.2,48.01,491.64,-552.93,490.69
EGKK,LICC,0,17,-29.09,26.48,-64.98,11.4,-0.04,0.08,-0.13,0.12,-119.39,215.67,-377.8,304.78
EGKK,LICC,1,19,-58.4,16.29,-76.97,-39.51,-0.06,0.08,-0.13,0.12,-162.29,218.27,-359.45,331.37
EGKK,LICC,2,54,-30.72,32.46,-61.43,36.92,-0.03,0.11,-0.2,0.16,-67.79,259.56,-447.95,398.59
EGKK,LIEO,0,51,-76.01,13.7,-94.15,-59.75,-0.26,0.07,-0.37,-0.14,-599.11,171.77,-858.85,-319.85
EGKK,LIMC,0,115,-49.67,18.55,-72.73,-12.0,-0.2,0.09,-0.33,-0.06,-492.86,207.16,-814.68,-143.52
EGKK,LIMC,1,82,-65.45,22.75,-91.73,-12.56,-0.27,0.11,-0.41,-0.04,-626.88,273.94,-948.34,-105.14
EGKK,LIPX,0,23,-12.19,13.54,-34.47,9.06,-0.04,0.05,-0.1,0.03,-84.0,133.5,-238.0,88.14
EGKK,LIPX,1,52,-13.83,8.59,-25.19,0.69,-0.04,0.05,-0.12,0.03,-97.37,124.08,-285.98,88.68
EGKK,LIPZ,0,30,-24.95,18.58,-51.06,5.26,-0.14,0.09,-0.27,-0.02,-345.07,212.27,-625.0,-54.05
EGKK,LIPZ,1,31,-48.78,71.54,-60.15,-15.6,-0.22,0.17,-0.34,-0.08,-534.69,423.53,-775.85,-206.8
EGKK,LIPZ,2,49,-26.17,50.51,-48.2,6.9,-0.17,0.13,-0.28,-0.02,-408.57,334.85,-708.3,-58.46
EGKK,LIRF,0,158,-45.97,24.72,-76.81,-13.33,-0.12,0.09,-0.22,-0.02,-287.07,236.18,-541.79,-41.19
EGKK,LIRF,1,30,-35.63,16.44,-57.64,0.03,-0.15,0.07,-0.27,-0.07,-356.59,163.94,-644.25,-153.27
EGKK,LIRF,2,23,-38.28,23.05,-74.47,-0.2,-0.13,0.06,-0.2,-0.07,-319.72,138.6,-488.9,-166.6
EGKK,LIRN,0,34,-19.89,23.07,-48.84,6.38,-0.07,0.09,-0.19,0.03,-179.89,220.34,-472.9,62.37
EGKK,LIRN,1,55,-25.57,21.0,-58.51,2.61,-0.08,0.09,-0.2,0.1,-192.15,212.72,-500.0,239.59
EGKK,LIRP,0,70,8.5,24.37,-39.34,42.06,-0.03,0.07,-0.12,0.07,-59.2,165.5,-297.07,160.49
EGKK,LIRQ,0,24,-6.92,8.98,-17.64,0.06,-0.04,0.07,-0.13,0.11,-83.06,154.46,-287.81,234.69
EGKK,LIRQ,1,36,-9.51,13.09,-28.68,7.9,-0.05,0.07,-0.13,0.05,-107.04,144.66,-293.3,99.52
EGKK,LMML,0,40,24.56,14.03,-0.23,45.4,0.02,0.09,-0.13,0.12,44.78,219.56,-269.64,265.63
EGKK,LMML,1,93,15.17,23.0,-14.34,40.18,0.05,0.08,-0.08,0.18,124.48,201.54,-184.22,470.36
EGKK,LOWW,0,59,18.16,14.65,0.83,35.01,0.06,0.06,-0.02,0.14,150.88,149.74,-45.86,337.56
EGKK,LPFR,0,290,5.27,9.34,-4.79,23.31,0.04,0.06,-0.05,0.15,110.16,158.7,-125.0,373.4
EGKK,LPFR,1,16,-2.11,8.23,-16.1,9.45,0.01,0.05,-0.08,0.07,20.11,131.28,-197.88,171.7
EGKK,LPMA,0,51,0.88,13.12,-14.15,23.7,0.06,0.15,-0.1,0.26,151.18,357.08,-249.95,645.85
EGKK,LPPR,0,79,7.08,28.37,-24.24,45.64,0.05,0.21,-0.07,0.21,124.63,471.49,-166.7,479.34
EGKK,LPPR,1,33,4.02,16.59,-23.08,31.94,0.05,0.1,-0.07,0.2,130.2,240.4,-166.7,508.36
EGKK,LPPT,0,140,1.16,17.0,-24.32,29.92,0.1,0.11,-0.05,0.27,232.2,249.14,-127.08,623.3
EGKK,LSGG,0,51,-24.94,10.35,-40.7,-7.7,0.06,0.08,-0.1,0.16,137.25,197.0,-230.1,392.7
EGKK,LSGG,1,91,-16.66,11.57,-32.25,0.4,-0.09,0.07,-0.21,0.04,-213.27,166.14,-526.05,94.8
EGKK,LSZH,0,16,-3.14,11.81,-19.05,12.18,0.03,0.08,-0.07,0.2,67.19,186.31,-158.55,436.12
EGKK,LSZH,1,36,7.49,12.8,-6.35,35.17,0.02,0.08,-0.1,0.13,43.17,177.07,-237.12,313.95
EGKK,LTAI,0,27,6.46,15.12,-12.75,31.05,0.03,0.1,-0.14,0.15,58.9,323.64,-342.99,367.5
EGKK,LTAI,1,15,11.13,24.95,-7.8,48.26,0.08,0.16,-0.06,0.31,208.21,404.21,-149.99,770.51
EGKK,LTAI,2,91,8.59,17.45,-14.1,35.2,0.07,0.11,-0.13,0.23,159.35,258.72,-310.0,555.0
EGKK,LTAI,3,24,8.27,14.69,-19.53,24.24,0.02,0.1,-0.18,0.16,42.43,247.98,-449.56,440.45
EGKK,LTAI,4,37,7.85,13.23,-10.9,31.94,0.05,0.07,-0.07,0.15,129.36,163.51,-166.62,380.12
EGKK,LTAI,5,51,1.0,12.7,-17.85,22.05,-0.0,0.12,-0.21,0.18,-10.85,293.42,-520.8,416.7
EGKK,LTBS,0,15,25.77,24.51,-12.29,51.16,0.03,0.09,-0.13,0.14,70.67,228.74,-333.3,328.0
EGKK,LTBS,1,53,34.3,19.2,6.84,55.0,0.05,0.09,-0.1,0.16,136.98,216.67,-237.04,376.0
EGKK,LTBS,2,34,41.81,22.19,6.83,62.62,0.06,0.11,-0.13,0.2,156.91,259.01,-308.0,482.0
EGKK,LTBS,3,60,28.86,21.11,-9.74,59.52,0.03,0.09,-0.12,0.18,87.54,235.07,-291.6,459.48
EGKK,LTBS,4,44,33.89,19.18,8.81,54.64,0.07,0.08,-0.03,0.18,182.13,222.76,-77.9,465.37
EGKK,LTFE,0,15,23.07,23.62,0.84,57.76,0.03,0.08,-0.05,0.16,76.89,178.77,-136.04,346.5
EGKK,LTFE,1,47,29.7,22.79,-8.32,51.43,0.07,0.09,-0.09,0.18,164.22,221.9,-211.01,447.32
EGKK,LTFM,0,37,-13.24,17.33,-33.34,12.74,-0.02,0.08,-0.14,0.13,-58.43,199.66,-341.72,333.3
EGKK,LTFM,1,40,-12.78,20.16,-34.92,22.05,-0.01,0.07,-0.12,0.1,-31.49,188.11,-291.6,254.17
EGKK,LTFM,2,39,-15.38,23.71,-43.43,28.45,-0.03,0.08,-0.15,0.12,-68.52,208.23,-375.0,304.1
EGKK,LXGB,0,22,1.17,8.53,-9.78,8.9,0.03,0.05,-0.02,0.1,65.25,102.61,-49.1,222.9
EGKK,LXGB,1,33,2.44,10.73,-11.18,21.18,0.05,0.1,-0.05,0.23,123.05,246.49,-130.14,546.92
EGKK,MMUN,0,22,1.2,6.22,-6.29,10.4,0.02,0.04,-0.03,0.09,95.82,239.86,-211.89,498.36
EGKK,MMUN,1,34,5.31,8.08,-3.0,15.94,0.03,0.05,-0.03,0.11,210.96,286.68,-158.14,651.22
EGKK,OMDB,0,73,27.15,15.37,3.02,53.74,0.17,0.1,-0.01,0.34,2050.69,1200.97,-71.34,4139.32
EGKK,OMDB,1,17,15.22,17.17,-3.96,45.2,0.15,0.13,-0.03,0.34,1803.73,1507.98,-356.7,4103.36
EGKK,OTHH,0,15,32.02,22.18,0.42,69.29,0.1,0.1,-0.02,0.24,677.93,631.8,-116.62,1563.82
EGKK,OTHH,1,34,46.52,27.47,12.79,87.53,0.16,0.08,0.05,0.3,858.72,521.43,240.13,1709.82
EGKK,OTHH,2,20,38.47,17.71,9.7,58.74,0.11,0.09,-0.04,0.24,680.82,580.22,-232.11,1552.92
EGLC,EDDB,0,82,15.03,12.56,-4.8,33.47,0.13,0.05,0.05,0.21,290.26,112.62,114.42,456.43
EGLC,EDDF,0,128,-55.98,19.46,-79.83,-17.83,-0.16,0.13,-0.36,0.01,-357.88,275.53,-791.9,27.56
EGLC,EDDF,1,30,-38.35,11.61,-55.58,-17.23,-0.18,0.08,-0.28,-0.02,-406.26,171.16,-618.79,-46.21
EGLC,EDDL,0,62,-17.97,13.78,-35.66,6.1,0.07,0.06,0.0,0.16,150.4,122.79,2.91,349.46
EGLC,EGAC,0,78,-2.57,4.95,-8.62,2.76,0.09,0.03,0.05,0.13,187.57,61.12,104.51,293.4
EGLC,EGPF,0,119,9.49,6.62,3.3,18.33,0.12,0.05,0.07,0.2,259.27,102.71,150.18,429.6
EGLC,EGPH,0,206,11.72,5.94,1.82,23.15,0.11,0.05,0.06,0.2,244.07,108.61,125.45,437.15
EGLC,EHAM,0,330,7.86,5.32,-0.03,18.1,0.09,0.06,-0.01,0.19,192.19,136.45,-21.52,407.57
EGLC,EHRD,0,100,7.06,9.26,-7.5,22.03,0.12,0.04,0.05,0.19,254.5,94.77,100.71,411.39
EGLC,EIDW,0,94,-6.66,13.02,-29.16,14.9,0.07,0.09,-0.02,0.21,151.46,188.14,-43.82,452.9
EGLC,EIDW,1,34,5.38,12.42,-7.51,28.75,0.08,0.05,0.01,0.16,180.37,108.02,25.78,341.16
EGLC,ELLX,0,141,2.91,8.14,-11.4,14.1,-0.01,0.04,-0.08,0.07,-13.76,50.61,-90.8,77.3
EGLC,LEIB,0,57,-24.66,19.84,-52.42,7.18,0.01,0.06,-0.09,0.1,11.29,130.6,-192.68,224.64
EGLC,LFMN,0,51,-2.55,19.55,-27.0,24.25,0.13,0.08,0.02,0.25,282.95,165.97,43.7,556.1
EGLC,LIRQ,0,32,-13.76,13.76,-32.82,6.9,0.04,0.06,-0.04,0.14,85.55,129.61,-89.87,298.52
EGLC,LIRQ,1,24,-2.87,15.6,-26.62,24.88,0.07,0.06,-0.01,0.17,144.95,127.91,-31.19,366.6
EGLC,LSGG,0,3,-25.93,1.22,-26.92,-24.76,0.21,0.04,0.17,0.24,460.33,91.44,370.58,526.73
EGLC,LSGG,1,6,-17.27,7.41,-23.05,-6.52,0.07,0.05,0.0,0.12,145.63,104.24,10.33,256.5
EGLC,LSZH,0,63,-4.92,11.24,-23.08,11.38,0.1,0.09,0.02,0.24,209.61,189.24,34.51,518.06
EGLC,LSZH,1,1,-44.6,,-44.6,-44.6,-0.01,,-0.01,-0.01,-29.3,,-29.3,-29.3
EGLL,BIKF,0,13,10.32,9.51,-3.04,24.3,0.08,0.1,-0.05,0.21,284.37,259.96,-79.88,606.66
EGLL,BIKF,1,16,10.82,11.49,-4.32,27.82,0.08,0.04,0.02,0.14,228.11,165.06,46.95,472.7
EGLL,BIKF,2,34,17.01,10.97,3.28,28.68,0.1,0.09,-0.03,0.22,314.04,337.21,-58.25,1016.7
EGLL,CYUL,0,23,2.36,6.42,-7.85,11.98,0.05,0.04,-0.03,0.1,264.14,230.24,-147.41,534.67
EGLL,CYUL,1,30,2.38,6.5,-7.19,10.86,0.05,0.05,-0.03,0.11,272.01,288.09,-198.16,628.4
EGLL,CYUL,2,34,1.71,4.41,-5.42,8.17,0.03,0.06,-0.07,0.1,176.76,314.43,-358.2,569.81
EGLL,CYVR,0,59,-0.26,17.23,-7.07,8.66,0.02,0.05,-0.02,0.08,156.01,392.13,-143.15,556.86
EGLL,CYYC,0,23,2.06,5.39,-5.22,11.32,0.03,0.04,-0.0,0.1,180.62,247.3,-10.08,545.89
EGLL,CYYC,1,19,3.4,4.06,-2.47,9.94,0.03,0.04,-0.02,0.08,173.08,207.25,-89.17,437.28
EGLL,CYYC,2,18,3.46,4.87,-6.32,9.35,0.04,0.03,-0.01,0.09,201.59,189.64,-34.06,510.36
EGLL,CYYZ,0,22,1.47,5.44,-7.6,8.05,-0.0,0.05,-0.08,0.08,-12.88,326.64,-569.64,503.84
EGLL,CYYZ,1,41,1.72,6.79,-7.9,14.8,0.03,0.05,-0.05,0.09,201.49,293.3,-308.8,566.9
EGLL,CYYZ,2,22,1.09,2.85,-2.46,6.4,0.06,0.05,-0.02,0.15,388.31,313.1,-125.47,825.8
EGLL,CYYZ,3,28,3.31,3.69,0.0,8.21,0.02,0.03,-0.03,0.06,114.64,203.67,-193.9,376.27
EGLL,CYYZ,4,15,5.11,6.53,-0.72,14.11,0.04,0.05,-0.04,0.08,204.29,308.9,-306.19,481.8
EGLL,CYYZ,5,20,3.48,4.1,-2.74,8.07,0.05,0.03,-0.0,0.1,301.68,205.5,-0.83,640.96
EGLL,CYYZ,6,15,0.81,6.52,-8.8,11.43,0.02,0.06,-0.07,0.09,128.98,332.34,-441.24,536.21
EGLL,CYYZ,7,17,1.5,5.71,-6.96,10.02,0.06,0.04,0.01,0.14,356.47,252.09,53.92,824.72
EGLL,DAAG,0,26,12.21,9.29,3.28,26.38,0.08,0.1,-0.02,0.2,318.72,503.36,-102.48,1090.42
EGLL,DAAG,1,24,6.2,3.97,2.83,12.91,0.06,0.05,-0.01,0.13,148.46,114.91,-24.54,317.92
EGLL,DNMM,0,60,1.11,6.89,-6.26,9.71,-0.02,0.05,-0.09,0.06,-82.53,301.11,-522.8,372.04
EGLL,EBBR,0,84,23.35,10.2,0.81,37.92,0.09,0.05,0.0,0.16,208.22,122.53,5.75,372.01
EGLL,EBBR,1,104,23.84,11.02,0.7,39.05,0.01,0.05,-0.07,0.08,37.91,137.87,-166.7,259.7
EGLL,EDDB,0,77,18.71,12.02,0.2,34.18,0.07,0.05,-0.0,0.14,173.57,130.39,-11.46,357.04
EGLL,EDDB,1,21,16.13,12.22,3.1,35.7,0.07,0.05,0.02,0.14,174.0,118.31,53.1,313.1
EGLL,EDDB,2,45,14.62,11.64,-0.26,32.08,0.09,0.06,0.02,0.16,195.79,130.04,48.14,366.56
EGLL,EDDF,0,307,-49.9,18.18,-72.72,-28.1,-0.2,0.08,-0.31,-0.09,-473.07,195.81,-741.45,-219.52
EGLL,EDDF,1,47,-31.62,29.26,-49.25,-4.87,-0.11,0.2,-0.26,0.02,-211.16,554.5,-592.64,44.9
EGLL,EDDF,2,32,-35.67,15.57,-50.74,-14.58,-0.14,0.09,-0.25,-0.07,-347.77,218.31,-614.96,-171.83
EGLL,EDDF,3,44,-55.72,36.82,-75.11,-14.14,-0.17,0.09,-0.28,-0.05,-419.0,214.41,-653.34,-120.34
EGLL,EDDH,0,174,-30.23,16.92,-57.24,1.58,-0.14,0.1,-0.32,-0.01,-331.85,214.18,-698.07,-27.25
EGLL,EDDK,0,77,-22.74,10.66,-35.22,-3.36,-0.12,0.06,-0.19,-0.02,-265.46,128.55,-422.58,-56.28
EGLL,EDDL,0,144,-17.57,10.51,-34.9,-1.72,-0.01,0.07,-0.11,0.09,-27.38,156.66,-246.86,181.65
EGLL,EDDL,1,68,-17.79,13.23,-33.75,5.86,-0.02,0.05,-0.08,0.05,-38.84,112.92,-201.16,113.9
EGLL,EDDM,0,93,12.84,12.21,-2.02,36.96,-0.04,0.08,-0.14,0.09,-89.78,192.58,-349.42,214.26
EGLL,EDDM,1,309,10.51,12.94,-3.72,33.82,-0.08,0.07,-0.19,0.04,-195.82,182.66,-456.9,103.68
EGLL,EDDS,0,116,-18.3,14.41,-39.65,3.95,-0.06,0.09,-0.2,0.07,-121.85,193.13,-445.85,164.05
EGLL,EDDS,1,19,-8.65,19.45,-39.04,27.45,-0.0,0.08,-0.11,0.14,-7.23,195.75,-270.32,347.93
EGLL,EDDV,0,16,8.77,17.28,-12.28,36.72,0.02,0.06,-0.06,0.11,50.17,150.9,-148.55,275.7
EGLL,EDDV,1,24,15.8,17.42,-3.31,44.49,0.07,0.08,-0.01,0.18,178.93,209.83,-29.9,493.58
EGLL,EDDV,2,21,8.75,24.38,-18.6,40.3,0.03,0.07,-0.06,0.16,56.66,164.42,-141.9,356.9
EGLL,EFHK,0,50,5.48,8.19,-7.37,19.3,0.03,0.04,-0.04,0.1,101.14,183.3,-143.28,387.23
EGLL,EFHK,1,29,7.02,7.2,-0.98,20.02,0.04,0.07,-0.09,0.12,218.63,384.65,-508.14,688.64
EGLL,EFHK,2,18,2.34,8.41,-5.87,13.02,0.04,0.06,-0.07,0.11,202.74,287.51,-210.2,590.36
EGLL,EFHK,3,30,-2.22,13.88,-23.18,17.94,0.02,0.08,-0.13,0.12,54.01,406.73,-611.17,678.78
EGLL,EGAC,0,169,-0.09,7.02,-8.96,15.64,0.05,0.04,0.0,0.1,123.24,88.41,0.0,250.0
EGLL,EGAE,0,81,3.65,5.8,-3.1,12.8,-0.1,0.05,-0.16,-0.0,-135.99,62.41,-214.5,-3.0
EGLL,EGCC,0,159,14.2,5.19,6.78,24.1,0.08,0.05,0.02,0.16,199.83,118.53,49.02,418.96
EGLL,EGJJ,0,128,-0.71,6.62,-5.06,6.01,0.06,0.05,-0.01,0.14,134.44,115.35,-21.3,314.74
EGLL,EGNT,0,120,13.04,6.52,1.28,22.32,0.02,0.05,-0.05,0.11,53.7,116.16,-125.0,235.61
EGLL,EGPD,0,151,11.23,8.39,-4.15,22.05,0.07,0.08,-0.03,0.15,165.82,199.94,-78.55,382.0
EGLL,EGPE,0,22,19.29,8.74,4.91,31.74,0.09,0.04,0.03,0.14,197.68,90.13,58.52,301.53
EGLL,EGPE,1,35,20.28,10.84,3.61,36.11,0.07,0.03,0.03,0.13,184.07,85.41,72.2,316.67
EGLL,EGPF,0,66,11.73,4.98,4.8,19.52,0.07,0.06,-0.01,0.13,151.56,132.04,-19.55,299.5
EGLL,EGPF,1,108,11.45,6.63,3.54,23.35,0.05,0.05,-0.01,0.13,117.59,116.93,-31.3,318.28
EGLL,EGPF,2,63,11.61,6.01,3.24,22.83,0.07,0.06,-0.01,0.14,167.21,161.26,-14.3,341.49
EGLL,EGPH,0,85,16.82,9.48,6.72,26.9,0.07,0.06,-0.05,0.15,155.49,127.41,-103.76,336.38
EGLL,EGPH,1,128,14.91,7.63,3.1,27.39,0.06,0.06,-0.01,0.13,142.75,157.07,-17.36,333.68
EGLL,EGPH,2,98,12.22,6.41,2.68,20.95,0.06,0.06,-0.02,0.15,138.83,140.25,-51.58,347.78
EGLL,EHAM,0,457,9.97,16.82,3.4,18.94,0.06,0.09,-0.04,0.16,135.73,193.93,-84.38,381.52
EGLL,EICK,0,112,3.38,6.59,-3.19,11.72,-0.01,0.06,-0.1,0.08,-32.45,144.17,-262.32,190.11
EGLL,EIDW,0,95,5.87,13.94,-4.9,39.93,-0.01,0.08,-0.1,0.08,-16.7,187.54,-238.9,190.44
EGLL,EIDW,1,153,-6.49,13.65,-26.68,19.36,-0.04,0.09,-0.14,0.1,-95.08,214.73,-335.32,231.88
EGLL,EIDW,2,88,4.45,13.99,-12.43,27.33,0.03,0.1,-0.1,0.24,63.27,243.79,-234.6,556.94
EGLL,EIDW,3,83,9.18,16.28,-4.56,38.27,-0.02,0.07,-0.13,0.11,-43.5,170.52,-293.76,257.65
EGLL,EIDW,4,81,-7.55,15.56,-27.3,19.4,-0.04,0.08,-0.14,0.12,-97.45,207.09,-345.8,310.5
EGLL,EINN,0,54,2.18,8.28,-5.24,19.84,-0.01,0.04,-0.07,0.05,-30.64,91.47,-176.22,114.1
EGLL,EINN,1,30,2.51,9.13,-5.84,23.44,-0.02,0.05,-0.08,0.07,-52.11,122.99,-205.11,164.65
EGLL,EKCH,0,273,-6.96,10.47,-26.08,8.2,-0.07,0.05,-0.15,0.01,-166.51,115.78,-344.86,17.06
EGLL,ENGM,0,52,-10.18,15.17,-38.79,4.94,-0.0,0.07,-0.09,0.09,-10.58,151.48,-196.14,209.64
EGLL,ENGM,1,167,-12.34,15.27,-38.88,13.55,-0.03,0.07,-0.14,0.09,-61.49,190.48,-326.23,234.55
EGLL,EPWA,0,57,-27.45,18.3,-55.74,-4.54,-0.05,0.07,-0.14,0.09,-108.08,155.59,-325.84,209.54
EGLL,EPWA,1,70,-33.11,19.08,-59.0,-7.32,-0.05,0.07,-0.15,0.06,-121.24,157.94,-354.17,127.4
EGLL,EPWA,2,44,-31.82,18.18,-58.74,-9.14,-0.05,0.06,-0.12,0.03,-103.92,124.3,-275.7,58.2
EGLL,ESGG,0,37,-1.05,7.05,-9.84,11.38,0.01,0.05,-0.1,0.09,18.98,123.43,-223.14,195.08
EGLL,ESGG,1,18,-8.92,9.49,-29.14,-1.75,-0.01,0.06,-0.1,0.07,-23.18,126.11,-215.1,163.79
EGLL,ESGG,2,25,-9.03,10.37,-30.14,4.38,-0.0,0.05,-0.07,0.07,-8.78,129.08,-148.26,144.96
EGLL,ESSA,0,50,3.01,14.11,-13.9,28.69,0.04,0.05,-0.03,0.12,99.93,123.13,-81.14,283.69
EGLL,ESSA,1,48,-3.02,12.61,-21.96,18.38,0.02,0.07,-0.08,0.12,51.28,166.05,-192.66,284.63
EGLL,ESSA,2,21,2.95,11.32,-8.4,16.8,0.04,0.05,-0.03,0.11,82.18,106.7,-78.5,260.1
EGLL,ESSA,3,20,2.18,7.09,-7.06,15.28,0.01,0.07,-0.09,0.1,21.35,175.28,-208.24,248.61
EGLL,ESSA,4,20,7.11,10.74,-7.32,20.63,0.07,0.09,-0.05,0.18,154.3,231.2,-108.62,425.01
EGLL,ESSA,5,19,11.57,13.8,-6.46,30.35,0.1,0.13,-0.03,0.27,224.71,294.21,-61.4,612.96
EGLL,ESSA,6,38,3.12,11.45,-17.81,20.52,0.04,0.04,-0.01,0.11,100.37,94.68,-24.04,250.35
EGLL,ESSA,7,30,2.97,14.21,-17.45,27.26,0.05,0.1,-0.09,0.21,117.77,230.16,-209.65,490.48
EGLL,FAOR,0,16,0.75,8.83,-11.15,14.7,-0.05,0.06,-0.14,0.01,-332.66,351.05,-794.42,178.32
EGLL,FAOR,1,43,-13.7,8.62,-24.55,-0.94,-0.04,0.06,-0.15,0.03,-366.43,600.97,-1393.33,351.67
EGLL,FAOR,2,32,-3.92,10.37,-17.94,10.57,-0.06,0.07,-0.15,0.05,-346.49,539.51,-885.76,599.67
EGLL,HECA,0,66,24.52,25.46,2.1,59.65,0.07,0.11,-0.09,0.29,497.32,804.02,-222.8,2246.82
EGLL,HECA,1,23,20.99,12.48,8.13,40.95,0.02,0.09,-0.11,0.19,46.35,231.98,-287.44,467.61
EGLL,HECA,2,31,10.38,19.69,-12.95,39.15,0.07,0.09,-0.07,0.19,273.87,522.1,-262.5,1021.55
EGLL,HKJK,0,55,-36.21,23.47,-85.46,-8.92,-0.09,0.08,-0.23,0.02,-467.93,405.78,-1209.16,122.79
EGLL,HKJK,1,18,-10.27,7.5,-20.19,1.16,-0.0,0.06,-0.1,0.09,-4.69,320.09,-540.18,477.34
EGLL,KATL,0,15,2.64,5.49,-4.33,10.01,0.04,0.05,-0.02,0.13,217.14,285.04,-122.81,731.37
EGLL,KATL,1,47,-0.36,8.38,-8.18,6.68,0.0,0.08,-0.1,0.15,3.05,426.29,-571.5,853.92
EGLL,KATL,2,26,3.16,4.03,-1.0,10.02,0.01,0.05,-0.06,0.08,36.67,267.39,-322.0,453.8
EGLL,KATL,3,16,-0.68,4.28,-6.5,5.15,-0.0,0.04,-0.07,0.06,1.11,241.48,-385.72,317.38
EGLL,KATL,4,11,-1.45,4.41,-6.6,4.8,0.03,0.06,-0.03,0.12,199.98,371.98,-158.4,753.5
EGLL,KBOS,0,53,2.48,6.51,-6.54,8.0,-0.0,0.06,-0.07,0.1,-24.32,458.76,-601.32,571.4
EGLL,KBOS,1,74,1.93,8.38,-1.6,7.32,-0.0,0.05,-0.1,0.07,-27.72,329.25,-616.3,411.85
EGLL,KBOS,2,15,-3.35,5.16,-10.32,2.98,-0.0,0.08,-0.1,0.1,-19.59,473.49,-610.03,694.85
EGLL,KBOS,3,36,-38.66,237.47,-18.0,16.55,-0.07,0.48,-0.11,0.13,-412.75,2826.29,-1017.47,948.3
EGLL,KBOS,4,16,0.78,5.73,-5.52,11.95,0.0,0.06,-0.1,0.06,59.54,307.36,-486.28,397.6
EGLL,KBOS,5,17,1.59,8.6,-7.82,17.3,0.03,0.11,-0.09,0.23,242.84,820.83,-603.5,1742.32
EGLL,KBOS,6,24,4.88,5.8,0.0,13.62,0.01,0.05,-0.06,0.06,72.2,271.19,-167.64,403.22
EGLL,KCLT,0,74,2.43,6.13,-6.91,12.61,-0.05,0.06,-0.12,0.03,-316.45,364.0,-796.48,223.1
EGLL,KCLT,1,15,-0.89,11.42,-26.65,10.35,-0.08,0.04,-0.12,-0.02,-496.84,256.93,-815.11,-133.27
EGLL,KDEN,0,19,0.0,7.61,-10.17,9.81,0.02,0.04,-0.03,0.07,101.33,226.29,-147.31,412.19
EGLL,KDEN,1,26,3.92,3.91,-0.92,10.3,0.03,0.03,-0.03,0.09,185.2,202.67,-215.58,499.38
EGLL,KDEN,2,29,3.79,5.18,-3.28,12.52,0.04,0.04,-0.02,0.12,243.48,258.35,-109.96,669.42
EGLL,KDEN,3,16,5.47,6.91,-4.28,14.78,0.02,0.05,-0.05,0.09,101.3,276.29,-267.02,501.72
EGLL,KDFW,0,84,3.04,5.97,-7.27,13.47,-0.06,0.06,-0.15,0.07,-412.9,526.37,-1134.82,647.15
EGLL,KDFW,1,24,2.2,4.98,-3.41,8.65,-0.07,0.05,-0.17,-0.02,-560.95,348.31,-1296.5,-146.85
EGLL,KDFW,2,39,2.39,4.17,-4.33,8.89,-0.06,0.05,-0.13,0.02,-460.0,420.04,-982.77,300.0
EGLL,KDTW,0,33,1.52,10.69,-7.78,9.24,0.02,0.04,-0.05,0.08,112.42,241.77,-286.66,484.32
EGLL,KDTW,1,17,1.39,3.29,-2.96,4.84,0.08,0.05,0.02,0.16,489.01,291.1,117.66,943.0
EGLL,KEWR,0,60,1.39,6.31,-7.66,9.75,0.18,0.06,0.08,0.26,999.53,323.37,427.5,1403.72
EGLL,KEWR,1,30,2.73,5.35,-0.36,9.59,0.04,0.08,-0.08,0.16,227.55,487.45,-489.18,1066.44
EGLL,KEWR,2,25,5.6,9.07,-5.72,20.58,0.13,0.07,0.03,0.23,881.1,470.71,196.88,1658.02
EGLL,KEWR,3,35,1.44,14.12,-12.74,18.31,0.09,0.05,0.03,0.19,570.16,328.81,219.8,1240.71
EGLL,KEWR,4,42,0.44,5.63,-7.88,9.84,0.17,0.08,0.05,0.29,1140.3,501.43,343.02,1854.93
EGLL,KEWR,5,72,2.4,6.67,-4.25,8.35,0.08,0.1,-0.04,0.23,435.74,546.04,-245.05,1256.74
EGLL,KIAD,0,60,3.11,7.29,-3.94,8.84,0.01,0.05,-0.07,0.08,48.13,351.15,-462.48,632.87
EGLL,KIAD,1,31,3.7,8.29,-6.4,16.5,-0.01,0.06,-0.1,0.09,-88.11,429.39,-770.35,515.55
EGLL,KIAD,2,40,1.37,9.7,-8.04,13.17,0.02,0.07,-0.09,0.09,119.82,470.38,-656.44,874.76
EGLL,KIAD,3,28,2.63,7.61,-5.29,16.8,-0.0,0.06,-0.08,0.1,-53.65,488.66,-756.51,663.66
EGLL,KIAD,4,17,2.56,4.5,-1.04,10.52,-0.01,0.04,-0.08,0.06,-39.98,279.54,-447.38,365.74
EGLL,KIAH,0,34,2.33,4.09,-4.02,8.44,-0.0,0.05,-0.09,0.06,-33.1,332.4,-607.05,352.62
EGLL,KIAH,1,47,2.73,6.57,-6.57,11.45,0.02,0.06,-0.06,0.11,159.91,390.98,-354.38,660.06
EGLL,KIAH,2,31,3.18,6.36,-5.8,14.95,0.02,0.05,-0.05,0.08,150.16,342.62,-370.5,509.2
EGLL,KJFK,0,87,0.37,9.02,-8.81,10.24,0.07,0.08,-0.04,0.18,471.77,533.42,-287.3,1177.72
EGLL,KJFK,1,119,1.96,4.8,-6.5,8.39,0.04,0.07,-0.06,0.16,247.15,509.5,-425.13,1236.37
EGLL,KJFK,2,25,3.27,8.68,-2.24,20.46,0.01,0.05,-0.05,0.08,31.52,298.2,-304.06,313.9
EGLL,KJFK,3,45,2.48,4.3,-1.18,8.5,0.01,0.06,-0.09,0.12,74.91,325.01,-283.86,593.08
EGLL,KJFK,4,63,0.12,5.62,-7.99,9.48,0.1,0.07,-0.0,0.22,693.45,539.84,-11.22,1629.98
EGLL,KJFK,5,46,0.66,6.18,-7.88,11.15,0.05,0.05,-0.0,0.11,259.99,221.66,-8.05,576.33
EGLL,KJFK,6,32,-1.04,5.49,-7.87,7.69,0.09,0.06,-0.0,0.2,567.39,386.76,11.42,1186.5
EGLL,KJFK,7,44,0.88,4.85,-8.04,10.28,0.07,0.08,-0.02,0.23,363.66,394.73,-52.31,816.02
EGLL,KJFK,8,176,2.84,5.16,-1.32,12.6,-0.0,0.04,-0.07,0.06,-23.14,269.32,-476.7,380.33
EGLL,KJFK,9,22,0.06,15.46,-33.02,18.04,-0.03,0.06,-0.13,0.06,-246.51,436.83,-865.35,356.54
EGLL,KLAS,0,15,1.51,5.01,-6.0,7.76,0.01,0.05,-0.05,0.07,74.95,261.76,-294.61,386.21
EGLL,KLAS,1,18,3.72,5.3,-4.97,10.43,0.04,0.05,-0.01,0.11,235.74,263.67,-61.96,616.11
EGLL,KLAS,2,27,-1.02,10.59,-19.39,11.63,-0.01,0.04,-0.07,0.06,-42.81,245.34,-384.25,357.15
EGLL,KLAX,0,77,3.28,7.64,-8.06,13.2,-0.0,0.06,-0.09,0.11,-36.3,414.64,-692.92,634.28
EGLL,KLAX,1,122,3.45,7.2,-7.48,12.76,0.01,0.05,-0.08,0.08,42.36,359.78,-583.14,513.2
EGLL,KLAX,2,34,0.76,5.08,-5.6,8.77,-0.0,0.05,-0.08,0.08,-47.39,317.33,-563.21,413.24
EGLL,KLAX,3,83,4.28,7.01,-4.06,12.99,0.0,0.06,-0.09,0.09,-7.99,415.23,-666.68,607.03
EGLL,KLAX,4,37,2.39,12.09,-7.56,13.92,-0.01,0.07,-0.12,0.06,-105.14,452.2,-848.0,403.44
EGLL,KMIA,0,18,0.89,4.2,-3.94,6.11,-0.06,0.09,-0.21,0.05,-552.82,1053.29,-2509.31,298.58
EGLL,KMIA,1,32,1.44,5.94,-4.7,9.12,-0.03,0.06,-0.13,0.05,-186.3,465.87,-845.72,449.53
EGLL,KMIA,2,32,0.52,6.66,-12.74,7.57,-0.06,0.07,-0.18,0.04,-398.91,614.19,-1402.78,433.17
EGLL,KMIA,3,31,1.15,6.67,-7.4,10.4,-0.04,0.06,-0.12,0.04,-222.35,507.34,-846.1,354.7
EGLL,KMIA,4,19,2.21,3.83,-1.35,7.27,-0.04,0.06,-0.16,0.04,-286.42,470.74,-1058.05,425.36
EGLL,KORD,0,20,4.28,5.04,-3.08,11.6,-0.02,0.06,-0.12,0.03,-130.94,322.5,-633.81,141.5
EGLL,KORD,1,85,2.89,8.06,-6.92,17.62,-0.03,0.08,-0.15,0.08,-146.56,456.76,-815.56,471.5
EGLL,KORD,2,26,4.81,8.66,-2.75,16.23,-0.02,0.06,-0.11,0.09,-64.75,411.79,-604.22,880.92
EGLL,KORD,3,31,3.05,8.41,-5.2,17.05,-0.0,0.05,-0.09,0.06,-10.3,280.04,-480.5,393.45
EGLL,KORD,4,13,3.54,4.89,-2.04,11.88,0.02,0.07,-0.07,0.14,114.12,423.82,-375.82,792.44
EGLL,KORD,5,48,7.05,5.31,-1.78,16.45,0.0,0.06,-0.09,0.1,20.77,345.65,-503.55,583.75
EGLL,KORD,6,36,-0.03,7.89,-7.75,16.18,-0.01,0.04,-0.09,0.05,-63.71,253.44,-547.28,277.65
EGLL,KPHL,0,51,2.56,5.56,-7.05,13.85,0.0,0.06,-0.07,0.15,35.23,414.09,-453.0,1009.85
EGLL,KPHL,1,36,3.41,7.23,-0.02,10.38,-0.01,0.05,-0.09,0.06,-88.02,294.0,-529.75,326.55
EGLL,KPHX,0,19,6.13,10.05,-3.87,15.36,-0.01,0.05,-0.08,0.06,-61.47,329.7,-511.1,428.11
EGLL,KPHX,1,21,-0.21,19.69,-7.9,16.5,-0.02,0.08,-0.1,0.07,-125.54,556.68,-639.8,451.0
EGLL,KPHX,2,19,5.98,5.96,-0.83,11.52,0.01,0.08,-0.11,0.14,34.46,495.5,-726.15,919.45
EGLL,KSEA,0,20,0.64,5.2,-6.58,7.24,-0.01,0.06,-0.1,0.09,-43.56,401.23,-681.54,557.6
EGLL,KSEA,1,53,4.17,5.36,-4.78,13.24,0.01,0.05,-0.07,0.07,41.45,296.3,-430.28,430.86
EGLL,KSEA,2,35,3.93,5.72,-4.06,12.33,0.0,0.07,-0.09,0.09,24.87,453.3,-604.3,553.59
EGLL,KSEA,3,22,6.68,4.84,2.01,14.74,-0.01,0.05,-0.08,0.06,-36.95,292.81,-545.51,374.34
EGLL,KSEA,4,18,1.73,7.12,-5.44,11.22,-0.02,0.06,-0.1,0.07,-124.97,365.02,-662.9,471.98
EGLL,KSFO,0,87,4.07,5.29,-2.31,13.58,0.02,0.05,-0.05,0.11,139.09,390.06,-352.11,843.98
EGLL,KSFO,1,16,3.13,9.52,-7.8,17.95,0.0,0.07,-0.07,0.12,-20.79,420.25,-529.5,644.62
EGLL,KSFO,2,17,6.02,2.76,2.86,9.72,0.03,0.03,-0.01,0.09,236.46,344.03,-81.74,779.58
EGLL,KSFO,3,23,1.07,7.24,-7.72,11.82,0.01,0.05,-0.07,0.08,102.46,351.94,-390.3,609.47
EGLL,KSFO,4,45,4.86,6.74,-6.06,13.24,0.0,0.05,-0.07,0.07,48.2,388.86,-594.9,607.82
EGLL,KSFO,5,16,0.65,4.44,-5.03,9.25,-0.0,0.04,-0.06,0.06,0.13,270.66,-307.5,439.62
EGLL,LCLK,0,20,17.88,7.28,9.79,28.25,0.03,0.04,-0.02,0.08,67.56,95.55,-41.7,208.3
EGLL,LCLK,1,57,23.75,9.41,12.88,31.78,0.04,0.06,-0.07,0.14,88.47,147.39,-166.6,345.56
EGLL,LCLK,2,18,16.58,11.81,-0.54,33.52,0.03,0.05,-0.04,0.12,64.13,126.78,-102.06,293.18
EGLL,LCLK,3,20,11.3,15.49,-17.36,29.25,0.04,0.06,-0.05,0.11,103.33,147.83,-127.08,264.59
EGLL,LEBL,0,40,-6.76,10.08,-21.02,5.91,-0.01,0.05,-0.08,0.08,-21.33,124.05,-199.5,167.46
EGLL,LEBL,1,165,-1.66,9.65,-11.06,18.08,-0.01,0.08,-0.12,0.12,-28.58,189.96,-301.08,298.8
EGLL,LEIB,0,42,-14.81,16.16,-37.98,4.16,-0.01,0.07,-0.09,0.09,-21.02,161.32,-223.65,228.49
EGLL,LEIB,1,23,-12.77,17.23,-33.04,19.8,-0.0,0.07,-0.08,0.11,-8.44,168.66,-187.17,269.93
EGLL,LEMD,0,356,-5.54,21.13,-48.35,27.05,-0.0,0.1,-0.15,0.16,-22.98,335.6,-491.65,458.8
EGLL,LEMG,0,73,8.14,15.49,-1.98,43.16,0.09,0.09,-0.02,0.2,231.99,216.21,-39.44,495.24
EGLL,LEPA,0,23,-4.5,12.7,-23.06,19.78,0.09,0.05,0.03,0.17,221.02,127.16,73.54,385.83
EGLL,LEPA,1,60,5.45,9.73,-3.34,19.09,0.04,0.06,-0.04,0.14,96.88,155.84,-101.18,348.1
EGLL,LFBO,0,78,-4.8,16.66,-30.86,14.6,0.05,0.08,-0.04,0.17,127.87,190.7,-112.1,387.5
EGLL,LFLL,0,62,2.73,8.24,-7.78,16.78,-0.06,0.05,-0.13,0.04,-147.7,125.18,-300.59,87.84
EGLL,LFML,0,119,7.63,16.74,-14.91,41.55,0.09,0.08,-0.02,0.21,206.05,180.82,-38.96,462.72
EGLL,LFMN,0,166,7.09,18.12,-9.08,34.78,0.09,0.18,-0.02,0.22,208.37,403.77,-43.12,553.45
EGLL,LFMN,1,41,5.92,12.83,-7.4,30.6,0.06,0.08,-0.04,0.17,136.44,194.18,-110.4,392.3
EGLL,LFPG,0,335,-8.76,14.18,-40.0,9.28,0.05,0.07,-0.08,0.16,121.35,186.46,-196.17,397.03
EGLL,LFSB,0,75,3.11,11.93,-10.62,17.5,-0.0,0.07,-0.11,0.08,-5.38,156.57,-271.11,190.07
EGLL,LGAV,0,140,-0.97,18.89,-25.08,32.37,-0.02,0.09,-0.16,0.13,-53.3,226.99,-382.95,330.62
EGLL,LGAV,1,3,-20.7,21.79,-36.91,0.62,0.05,0.09,-0.01,0.14,121.63,212.35,-17.98,331.13
EGLL,LGAV,2,23,-1.28,21.12,-19.88,30.3,-0.03,0.08,-0.11,0.08,-85.54,188.68,-281.69,208.85
EGLL,LGAV,3,29,-18.27,21.67,-44.76,16.72,-0.04,0.11,-0.15,0.05,-111.43,263.4,-382.2,133.02
EGLL,LGAV,4,30,-11.57,24.19,-44.68,18.94,-0.01,0.08,-0.1,0.14,-33.42,201.34,-259.51,337.87
EGLL,LGKR,0,30,30.88,12.6,13.24,51.52,0.04,0.07,-0.07,0.12,107.38,162.27,-171.18,304.97
EGLL,LGKR,1,31,33.23,18.29,3.0,55.4,0.08,0.14,-0.12,0.25,203.28,347.25,-288.9,599.6
EGLL,LGKR,2,8,19.6,17.24,-0.36,45.62,0.12,0.18,-0.03,0.39,285.5,405.62,-75.4,910.17
EGLL,LHBP,0,15,-16.61,12.12,-28.34,7.43,-0.01,0.06,-0.1,0.07,-16.79,127.29,-237.01,150.7
EGLL,LHBP,1,91,-12.67,15.25,-31.95,9.75,0.02,0.07,-0.08,0.11,32.67,171.65,-187.85,261.2
EGLL,LIMC,0,14,-39.12,35.1,-70.07,20.28,-0.1,0.14,-0.27,0.11,-261.24,464.75,-839.34,442.47
EGLL,LIMC,1,59,-44.81,25.72,-68.52,-4.13,-0.14,0.13,-0.27,0.01,-348.97,300.99,-666.61,32.28
EGLL,LIMC,2,24,-34.55,25.43,-59.15,5.09,-0.15,0.11,-0.26,0.05,-392.2,310.49,-633.54,111.54
EGLL,LIMC,3,16,-63.0,36.25,-91.25,12.52,-0.15,0.14,-0.29,0.14,-461.29,558.15,-1092.65,310.0
EGLL,LIML,0,46,26.17,13.84,3.22,43.88,0.04,0.06,-0.05,0.14,95.57,146.63,-125.0,360.78
EGLL,LIML,1,15,23.45,20.16,-0.7,52.49,0.05,0.08,-0.06,0.16,113.19,184.04,-125.55,371.01
EGLL,LIML,2,22,-9.98,11.43,-28.36,9.76,-0.0,0.07,-0.08,0.07,-7.41,153.32,-183.28,163.51
EGLL,LIML,3,28,-6.77,10.33,-19.16,7.72,0.01,0.06,-0.07,0.12,17.53,124.28,-147.87,265.74
EGLL,LIML,4,29,-1.9,15.82,-20.9,32.36,0.03,0.1,-0.1,0.19,86.2,256.76,-258.28,468.08
EGLL,LIML,5,13,26.94,16.26,7.04,51.74,0.04,0.06,-0.03,0.14,95.52,161.07,-84.98,357.18
EGLL,LIML,6,19,41.36,10.88,16.98,50.39,0.07,0.06,-0.03,0.2,167.86,142.06,-61.42,450.97
EGLL,LIML,7,16,35.69,13.54,16.42,54.78,0.02,0.04,-0.03,0.08,57.51,88.77,-83.3,198.22
EGLL,LIPE,0,55,-11.36,15.61,-34.49,16.1,-0.02,0.06,-0.1,0.1,-39.95,157.9,-256.55,229.0
EGLL,LIPZ,0,34,-46.71,12.74,-62.41,-24.79,-0.17,0.08,-0.27,0.01,-436.08,203.29,-666.64,26.71
EGLL,LIPZ,1,57,-37.33,13.93,-51.08,-10.72,-0.16,0.06,-0.25,-0.06,-393.04,153.9,-625.0,-132.62
EGLL,LIPZ,2,16,-51.01,10.02,-64.92,-37.33,-0.19,0.06,-0.29,-0.13,-437.77,133.04,-665.6,-280.4
EGLL,LIRF,0,25,-28.84,20.47,-53.68,1.26,-0.14,0.07,-0.23,-0.03,-347.32,175.32,-574.98,-83.3
EGLL,LIRF,1,175,-40.68,28.22,-60.03,-11.48,-0.09,0.12,-0.18,0.02,-211.01,298.14,-458.3,47.34
EGLL,LIRF,2,25,-34.94,15.65,-54.74,-6.84,-0.12,0.08,-0.25,-0.03,-299.16,205.16,-616.68,-73.4
EGLL,LIRN,0,31,-24.02,15.95,-40.1,2.4,-0.08,0.09,-0.18,0.06,-201.79,223.54,-437.55,156.95
EGLL,LIRN,1,29,-43.89,16.84,-66.08,-17.5,-0.08,0.08,-0.17,0.07,-189.27,189.25,-416.7,186.66
EGLL,LIRN,2,18,-25.43,20.94,-57.05,-0.38,-0.05,0.09,-0.14,0.12,-124.04,214.66,-350.47,293.26
EGLL,LIRP,0,18,16.03,18.6,-22.87,41.89,0.04,0.07,-0.08,0.16,91.77,175.65,-189.2,398.31
EGLL,LIRP,1,44,-13.07,25.18,-57.67,22.34,-0.0,0.07,-0.11,0.14,-8.2,167.03,-276.94,304.61
EGLL,LKPR,0,29,-13.59,11.35,-28.1,4.84,-0.0,0.06,-0.08,0.09,-9.14,145.2,-191.72,233.36
EGLL,LKPR,1,74,-12.64,12.29,-29.68,12.91,-0.0,0.06,-0.08,0.1,-4.7,134.41,-183.3,220.0
EGLL,LKPR,2,25,-10.46,11.46,-30.4,2.7,-0.03,0.05,-0.1,0.03,-76.34,103.49,-244.0,73.3
EGLL,LLBG,0,22,6.86,19.44,-12.77,32.98,-0.01,0.13,-0.17,0.18,-86.82,803.84,-1024.34,1001.14
EGLL,LLBG,1,93,10.39,14.3,-8.56,35.92,0.03,0.09,-0.09,0.17,147.57,510.98,-549.06,998.56
EGLL,LLBG,2,38,12.72,17.77,-11.97,38.52,0.04,0.1,-0.07,0.17,244.57,580.46,-423.56,981.38
EGLL,LMML,0,65,10.98,22.21,-20.52,42.7,0.05,0.07,-0.05,0.18,105.02,167.98,-125.7,422.6
EGLL,LOWW,0,20,18.19,13.54,0.1,40.58,0.04,0.07,-0.04,0.15,97.08,158.15,-82.44,348.84
EGLL,LOWW,1,44,10.54,14.65,-7.86,29.84,0.07,0.06,-0.01,0.16,159.85,134.31,-31.2,361.2
EGLL,LOWW,2,28,12.63,20.97,-7.48,61.42,0.02,0.07,-0.07,0.14,46.78,159.62,-161.98,321.84
EGLL,LOWW,3,27,9.66,12.01,-6.02,27.19,0.05,0.05,-0.02,0.11,120.17,118.86,-41.6,266.56
EGLL,LOWW,4,79,-18.88,277.28,-3.11,38.32,-0.06,0.5,-0.12,0.1,-456.2,3876.74,-268.31,230.0
EGLL,LPFR,0,55,3.32,13.75,-15.11,21.21,0.03,0.07,-0.05,0.16,67.67,167.76,-125.0,387.51
EGLL,LPPT,0,210,-2.93,17.28,-30.04,26.12,0.05,0.08,-0.08,0.2,123.12,205.2,-180.45,499.23
EGLL,LPPT,1,58,3.13,14.92,-17.51,26.22,0.12,0.09,-0.02,0.27,295.84,224.5,-46.86,675.85
EGLL,LPPT,2,35,3.58,16.7,-23.97,32.18,0.1,0.09,-0.04,0.22,239.27,214.22,-95.88,541.7
EGLL,LROP,0,16,-82.01,17.23,-98.7,-48.03,-0.18,0.06,-0.26,-0.08,-457.71,162.41,-656.25,-185.05
EGLL,LROP,1,44,-61.43,29.39,-95.26,-12.91,-0.14,0.1,-0.27,0.03,-347.94,246.7,-666.7,70.81
EGLL,LROP,2,1,-34.5,,-34.5,-34.5,-0.08,,-0.08,-0.08,-200.0,,-200.0,-200.0
EGLL,LSGG,0,56,-20.01,8.22,-31.35,-7.58,0.13,0.09,-0.04,0.24,313.35,209.53,-101.88,582.25
EGLL,LSGG,1,54,-23.1,8.87,-36.67,-6.2,0.03,0.1,-0.13,0.16,58.75,200.46,-250.22,371.37
EGLL,LSGG,2,83,-16.28,11.69,-34.79,2.11,-0.06,0.07,-0.15,0.06,-117.57,140.02,-281.67,140.9
EGLL,LSGG,3,102,-16.32,12.66,-34.9,0.5,0.0,0.07,-0.09,0.14,10.24,168.68,-211.56,340.98
EGLL,LSZH,0,38,-27.79,16.52,-55.74,-4.51,-0.06,0.07,-0.16,0.05,-137.0,168.38,-375.06,104.07
EGLL,LSZH,1,144,8.55,12.93,-8.15,35.55,0.03,0.08,-0.08,0.17,67.17,187.48,-181.98,379.45
EGLL,LSZH,2,52,5.11,10.25,-7.72,23.87,0.05,0.1,-0.06,0.21,119.42,242.47,-154.4,514.71
EGLL,LSZH,3,39,7.24,13.04,-10.02,31.39,0.04,0.09,-0.12,0.18,72.74,200.14,-284.79,345.87
EGLL,LSZH,4,41,11.8,13.0,-3.5,31.0,0.04,0.07,-0.09,0.14,96.32,179.34,-228.5,347.2
EGLL,LTFM,0,62,-13.5,16.47,-38.36,9.92,0.0,0.11,-0.2,0.12,9.58,427.02,-649.58,649.58
EGLL,LTFM,1,43,-15.71,18.56,-36.44,19.85,-0.05,0.13,-0.2,0.1,-141.87,374.7,-651.69,493.0
EGLL,LTFM,2,105,-13.46,24.98,-38.56,24.1,-0.05,0.1,-0.2,0.12,-183.89,448.64,-1014.0,393.44
EGLL,LTFM,3,15,-21.77,19.34,-44.46,10.64,-0.1,0.09,-0.23,0.03,-229.99,203.36,-521.31,69.0
EGLL,LTFM,4,15,-11.9,18.92,-35.91,10.93,0.02,0.08,-0.08,0.12,223.68,536.76,-444.29,851.69
EGLL,LTFM,5,39,-15.4,20.98,-38.01,21.19,-0.05,0.12,-0.23,0.12,-113.51,376.99,-586.39,620.5
EGLL,LXGB,0,63,-0.96,7.9,-10.59,9.89,0.02,0.11,-0.08,0.16,46.67,270.81,-211.04,411.45
EGLL,MMMX,0,32,4.06,9.91,-3.64,15.42,0.02,0.05,-0.06,0.1,90.33,285.54,-341.55,542.78
EGLL,MMMX,1,27,-2.14,9.0,-12.29,7.3,0.02,0.06,-0.07,0.1,120.42,310.06,-391.1,533.04
EGLL,OBBI,0,17,21.04,17.15,-5.74,46.16,0.09,0.05,0.04,0.17,598.36,337.05,243.8,1119.1
EGLL,OBBI,1,33,28.02,13.86,7.1,49.12,0.12,0.08,-0.0,0.25,659.06,452.3,-23.54,1367.7
EGLL,OBBI,2,18,31.93,19.76,-2.92,56.13,0.13,0.07,0.01,0.2,732.04,397.93,75.51,1278.16
EGLL,OBBI,3,22,26.23,14.55,6.62,46.49,0.11,0.06,0.03,0.19,605.2,317.52,186.91,1071.64
EGLL,OERK,0,43,17.06,19.34,-13.31,49.17,0.16,0.11,-0.01,0.33,1155.32,804.45,-82.9,2493.3
EGLL,OERK,1,51,9.99,21.02,-14.4,41.15,0.12,0.11,-0.03,0.26,956.95,872.01,-225.35,2067.0
EGLL,OERK,2,25,6.05,24.81,-27.9,47.86,0.17,0.11,0.02,0.34,1283.47,878.08,129.1,2641.14
EGLL,OJAI,0,19,23.89,51.11,-4.85,61.01,0.09,0.19,-0.06,0.39,269.72,575.14,-293.8,1136.67
EGLL,OJAI,1,34,24.27,10.5,7.3,39.96,0.05,0.1,-0.1,0.19,105.18,313.31,-434.85,603.14
EGLL,OJAI,2,20,23.67,10.99,11.76,41.8,0.06,0.11,-0.12,0.19,206.72,376.55,-318.02,845.67
EGLL,OKKK,0,28,5.4,12.8,-8.86,28.41,0.0,0.05,-0.09,0.08,11.85,334.32,-556.58,551.59
EGLL,OKKK,1,58,28.14,29.58,-17.27,70.74,0.12,0.07,0.02,0.24,909.49,584.78,164.7,1880.2
EGLL,OLBA,0,23,7.38,17.31,-18.05,39.96,-0.03,0.07,-0.14,0.07,-87.02,276.87,-488.02,335.8
EGLL,OLBA,1,19,7.79,10.78,-5.58,23.13,-0.04,0.07,-0.17,0.04,-119.88,214.97,-555.14,140.82
EGLL,OLBA,2,19,2.48,20.67,-23.4,27.95,-0.04,0.13,-0.13,0.06,-107.59,317.58,-322.71,149.14
EGLL,OMAA,0,43,24.98,15.94,1.69,48.86,0.03,0.1,-0.1,0.17,316.11,932.19,-1135.92,1535.7
EGLL,OMAA,1,81,23.25,16.67,1.8,54.3,0.03,0.08,-0.09,0.2,327.59,853.52,-810.0,2380.0
EGLL,OMDB,0,93,22.54,23.73,-14.66,56.1,0.09,0.1,-0.06,0.27,702.23,885.27,-345.42,2289.56
EGLL,OMDB,1,180,20.65,18.13,-1.4,49.77,0.15,0.13,-0.03,0.36,1854.67,1563.22,-384.16,4360.8
EGLL,OTHH,0,60,49.9,25.27,20.94,101.59,0.12,0.08,-0.04,0.25,1068.56,765.39,-358.66,2158.41
EGLL,OTHH,1,24,36.7,17.75,17.89,69.05,0.12,0.06,0.05,0.22,972.63,532.45,360.68,1901.25
EGLL,OTHH,2,23,36.22,15.3,24.51,55.03,0.11,0.1,-0.05,0.29,1178.01,1252.4,-349.38,3500.64
EGLL,OTHH,3,19,37.81,24.59,6.8,75.42,0.14,0.1,-0.03,0.3,1299.96,1108.49,-212.36,2979.81
EGLL,OTHH,4,50,29.38,13.05,5.09,49.31,0.07,0.08,-0.07,0.2,751.66,956.89,-607.57,2411.2
EGLL,OTHH,5,28,46.19,19.01,22.14,76.0,0.13,0.06,0.04,0.25,1135.17,701.4,341.77,2626.66
EGLL,RJTT,0,64,-16.61,14.46,-38.82,6.07,-0.12,0.06,-0.2,-0.01,-785.25,465.56,-1515.16,-64.99
EGLL,RJTT,1,69,-3.27,22.81,-53.36,22.5,-0.0,0.06,-0.08,0.1,-32.48,418.67,-639.62,667.06
EGLL,RKSI,0,30,8.82,8.21,-0.46,20.58,0.11,0.05,0.04,0.19,660.07,279.66,278.18,1118.04
EGLL,RKSI,1,30,2.3,11.84,-16.05,24.17,0.06,0.05,-0.03,0.13,433.7,384.77,-230.76,985.06
EGLL,SBGR,0,20,-2.81,9.35,-15.46,8.17,-0.02,0.08,-0.16,0.04,-170.64,604.13,-1270.56,284.63
EGLL,SBGR,1,28,7.6,17.92,-7.9,44.43,0.01,0.07,-0.07,0.15,32.45,436.78,-499.84,943.85
EGLL,SBGR,2,12,0.17,2.45,-1.72,4.36,-0.03,0.08,-0.15,0.05,-172.16,546.72,-1053.39,373.12
EGLL,TBPB,0,38,1.52,4.87,-5.04,7.22,-0.02,0.06,-0.1,0.05,-141.85,373.37,-618.17,311.85
EGLL,TBPB,1,19,1.83,4.05,-2.31,7.04,-0.02,0.04,-0.08,0.04,-119.2,263.86,-468.1,227.62
EGLL,VABB,0,117,15.72,16.21,-1.7,46.48,-0.01,0.08,-0.13,0.09,-65.43,471.49,-755.88,504.34
EGLL,VABB,1,56,1.37,8.19,-4.73,9.72,-0.05,0.08,-0.17,0.06,-236.11,402.36,-891.22,339.35
EGLL,VABB,2,24,0.63,6.43,-8.35,11.78,-0.06,0.06,-0.16,0.04,-297.9,333.26,-830.4,194.32
EGLL,VHHH,0,35,-2.5,12.81,-19.11,15.17,0.02,0.04,-0.03,0.08,124.0,235.41,-185.66,538.19
EGLL,VHHH,1,25,-0.55,10.67,-13.94,17.36,0.04,0.04,-0.03,0.08,249.57,265.55,-153.66,518.7
EGLL,VHHH,2,58,6.7,8.88,-1.53,24.77,-0.0,0.04,-0.05,0.05,-19.28,214.66,-302.63,315.89
EGLL,VHHH,3,16,-10.41,14.78,-34.52,11.45,0.03,0.06,-0.05,0.09,154.52,380.13,-392.2,543.1
EGLL,VHHH,4,21,-5.29,18.47,-32.6,18.0,0.01,0.05,-0.03,0.09,78.88,287.87,-186.9,510.8
EGLL,VHHH,5,51,6.57,12.51,-8.85,21.65,0.04,0.05,-0.04,0.11,292.82,341.5,-258.4,873.15
EGLL,VIDP,0,16,-7.28,16.19,-29.0,5.42,-0.1,0.06,-0.21,-0.05,-536.93,286.15,-1084.42,-235.45
EGLL,VIDP,1,124,7.72,10.64,-2.62,23.7,-0.02,0.05,-0.1,0.06,-127.05,300.75,-552.64,360.34
EGLL,VIDP,2,63,-0.23,6.13,-11.88,9.3,-0.05,0.07,-0.16,0.05,-312.04,435.0,-1221.81,248.67
EGLL,VIDP,3,20,5.11,14.4,-3.22,12.54,-0.04,0.06,-0.14,0.04,-226.52,357.63,-756.2,212.46
EGLL,VTBS,0,22,4.55,5.97,-5.04,12.5,-0.03,0.06,-0.15,0.07,-197.57,505.68,-1181.81,542.86
EGLL,VTBS,1,19,2.71,7.79,-9.74,13.88,-0.05,0.06,-0.13,0.04,-420.56,496.99,-1050.83,314.17
EGLL,VTBS,2,23,4.94,6.05,-3.27,14.52,-0.07,0.03,-0.11,-0.0,-514.25,261.23,-852.83,-35.78
EGLL,VTBS,3,25,-1.08,10.52,-13.18,12.28,-0.08,0.07,-0.16,0.03,-609.27,521.75,-1216.4,220.6
EGLL,WMKK,0,26,11.0,7.07,0.75,24.78,0.03,0.04,-0.02,0.09,180.08,236.65,-134.9,523.17
EGLL,WMKK,1,19,5.79,9.0,-2.76,16.14,0.05,0.05,-0.01,0.11,301.96,296.85,-82.67,656.89
EGLL,WMKK,2,15,5.31,6.22,-3.06,15.38,0.05,0.04,-0.01,0.11,303.1,243.65,-47.37,656.37
EGLL,WSSS,0,20,3.6,4.45,-3.62,11.72,0.1,0.05,-0.0,0.16,1189.6,593.94,-32.86,1924.14
EGLL,WSSS,1,46,7.4,8.66,-2.4,21.45,0.02,0.05,-0.05,0.08,146.16,318.78,-352.1,611.0
EGLL,WSSS,2,119,3.47,13.38,-7.08,15.81,0.01,0.06,-0.1,0.1,87.68,623.9,-927.37,948.03
EGLL,WSSS,3,24,15.85,17.12,0.3,37.14,0.09,0.05,0.02,0.17,769.65,494.75,159.81,1688.7
EGLL,ZBAA,0,17,2.55,9.8,-8.8,17.1,0.02,0.03,-0.01,0.06,149.62,197.1,-112.24,471.88
EGLL,ZBAA,1,18,-4.49,5.38,-11.76,3.67,0.04,0.06,-0.04,0.13,219.47,344.1,-203.87,755.0
EGLL,ZBAA,2,25,-8.99,5.29,-15.24,1.06,0.05,0.05,-0.02,0.11,312.55,283.95,-184.14,645.18
EGLL,ZSPD,0,43,-3.02,5.43,-11.99,5.27,-0.02,0.04,-0.08,0.06,-139.9,315.18,-510.64,406.47
EGLL,ZSPD,1,59,4.85,9.2,-3.66,18.85,-0.03,0.06,-0.11,0.05,-162.54,322.61,-611.12,253.02
EGNJ,EHAM,0,75,5.69,3.83,0.68,13.72,0.01,0.05,-0.05,0.09,24.16,97.85,-107.9,181.08
EGNM,EGAC,0,83,-2.77,6.26,-10.72,4.48,0.03,0.13,-0.33,0.13,24.78,114.72,-301.5,120.0
EGNM,EHAM,0,42,12.88,5.6,6.8,22.28,0.03,0.05,-0.04,0.12,66.76,98.18,-75.8,215.11
EGNM,EHAM,1,64,13.96,5.57,7.13,21.86,0.07,0.05,-0.01,0.14,144.33,104.87,-15.73,308.58
EGNM,EIDW,0,22,-16.43,13.31,-30.87,5.12,-0.08,0.06,-0.15,0.02,-168.99,119.79,-309.9,39.03
EGNM,EIDW,1,61,-11.74,14.03,-30.0,10.2,-0.05,0.09,-0.15,0.07,-118.24,206.33,-338.7,161.3
EGNM,EIDW,2,61,-6.64,14.52,-37.6,9.9,-0.03,0.15,-0.36,0.09,-23.96,137.31,-320.5,82.2
EGNM,GCTS,0,32,-23.98,11.83,-37.15,-3.06,-0.06,0.07,-0.15,0.05,-130.54,158.31,-334.79,104.08
EGNM,GCTS,1,25,-33.99,11.44,-55.5,-20.04,-0.07,0.08,-0.22,0.05,-174.59,188.22,-522.78,111.6
EGNM,LEAL,0,72,0.63,10.3,-12.78,17.55,0.04,0.06,-0.06,0.15,98.07,130.75,-140.52,307.28
EGNM,LEMG,0,63,1.63,17.88,-37.75,32.28,0.06,0.08,-0.08,0.19,140.1,192.75,-194.63,446.9
EGNM,LEPA,0,28,-5.19,14.06,-22.47,16.08,0.03,0.11,-0.15,0.2,72.45,256.52,-368.4,446.38
EGNM,LEPA,1,60,4.0,11.33,-8.12,19.14,-0.01,0.06,-0.11,0.09,-24.88,144.86,-255.7,221.15
EGNM,LPFR,0,45,1.04,7.25,-10.24,13.94,0.02,0.06,-0.05,0.11,48.44,135.6,-112.0,244.0
EGNS,EGCC,0,83,12.24,8.39,-0.13,24.96,0.09,0.05,0.02,0.18,104.73,60.82,37.22,192.49
EGNS,EGGP,0,96,8.17,9.13,-1.7,23.5,0.08,0.03,0.03,0.14,125.31,72.41,47.55,279.0
EGNS,EGKK,0,50,10.1,12.87,-13.56,23.46,0.15,0.12,-0.05,0.34,343.34,266.2,-118.51,760.26
EGNS,EIDW,0,42,-7.72,12.88,-35.22,7.35,0.03,0.07,-0.09,0.14,28.56,64.5,-78.75,124.67
EGNT,EGAA,0,63,11.52,15.85,-0.9,37.95,0.03,0.05,-0.03,0.13,73.3,115.26,-66.12,303.65
EGNT,EGHI,0,71,5.48,11.59,-7.8,27.15,0.0,0.07,-0.09,0.12,1.73,85.8,-123.75,150.95
EGNT,EGLL,0,120,21.29,10.91,8.48,39.74,0.15,0.13,-0.01,0.38,363.39,291.72,-30.11,875.62
EGNT,EHAM,0,116,-5.18,11.23,-23.02,6.5,0.03,0.07,-0.05,0.11,67.75,155.78,-123.05,266.0
EGNT,EIDW,0,95,0.67,16.46,-28.16,23.53,0.06,0.13,-0.06,0.21,77.92,226.27,-137.1,302.19
EGNT,GCTS,0,31,-31.53,12.42,-49.35,-12.15,-0.11,0.07,-0.22,-0.02,-252.89,167.89,-500.0,-37.85
EGNT,GCTS,1,25,-19.0,12.39,-32.96,-5.98,-0.09,0.08,-0.23,0.01,-216.56,194.5,-555.74,17.5
EGNT,LEAL,0,80,5.28,13.18,-14.75,27.6,0.03,0.08,-0.09,0.19,63.96,188.89,-214.37,391.83
EGNT,LEIB,0,54,-7.43,42.45,-34.08,17.71,-0.08,0.12,-0.19,0.04,-188.66,290.39,-459.46,85.33
EGNT,LEPA,0,24,-3.51,20.49,-21.54,17.67,0.03,0.08,-0.08,0.13,56.23,175.46,-166.92,277.68
EGNT,LEPA,1,43,7.72,11.11,-4.96,26.5,0.01,0.07,-0.11,0.12,20.0,165.7,-264.43,294.73
EGNT,LEPA,2,22,0.09,15.46,-17.24,28.52,-0.05,0.1,-0.21,0.09,-127.42,247.57,-507.13,206.5
EGNT,LEPA,3,16,11.19,19.8,-3.53,47.5,-0.01,0.09,-0.09,0.18,-31.79,225.89,-227.68,426.15
EGNT,LFPG,0,56,1.29,16.73,-32.4,25.45,0.13,0.07,0.0,0.24,266.96,144.37,10.07,520.3
EGNT,LTAI,0,58,-12.59,13.43,-38.33,7.22,-0.03,0.09,-0.17,0.1,-77.59,221.36,-406.0,240.0
EGNV,EHAM,0,24,27.25,15.8,6.74,43.36,0.08,0.05,0.01,0.15,146.58,97.62,12.85,275.95
EGNV,EHAM,1,28,-13.4,16.51,-36.97,9.38,0.01,0.06,-0.1,0.11,13.9,126.18,-200.66,189.17
EGNV,EHAM,2,18,32.85,14.85,4.96,48.08,0.11,0.06,0.01,0.2,203.09,129.87,24.6,382.46
EGNX,EDDK,0,48,-34.81,26.85,-89.84,6.44,-0.03,0.11,-0.19,0.17,-136.79,588.01,-954.66,925.59
EGNX,EDDP,0,103,-39.35,24.01,-86.51,-12.52,-0.04,0.06,-0.16,0.05,-149.54,289.95,-724.2,267.09
EGNX,EDDP,1,58,-54.29,29.72,-109.25,-21.01,-0.11,0.08,-0.26,0.01,-652.3,521.29,-1444.9,86.68
EGNX,EDDP,2,15,-139.6,44.05,-206.42,-74.67,-0.32,0.11,-0.51,-0.16,-1836.09,889.83,-3184.71,-642.19
EGNX,EGAA,0,102,5.71,7.4,-1.6,19.89,0.06,0.12,-0.03,0.15,177.99,386.14,-158.5,516.7
EGNX,EGJB,0,18,6.06,8.59,-3.39,18.07,-0.05,0.05,-0.11,0.02,-48.66,43.45,-100.4,19.25
EGNX,EGPH,0,38,13.17,5.0,2.97,20.76,0.07,0.06,0.0,0.18,187.14,140.91,19.77,426.3
EGNX,EGPH,1,36,14.58,4.7,8.82,23.65,0.09,0.05,0.03,0.16,290.25,163.57,103.08,508.7
EGNX,EIDW,0,34,-16.41,11.83,-38.64,0.2,-0.07,0.06,-0.16,0.06,-238.74,214.1,-589.39,186.9
EGNX,EIDW,1,43,-16.23,16.42,-34.35,9.83,-0.07,0.1,-0.19,0.09,-171.61,229.71,-442.99,215.67
EGNX,GCTS,0,26,-27.75,11.05,-42.92,-9.88,-0.04,0.06,-0.17,0.03,-105.24,155.59,-401.15,74.62
EGNX,GCTS,1,35,-27.15,8.0,-36.25,-11.82,-0.06,0.08,-0.22,0.02,-137.95,196.2,-523.6,42.52
EGNX,GCTS,2,7,-26.33,8.65,-33.99,-13.32,-0.12,0.08,-0.21,0.0,-277.61,203.35,-503.72,2.69
EGNX,LEAL,0,100,3.97,12.61,-12.44,25.62,0.08,0.08,-0.05,0.19,183.43,189.16,-120.04,448.73
EGNX,LEMG,0,46,-0.69,18.24,-44.85,33.02,0.08,0.1,-0.06,0.28,203.77,249.65,-152.35,668.35
EGNX,LEMG,1,44,7.64,16.05,-4.39,41.82,0.12,0.07,0.03,0.25,256.77,150.58,66.33,534.08
EGNX,LEPA,0,15,-2.91,6.73,-15.46,5.31,0.07,0.04,0.01,0.14,151.29,93.66,28.76,285.68
EGNX,LEPA,1,60,5.84,9.69,-3.95,28.81,0.01,0.08,-0.08,0.15,32.99,193.03,-190.84,355.44
EGNX,LEPA,2,47,-3.5,8.6,-17.57,7.77,-0.0,0.08,-0.11,0.12,-6.37,185.23,-274.1,287.68
EGNX,LFPG,0,37,-5.27,17.45,-35.78,17.52,-0.05,0.08,-0.19,0.07,-186.74,263.62,-735.94,168.42
EGNX,LFPG,1,17,-8.19,15.54,-31.06,13.58,0.05,0.07,-0.06,0.13,192.29,283.43,-254.68,526.24
EGNX,LPFR,0,39,1.77,6.41,-5.52,15.29,0.05,0.05,-0.03,0.14,106.79,123.59,-80.0,315.5
EGNX,LPFR,1,55,1.11,6.84,-9.05,13.15,0.04,0.05,-0.04,0.11,85.16,113.23,-92.0,264.0
EGPA,EGPD,0,21,3.17,9.05,-3.5,21.9,0.07,0.05,0.01,0.16,57.34,38.31,8.8,123.4
EGPA,EGPE,0,55,-4.8,7.74,-12.9,9.8,0.03,0.05,-0.03,0.12,21.75,37.41,-25.86,101.36
EGPB,EGPD,0,130,4.71,6.36,-2.26,16.76,0.02,0.06,-0.06,0.11,18.12,52.61,-51.29,94.51
EGPD,EGBB,0,76,10.38,11.66,-5.75,27.48,0.04,0.08,-0.06,0.17,62.25,101.5,-79.47,225.65
EGPD,EGCC,0,75,-16.28,15.31,-38.35,8.56,-0.07,0.08,-0.16,0.1,-61.39,67.37,-140.54,74.44
EGPD,EGCC,1,20,13.16,9.52,2.38,29.92,0.06,0.05,-0.04,0.13,77.37,73.57,-48.11,181.04
EGPD,EGKK,0,60,12.19,12.16,-7.79,28.76,0.16,0.16,-0.04,0.45,364.11,360.81,-98.78,1032.03
EGPD,EGLL,0,148,20.47,13.52,5.34,48.3,0.17,0.11,0.02,0.38,409.97,272.47,49.78,901.16
EGPD,EGPA,0,22,7.06,5.01,0.0,15.88,0.08,0.05,0.03,0.18,65.99,39.22,23.3,117.81
EGPD,EGPB,0,131,12.69,8.34,2.35,23.55,0.07,0.08,0.01,0.18,64.94,75.28,4.75,157.75
EGPD,EHAM,0,74,-2.51,7.98,-17.39,8.31,0.09,0.07,-0.03,0.19,190.21,155.93,-78.05,459.63
EGPD,EHAM,1,20,4.78,8.18,-12.89,14.2,0.07,0.06,-0.03,0.15,153.39,129.2,-46.95,323.78
EGPD,EHAM,2,45,-5.82,12.4,-29.36,10.78,0.04,0.06,-0.04,0.16,78.81,132.29,-85.5,360.8
EGPD,EIDW,0,30,-12.82,19.52,-49.64,10.3,-0.05,0.07,-0.16,0.05,-42.92,65.19,-142.5,46.72
EGPD,EIDW,1,15,-11.75,13.3,-34.41,3.66,-0.04,0.09,-0.19,0.06,-36.42,76.5,-166.76,52.42
EGPD,EIDW,2,15,3.38,8.45,-6.98,16.58,0.01,0.07,-0.07,0.11,14.08,91.62,-89.11,151.7
EGPD,ENBR,0,53,-3.58,4.78,-13.0,3.2,-0.06,0.04,-0.12,0.0,-64.31,49.62,-135.78,-0.0
EGPD,ENZV,0,46,-2.23,2.92,-7.8,1.6,0.05,0.04,-0.05,0.1,64.86,63.12,-93.25,133.83
EGPD,ENZV,1,41,2.35,3.58,-3.8,7.8,-0.04,0.04,-0.11,0.02,-48.37,45.37,-127.1,24.3
EGPE,EGGW,0,51,-23.77,10.5,-38.1,-4.2,-0.0,0.06,-0.08,0.13,-7.67,151.21,-169.6,297.15
EGPE,EGKK,0,77,16.02,11.15,-9.36,29.74,0.23,0.14,0.05,0.48,509.19,319.71,113.28,1054.78
EGPE,EGLL,0,57,25.83,11.06,14.84,50.28,0.18,0.11,0.04,0.37,430.18,255.87,100.22,870.42
EGPE,EGPA,0,56,-7.13,5.37,-13.6,1.12,0.02,0.04,-0.03,0.08,14.31,30.9,-28.38,65.95
EGPE,EGPO,0,71,6.12,7.07,-0.4,19.25,0.1,0.09,0.03,0.21,71.15,67.12,17.15,160.65
EGPE,EHAM,0,31,-1.98,9.85,-21.2,12.85,0.03,0.07,-0.09,0.11,55.1,128.73,-168.5,214.2
EGPE,EHAM,1,33,-1.37,7.67,-13.26,10.6,0.02,0.06,-0.07,0.12,35.31,123.47,-128.4,240.34
EGPF,EDDF,0,55,-51.29,12.83,-66.76,-33.77,-0.18,0.07,-0.3,-0.07,-439.81,174.41,-696.79,-170.26
EGPF,EGAA,0,100,5.6,12.02,-3.96,29.23,0.03,0.06,-0.03,0.13,68.03,141.52,-76.7,293.3
EGPF,EGAA,1,21,7.06,11.36,-0.9,23.1,0.03,0.05,-0.03,0.1,61.0,123.17,-83.4,250.0
EGPF,EGAC,0,76,1.08,12.97,-9.3,21.8,0.03,0.06,-0.05,0.13,32.29,78.62,-64.15,182.9
EGPF,EGBB,0,71,-0.49,11.1,-18.75,18.05,-0.01,0.06,-0.11,0.1,-17.64,139.13,-234.95,219.2
EGPF,EGGD,0,86,4.32,5.66,-3.38,13.38,0.04,0.05,-0.05,0.13,105.11,124.35,-114.15,325.65
EGPF,EGGD,1,21,-4.46,7.08,-12.2,11.3,-0.01,0.05,-0.11,0.05,-34.6,128.4,-282.0,110.0
EGPF,EGGW,0,79,-34.8,12.86,-56.53,-18.64,-0.02,0.08,-0.12,0.09,-40.62,173.9,-258.33,206.5
EGPF,EGHI,0,100,-5.27,10.14,-14.7,15.54,0.05,0.08,-0.09,0.16,61.95,113.47,-125.3,216.02
EGPF,EGKK,0,112,3.92,12.81,-19.4,21.91,0.22,0.15,0.02,0.47,502.1,351.53,37.62,1123.1
EGPF,EGKK,1,35,-1.87,17.37,-31.19,26.85,0.17,0.13,-0.01,0.39,397.85,314.97,-20.13,973.09
EGPF,EGKK,2,17,3.81,12.98,-17.7,21.2,0.1,0.15,-0.08,0.35,228.59,346.95,-184.48,814.16
EGPF,EGLC,0,115,-39.14,18.06,-69.1,-13.84,-0.03,0.12,-0.16,0.1,-55.35,257.78,-345.75,215.94
EGPF,EGLL,0,135,11.2,14.87,-5.19,39.45,0.15,0.14,-0.03,0.39,347.95,323.7,-78.82,970.35
EGPF,EGLL,1,83,4.67,12.66,-6.09,25.11,0.11,0.11,-0.03,0.3,269.68,276.23,-67.89,751.97
EGPF,EGLL,2,19,15.66,7.54,8.16,29.67,0.14,0.09,0.0,0.27,354.39,235.88,11.59,667.56
EGPF,EGPO,0,77,2.19,8.38,-4.54,19.02,-0.05,0.05,-0.1,0.02,-61.22,72.26,-137.74,30.62
EGPF,EGSS,0,70,-8.35,9.7,-22.59,9.39,0.05,0.06,-0.04,0.16,114.42,145.5,-77.06,351.23
EGPF,EGSS,1,15,-16.23,15.34,-36.4,4.72,0.07,0.15,-0.04,0.29,167.15,334.08,-90.81,642.51
EGPF,EHAM,0,111,-11.74,12.81,-32.2,10.1,0.04,0.07,-0.07,0.16,90.02,172.1,-162.95,353.5
EGPF,EHAM,1,20,-13.08,12.85,-29.26,4.88,0.08,0.06,-0.02,0.16,166.59,128.05,-35.78,356.83
EGPF,EIDW,0,217,-15.8,15.41,-39.98,4.74,-0.03,0.08,-0.14,0.07,-50.63,132.76,-253.3,88.64
EGPF,GCTS,0,29,-26.82,9.29,-39.38,-10.42,-0.03,0.06,-0.13,0.06,-77.3,138.65,-275.18,129.96
EGPF,GCTS,1,22,-21.6,12.03,-32.47,2.67,-0.03,0.05,-0.11,0.03,-70.48,122.11,-261.67,80.93
EGPF,LEAL,0,23,-16.83,19.47,-51.77,10.8,0.02,0.1,-0.09,0.17,51.36,219.11,-205.1,382.86
EGPF,LEAL,1,48,-0.92,9.53,-15.72,15.93,0.03,0.06,-0.05,0.15,73.5,140.06,-127.9,321.86
EGPF,LEMG,0,32,-5.33,9.92,-17.9,7.71,0.1,0.08,0.03,0.23,237.1,175.96,79.92,502.17
EGPF,LEMG,1,17,0.78,25.04,-34.22,45.32,0.13,0.09,0.02,0.26,306.46,203.1,57.08,561.6
EGPF,LEMG,2,18,-9.71,17.97,-53.34,6.47,0.06,0.07,-0.09,0.14,143.18,166.74,-197.01,328.5
EGPF,LEPA,0,25,-10.57,14.98,-27.18,16.58,-0.02,0.08,-0.19,0.1,-57.16,286.35,-456.78,261.3
EGPF,LEPA,1,19,-5.27,14.49,-32.25,14.27,-0.01,0.07,-0.13,0.09,-17.78,175.81,-314.3,219.05
EGPF,LEPA,2,19,1.65,9.18,-8.04,17.24,-0.01,0.07,-0.1,0.1,-18.24,156.4,-248.27,215.33
EGPF,LFPG,0,53,-9.35,18.86,-44.12,27.26,-0.02,0.09,-0.15,0.09,-52.25,193.31,-323.34,221.24
EGPH,EDDF,0,42,-46.68,14.23,-65.85,-25.67,-0.16,0.07,-0.24,-0.04,-388.62,163.64,-620.71,-101.15
EGPH,EDDF,1,35,-50.01,10.19,-64.31,-34.12,-0.17,0.07,-0.28,-0.07,-453.95,189.5,-739.1,-201.34
EGPH,EGAA,0,106,6.13,12.78,-5.72,29.35,0.01,0.05,-0.05,0.1,31.37,120.99,-132.35,240.0
EGPH,EGAA,1,60,7.86,14.23,-5.5,30.27,0.01,0.05,-0.05,0.09,26.4,120.98,-127.08,211.4
EGPH,EGAC,0,57,-17.63,18.39,-33.1,14.26,-0.05,0.12,-0.14,0.14,-44.47,105.11,-123.0,123.0
EGPH,EGAC,1,43,-16.67,18.47,-33.78,18.17,-0.04,0.09,-0.15,0.11,-33.59,80.97,-135.0,103.5
EGPH,EGBB,0,58,-2.32,12.6,-23.85,19.54,-0.04,0.05,-0.12,0.06,-90.83,131.1,-296.94,136.14
EGPH,EGGD,0,122,0.44,10.04,-13.89,16.69,0.02,0.06,-0.05,0.12,57.43,149.43,-125.0,291.42
EGPH,EGGW,0,66,-34.27,13.8,-54.72,-10.3,-0.03,0.08,-0.11,0.1,-61.54,182.2,-249.8,223.92
EGPH,EGGW,1,33,-35.16,15.08,-55.16,-8.28,-0.04,0.07,-0.1,0.11,-81.14,165.11,-238.72,251.3
EGPH,EGHI,0,123,-5.45,13.98,-25.37,20.9,0.02,0.1,-0.16,0.16,24.43,143.02,-214.21,247.12
EGPH,EGKK,0,32,1.44,16.55,-30.81,23.48,0.11,0.14,-0.06,0.32,266.23,339.7,-146.03,795.66
EGPH,EGKK,1,102,-1.58,18.24,-37.28,23.97,0.15,0.15,-0.04,0.41,348.19,345.04,-84.28,1029.74
EGPH,EGLC,0,24,-21.26,16.75,-45.96,-0.2,0.0,0.11,-0.1,0.13,5.53,236.56,-224.73,287.79
EGPH,EGLC,1,180,-34.03,19.06,-73.6,-7.83,-0.02,0.08,-0.15,0.09,-54.56,173.54,-323.9,204.14
EGPH,EGLL,0,286,13.15,14.99,-8.55,40.18,0.14,0.11,-0.02,0.36,339.51,271.69,-45.8,857.3
EGPH,EGLL,1,25,13.46,17.71,-8.94,41.02,0.18,0.12,0.03,0.34,464.02,299.83,69.12,854.22
EGPH,EGNX,0,66,-14.72,13.17,-32.05,2.05,0.06,0.08,-0.05,0.18,155.53,224.02,-199.98,543.12
EGPH,EGSS,0,216,-13.42,14.07,-35.0,11.0,0.03,0.07,-0.08,0.14,78.12,202.75,-191.3,371.82
EGPH,EHAM,0,179,-0.87,9.62,-15.45,14.41,0.06,0.06,-0.02,0.16,145.46,149.67,-48.76,383.44
EGPH,EIDW,0,93,-29.13,23.9,-73.66,3.18,-0.09,0.19,-0.38,0.06,-81.97,182.79,-346.16,105.68
EGPH,EIDW,1,201,-20.77,16.67,-41.7,3.0,-0.05,0.08,-0.16,0.08,-90.01,166.92,-302.0,156.9
EGPH,EKCH,0,72,-25.48,15.72,-51.35,-1.11,-0.09,0.06,-0.16,-0.0,-194.04,127.47,-349.38,-3.77
EGPH,GCTS,0,77,-24.59,13.4,-42.32,-3.5,-0.07,0.07,-0.19,0.03,-150.3,156.12,-448.0,78.18
EGPH,KEWR,0,19,4.87,13.82,-8.73,17.73,0.09,0.11,-0.05,0.22,357.61,450.71,-198.57,884.84
EGPH,KEWR,1,22,-1.43,6.29,-17.35,4.7,0.15,0.06,0.04,0.24,587.32,243.64,171.21,976.89
EGPH,KEWR,2,18,-2.99,5.83,-16.63,2.02,0.17,0.06,0.08,0.25,695.94,254.8,325.84,1016.97
EGPH,LEAL,0,62,-2.79,13.19,-21.4,26.88,0.03,0.07,-0.09,0.14,67.42,162.56,-195.74,334.93
EGPH,LEBL,0,54,-10.26,16.33,-33.68,17.3,-0.06,0.08,-0.17,0.1,-145.98,190.26,-379.34,238.18
EGPH,LEMD,0,42,-15.72,17.91,-51.8,3.06,0.01,0.1,-0.13,0.18,16.94,247.5,-318.0,452.14
EGPH,LEMD,1,9,-12.41,22.52,-40.78,18.24,-0.0,0.06,-0.07,0.08,-12.19,142.32,-182.52,190.34
EGPH,LEPA,0,32,-17.36,14.75,-45.29,4.73,-0.03,0.09,-0.18,0.09,-69.59,215.36,-432.88,204.78
EGPH,LEPA,1,57,-4.38,13.13,-21.96,15.4,-0.02,0.07,-0.14,0.08,-49.01,151.74,-311.36,172.52
EGPH,LFPG,0,143,-10.8,17.88,-38.98,17.24,-0.03,0.09,-0.2,0.11,-78.21,209.56,-488.99,221.09
EGPH,LFPG,1,16,24.46,20.35,-1.3,45.32,0.01,0.1,-0.14,0.19,9.26,93.81,-129.0,169.4
EGPH,LPFR,0,28,-6.54,63.59,-6.32,22.94,0.02,0.16,-0.06,0.12,36.79,384.8,-140.75,267.75
EGPH,LPFR,1,32,3.51,7.04,-6.94,16.12,0.02,0.05,-0.06,0.09,57.81,115.89,-138.0,218.0
EGPH,OTHH,0,37,26.86,22.29,-1.12,70.54,0.12,0.09,-0.03,0.26,633.1,463.17,-149.12,1355.5
EGPH,OTHH,1,23,17.27,19.83,-6.58,37.12,0.12,0.09,0.01,0.23,618.92,489.5,33.58,1171.86
EGPO,EGPE,0,72,6.36,4.86,-0.4,13.66,0.07,0.04,0.02,0.14,53.02,31.21,14.46,94.27
EGPO,EGPF,0,77,9.32,6.27,2.76,20.3,-0.0,0.04,-0.07,0.08,-4.6,58.14,-91.22,94.28
EGSH,EHAM,0,66,1.43,9.29,-17.0,9.75,0.02,0.05,-0.05,0.1,28.88,88.38,-100.62,174.12
EGSH,EHAM,1,32,7.51,5.59,-2.89,17.71,0.06,0.06,-0.02,0.15,103.91,116.16,-35.58,300.92
EGSS,EDDB,0,56,14.49,15.52,-2.12,32.8,0.05,0.07,-0.07,0.13,113.47,171.73,-163.5,319.98
EGSS,EDDB,1,34,17.71,11.28,-0.54,31.83,0.06,0.05,-0.01,0.13,135.66,108.17,-31.07,311.82
EGSS,EDDH,0,56,-32.47,14.95,-58.85,-4.75,-0.12,0.06,-0.21,-0.01,-280.18,146.83,-498.65,-16.45
EGSS,EDDK,0,99,-22.05,13.89,-40.03,3.66,-0.04,0.1,-0.13,0.17,-24.15,448.94,-339.81,949.22
EGSS,EGAA,0,199,-2.78,8.52,-12.72,14.01,0.02,0.06,-0.08,0.1,35.7,146.65,-249.03,240.0
EGSS,EGPF,0,55,1.07,6.43,-6.32,11.19,0.04,0.04,-0.03,0.1,82.42,83.87,-71.1,223.06
EGSS,EGPF,1,29,-1.88,5.19,-7.92,6.58,0.02,0.04,-0.03,0.09,53.23,94.99,-65.78,205.12
EGSS,EGPH,0,89,2.02,5.71,-8.14,10.96,0.04,0.07,-0.04,0.13,95.26,162.61,-88.4,320.68
EGSS,EGPH,1,57,2.12,6.8,-7.94,13.02,0.03,0.04,-0.03,0.09,81.54,89.16,-72.22,215.56
EGSS,EGPH,2,69,2.68,6.93,-7.96,15.44,0.05,0.05,-0.0,0.12,161.64,156.81,-13.22,344.48
EGSS,EHAM,0,58,8.1,4.06,3.41,14.84,0.01,0.05,-0.05,0.08,22.35,104.84,-112.88,182.3
EGSS,EHEH,0,90,4.31,5.93,-2.4,10.38,-0.08,0.06,-0.12,-0.05,-180.41,137.07,-281.3,-108.78
EGSS,EICK,0,85,0.06,11.03,-9.54,9.26,0.06,0.11,-0.02,0.14,153.03,274.96,-54.9,343.58
EGSS,EIDW,0,263,-19.85,18.86,-41.99,14.9,-0.04,0.1,-0.15,0.1,-117.47,266.81,-418.63,250.31
EGSS,EINN,0,73,-3.28,9.93,-21.66,11.78,0.03,0.06,-0.05,0.1,72.84,140.27,-119.54,233.72
EGSS,EKBI,0,17,9.11,12.16,-13.4,26.02,0.04,0.08,-0.06,0.2,84.62,203.63,-174.24,427.46
EGSS,EKBI,1,54,5.63,11.4,-9.26,24.11,0.02,0.05,-0.05,0.09,71.61,178.9,-111.21,208.95
EGSS,EKBI,2,18,2.88,15.93,-14.42,22.42,0.01,0.05,-0.05,0.08,-4.73,221.86,-192.68,200.74
EGSS,EKCH,0,90,-6.59,8.99,-25.78,3.47,-0.07,0.04,-0.13,-0.0,-155.9,100.19,-315.17,-0.82
EGSS,ENGM,0,51,-12.87,13.02,-33.9,3.15,-0.02,0.05,-0.09,0.09,-53.14,187.36,-231.7,230.0
EGSS,EPGD,0,43,-36.58,13.06,-60.51,-15.02,-0.09,0.04,-0.15,-0.03,-220.73,92.66,-356.0,-80.0
EGSS,EPGD,1,17,-47.74,24.09,-76.12,-9.32,-0.18,0.08,-0.29,-0.08,-430.29,185.95,-696.0,-200.0
EGSS,EPKK,0,81,-27.66,12.69,-50.0,-3.1,-0.05,0.04,-0.12,0.02,-118.26,97.88,-280.0,40.0
EGSS,EPMO,0,49,-16.51,14.54,-33.7,5.04,-0.04,0.05,-0.11,0.05,-85.68,118.25,-258.38,103.36
EGSS,EPMO,1,26,-16.95,14.82,-35.85,0.42,-0.07,0.06,-0.17,0.01,-158.0,137.21,-403.65,27.82
EGSS,GCRR,0,68,-22.97,8.55,-32.26,-10.18,-0.03,0.06,-0.11,0.06,-68.59,153.45,-266.0,146.4
EGSS,GCTS,0,97,-28.26,19.5,-48.12,-1.78,-0.05,0.06,-0.12,0.05,-107.33,133.7,-273.58,109.22
EGSS,GCTS,1,16,-36.26,13.21,-56.95,-18.98,-0.06,0.07,-0.15,0.04,-145.42,174.46,-351.02,100.52
EGSS,LBSF,0,20,-6.03,9.62,-16.49,6.13,-0.03,0.04,-0.1,0.01,-80.4,82.82,-205.52,22.17
EGSS,LBSF,1,30,-36.43,18.26,-57.72,-1.75,-0.09,0.06,-0.17,0.0,-207.35,143.7,-410.1,4.4
EGSS,LBSF,2,23,-34.73,14.75,-51.09,-5.7,-0.09,0.05,-0.15,-0.01,-195.0,112.99,-374.8,-31.8
EGSS,LCPH,0,30,12.58,12.67,-8.98,28.04,-0.03,0.08,-0.16,0.09,-83.1,181.54,-396.0,195.12
EGSS,LCPH,1,30,12.86,8.7,-1.76,25.2,-0.05,0.07,-0.15,0.05,-109.96,159.03,-349.88,115.35
EGSS,LEAL,0,94,-10.78,12.06,-26.58,9.87,0.06,0.06,-0.03,0.15,141.57,135.51,-70.2,346.41
EGSS,LEAL,1,39,-12.11,12.58,-27.83,8.65,-0.01,0.06,-0.1,0.1,-22.83,138.02,-246.33,229.73
EGSS,LEBL,0,120,-20.98,18.26,-50.22,2.29,-0.07,0.09,-0.17,0.05,-158.35,217.36,-414.4,129.66
EGSS,LEGE,0,61,-13.22,15.59,-29.6,23.7,-0.01,0.08,-0.11,0.12,-13.58,180.42,-258.0,290.7
EGSS,LEIB,0,102,-35.58,21.34,-69.57,3.42,-0.1,0.1,-0.31,0.04,-248.15,229.08,-734.64,80.91
EGSS,LEMD,0,69,-16.13,16.74,-49.68,4.3,0.01,0.07,-0.08,0.13,33.64,178.31,-200.0,289.18
EGSS,LEMD,1,21,2.84,21.37,-14.7,41.1,0.1,0.07,0.03,0.2,230.76,166.11,70.0,480.0
EGSS,LEMG,0,98,-4.55,12.61,-19.12,23.29,0.08,0.07,0.01,0.2,197.98,153.79,12.1,490.9
EGSS,LEPA,0,169,-16.27,16.28,-40.42,10.92,-0.02,0.09,-0.17,0.1,-52.83,202.24,-413.32,246.78
EGSS,LFML,0,52,-11.3,18.67,-36.05,15.5,0.0,0.07,-0.1,0.13,0.72,164.12,-227.04,283.34
EGSS,LFML,1,15,-14.58,14.39,-37.69,7.61,-0.02,0.07,-0.11,0.08,-44.37,159.4,-274.6,190.65
EGSS,LGKR,0,29,3.47,23.34,-37.52,40.24,-0.03,0.09,-0.16,0.11,-62.97,202.05,-378.94,254.14
EGSS,LGKR,1,25,5.79,9.5,-7.98,18.16,-0.04,0.06,-0.15,0.04,-94.56,145.84,-366.4,97.74
EGSS,LGRP,0,35,7.71,10.23,-5.48,26.0,-0.05,0.06,-0.17,0.05,-120.29,147.84,-401.49,95.94
EGSS,LGRP,1,28,2.81,8.34,-10.18,13.8,-0.01,0.05,-0.09,0.06,-33.57,110.44,-207.34,125.8
EGSS,LHBP,0,65,-14.47,14.03,-31.1,3.76,-0.01,0.08,-0.11,0.07,-35.71,187.73,-256.1,157.18
EGSS,LHBP,1,54,-13.61,14.45,-30.84,10.34,-0.0,0.05,-0.08,0.08,-9.24,124.32,-197.9,175.13
EGSS,LIMC,0,36,-63.8,21.27,-95.62,-21.48,-0.18,0.1,-0.31,-0.03,-453.52,268.59,-777.5,-155.0
EGSS,LIMC,1,80,-48.18,19.46,-71.62,-6.18,-0.22,0.11,-0.4,-0.07,-777.3,682.34,-2327.11,-195.6
EGSS,LIME,0,61,-44.49,16.47,-64.2,-14.7,-0.11,0.05,-0.18,-0.04,-253.4,122.96,-440.0,-77.6
EGSS,LIME,1,17,-56.75,21.89,-81.44,-17.2,-0.12,0.09,-0.22,0.05,-261.75,196.04,-497.96,106.0
EGSS,LIME,2,20,-44.42,17.19,-63.44,-20.19,-0.1,0.06,-0.17,-0.02,-237.72,138.95,-404.0,-38.08
EGSS,LIME,3,19,-42.78,17.49,-59.86,-21.91,-0.06,0.07,-0.12,0.05,-129.21,168.6,-290.11,118.46
EGSS,LIPE,0,37,-13.44,12.06,-29.02,3.9,-0.06,0.06,-0.17,0.03,-152.84,145.33,-400.0,71.74
EGSS,LIPE,1,15,-9.0,26.07,-27.29,35.5,-0.02,0.1,-0.11,0.17,-49.59,230.32,-264.0,404.0
EGSS,LIPZ,0,61,-35.88,16.01,-56.6,-9.2,-0.15,0.06,-0.23,-0.05,-346.78,149.8,-560.0,-120.0
EGSS,LIPZ,1,24,-32.43,19.56,-51.55,-3.78,-0.15,0.05,-0.22,-0.07,-361.01,111.95,-500.0,-167.01
EGSS,LIRA,0,90,-7.43,11.99,-19.91,19.18,-0.02,0.06,-0.13,0.08,-58.82,154.99,-302.0,186.4
EGSS,LIRA,1,22,-7.61,14.4,-34.71,12.01,-0.01,0.06,-0.07,0.1,-14.24,132.9,-165.27,209.92
EGSS,LIRA,2,17,-5.29,16.49,-28.12,19.04,0.01,0.08,-0.09,0.15,24.74,185.31,-216.0,368.0
EGSS,LIRN,0,35,-31.07,17.53,-51.71,-0.59,-0.08,0.08,-0.17,0.07,-183.45,185.75,-400.0,147.63
EGSS,LIRN,1,19,-22.41,37.19,-57.89,42.9,-0.03,0.19,-0.14,0.48,-66.42,444.97,-340.0,1143.43
EGSS,LIRP,0,40,9.52,16.25,-10.78,31.83,-0.01,0.05,-0.08,0.05,-22.84,130.94,-196.14,127.3
EGSS,LIRP,1,27,-21.37,25.51,-63.11,7.55,-0.06,0.09,-0.22,0.06,-133.34,213.42,-508.38,157.84
EGSS,LIRP,2,30,10.45,10.97,-3.73,27.85,0.0,0.05,-0.07,0.08,5.97,108.15,-162.64,174.07
EGSS,LKPR,0,17,-15.55,14.85,-29.18,4.1,-0.03,0.06,-0.1,0.08,-62.65,143.68,-240.0,200.0
EGSS,LKPR,1,27,-17.22,15.52,-38.57,7.69,-0.05,0.06,-0.13,0.01,-125.68,138.16,-308.0,28.0
EGSS,LKPR,2,30,-18.51,9.3,-32.92,-1.83,-0.06,0.04,-0.13,-0.02,-152.0,87.51,-302.0,-40.0
EGSS,LOWW,0,15,2.87,13.91,-10.11,29.68,0.01,0.05,-0.05,0.1,21.33,118.92,-132.0,240.0
EGSS,LOWW,1,43,9.58,16.98,-8.4,38.71,0.03,0.06,-0.04,0.13,83.27,146.43,-88.97,329.14
EGSS,LPFR,0,130,-6.21,8.77,-18.76,8.15,0.03,0.05,-0.03,0.1,77.9,115.11,-80.0,240.0
EGSS,LPPR,0,56,-12.59,14.07,-31.72,9.95,0.02,0.05,-0.03,0.1,53.13,109.33,-80.0,217.5
EGSS,LPPR,1,29,-7.61,12.42,-24.34,13.02,0.05,0.08,-0.04,0.13,116.72,186.08,-91.0,280.0
EGSS,LPPT,0,42,-11.83,22.1,-51.45,7.13,0.07,0.09,-0.02,0.21,166.04,216.04,-39.75,511.5
EGSS,LPPT,1,36,-6.71,16.0,-28.05,28.42,0.11,0.08,-0.02,0.25,245.91,187.13,-45.82,533.75
EGSS,LPPT,2,29,-13.87,12.67,-30.62,5.12,0.04,0.08,-0.05,0.19,89.87,178.45,-120.0,459.62
EGSS,LROP,0,65,-36.76,12.65,-48.88,-15.02,-0.06,0.05,-0.15,0.0,-144.78,110.93,-372.0,0.0
EGSS,LROP,1,36,-36.19,18.77,-59.8,-3.75,-0.06,0.06,-0.17,0.02,-145.76,146.46,-410.0,50.0
EGSS,LTAI,0,84,1.67,15.25,-21.37,24.07,0.0,0.1,-0.16,0.17,5.31,246.0,-394.0,385.6
EGSS,LTAI,1,36,-3.89,14.52,-30.1,15.18,0.04,0.1,-0.13,0.2,105.76,255.14,-291.23,462.12
EGSS,LTBS,0,25,1.15,14.32,-16.28,26.9,-0.02,0.09,-0.11,0.11,-54.9,208.53,-272.0,279.28
EGSS,LTBS,1,37,8.93,21.17,-21.2,41.44,-0.01,0.11,-0.15,0.16,-11.83,275.75,-368.0,448.0
EGSS,LTFJ,0,19,-12.95,32.29,-49.38,31.37,0.03,0.15,-0.12,0.32,104.96,403.23,-295.2,895.94
EGSS,LTFJ,1,50,-15.76,21.64,-43.86,17.73,0.02,0.15,-0.14,0.24,44.88,396.1,-339.78,587.51
EGSS,LTFJ,2,82,-14.49,21.57,-39.59,14.74,0.01,0.13,-0.13,0.3,33.43,337.76,-333.4,745.84
EGSS,LTFJ,3,20,1.04,30.43,-36.28,54.22,0.08,0.13,-0.12,0.23,210.94,339.23,-335.28,568.28
EGSS,LTFJ,4,36,-14.84,18.72,-38.45,13.72,0.01,0.11,-0.13,0.23,39.21,300.91,-333.35,600.8
EGSS,OMDB,0,41,19.95,18.01,-5.7,44.1,0.18,0.11,0.03,0.33,1415.9,843.26,253.5,2580.5
EGSS,OMDB,1,19,15.37,21.85,-7.84,57.44,0.19,0.15,0.03,0.5,1478.36,1160.68,234.65,3864.44
EHAM,BIKF,0,11,11.15,21.4,-13.15,47.1,0.08,0.09,-0.02,0.26,190.34,201.74,-32.95,539.0
EHAM,BIKF,1,81,-5.46,12.53,-20.7,15.0,0.04,0.06,-0.06,0.13,94.13,172.99,-133.6,309.2
EHAM,CYUL,0,18,-8.34,4.48,-12.27,0.0,-0.0,0.04,-0.04,0.05,18.89,152.42,-185.88,250.74
EHAM,CYUL,1,17,-9.58,13.58,-23.46,0.0,0.01,0.05,-0.06,0.06,65.17,188.19,-259.1,293.8
EHAM,CYUL,2,16,-7.39,11.17,-19.42,5.88,-0.0,0.04,-0.07,0.05,-25.71,187.41,-356.65,223.75
EHAM,CYYZ,0,21,-1.32,7.4,-12.1,8.0,0.02,0.06,-0.07,0.09,132.74,397.1,-539.5,682.5
EHAM,CYYZ,1,16,-6.01,7.21,-15.22,4.85,0.01,0.05,-0.06,0.06,71.36,282.78,-360.45,392.15
EHAM,CYYZ,2,34,-6.61,4.46,-14.68,-0.6,0.02,0.04,-0.03,0.1,142.99,294.75,-171.36,679.58
EHAM,CYYZ,3,20,-14.14,15.99,-46.0,0.23,-0.02,0.04,-0.1,0.03,-67.77,241.33,-437.86,194.22
EHAM,CYYZ,4,9,-5.14,8.99,-16.38,7.2,0.02,0.06,-0.06,0.11,71.16,346.6,-364.7,578.52
EHAM,EBBR,0,116,5.41,6.96,-3.65,17.45,0.01,0.05,-0.05,0.08,23.96,100.81,-110.0,200.0
EHAM,EDDB,0,101,4.64,17.48,-28.8,26.5,0.04,0.07,-0.05,0.16,79.29,142.23,-130.7,308.0
EHAM,EDDB,1,186,10.69,12.61,-7.42,28.0,0.04,0.06,-0.04,0.13,94.89,139.41,-99.18,310.15
EHAM,EDDF,0,35,-36.48,10.92,-51.15,-19.11,-0.19,0.08,-0.34,-0.07,-412.2,348.46,-738.66,-141.38
EHAM,EDDF,1,66,-36.52,8.73,-46.32,-18.95,-0.22,0.06,-0.31,-0.14,-466.12,138.95,-703.38,-257.38
EHAM,EDDF,2,187,-36.36,9.87,-47.87,-17.65,-0.19,0.06,-0.3,-0.09,-455.04,210.46,-723.66,-221.08
EHAM,EDDF,3,69,-34.48,10.74,-46.68,-16.88,-0.19,0.06,-0.29,-0.1,-579.35,352.59,-1289.14,-220.58
EHAM,EDDH,0,106,-33.52,18.33,-60.15,-2.05,-0.19,0.07,-0.3,-0.07,-426.46,163.15,-684.2,-157.95
EHAM,EDDH,1,47,-30.93,18.94,-59.79,-1.46,-0.21,0.07,-0.32,-0.07,-383.29,127.66,-568.75,-124.25
EHAM,EDDH,2,35,-39.56,17.65,-66.07,-1.82,-0.19,0.07,-0.29,-0.08,-433.23,153.56,-645.84,-187.78
EHAM,EDDL,0,143,-10.47,7.09,-17.99,2.66,-0.03,0.05,-0.1,0.05,-57.63,100.47,-191.4,106.39
EHAM,EDDM,0,45,6.07,18.26,-25.38,31.92,-0.06,0.07,-0.18,0.04,-131.1,172.39,-399.86,114.54
EHAM,EDDM,1,30,9.3,10.33,-4.36,27.04,-0.04,0.07,-0.13,0.06,-110.73,166.84,-333.48,141.52
EHAM,EDDM,2,43,9.62,11.81,-4.29,29.25,-0.02,0.07,-0.13,0.08,-39.99,147.1,-250.3,157.34
EHAM,EDDM,3,182,6.81,11.31,-4.4,29.55,-0.05,0.06,-0.13,0.06,-91.74,129.08,-269.6,118.18
EHAM,EDDM,4,21,5.08,12.84,-7.5,26.2,-0.13,0.09,-0.22,0.05,-214.41,151.59,-438.4,75.4
EHAM,EDDN,0,100,-43.01,18.84,-60.9,-7.94,-0.13,0.07,-0.23,-0.02,-272.07,153.54,-535.45,-42.38
EHAM,EDDP,0,23,-52.16,31.52,-103.67,-0.31,-0.14,0.1,-0.24,-0.01,-708.75,639.76,-1364.53,-34.51
EHAM,EDDS,0,143,-19.43,5.14,-27.19,-10.51,-0.06,0.05,-0.14,0.03,-130.23,112.82,-277.19,64.39
EHAM,EDDS,1,17,-29.51,14.9,-50.32,-5.56,-0.06,0.09,-0.18,0.08,-120.05,195.54,-385.48,190.36
EHAM,EDDV,0,105,-4.56,15.92,-20.8,26.28,-0.06,0.05,-0.14,0.01,-125.51,101.29,-275.68,32.02
EHAM,EDDW,0,98,-17.79,14.8,-37.1,6.9,-0.07,0.05,-0.14,0.03,-124.79,92.95,-246.75,45.75
EHAM,EFHK,0,24,-0.27,4.97,-6.5,8.4,0.03,0.04,-0.02,0.09,98.22,110.25,-45.47,294.31
EHAM,EFHK,1,129,0.8,10.67,-18.36,17.26,0.04,0.05,-0.05,0.14,166.73,260.82,-143.7,788.94
EHAM,EGBB,0,151,-5.74,15.37,-25.2,11.8,0.01,0.16,-0.11,0.09,14.51,360.41,-253.9,211.3
EHAM,EGBB,1,36,-24.09,14.23,-44.6,0.12,-0.08,0.07,-0.18,0.04,-177.23,169.68,-420.15,90.08
EHAM,EGCC,0,140,-25.28,20.35,-45.1,11.4,-0.05,0.09,-0.16,0.1,-116.33,210.06,-391.46,224.0
EHAM,EGCC,1,183,-21.31,20.25,-44.27,12.24,-0.06,0.09,-0.18,0.11,-144.82,198.95,-434.56,204.71
EHAM,EGFF,0,68,8.0,9.68,-0.19,21.45,0.05,0.06,-0.05,0.15,105.4,122.95,-90.0,316.32
EHAM,EGFF,1,21,10.2,6.7,0.5,17.3,0.02,0.04,-0.03,0.08,46.94,78.86,-73.3,183.4
EHAM,EGGD,0,191,8.57,11.02,0.15,25.8,0.05,0.07,-0.06,0.17,97.75,168.05,-140.0,364.85
EHAM,EGGD,1,21,8.54,11.98,0.1,25.7,0.02,0.03,-0.02,0.07,51.55,72.29,-36.7,146.7
EHAM,EGGW,0,177,-10.7,11.31,-25.6,11.14,-0.02,0.06,-0.1,0.07,-40.25,131.64,-227.38,163.76
EHAM,EGHI,0,61,5.35,15.55,-4.5,23.1,0.02,0.12,-0.07,0.08,38.1,246.89,-131.0,159.5
EHAM,EGKK,0,224,10.13,11.19,-5.44,27.26,0.1,0.14,-0.07,0.34,241.99,316.85,-157.96,797.77
EHAM,EGLC,0,327,2.37,3.88,-2.5,9.2,-0.0,0.07,-0.09,0.09,-10.63,150.2,-192.32,199.3
EHAM,EGLL,0,456,8.27,11.51,0.7,32.58,0.19,0.11,0.03,0.37,450.25,271.22,73.82,909.12
EHAM,EGNJ,0,51,5.27,22.24,-10.7,61.85,0.01,0.09,-0.09,0.22,14.55,163.72,-161.5,394.5
EHAM,EGNJ,1,25,3.45,18.51,-11.62,51.56,-0.02,0.09,-0.11,0.13,-51.36,199.94,-237.7,278.8
EHAM,EGNM,0,36,-1.36,12.84,-12.6,22.42,-0.02,0.09,-0.11,0.16,-26.83,166.04,-202.88,279.12
EHAM,EGNM,1,69,-2.88,10.81,-14.78,14.52,-0.02,0.06,-0.1,0.1,-43.92,137.81,-237.16,221.08
EHAM,EGNT,0,117,-3.11,12.96,-32.58,12.92,0.01,0.05,-0.07,0.1,15.61,120.2,-160.0,243.34
EHAM,EGNV,0,44,8.36,16.19,-10.61,41.2,0.02,0.07,-0.09,0.15,44.25,142.35,-161.78,264.21
EHAM,EGNV,1,27,-17.64,15.65,-40.49,4.75,-0.0,0.07,-0.11,0.11,-8.71,128.53,-193.85,204.99
EHAM,EGPD,0,63,-13.62,21.82,-54.84,13.43,0.01,0.08,-0.13,0.11,23.1,172.84,-284.97,251.56
EHAM,EGPD,1,76,-5.36,10.54,-24.4,8.1,0.02,0.06,-0.08,0.13,46.17,132.16,-174.55,268.55
EHAM,EGPE,0,44,-8.82,18.41,-41.91,8.26,-0.01,0.1,-0.17,0.14,-17.93,184.98,-310.9,255.03
EHAM,EGPE,1,20,-41.11,24.89,-72.03,-4.09,-0.11,0.07,-0.2,-0.01,-188.7,126.58,-361.85,-16.17
EHAM,EGPF,0,29,2.21,10.54,-10.68,12.84,0.02,0.06,-0.04,0.09,51.59,138.83,-99.46,206.3
EHAM,EGPF,1,102,0.81,7.52,-8.9,12.96,0.05,0.06,-0.04,0.13,109.99,134.56,-89.4,296.3
EHAM,EGPH,0,179,2.79,6.56,-7.77,13.34,0.04,0.05,-0.03,0.13,93.81,118.06,-59.0,304.0
EHAM,EGSH,0,62,-6.1,11.83,-23.76,13.89,-0.03,0.05,-0.11,0.03,-60.84,89.14,-189.68,56.96
EHAM,EGSH,1,18,-18.03,8.14,-29.22,-4.42,-0.06,0.05,-0.15,-0.02,-112.32,83.54,-270.35,-30.8
EHAM,EGSH,2,18,-8.78,11.61,-23.22,5.99,-0.02,0.06,-0.11,0.08,-50.37,120.22,-209.24,140.4
EHAM,EGSS,0,59,5.72,13.37,-3.11,21.5,0.04,0.1,-0.06,0.12,90.62,223.49,-121.62,268.86
EHAM,EICK,0,94,2.9,6.43,-3.34,12.9,0.03,0.07,-0.07,0.13,56.29,143.89,-142.15,293.0
EHAM,EIDW,0,352,-14.3,14.8,-40.79,10.89,-0.02,0.11,-0.13,0.12,-52.54,254.21,-317.4,277.84
EHAM,EIDW,1,17,10.12,13.39,-0.3,35.08,0.04,0.12,-0.11,0.2,104.78,258.04,-271.54,496.28
EHAM,EIDW,2,28,-8.75,10.26,-21.49,12.21,-0.03,0.11,-0.14,0.17,-36.19,245.2,-244.15,366.2
EHAM,EKBI,0,61,9.11,7.51,-0.9,19.9,0.04,0.05,-0.02,0.1,105.03,113.22,-53.7,283.1
EHAM,EKBI,1,80,6.83,8.92,-6.82,20.1,0.02,0.05,-0.06,0.11,54.95,119.64,-105.58,275.66
EHAM,EKCH,0,420,-10.34,8.73,-27.6,1.6,-0.09,0.05,-0.16,-0.01,-190.16,111.93,-371.2,-19.8
EHAM,EKYT,0,52,2.18,23.78,-3.5,14.67,0.08,0.08,-0.0,0.18,172.47,199.13,-5.7,406.13
EHAM,EKYT,1,66,-6.59,6.83,-16.05,4.0,0.03,0.04,-0.03,0.09,59.57,81.45,-60.05,178.38
EHAM,ELLX,0,57,0.28,7.66,-11.0,12.34,-0.01,0.05,-0.09,0.08,-30.21,106.85,-180.8,174.68
EHAM,ELLX,1,52,13.5,4.26,6.72,21.32,0.03,0.03,-0.02,0.09,70.02,71.56,-38.78,201.62
EHAM,ENAL,0,43,-15.06,11.21,-32.19,0.33,-0.02,0.08,-0.14,0.11,-38.9,162.52,-253.85,204.36
EHAM,ENAL,1,17,-26.72,14.2,-47.1,-4.7,-0.03,0.09,-0.13,0.07,-46.02,165.11,-257.82,133.44
EHAM,ENBR,0,33,-16.73,7.22,-31.58,-7.16,-0.0,0.05,-0.08,0.08,-0.65,113.97,-160.34,195.86
EHAM,ENBR,1,36,-21.23,12.26,-40.62,-6.08,-0.02,0.06,-0.09,0.09,-44.24,150.53,-226.9,223.5
EHAM,ENBR,2,46,-27.83,14.22,-48.58,-7.2,-0.02,0.07,-0.1,0.09,-58.87,151.6,-230.42,222.15
EHAM,ENCN,0,40,1.17,12.2,-14.11,20.55,0.02,0.05,-0.08,0.1,43.94,106.41,-141.85,184.13
EHAM,ENCN,1,20,-14.05,11.31,-31.77,-1.57,-0.04,0.05,-0.11,0.02,-79.84,96.59,-200.04,42.55
EHAM,ENCN,2,21,5.92,15.65,-9.9,21.7,0.03,0.08,-0.12,0.13,59.14,179.82,-238.5,295.8
EHAM,ENGM,0,117,-22.88,15.15,-51.42,-2.04,-0.06,0.08,-0.19,0.05,-130.41,175.79,-418.34,142.5
EHAM,ENGM,1,34,-14.77,20.22,-39.4,18.11,-0.02,0.08,-0.11,0.08,-36.72,179.56,-235.84,173.16
EHAM,ENGM,2,61,-16.76,12.77,-43.4,0.7,-0.03,0.05,-0.1,0.06,-77.3,119.46,-259.3,133.3
EHAM,ENGM,3,35,-15.2,12.38,-37.83,1.23,-0.03,0.06,-0.12,0.05,-69.79,137.65,-281.33,108.54
EHAM,ENTO,0,33,-20.18,11.69,-37.8,-8.1,-0.02,0.06,-0.09,0.06,-35.81,112.54,-186.08,137.88
EHAM,ENTO,1,22,-10.91,17.76,-34.44,0.98,-0.07,0.09,-0.18,0.07,-135.15,158.03,-324.52,119.2
EHAM,ENVA,0,42,-6.2,9.39,-19.42,7.4,0.01,0.08,-0.12,0.13,36.3,179.27,-238.08,287.06
EHAM,ENVA,1,44,-5.04,7.77,-15.88,4.78,0.01,0.08,-0.11,0.14,20.05,169.35,-243.82,315.16
EHAM,ENZV,0,50,-11.33,9.29,-26.18,0.81,-0.02,0.06,-0.09,0.07,-47.71,123.96,-197.25,151.58
EHAM,ENZV,1,43,-32.75,9.74,-48.01,-18.09,-0.1,0.06,-0.22,-0.02,-203.53,139.95,-508.52,-34.82
EHAM,ENZV,2,26,-21.73,11.16,-42.28,-9.08,-0.09,0.05,-0.15,-0.0,-179.32,100.47,-316.83,-6.05
EHAM,ENZV,3,15,-15.32,13.41,-35.66,-0.23,-0.04,0.05,-0.12,0.04,-84.71,105.7,-253.6,78.73
EHAM,EPGD,0,23,-31.65,15.76,-54.84,-4.93,-0.12,0.06,-0.2,-0.05,-259.53,131.89,-440.0,-110.0
EHAM,EPGD,1,36,-27.33,23.44,-61.68,2.4,-0.09,0.08,-0.19,0.05,-193.08,185.02,-433.32,110.85
EHAM,EPGD,2,28,-39.53,14.12,-54.52,-17.61,-0.1,0.05,-0.18,-0.02,-229.54,128.36,-426.54,-38.95
EHAM,EPKK,0,84,-25.57,15.36,-50.68,2.9,-0.1,0.06,-0.2,-0.02,-250.65,147.7,-476.6,-47.89
EHAM,EPWA,0,227,-33.71,17.14,-62.0,-9.17,-0.09,0.08,-0.2,0.04,-178.1,153.54,-407.21,79.19
EHAM,ESGG,0,63,-0.37,12.1,-23.31,6.89,-0.0,0.07,-0.13,0.09,-5.93,134.32,-235.89,158.82
EHAM,ESGG,1,46,-6.68,9.37,-30.95,1.85,-0.04,0.06,-0.14,0.06,-82.48,118.41,-278.48,105.2
EHAM,ESGG,2,31,-4.6,7.95,-22.95,2.5,-0.04,0.06,-0.17,0.03,-93.67,122.89,-334.15,57.75
EHAM,ESSA,0,64,7.6,16.93,-9.3,29.76,0.05,0.08,-0.03,0.12,133.17,196.71,-73.31,294.1
EHAM,ESSA,1,139,2.78,11.93,-19.89,19.21,0.05,0.06,-0.04,0.13,110.04,133.71,-91.04,301.42
EHAM,ESSA,2,45,-1.75,11.4,-14.7,14.86,0.01,0.05,-0.1,0.1,34.37,110.38,-138.32,232.66
EHAM,ESSL,0,74,-5.51,5.17,-13.51,2.07,-0.0,0.07,-0.11,0.11,-2.48,142.66,-211.88,219.97
EHAM,EVRA,0,31,6.54,10.96,-7.0,21.75,0.04,0.05,-0.04,0.12,79.86,106.33,-88.25,233.6
EHAM,EVRA,1,42,12.99,8.23,3.21,22.2,0.06,0.06,-0.02,0.2,117.09,119.38,-36.29,387.83
EHAM,GCLP,0,30,7.45,19.76,-14.86,43.05,0.05,0.1,-0.1,0.22,156.77,321.05,-323.25,560.42
EHAM,GCLP,1,36,7.57,13.13,-15.55,25.0,0.07,0.07,0.01,0.19,175.59,174.84,23.1,489.58
EHAM,HKJK,0,59,-21.76,10.21,-40.89,-9.06,-0.03,0.05,-0.11,0.03,-178.66,283.07,-570.66,182.59
EHAM,KATL,0,36,0.28,8.76,-13.52,9.18,0.02,0.06,-0.08,0.11,139.16,357.51,-501.05,669.92
EHAM,KATL,1,54,-4.34,10.55,-14.0,8.38,0.01,0.05,-0.05,0.09,91.18,326.41,-281.17,518.93
EHAM,KATL,2,27,-9.76,10.01,-27.61,0.35,-0.01,0.04,-0.05,0.04,-50.03,272.14,-357.27,314.63
EHAM,KBOS,0,20,-7.08,11.79,-24.56,0.76,0.02,0.04,-0.03,0.08,129.03,229.5,-177.52,508.52
EHAM,KBOS,1,32,-2.46,7.96,-11.54,10.69,0.02,0.05,-0.04,0.08,127.12,257.45,-249.95,492.33
EHAM,KBOS,2,16,-5.88,4.48,-11.32,0.0,0.04,0.07,-0.03,0.15,242.76,396.44,-175.25,951.1
EHAM,KBOS,3,17,-4.48,6.03,-12.14,3.52,-0.0,0.07,-0.09,0.1,-2.85,442.12,-567.3,671.96
EHAM,KDTW,0,26,-1.36,5.99,-12.15,7.15,0.06,0.06,-0.03,0.16,360.05,385.49,-200.68,981.42
EHAM,KDTW,1,15,-2.89,7.96,-12.26,11.32,0.02,0.06,-0.05,0.11,111.85,350.64,-290.33,642.9
EHAM,KDTW,2,20,-2.24,7.68,-9.3,7.23,0.01,0.03,-0.03,0.06,74.2,197.42,-208.18,342.49
EHAM,KDTW,3,27,-7.05,16.3,-26.9,0.63,0.01,0.05,-0.08,0.09,54.01,313.49,-475.79,541.23
EHAM,KIAD,0,12,-8.9,3.29,-12.12,-3.63,-0.03,0.04,-0.08,0.03,-201.32,249.59,-444.3,183.64
EHAM,KIAD,1,30,-1.51,5.81,-11.66,7.62,-0.03,0.06,-0.13,0.06,-141.81,363.95,-707.84,351.79
EHAM,KIAD,2,13,-11.77,10.95,-28.56,0.0,-0.03,0.05,-0.09,0.06,-178.85,301.15,-497.2,346.54
EHAM,KIAH,0,21,-2.7,7.83,-17.7,8.8,-0.03,0.05,-0.09,0.05,-221.38,311.35,-610.5,322.7
EHAM,KIAH,1,34,-4.76,10.2,-20.92,9.68,-0.01,0.09,-0.12,0.16,-48.77,604.61,-766.16,1076.42
EHAM,KJFK,0,41,-2.57,7.52,-16.5,7.4,0.05,0.06,-0.05,0.14,316.18,322.91,-122.2,876.0
EHAM,KJFK,1,37,-1.69,4.95,-12.02,3.6,0.02,0.05,-0.04,0.11,143.68,281.59,-230.8,637.12
EHAM,KJFK,2,21,-6.7,5.96,-12.2,4.7,0.05,0.05,-0.06,0.11,314.55,283.55,-152.1,748.0
EHAM,KJFK,3,25,-6.71,7.77,-23.52,0.72,0.11,0.08,-0.02,0.22,660.32,456.09,-102.38,1353.3
EHAM,KJFK,4,22,-7.25,6.63,-16.32,1.23,0.1,0.06,0.0,0.2,601.15,397.23,24.37,1207.79
EHAM,KJFK,5,19,-5.37,16.63,-46.23,4.19,0.02,0.06,-0.08,0.11,107.74,336.07,-301.86,669.28
EHAM,KLAX,0,36,-5.62,6.72,-14.0,5.62,-0.02,0.04,-0.07,0.03,-107.32,248.83,-510.12,193.2
EHAM,KLAX,1,18,-7.7,6.63,-17.46,-1.87,-0.01,0.04,-0.06,0.05,-33.01,268.5,-386.15,406.17
EHAM,KMSP,0,22,-9.67,9.91,-25.39,-0.04,-0.0,0.04,-0.07,0.07,-16.8,267.47,-444.94,405.22
EHAM,KMSP,1,21,-8.4,6.33,-16.2,1.3,-0.02,0.04,-0.06,0.03,-100.82,222.42,-331.5,156.7
EHAM,KMSP,2,15,-11.51,12.63,-33.77,1.9,-0.01,0.04,-0.07,0.04,-61.62,263.8,-401.27,246.1
EHAM,KMSP,3,26,-1.38,5.0,-10.72,5.25,0.03,0.04,-0.03,0.1,170.75,261.89,-204.92,644.15
EHAM,KMSP,4,16,-7.98,6.65,-16.88,2.05,0.0,0.03,-0.04,0.04,12.41,201.76,-256.6,262.2
EHAM,KORD,0,24,-2.06,11.62,-13.64,1.14,-0.07,0.42,-0.07,0.05,-363.13,2174.69,-479.95,356.31
EHAM,KORD,1,24,-6.71,6.35,-13.57,2.04,0.03,0.08,-0.1,0.17,152.94,487.13,-535.08,1305.38
EHAM,KORD,2,20,-6.66,5.51,-14.43,0.05,0.01,0.08,-0.06,0.19,142.3,540.68,-356.18,1234.28
EHAM,KSEA,0,31,-7.84,3.94,-13.45,-1.3,-0.02,0.04,-0.08,0.03,-97.9,225.96,-470.15,196.35
EHAM,KSEA,1,27,-6.46,10.11,-23.72,6.32,-0.0,0.04,-0.06,0.06,-9.65,258.09,-382.11,373.2
EHAM,KSFO,0,38,-10.41,18.77,-60.24,4.77,-0.03,0.06,-0.13,0.04,-168.11,364.16,-727.83,266.5
EHAM,KSFO,1,22,-6.35,6.36,-13.92,2.93,0.0,0.08,-0.07,0.08,28.9,437.29,-371.14,537.73
EHAM,LDZA,0,18,2.03,15.76,-14.89,22.56,0.0,0.08,-0.11,0.12,3.77,165.73,-221.2,252.55
EHAM,LDZA,1,72,1.17,6.92,-8.11,14.89,0.01,0.06,-0.11,0.1,29.19,131.88,-203.7,231.86
EHAM,LEAL,0,163,-0.92,8.62,-8.39,13.39,0.05,0.07,-0.06,0.16,127.53,164.95,-139.68,378.22
EHAM,LEBB,0,117,-5.97,23.07,-54.56,29.26,-0.04,0.1,-0.18,0.07,-109.53,238.08,-456.56,151.56
EHAM,LEBL,0,390,-4.47,13.33,-17.1,16.26,-0.02,0.07,-0.12,0.1,-57.95,165.87,-286.27,243.56
EHAM,LEIB,0,46,-33.25,15.83,-55.42,-13.22,-0.07,0.09,-0.21,0.04,-174.67,218.96,-484.22,116.32
EHAM,LEIB,1,57,-24.4,27.09,-54.74,15.62,-0.06,0.14,-0.2,0.04,-152.66,324.69,-485.58,94.32
EHAM,LEIB,2,29,-19.26,18.62,-48.28,2.08,-0.06,0.07,-0.17,0.04,-137.21,171.81,-432.82,86.7
EHAM,LEMD,0,257,-4.18,26.0,-56.02,28.14,0.03,0.09,-0.13,0.18,75.86,241.08,-334.46,458.32
EHAM,LEMG,0,212,6.32,17.02,-14.54,41.24,0.07,0.08,-0.03,0.22,161.94,181.31,-61.12,511.33
EHAM,LEPA,0,133,-6.45,15.85,-23.28,15.66,0.01,0.08,-0.12,0.12,25.69,183.78,-299.56,270.2
EHAM,LEVC,0,143,-6.26,6.97,-16.7,2.79,-0.03,0.06,-0.13,0.06,-78.19,153.06,-323.22,139.49
EHAM,LFBD,0,60,2.89,10.4,-8.11,20.81,0.05,0.06,-0.05,0.13,104.56,151.48,-141.5,292.67
EHAM,LFBD,1,23,2.83,15.79,-8.71,11.27,0.05,0.1,-0.02,0.24,126.23,257.02,-59.19,634.59
EHAM,LFBO,0,107,-7.55,17.16,-35.08,13.2,-0.0,0.08,-0.15,0.11,-10.11,199.54,-352.48,248.1
EHAM,LFLL,0,116,-3.76,12.71,-24.5,17.42,-0.02,0.07,-0.13,0.09,-52.57,162.18,-316.38,206.82
EHAM,LFML,0,40,-1.8,9.93,-16.98,15.2,0.03,0.08,-0.1,0.15,45.25,161.81,-179.42,253.43
EHAM,LFML,1,48,8.67,14.93,-12.48,29.74,0.13,0.09,-0.04,0.26,230.49,155.88,-65.91,445.28
EHAM,LFMN,0,77,3.45,14.18,-14.6,29.22,0.01,0.1,-0.15,0.16,20.29,217.67,-315.18,355.72
EHAM,LFMN,1,103,-51.9,17.25,-80.11,-21.77,-0.22,0.08,-0.35,-0.11,-531.99,170.43,-803.91,-269.32
EHAM,LFPG,0,327,-4.19,10.0,-12.07,15.41,0.04,0.07,-0.06,0.15,95.81,177.62,-151.68,386.84
EHAM,LFRS,0,84,15.0,16.32,-4.94,41.17,0.02,0.09,-0.09,0.14,49.91,211.4,-221.34,351.13
EHAM,LFSB,0,36,-13.39,10.4,-31.32,2.97,0.04,0.06,-0.06,0.11,84.94,133.8,-133.72,237.85
EHAM,LFSB,1,24,-13.54,15.32,-25.27,11.64,-0.06,0.07,-0.15,0.06,-138.62,170.33,-374.5,142.03
EHAM,LFSB,2,67,-4.96,14.5,-25.44,16.46,-0.01,0.09,-0.15,0.11,-26.3,192.96,-323.72,234.31
EHAM,LFSB,3,32,-17.77,15.01,-39.02,6.32,0.01,0.05,-0.07,0.08,26.6,117.09,-132.29,186.48
EHAM,LFSB,4,22,-33.73,14.88,-47.0,-6.38,-0.1,0.05,-0.17,-0.01,-244.05,130.78,-432.8,-26.99
EHAM,LGAV,0,47,-13.9,85.74,-17.15,18.59,-0.01,0.21,-0.07,0.1,-20.47,515.81,-177.52,245.69
EHAM,LGAV,1,57,4.35,41.94,-26.0,38.02,0.05,0.2,-0.07,0.19,125.08,470.27,-179.62,445.2
EHAM,LGAV,2,29,-7.9,13.5,-27.16,14.32,-0.02,0.06,-0.1,0.09,-44.23,139.5,-247.72,210.9
EHAM,LGAV,3,25,-1.76,13.67,-14.82,24.38,0.02,0.06,-0.06,0.1,52.16,135.62,-151.6,234.24
EHAM,LGIR,0,58,-5.06,10.26,-26.68,11.53,-0.02,0.06,-0.1,0.07,-37.91,144.02,-248.0,179.98
EHAM,LGZA,0,25,26.1,17.6,-4.0,48.2,0.07,0.1,-0.07,0.25,169.44,237.13,-168.0,624.24
EHAM,LGZA,1,31,23.91,12.5,6.5,38.15,0.07,0.08,-0.04,0.22,156.21,194.81,-84.85,527.65
EHAM,LHBP,0,148,-14.98,12.74,-30.3,4.0,-0.02,0.06,-0.13,0.07,-53.1,157.84,-269.3,179.87
EHAM,LIMC,0,111,-42.45,23.47,-68.25,-2.1,-0.19,0.09,-0.31,-0.01,-451.45,215.14,-724.95,-23.35
EHAM,LIMC,1,66,-37.81,21.79,-56.15,0.0,-0.18,0.11,-0.3,-0.03,-441.33,318.61,-734.55,-61.85
EHAM,LIML,0,61,29.52,13.72,10.6,48.0,0.06,0.06,-0.03,0.14,129.35,150.65,-73.4,320.0
EHAM,LIML,1,90,38.17,12.6,18.93,48.96,0.07,0.06,-0.0,0.17,167.49,132.78,-1.11,368.69
EHAM,LIML,2,16,29.55,11.83,10.32,46.22,0.07,0.1,-0.04,0.2,163.92,225.13,-106.25,455.68
EHAM,LIML,3,26,35.79,23.48,9.38,73.38,0.09,0.12,-0.02,0.23,223.19,290.53,-47.25,562.3
EHAM,LIML,4,15,33.77,16.16,12.74,49.09,0.06,0.05,-0.01,0.12,139.08,113.24,-22.02,294.14
EHAM,LIPE,0,66,1.2,8.65,-8.9,15.28,0.0,0.08,-0.13,0.11,11.05,170.78,-277.85,259.18
EHAM,LIPE,1,27,0.44,17.42,-18.38,37.36,-0.02,0.09,-0.18,0.11,-56.59,224.94,-463.68,239.49
EHAM,LIPZ,0,86,-32.2,13.02,-50.98,-1.4,-0.17,0.05,-0.23,-0.09,-387.88,98.12,-536.28,-201.48
EHAM,LIPZ,1,21,-21.72,22.33,-43.1,0.2,-0.16,0.07,-0.27,-0.03,-357.16,146.49,-520.0,-80.0
EHAM,LIPZ,2,22,-25.4,15.44,-39.78,2.06,-0.13,0.05,-0.2,-0.07,-303.02,108.49,-447.5,-154.87
EHAM,LIRF,0,15,-36.26,16.84,-55.51,-13.43,-0.14,0.05,-0.2,-0.06,-331.93,131.88,-497.67,-150.49
EHAM,LIRF,1,119,-29.64,14.97,-49.08,3.18,-0.12,0.06,-0.22,-0.02,-287.0,148.55,-509.56,-36.0
EHAM,LIRF,2,59,-25.18,26.84,-51.28,24.93,-0.07,0.1,-0.17,0.05,-166.43,236.53,-400.0,104.11
EHAM,LIRN,0,75,-20.86,23.21,-46.05,16.86,-0.05,0.1,-0.14,0.12,-114.73,228.82,-339.53,276.07
EHAM,LIRP,0,20,3.8,24.32,-33.05,30.62,0.01,0.05,-0.06,0.08,13.11,126.4,-150.76,195.44
EHAM,LIRP,1,30,11.92,19.6,-21.52,32.76,0.04,0.05,-0.04,0.12,89.65,115.55,-97.31,290.27
EHAM,LIRQ,0,46,2.05,12.01,-17.62,16.67,0.01,0.08,-0.08,0.12,14.03,182.91,-220.45,256.7
EHAM,LIRQ,1,103,16.8,16.62,-8.21,37.59,0.01,0.09,-0.11,0.13,9.51,209.97,-275.57,291.19
EHAM,LKPR,0,137,-14.46,12.02,-30.14,1.24,-0.05,0.07,-0.13,0.05,-112.86,158.17,-323.06,101.34
EHAM,LKPR,1,20,-15.94,11.32,-30.07,0.82,-0.05,0.05,-0.12,0.02,-121.35,106.49,-280.0,32.25
EHAM,LKPR,2,30,-19.13,19.4,-43.4,-3.91,-0.05,0.06,-0.13,0.04,-123.09,136.04,-312.53,106.0
EHAM,LLBG,0,43,6.1,13.74,-11.45,28.0,0.01,0.07,-0.1,0.11,31.03,233.39,-239.0,279.5
EHAM,LLBG,1,81,3.33,11.11,-10.1,24.5,0.01,0.07,-0.1,0.12,57.5,275.09,-252.0,515.2
EHAM,LOWW,0,254,9.36,17.8,-14.87,45.54,0.04,0.07,-0.05,0.15,95.02,158.73,-115.0,377.94
EHAM,LPFR,0,76,-1.42,11.13,-16.08,14.85,-0.01,0.06,-0.1,0.08,-32.38,147.4,-250.0,193.77
EHAM,LPPR,0,48,-1.26,12.71,-18.7,23.48,0.02,0.07,-0.1,0.13,48.83,171.88,-246.19,288.64
EHAM,LPPR,1,42,-3.03,12.83,-23.2,17.93,0.02,0.06,-0.07,0.1,40.13,148.73,-160.0,239.6
EHAM,LPPR,2,28,-4.53,10.0,-22.59,5.93,0.01,0.05,-0.08,0.09,29.05,129.08,-186.0,213.0
EHAM,LPPT,0,224,-7.05,17.16,-34.57,16.68,0.02,0.09,-0.1,0.18,57.37,211.49,-240.0,437.24
EHAM,LPPT,1,25,-5.59,15.46,-32.96,15.64,0.01,0.06,-0.06,0.08,35.94,145.76,-153.0,192.0
EHAM,LPPT,2,46,-3.45,15.93,-38.62,20.42,0.07,0.09,-0.03,0.23,160.67,222.78,-85.02,590.0
EHAM,LPPT,3,29,-5.14,20.63,-32.48,32.7,0.05,0.06,-0.01,0.14,116.27,139.94,-26.64,326.62
EHAM,LROP,0,21,-38.22,13.13,-50.4,-26.4,-0.06,0.06,-0.17,0.02,-142.03,152.2,-400.0,40.0
EHAM,LROP,1,78,-39.59,11.53,-52.13,-11.3,-0.07,0.04,-0.13,0.0,-159.25,102.69,-320.0,0.0
EHAM,LSGG,0,23,-15.31,11.86,-32.42,0.05,-0.01,0.06,-0.1,0.09,-16.61,136.87,-225.54,195.74
EHAM,LSGG,1,58,-14.46,11.04,-35.39,-4.04,0.02,0.07,-0.1,0.15,40.58,185.06,-262.6,341.39
EHAM,LSGG,2,64,-36.72,10.16,-43.47,-9.48,-0.1,0.07,-0.21,0.02,-240.36,170.05,-508.31,55.62
EHAM,LSGG,3,48,-41.65,15.77,-62.06,-10.67,-0.12,0.07,-0.22,-0.02,-291.22,171.65,-555.26,-49.66
EHAM,LSGG,4,23,-39.4,11.19,-54.34,-18.98,-0.09,0.06,-0.17,0.02,-231.57,155.09,-416.99,62.05
EHAM,LSGG,5,16,-3.93,19.07,-22.55,39.08,-0.0,0.1,-0.1,0.14,-6.66,223.3,-253.48,331.25
EHAM,LSZH,0,98,-18.98,13.05,-30.44,1.33,-0.04,0.1,-0.17,0.12,-83.14,213.61,-406.62,277.49
EHAM,LSZH,1,83,12.88,11.64,-0.21,29.98,0.08,0.08,-0.04,0.2,174.97,189.72,-99.77,476.52
EHAM,LSZH,2,40,-2.1,12.2,-19.72,20.85,0.04,0.09,-0.08,0.18,94.07,202.96,-188.29,391.38
EHAM,LTFJ,0,101,-9.9,19.9,-33.8,26.4,0.03,0.12,-0.11,0.23,86.22,306.98,-277.3,583.3
EHAM,LTFJ,1,54,-7.91,36.1,-36.02,33.7,0.03,0.17,-0.18,0.29,70.32,452.42,-443.87,746.65
EHAM,LTFM,0,146,-21.0,18.15,-39.22,9.73,-0.05,0.1,-0.15,0.1,-275.53,596.09,-922.5,413.4
EHAM,LTFM,1,18,-30.97,22.52,-55.6,6.98,-0.08,0.06,-0.15,0.02,-295.49,296.9,-750.06,112.9
EHAM,LYBE,0,46,0.91,10.96,-20.65,16.8,0.02,0.07,-0.11,0.14,34.47,161.07,-247.52,319.58
EHAM,LYBE,1,39,-14.81,15.58,-24.69,13.39,-0.0,0.07,-0.11,0.11,-6.41,154.07,-240.25,251.44
EHAM,LYBE,2,16,1.51,13.74,-13.38,25.1,0.03,0.06,-0.04,0.11,59.61,129.99,-80.7,258.32
EHAM,MMMX,0,24,-2.69,6.84,-12.61,4.08,0.01,0.06,-0.09,0.11,28.4,333.52,-506.6,611.85
EHAM,MMMX,1,20,-11.62,8.58,-25.56,-1.8,-0.0,0.05,-0.08,0.07,-3.14,264.27,-434.61,380.07
EHAM,MMMX,2,15,-11.94,9.98,-31.58,-0.14,-0.02,0.05,-0.09,0.03,-122.73,256.74,-485.4,183.9
EHAM,OMAA,0,52,11.77,14.66,-4.9,40.79,0.06,0.08,-0.05,0.16,375.48,503.72,-265.68,1095.0
EHAM,OMDB,0,35,23.74,18.46,-6.5,50.49,0.23,0.1,0.09,0.42,2035.57,988.25,874.8,3754.45
EHAM,OMDB,1,55,23.07,16.34,-0.84,47.56,0.21,0.1,0.03,0.33,2058.54,1115.53,211.66,3874.32
EHAM,OMDB,2,26,45.49,24.49,16.85,77.73,0.26,0.09,0.12,0.41,1829.48,651.63,775.95,2803.3
EHAM,OTHH,0,82,36.53,34.4,0.1,92.44,0.16,0.11,-0.0,0.33,1220.0,844.28,-13.08,2543.64
EHAM,RKSI,0,56,-2.81,12.22,-17.78,25.55,-0.0,0.05,-0.08,0.08,9.24,361.18,-508.08,562.28
EHAM,TNCC,0,23,-0.43,3.9,-2.86,2.34,0.03,0.05,-0.07,0.08,229.77,359.1,-539.39,626.14
EHAM,TNCC,1,21,-6.93,5.31,-12.2,0.7,-0.03,0.04,-0.09,0.03,-138.84,210.89,-466.6,141.5
EHAM,TNCC,2,30,1.73,6.23,-6.14,12.46,-0.01,0.06,-0.11,0.06,-18.29,324.32,-592.93,371.69
EHAM,VHHH,0,19,-7.01,10.28,-24.08,4.01,-0.01,0.04,-0.06,0.05,-70.21,243.52,-387.63,330.76
EHAM,VHHH,1,23,-3.18,20.72,-18.66,12.86,0.0,0.06,-0.06,0.1,19.03,344.59,-367.68,568.66
EHAM,WSSS,0,29,-12.78,7.88,-25.3,-0.9,0.06,0.05,-0.02,0.13,476.41,363.42,-136.9,984.1
EHAM,WSSS,1,30,-7.25,16.72,-21.32,4.27,0.08,0.06,-0.01,0.16,473.27,325.68,-46.31,903.33
EHAM,ZSPD,0,26,-3.8,17.52,-12.65,3.52,0.02,0.05,-0.02,0.07,169.83,372.11,-155.98,554.1
EHAM,ZSPD,1,25,0.09,5.54,-7.5,5.24,-0.0,0.04,-0.05,0.06,-36.18,303.48,-361.84,436.0
EHAM,ZSPD,2,23,-5.04,13.5,-20.16,3.69,0.02,0.05,-0.03,0.12,176.63,388.26,-242.23,953.98
EHAM,ZSPD,3,29,-22.41,10.91,-34.34,1.32,-0.01,0.04,-0.06,0.04,-107.28,301.97,-497.48,339.32
EHAM,ZSPD,4,4,-7.6,4.02,-10.6,-2.85,-0.02,0.01,-0.04,-0.01,-179.85,104.96,-307.12,-107.18
EHEH,EGSS,0,90,5.8,9.64,-3.0,25.2,0.07,0.05,-0.0,0.15,168.11,126.06,-8.48,379.38
EHEH,LBSF,0,24,-59.88,19.57,-76.39,-24.46,-0.12,0.07,-0.19,-0.02,-272.78,176.79,-421.06,-51.68
EHEH,LBSF,1,26,-57.37,15.42,-77.25,-28.17,-0.1,0.05,-0.17,-0.02,-241.53,116.82,-415.28,-60.9
EHEH,LEAL,0,83,-9.29,13.0,-24.03,4.32,0.04,0.08,-0.06,0.14,94.45,185.37,-142.6,338.8
EHEH,LEBL,0,54,-13.03,12.56,-27.99,2.15,-0.05,0.07,-0.15,0.07,-111.3,172.16,-349.76,172.34
EHEH,LEIB,0,83,-24.48,21.4,-59.48,13.29,-0.08,0.07,-0.18,0.03,-197.72,171.49,-440.3,83.83
EHEH,LEMG,0,95,-5.38,21.62,-27.26,27.87,0.06,0.08,-0.06,0.2,138.59,200.77,-148.01,476.19
EHEH,LEPA,0,20,-20.79,32.89,-44.92,6.11,-0.02,0.1,-0.12,0.08,-50.28,241.77,-295.86,196.54
EHEH,LEPA,1,41,-10.98,17.75,-28.5,9.4,0.01,0.1,-0.11,0.15,11.1,245.51,-256.7,361.3
EHEH,LEVC,0,71,-14.69,11.51,-28.8,6.2,-0.02,0.05,-0.11,0.04,-56.59,116.87,-269.65,106.3
EHEH,LIRF,0,31,-55.45,14.48,-80.55,-33.4,-0.17,0.06,-0.26,-0.06,-415.96,148.02,-636.45,-153.95
EHEH,LIRF,1,28,-32.47,22.99,-64.9,0.98,-0.09,0.06,-0.18,-0.0,-230.39,139.25,-434.84,-10.89
EHEH,LPFR,0,73,-8.67,14.29,-25.42,14.02,-0.01,0.06,-0.1,0.11,-15.42,152.35,-240.0,256.0
EHRD,EGLC,0,100,4.04,6.91,-2.4,15.43,0.07,0.13,-0.02,0.15,143.26,282.03,-36.6,330.73
EHRD,LEAL,0,51,-5.05,9.6,-17.95,12.5,0.03,0.06,-0.07,0.13,66.15,134.46,-178.65,302.0
EHRD,LEIB,0,27,-34.92,20.85,-66.73,-5.01,-0.11,0.08,-0.23,0.02,-266.4,178.53,-555.7,51.9
EHRD,LEIB,1,29,-36.12,18.78,-59.04,-0.86,-0.13,0.05,-0.2,-0.06,-314.77,120.91,-453.46,-149.88
EHRD,LEMG,0,59,2.62,19.0,-11.53,36.69,0.07,0.08,-0.05,0.22,172.27,186.07,-114.64,531.97
EICK,EGCC,0,25,20.66,8.2,5.86,31.16,0.07,0.04,-0.0,0.11,154.2,86.95,-1.48,266.64
EICK,EGCC,1,19,13.44,10.08,-2.02,26.62,0.04,0.05,-0.04,0.12,89.15,128.22,-104.88,279.43
EICK,EGCC,2,16,18.99,7.52,10.48,29.5,0.1,0.07,-0.02,0.18,226.44,157.19,-35.73,441.02
EICK,EGLL,0,75,20.74,11.22,-0.04,37.92,0.1,0.1,-0.04,0.28,237.83,248.07,-104.45,688.89
EICK,EGLL,1,38,16.49,11.32,-0.26,31.05,0.07,0.08,-0.02,0.24,174.65,202.35,-46.22,587.78
EICK,EGSS,0,85,2.03,11.17,-17.28,19.78,0.06,0.06,-0.03,0.16,148.39,139.58,-75.82,381.3
EICK,EHAM,0,75,12.63,5.9,3.86,22.73,0.08,0.07,-0.03,0.19,175.05,157.4,-60.8,360.12
EICK,EHAM,1,19,10.65,5.4,0.66,16.7,0.06,0.06,-0.01,0.15,115.49,113.78,-12.1,336.1
EICK,LEMG,0,27,-5.46,15.84,-23.56,25.77,0.07,0.09,-0.01,0.27,171.57,216.36,-28.52,643.72
EICK,LEMG,1,24,-16.33,18.11,-40.55,7.04,-0.0,0.07,-0.08,0.13,-7.28,165.22,-209.26,315.16
EICK,LPFR,0,17,-0.52,2.15,-4.06,2.46,0.05,0.04,0.0,0.11,118.59,83.7,9.04,262.0
EICK,LPFR,1,18,-0.78,7.92,-9.94,11.67,0.0,0.08,-0.1,0.1,6.5,195.77,-256.26,258.39
EICK,LPFR,2,15,-2.99,8.82,-14.51,8.95,0.04,0.03,-0.01,0.07,90.65,66.02,-12.0,172.0
EIDL,EIDW,0,58,-28.68,19.17,-52.5,3.16,-0.05,0.09,-0.15,0.1,-44.42,80.8,-136.46,92.74
EIDW,BIKF,0,48,0.32,11.35,-12.33,20.65,0.03,0.06,-0.05,0.11,118.8,200.92,-123.74,451.98
EIDW,CYYZ,0,29,-3.34,22.52,-21.44,1.9,0.03,0.07,-0.07,0.12,154.25,424.4,-426.5,683.14
EIDW,CYYZ,1,33,-1.6,13.12,-26.8,21.74,0.03,0.06,-0.08,0.12,198.54,319.62,-207.42,706.84
EIDW,CYYZ,2,26,-6.45,27.54,-33.45,5.85,0.03,0.06,-0.08,0.1,215.03,220.16,-206.1,548.4
EIDW,CYYZ,3,15,-3.62,8.07,-21.96,2.57,0.02,0.04,-0.03,0.08,99.69,159.79,-126.27,293.63
EIDW,EBBR,0,90,16.22,11.22,-3.96,34.1,0.08,0.06,0.01,0.17,200.0,137.21,11.57,427.38
EIDW,EBBR,1,50,14.14,13.8,-8.83,34.41,0.06,0.06,-0.05,0.18,150.15,163.08,-129.17,433.86
EIDW,EDDB,0,112,11.87,13.01,-6.99,27.45,0.07,0.06,-0.03,0.18,177.52,165.44,-77.98,442.68
EIDW,EDDF,0,161,-38.87,12.03,-51.8,-19.1,-0.13,0.07,-0.23,-0.03,-344.96,191.69,-586.8,-65.2
EIDW,EDDF,1,19,-54.23,19.3,-78.96,-24.4,-0.15,0.07,-0.21,-0.05,-401.38,175.86,-561.26,-126.2
EIDW,EDDH,0,59,-38.89,26.96,-64.83,-6.68,-0.12,0.08,-0.23,-0.03,-288.06,199.96,-574.76,-63.21
EIDW,EDDL,0,75,-14.6,7.11,-25.67,-2.53,0.01,0.05,-0.08,0.08,13.72,124.94,-202.63,185.09
EIDW,EDDM,0,106,4.03,13.13,-11.9,27.65,-0.06,0.09,-0.23,0.07,-138.46,212.61,-527.12,168.02
EIDW,EGBB,0,68,8.7,10.71,-6.13,21.96,0.07,0.05,-0.01,0.14,154.89,124.05,-29.86,336.74
EIDW,EGBB,1,20,9.14,10.74,-0.16,21.52,0.08,0.06,0.01,0.15,186.43,136.59,20.3,351.77
EIDW,EGBB,2,23,8.63,9.61,0.0,20.98,0.06,0.05,0.0,0.11,146.04,115.29,6.93,273.56
EIDW,EGBB,3,21,4.32,9.03,-2.4,21.0,0.04,0.05,-0.02,0.12,88.77,107.03,-34.0,244.4
EIDW,EGBB,4,17,4.92,10.08,-6.36,22.0,0.05,0.04,-0.01,0.11,118.26,105.61,-25.1,264.78
EIDW,EGBB,5,95,14.95,11.19,0.6,34.03,0.12,0.06,0.04,0.22,111.28,57.89,34.34,195.59
EIDW,EGBB,6,26,7.35,9.71,-0.3,22.02,0.02,0.04,-0.04,0.08,55.04,94.65,-88.4,198.8
EIDW,EGCC,0,312,19.44,9.86,-2.09,35.34,0.1,0.07,0.01,0.21,149.52,87.57,19.0,289.44
EIDW,EGCC,1,28,10.98,10.13,-3.26,24.86,0.04,0.05,-0.05,0.11,85.01,128.09,-112.06,265.7
EIDW,EGGD,0,82,7.35,10.69,-6.86,24.56,0.04,0.09,-0.08,0.13,33.31,82.6,-74.25,119.91
EIDW,EGGD,1,93,5.85,12.29,-13.12,24.8,0.05,0.07,-0.05,0.15,120.36,174.22,-120.0,360.0
EIDW,EGGP,0,203,10.26,8.57,0.7,24.99,0.05,0.05,-0.02,0.13,83.35,86.4,-59.24,211.3
EIDW,EGGW,0,106,-29.33,12.49,-45.98,-6.88,-0.06,0.08,-0.15,0.08,-150.87,197.18,-358.0,177.6
EIDW,EGHI,0,56,-0.86,12.53,-15.35,23.55,0.01,0.1,-0.15,0.13,7.74,89.52,-133.2,123.85
EIDW,EGKK,0,326,9.83,12.87,-19.0,27.42,0.15,0.14,-0.03,0.39,349.51,338.94,-59.8,950.98
EIDW,EGLC,0,26,-19.51,18.98,-55.82,-2.25,0.02,0.09,-0.14,0.17,45.52,199.11,-297.45,366.65
EIDW,EGLC,1,103,-23.89,24.61,-61.39,-2.03,-0.02,0.11,-0.15,0.12,-46.07,233.75,-327.12,265.45
EIDW,EGLL,0,149,11.45,19.05,-0.2,30.16,0.06,0.11,-0.08,0.22,131.81,254.08,-188.44,521.2
EIDW,EGLL,1,336,20.33,11.35,9.15,43.22,0.14,0.11,-0.01,0.34,332.36,267.67,-21.38,831.38
EIDW,EGLL,2,15,14.61,17.08,-8.52,33.75,0.12,0.1,-0.0,0.27,275.48,228.97,0.18,640.23
EIDW,EGNM,0,28,12.23,8.07,3.2,27.67,0.03,0.04,-0.03,0.08,67.28,89.35,-59.48,186.96
EIDW,EGNM,1,57,15.19,8.87,3.3,29.76,0.03,0.06,-0.05,0.15,82.1,146.27,-106.06,351.1
EIDW,EGNM,2,59,22.37,10.83,5.68,39.21,0.12,0.12,0.03,0.16,103.95,103.6,27.0,145.86
EIDW,EGNT,0,27,5.59,8.82,-6.57,18.17,0.01,0.05,-0.06,0.08,17.95,113.01,-140.41,200.0
EIDW,EGNT,1,37,3.63,7.87,-8.24,14.6,-0.01,0.05,-0.08,0.05,-14.45,109.68,-180.0,112.0
EIDW,EGNT,2,31,-6.02,24.9,-28.6,8.35,0.01,0.16,-0.12,0.07,13.32,147.75,-105.0,67.5
EIDW,EGNX,0,17,0.12,9.2,-14.2,12.18,0.04,0.05,-0.02,0.11,188.76,261.88,-96.9,630.38
EIDW,EGNX,1,22,-1.62,10.32,-16.1,8.59,0.05,0.05,-0.02,0.14,238.0,244.82,-71.93,602.68
EIDW,EGNX,2,53,-1.26,10.19,-16.4,6.86,0.03,0.05,-0.04,0.09,89.51,138.31,-124.2,332.68
EIDW,EGPD,0,40,5.29,5.46,-3.2,12.13,0.01,0.05,-0.07,0.09,8.48,44.37,-61.65,82.02
EIDW,EGPD,1,20,10.78,3.94,6.84,18.33,0.03,0.05,-0.06,0.11,25.96,53.13,-79.61,98.52
EIDW,EGPF,0,185,-3.68,11.24,-19.9,10.88,-0.08,0.07,-0.18,0.01,-112.28,101.26,-296.4,8.66
EIDW,EGPF,1,32,-8.04,10.18,-21.06,2.72,-0.1,0.05,-0.16,-0.03,-235.07,114.47,-391.5,-67.7
EIDW,EGPH,0,160,5.39,9.54,-13.01,17.48,0.02,0.06,-0.07,0.12,34.42,96.0,-106.16,210.55
EIDW,EGPH,1,18,1.61,10.66,-21.92,10.4,0.01,0.09,-0.09,0.09,20.52,201.88,-207.83,214.99
EIDW,EGPH,2,95,4.9,15.02,-16.49,15.55,0.03,0.08,-0.08,0.14,26.67,105.1,-119.94,139.72
EIDW,EGPH,3,22,2.27,12.29,-17.19,15.19,0.01,0.06,-0.09,0.11,27.05,140.16,-205.98,262.87
EIDW,EGSS,0,150,-7.89,9.96,-23.06,10.82,0.0,0.07,-0.08,0.11,12.7,160.57,-180.72,252.2
EIDW,EGSS,1,112,-5.45,11.24,-21.59,13.69,0.03,0.06,-0.06,0.13,85.41,172.81,-155.12,388.73
EIDW,EHAM,0,226,8.8,5.97,3.85,19.9,0.08,0.06,0.02,0.17,202.96,138.71,51.45,392.85
EIDW,EHAM,1,171,7.94,6.21,0.95,18.75,0.07,0.06,-0.03,0.16,157.52,136.61,-63.1,379.75
EIDW,EIDL,0,58,9.88,4.84,3.51,19.08,0.09,0.08,0.06,0.12,84.78,70.98,51.18,108.77
EIDW,EIKY,0,59,-2.62,14.77,-29.1,21.93,0.02,0.07,-0.1,0.13,42.85,167.72,-245.03,283.65
EIDW,EKCH,0,46,-11.86,9.93,-28.4,3.95,-0.07,0.04,-0.14,0.0,-138.34,96.98,-305.53,5.72
EIDW,EKCH,1,45,-16.66,11.39,-38.96,-2.96,-0.09,0.06,-0.16,0.01,-189.76,121.35,-351.72,15.06
EIDW,ESSA,0,41,-1.74,13.64,-17.7,22.3,0.0,0.05,-0.06,0.11,9.32,126.44,-148.6,245.9
EIDW,ESSA,1,19,3.17,14.21,-13.91,31.58,0.03,0.09,-0.11,0.12,73.31,210.58,-253.31,281.99
EIDW,GCRR,0,19,-15.78,7.81,-26.42,-6.08,-0.04,0.06,-0.14,0.03,-79.06,128.43,-293.49,63.42
EIDW,GCRR,1,80,-19.7,10.13,-31.79,-6.03,-0.03,0.08,-0.13,0.09,-188.08,362.31,-766.55,188.3
EIDW,GCRR,2,11,-32.5,17.83,-48.35,-0.1,-0.06,0.07,-0.15,0.05,-130.63,158.95,-309.5,128.0
EIDW,GCTS,0,18,-20.71,12.44,-34.8,-4.68,-0.08,0.06,-0.19,0.02,-182.05,153.58,-473.47,39.64
EIDW,GCTS,1,47,-25.82,11.82,-39.33,-5.8,-0.06,0.09,-0.19,0.13,-153.99,223.46,-478.25,330.05
EIDW,KBOS,0,44,-4.99,10.39,-29.0,0.1,0.03,0.05,-0.05,0.09,155.45,299.7,-273.64,565.08
EIDW,KBOS,1,22,-6.86,16.52,-30.2,16.18,-0.0,0.07,-0.1,0.09,-27.55,419.32,-640.96,520.52
EIDW,KBOS,2,23,-7.71,10.72,-28.14,1.98,0.05,0.07,-0.08,0.15,282.21,417.65,-463.68,913.42
EIDW,KEWR,0,14,-6.56,10.47,-24.74,2.69,0.11,0.07,0.03,0.22,465.9,300.59,119.89,891.28
EIDW,KEWR,1,30,-7.64,16.7,-30.11,17.09,-0.01,0.08,-0.14,0.09,-65.0,342.43,-577.1,298.85
EIDW,KEWR,2,29,-5.82,9.14,-21.62,2.64,0.16,0.06,0.08,0.27,635.3,264.95,299.7,1074.64
EIDW,KEWR,3,15,-4.24,7.99,-17.55,1.81,0.18,0.08,0.08,0.29,842.14,432.08,355.58,1484.6
EIDW,KIAD,0,37,-10.68,13.74,-32.18,1.72,0.0,0.1,-0.12,0.15,53.56,561.39,-723.12,1051.3
EIDW,KIAD,1,42,-9.64,14.68,-37.16,2.6,-0.0,0.08,-0.11,0.08,-22.57,454.99,-685.62,645.74
EIDW,KIAD,2,23,-5.5,11.02,-29.37,2.3,0.03,0.08,-0.09,0.17,162.12,459.85,-515.32,1009.67
EIDW,KIAD,3,16,2.64,12.54,-12.15,22.72,0.05,0.09,-0.07,0.24,288.3,565.1,-417.58,1122.7
EIDW,KJFK,0,31,-6.63,10.8,-29.85,3.5,0.12,0.07,0.02,0.19,706.5,427.1,129.15,1172.85
EIDW,KJFK,1,28,-6.1,13.15,-32.79,0.26,0.02,0.04,-0.05,0.08,130.36,255.69,-311.69,484.35
EIDW,KJFK,2,16,-4.96,8.7,-23.25,0.0,0.06,0.07,-0.04,0.15,380.35,434.99,-233.5,904.88
EIDW,KJFK,3,15,-14.77,27.67,-61.6,12.09,0.05,0.08,-0.07,0.16,320.35,470.71,-382.78,929.66
EIDW,KORD,0,16,-3.24,23.28,-33.17,31.4,0.03,0.11,-0.08,0.15,190.66,569.84,-365.45,869.15
EIDW,KORD,1,32,-3.38,16.84,-29.64,26.09,0.0,0.08,-0.13,0.11,35.63,442.56,-705.6,579.91
EIDW,KORD,2,28,-2.48,6.47,-16.6,4.47,0.01,0.06,-0.11,0.11,61.71,334.75,-470.56,574.67
EIDW,KORD,3,31,-4.47,22.49,-9.85,6.75,-0.01,0.05,-0.07,0.08,-20.59,263.53,-349.85,418.3
EIDW,KORD,4,34,-2.82,8.16,-17.23,8.2,-0.02,0.06,-0.11,0.06,-76.51,313.4,-529.83,338.16
EIDW,KPHL,0,58,-3.13,17.48,-29.66,16.16,0.01,0.17,-0.13,0.13,-14.37,491.06,-481.19,693.12
EIDW,LEAL,0,29,-14.68,21.86,-44.56,19.74,0.06,0.09,-0.05,0.17,140.14,231.62,-124.84,430.5
EIDW,LEAL,1,19,1.28,9.78,-6.85,19.1,0.05,0.05,-0.02,0.12,111.64,115.16,-44.38,287.7
EIDW,LEAL,2,49,-6.9,18.91,-41.4,16.46,0.02,0.07,-0.09,0.13,54.79,162.84,-221.32,282.66
EIDW,LEBL,0,8,-4.06,16.5,-22.02,21.63,0.07,0.23,-0.12,0.44,166.91,549.74,-300.53,1071.22
EIDW,LEBL,1,119,-13.97,12.52,-33.97,4.69,-0.08,0.08,-0.18,0.04,-213.37,282.06,-508.67,101.01
EIDW,LEBL,2,21,-7.47,8.93,-17.0,8.2,-0.12,0.06,-0.2,-0.04,-706.99,345.98,-1215.0,-221.7
EIDW,LEMD,0,130,-10.8,19.86,-43.52,13.37,0.03,0.08,-0.08,0.16,64.97,197.05,-208.36,363.11
EIDW,LEMG,0,224,-3.86,17.29,-17.94,32.07,0.06,0.07,-0.06,0.19,187.41,270.83,-173.8,646.4
EIDW,LEPA,0,64,-7.83,9.72,-17.58,10.02,-0.03,0.07,-0.12,0.1,-67.34,169.77,-310.38,218.52
EIDW,LEPA,1,27,-14.27,14.17,-30.72,7.77,0.04,0.09,-0.06,0.19,129.62,276.6,-139.23,452.28
EIDW,LERS,0,40,-3.51,19.96,-20.28,17.68,0.0,0.07,-0.08,0.1,7.37,146.13,-177.97,237.03
EIDW,LERS,1,26,-6.45,9.79,-17.12,14.73,-0.02,0.08,-0.12,0.1,-51.42,171.92,-251.7,251.32
EIDW,LFBD,0,55,-8.64,10.46,-18.65,5.54,-0.03,0.06,-0.12,0.06,-80.62,142.57,-297.41,153.3
EIDW,LFMN,0,29,5.98,13.02,-9.5,27.86,0.09,0.07,0.0,0.23,205.68,161.1,3.88,504.52
EIDW,LFMN,1,37,6.59,30.21,-20.04,38.5,0.03,0.21,-0.11,0.12,82.36,527.14,-275.38,307.7
EIDW,LFOB,0,80,-8.0,14.26,-28.1,16.03,-0.01,0.11,-0.1,0.09,-17.37,265.19,-224.06,181.41
EIDW,LFPG,0,161,-8.56,20.21,-40.0,20.1,-0.01,0.09,-0.12,0.17,-30.27,227.21,-311.1,417.4
EIDW,LFPG,1,74,-2.07,17.21,-24.27,25.04,0.0,0.09,-0.13,0.14,9.86,221.79,-313.1,385.19
EIDW,LFPO,0,19,-34.89,25.16,-75.04,-1.71,-0.07,0.13,-0.24,0.12,-217.96,473.06,-763.53,283.93
EIDW,LFPO,1,33,-41.54,16.57,-68.3,-14.58,-0.09,0.09,-0.22,0.09,-226.35,232.05,-549.14,204.38
EIDW,LFRS,0,63,10.91,8.35,-2.95,24.27,0.04,0.06,-0.06,0.13,91.9,142.93,-137.73,290.31
EIDW,LIME,0,33,-44.68,14.95,-60.56,-17.7,-0.07,0.07,-0.18,0.04,-167.11,165.84,-425.88,80.68
EIDW,LIME,1,31,-48.28,19.62,-80.3,-22.35,-0.12,0.08,-0.21,0.02,-282.9,178.51,-498.0,60.0
EIDW,LIPZ,0,37,-28.87,16.94,-50.92,-1.26,-0.15,0.09,-0.29,-0.03,-380.42,226.64,-815.0,-100.0
EIDW,LIPZ,1,28,-50.34,15.77,-73.35,-24.76,-0.2,0.07,-0.29,-0.1,-493.16,178.37,-720.84,-233.33
EIDW,LIRF,0,45,-44.21,17.6,-68.56,-14.14,-0.12,0.08,-0.25,-0.0,-274.36,186.3,-600.0,-8.0
EIDW,LIRF,1,68,-54.56,17.68,-80.03,-23.5,-0.16,0.07,-0.28,-0.04,-396.86,180.45,-693.74,-97.96
EIDW,LIRN,0,17,-0.19,88.82,-41.38,67.88,0.07,0.51,-0.14,0.49,168.73,1273.02,-358.3,1226.96
EIDW,LIRN,1,25,-32.99,20.47,-68.62,-6.36,-0.13,0.08,-0.23,0.01,-330.62,209.25,-586.66,34.64
EIDW,LIRN,2,18,-29.18,20.4,-53.52,-0.82,-0.05,0.1,-0.15,0.13,-115.94,225.81,-374.58,304.0
EIDW,LOWW,0,51,9.67,15.07,-11.0,33.75,0.06,0.06,-0.03,0.18,146.62,159.23,-83.3,437.55
EIDW,LPFR,0,158,-10.24,34.78,-19.12,6.13,0.0,0.1,-0.09,0.1,-12.31,245.26,-325.49,245.75
EIDW,LPFR,1,64,-1.08,9.07,-13.74,13.58,0.01,0.06,-0.1,0.1,11.62,161.62,-208.5,244.25
EIDW,LPPT,0,107,-12.66,20.09,-39.5,14.66,0.09,0.11,-0.07,0.28,192.95,247.34,-165.81,668.0
EIDW,LPPT,1,65,-4.94,19.91,-30.76,33.62,0.1,0.1,-0.05,0.25,226.92,230.68,-112.66,600.0
EIDW,LSZH,0,11,-35.32,7.91,-45.8,-23.5,-0.15,0.07,-0.24,-0.03,-274.22,143.49,-459.75,-54.9
EIDW,LSZH,1,41,0.16,16.81,-19.7,33.1,0.0,0.11,-0.14,0.19,18.26,258.25,-293.9,476.4
EIDW,LSZH,2,8,2.88,12.44,-14.0,19.24,0.02,0.12,-0.12,0.21,55.04,242.03,-227.24,423.67
EIDW,LSZH,3,19,0.77,12.93,-16.14,25.89,0.02,0.12,-0.14,0.2,59.57,267.83,-261.44,501.47
EIDW,LTFM,0,77,-19.98,16.83,-40.02,4.46,-0.03,0.08,-0.13,0.11,-90.17,337.18,-636.0,373.72
EIDW,OMDB,0,41,21.31,21.54,-5.4,50.5,0.23,0.15,-0.04,0.45,1783.32,1147.41,-305.5,3503.5
EIDW,OMDB,1,19,3.25,8.29,-5.38,20.07,0.06,0.12,-0.11,0.29,449.06,940.17,-878.4,2246.37
EIDW,OTHH,0,60,39.63,20.09,13.31,75.2,0.16,0.1,0.0,0.34,824.59,498.99,11.49,1782.41
EIKY,EIDW,0,59,-17.71,13.69,-38.64,6.03,-0.14,0.09,-0.22,0.03,-340.12,209.27,-537.7,75.43
EINN,EGLL,0,84,17.39,12.68,-7.14,42.18,0.09,0.12,-0.06,0.28,224.38,289.02,-160.2,702.79
EINN,EGSS,0,73,-0.82,14.25,-30.86,22.38,0.07,0.06,-0.02,0.2,167.39,146.42,-36.52,459.2
EKAH,EKCH,0,105,-14.89,9.78,-26.0,4.26,-0.09,0.05,-0.15,-0.02,-111.67,74.36,-204.36,-13.9
EKAH,EKCH,1,25,-14.75,10.07,-25.3,5.0,-0.07,0.04,-0.12,-0.0,-90.73,57.8,-165.46,-0.66
EKBI,EDDF,0,98,-44.24,22.2,-70.01,-17.93,-0.17,0.08,-0.28,-0.05,-386.55,184.78,-632.39,-125.02
EKBI,EDDM,0,60,-18.77,9.81,-31.81,0.11,-0.07,0.06,-0.15,0.04,-104.2,84.28,-211.96,61.06
EKBI,EGSS,0,27,6.15,8.49,-4.74,20.3,0.13,0.05,0.05,0.22,296.04,116.58,119.65,484.75
EKBI,EGSS,1,58,8.55,10.3,-3.42,25.57,0.11,0.06,0.03,0.19,269.62,134.7,79.44,453.79
EKBI,EHAM,0,140,5.46,7.1,-4.6,20.2,0.06,0.07,-0.03,0.15,137.55,166.1,-53.92,406.74
EKBI,ENGM,0,104,-23.15,12.63,-40.94,-5.71,-0.04,0.06,-0.14,0.04,-76.87,110.05,-283.53,57.03
EKBI,ESSA,0,56,4.13,16.0,-18.4,33.65,0.09,0.09,-0.0,0.21,123.83,131.69,-2.55,293.9
EKBI,LFPG,0,92,-5.5,13.32,-17.73,21.4,0.08,0.09,-0.11,0.2,170.42,212.08,-257.79,434.7
EKCH,BIKF,0,139,1.87,9.48,-12.17,18.04,0.06,0.06,-0.03,0.15,154.68,176.73,-57.69,507.01
EKCH,EBBR,0,64,0.36,12.49,-22.78,21.53,0.0,0.07,-0.1,0.13,7.65,163.12,-220.0,275.82
EKCH,EBBR,1,77,-0.33,12.81,-18.58,20.24,0.01,0.07,-0.11,0.11,18.12,172.81,-270.52,277.76
EKCH,EBBR,2,19,-1.6,10.07,-15.91,14.76,-0.03,0.08,-0.11,0.08,-76.85,179.69,-267.76,161.97
EKCH,EBBR,3,27,-3.2,15.78,-26.74,24.39,-0.04,0.08,-0.13,0.1,-102.84,178.76,-295.18,230.0
EKCH,EDDB,0,142,3.57,11.6,-15.0,22.15,0.03,0.07,-0.08,0.14,65.92,164.35,-204.02,325.12
EKCH,EDDB,1,23,9.46,9.55,-4.77,24.14,0.08,0.05,0.02,0.15,184.02,107.1,34.49,352.36
EKCH,EDDB,2,17,-26.28,36.43,-83.52,11.72,-0.11,0.08,-0.24,-0.02,-248.38,180.08,-546.26,-36.72
EKCH,EDDF,0,189,-35.71,25.06,-67.56,-4.38,-0.15,0.09,-0.28,-0.01,-364.01,213.79,-678.5,-23.14
EKCH,EDDH,0,18,-49.73,25.86,-80.84,-5.1,-0.18,0.07,-0.3,-0.06,-181.73,69.74,-287.2,-84.59
EKCH,EDDH,1,116,-53.44,14.73,-64.5,-16.08,-0.19,0.07,-0.27,-0.08,-181.7,61.19,-246.65,-93.2
EKCH,EDDL,0,147,1.14,9.7,-12.58,20.67,0.06,0.06,-0.03,0.16,94.7,104.83,-61.51,270.17
EKCH,EDDM,0,78,-7.14,13.9,-26.63,17.7,-0.06,0.07,-0.15,0.04,-135.44,162.67,-384.94,93.18
EKCH,EDDM,1,55,-21.41,13.59,-38.1,3.28,-0.03,0.05,-0.09,0.04,-47.31,73.59,-154.05,53.7
EKCH,EDDM,2,32,-22.38,8.63,-32.1,-10.03,-0.1,0.07,-0.2,0.01,-252.62,161.12,-470.08,23.95
EKCH,EDDM,3,22,-24.88,9.95,-35.24,-6.68,-0.08,0.06,-0.15,0.01,-200.6,153.16,-381.48,29.25
EKCH,EDDM,4,20,-36.33,15.67,-53.42,-9.4,-0.08,0.06,-0.16,-0.01,-173.03,125.62,-340.8,-14.43
EKCH,EDDP,0,31,-75.66,25.4,-112.3,-36.3,-0.2,0.1,-0.36,-0.04,-769.27,422.5,-1456.65,-102.1
EKCH,EFHK,0,97,-21.4,11.19,-39.34,-2.66,0.01,0.06,-0.08,0.1,35.34,137.76,-191.18,245.28
EKCH,EFHK,1,75,-23.7,12.67,-44.65,-3.44,-0.01,0.07,-0.14,0.08,-31.07,160.67,-344.79,203.01
EKCH,EFHK,2,40,0.98,7.29,-7.74,12.29,0.01,0.05,-0.07,0.11,29.16,127.13,-188.92,279.79
EKCH,EFHK,3,36,-21.57,9.13,-39.78,-7.88,-0.04,0.06,-0.17,0.03,-82.41,133.21,-408.3,48.35
EKCH,EGCC,0,54,-22.3,16.59,-43.66,5.68,0.0,0.09,-0.15,0.14,2.52,204.11,-350.22,316.98
EKCH,EGCC,1,31,-18.25,9.13,-30.4,-5.0,-0.02,0.06,-0.13,0.07,-46.88,138.37,-304.8,144.9
EKCH,EGCC,2,30,-19.8,20.58,-51.68,14.71,0.0,0.09,-0.14,0.13,2.16,207.91,-336.84,250.81
EKCH,EGCC,3,29,-19.73,16.93,-47.12,7.02,-0.0,0.07,-0.11,0.09,-9.78,147.97,-253.3,200.62
EKCH,EGKK,0,190,7.36,12.73,-15.76,25.92,0.19,0.13,-0.01,0.41,414.43,287.41,-16.87,889.79
EKCH,EGLL,0,273,6.67,11.7,-13.12,26.84,0.19,0.11,0.05,0.4,457.41,264.03,114.6,986.2
EKCH,EGPH,0,56,7.67,16.54,-26.08,31.22,0.08,0.08,0.0,0.21,191.79,175.1,7.75,431.85
EKCH,EGPH,1,15,0.99,16.74,-25.62,13.84,0.06,0.06,-0.02,0.12,143.69,139.57,-61.14,285.99
EKCH,EGSS,0,52,2.24,9.01,-8.14,19.09,0.09,0.05,0.01,0.17,206.57,117.5,27.76,414.81
EKCH,EGSS,1,38,4.76,19.22,-19.22,27.32,0.14,0.11,0.03,0.23,325.42,262.47,70.58,511.71
EKCH,EHAM,0,361,8.06,7.5,-4.7,22.3,0.08,0.06,-0.01,0.18,187.79,135.92,-32.7,394.8
EKCH,EHAM,1,59,7.23,6.95,-4.65,20.03,0.08,0.06,0.0,0.18,134.13,93.66,1.08,267.76
EKCH,EIDW,0,34,-14.14,18.79,-37.2,16.38,-0.0,0.11,-0.15,0.17,-6.07,236.77,-326.97,365.3
EKCH,EIDW,1,36,-15.86,15.19,-38.9,3.85,-0.04,0.07,-0.12,0.09,-89.86,141.09,-275.8,180.95
EKCH,EIDW,2,19,-15.44,18.76,-48.52,10.62,0.0,0.09,-0.14,0.13,0.82,197.74,-324.0,270.91
EKCH,EKAH,0,127,-9.96,6.07,-15.6,3.57,-0.01,0.03,-0.05,0.05,-21.09,44.78,-70.63,50.02
EKCH,EKRN,0,155,-7.43,7.2,-11.0,11.06,0.01,0.06,-0.02,0.09,9.8,39.74,-19.8,75.56
EKCH,EKRN,1,27,-26.24,1.03,-27.69,-24.39,-0.06,0.02,-0.08,-0.02,-43.14,15.83,-66.14,-15.83
EKCH,EKSB,0,92,-6.72,2.3,-8.3,-2.29,-0.03,0.03,-0.07,0.02,-29.42,24.89,-58.26,13.73
EKCH,EKSB,1,16,-23.48,4.41,-30.48,-17.32,-0.09,0.02,-0.13,-0.06,-76.18,19.08,-108.42,-51.08
EKCH,EKVG,0,95,1.65,12.03,-5.7,10.66,0.06,0.11,-0.04,0.12,138.9,276.9,-87.68,293.98
EKCH,EKYT,0,439,1.55,8.49,-5.41,13.12,-0.0,0.06,-0.06,0.07,-8.9,100.34,-144.03,123.37
EKCH,ENBR,0,18,-2.54,85.38,-33.69,47.1,0.05,0.47,-0.15,0.37,133.44,1174.01,-357.5,915.85
EKCH,ENBR,1,153,-21.61,9.78,-39.86,-5.7,-0.02,0.05,-0.1,0.08,-45.8,109.35,-184.0,152.6
EKCH,ENGM,0,540,-15.79,17.43,-34.85,6.12,-0.02,0.09,-0.12,0.1,-49.02,161.8,-280.1,219.84
EKCH,ENVA,0,53,-0.04,4.14,-6.8,5.34,0.0,0.03,-0.04,0.06,3.76,42.8,-58.78,77.3
EKCH,ENVA,1,16,-6.5,8.53,-16.25,1.98,0.01,0.04,-0.05,0.07,14.52,89.8,-114.8,140.68
EKCH,ENZV,0,92,-4.25,5.71,-16.9,2.64,-0.01,0.04,-0.1,0.06,-5.59,73.7,-145.19,94.64
EKCH,ENZV,1,76,-5.14,7.18,-21.2,2.48,0.01,0.04,-0.04,0.06,11.23,75.8,-91.15,115.62
EKCH,EPGD,0,102,-32.33,17.75,-57.49,-5.63,-0.09,0.05,-0.17,0.0,-197.31,126.94,-399.71,0.0
EKCH,EPWA,0,128,-35.3,22.2,-78.6,-7.51,-0.05,0.07,-0.16,0.07,-86.23,121.25,-248.28,138.97
EKCH,EPWA,1,27,-60.58,22.2,-94.01,-19.34,-0.11,0.07,-0.23,-0.0,-202.92,120.39,-364.35,-5.78
EKCH,ESGG,0,87,-11.23,10.11,-35.6,-0.83,-0.03,0.05,-0.12,0.02,-63.49,95.82,-220.71,34.01
EKCH,ESSA,0,392,-14.19,13.85,-42.59,5.78,-0.03,0.06,-0.13,0.07,-63.9,146.94,-299.5,158.7
EKCH,ESSA,1,28,-18.23,22.48,-49.18,7.69,0.03,0.14,-0.1,0.31,71.09,312.58,-242.94,743.15
EKCH,ESSA,2,77,4.42,16.04,-12.52,31.76,0.03,0.11,-0.12,0.16,73.27,259.0,-277.14,355.02
EKCH,EVRA,0,78,-8.43,7.69,-19.76,5.27,-0.01,0.07,-0.12,0.1,-33.3,168.66,-358.04,205.46
EKCH,EVRA,1,16,-29.9,4.69,-37.48,-22.42,-0.05,0.05,-0.12,-0.01,-125.48,114.36,-323.12,-30.22
EKCH,EVRA,2,24,-8.81,19.63,-32.56,24.4,0.03,0.07,-0.07,0.17,52.64,152.7,-209.9,329.5
EKCH,EYPA,0,54,-27.03,13.66,-51.32,-7.71,-0.03,0.05,-0.12,0.03,-41.64,66.44,-171.52,46.7
EKCH,EYVI,0,61,-20.81,10.12,-33.5,-4.7,-0.02,0.05,-0.1,0.07,-22.57,66.68,-140.0,93.3
EKCH,KJFK,0,38,-10.04,16.98,-42.97,0.82,-0.05,0.09,-0.2,0.11,-285.44,554.43,-1213.3,697.32
EKCH,KJFK,1,22,-7.52,10.43,-26.1,4.18,-0.11,0.14,-0.31,0.06,-656.66,845.42,-1919.95,334.96
EKCH,LEAL,0,35,-5.11,8.76,-20.82,6.83,0.04,0.07,-0.06,0.15,102.31,160.2,-126.1,365.27
EKCH,LEAL,1,30,-3.37,16.5,-25.62,16.23,0.06,0.08,-0.05,0.17,138.97,179.74,-107.25,396.06
EKCH,LEAL,2,19,-1.38,12.61,-17.42,14.49,0.06,0.06,0.0,0.14,144.93,141.83,10.84,305.17
EKCH,LEBL,0,53,-6.07,20.47,-41.88,29.18,-0.05,0.09,-0.15,0.08,-106.02,212.34,-355.34,203.24
EKCH,LEBL,1,48,-3.29,19.41,-32.35,28.6,-0.04,0.08,-0.14,0.06,-87.26,194.32,-347.81,132.26
EKCH,LEBL,2,29,-7.08,12.8,-29.94,10.7,-0.04,0.05,-0.1,0.04,-96.26,106.44,-220.46,84.98
EKCH,LEBL,3,15,-13.14,20.21,-52.97,13.32,-0.04,0.1,-0.17,0.09,-94.46,225.36,-403.61,203.76
EKCH,LEMD,0,39,0.06,17.9,-21.88,24.97,0.04,0.1,-0.09,0.22,95.99,251.36,-247.56,541.7
EKCH,LEMD,1,27,-0.46,22.08,-26.05,17.06,0.03,0.12,-0.12,0.23,76.37,290.71,-319.32,591.52
EKCH,LEMG,0,68,-3.43,13.92,-22.92,16.7,0.06,0.08,-0.05,0.19,129.44,176.46,-124.2,443.63
EKCH,LEMG,1,16,-17.18,19.03,-45.65,2.65,-0.02,0.08,-0.14,0.09,-38.07,179.08,-299.82,207.8
EKCH,LEMG,2,42,-1.37,15.16,-27.62,19.61,0.05,0.09,-0.09,0.22,99.55,198.32,-207.75,454.28
EKCH,LEMG,3,25,-1.9,12.57,-18.36,12.74,0.06,0.07,-0.02,0.2,133.14,140.05,-34.22,424.7
EKCH,LEPA,0,48,-14.44,16.92,-42.86,8.41,-0.02,0.07,-0.12,0.1,-43.7,174.1,-285.79,242.83
EKCH,LEPA,1,19,-15.21,26.15,-48.76,13.24,0.02,0.09,-0.11,0.16,56.02,197.32,-225.86,336.54
EKCH,LEPA,2,20,-8.81,18.42,-31.74,23.0,-0.02,0.08,-0.14,0.1,-44.16,175.46,-354.22,204.12
EKCH,LEPA,3,17,-10.33,8.39,-23.32,-0.84,-0.01,0.06,-0.11,0.08,-22.78,129.07,-245.8,173.56
EKCH,LEPA,4,16,-20.41,21.01,-46.15,7.4,-0.06,0.08,-0.19,0.05,-135.07,185.1,-468.75,117.62
EKCH,LFMN,0,105,-46.38,20.1,-78.7,-17.52,-0.16,0.07,-0.27,-0.05,-366.95,168.14,-630.82,-128.96
EKCH,LFPG,0,41,3.5,17.0,-19.2,31.1,0.02,0.08,-0.09,0.14,43.85,194.46,-217.4,341.3
EKCH,LFPG,1,34,-9.47,10.21,-27.64,2.72,0.01,0.06,-0.08,0.09,10.65,138.79,-172.58,208.21
EKCH,LFPG,2,22,-12.98,20.96,-36.92,28.9,0.01,0.12,-0.11,0.16,22.49,265.33,-241.88,349.32
EKCH,LFPG,3,60,-4.08,9.36,-15.79,7.27,0.01,0.05,-0.06,0.1,34.04,119.57,-129.4,208.25
EKCH,LFPG,4,17,0.72,10.02,-10.8,18.68,0.02,0.05,-0.04,0.09,55.87,114.41,-97.56,220.34
EKCH,LFPG,5,42,-8.1,9.43,-30.82,-0.03,0.0,0.05,-0.07,0.09,9.62,116.78,-157.56,214.5
EKCH,LFPG,6,85,-7.39,15.26,-31.78,20.42,0.03,0.07,-0.08,0.15,70.71,173.5,-170.26,352.24
EKCH,LGAV,0,85,-10.72,16.01,-35.48,11.92,0.02,0.08,-0.11,0.14,41.44,180.33,-253.04,369.82
EKCH,LHBP,0,51,-24.28,14.84,-44.35,-3.0,-0.0,0.05,-0.08,0.08,-7.43,123.35,-182.25,185.65
EKCH,LIMC,0,16,-35.26,18.66,-61.35,-13.4,-0.19,0.09,-0.27,-0.06,-405.11,208.43,-613.3,-119.18
EKCH,LIMC,1,64,-41.92,24.33,-80.06,3.42,-0.19,0.08,-0.31,-0.04,-450.21,214.88,-759.85,-110.85
EKCH,LIMC,2,33,-39.33,24.09,-70.16,-2.06,-0.13,0.1,-0.22,0.02,-297.75,209.15,-527.92,38.58
EKCH,LIMC,3,27,-36.45,26.83,-61.74,8.02,-0.17,0.09,-0.29,-0.02,-421.96,294.45,-903.74,-32.52
EKCH,LIME,0,53,-55.22,19.41,-86.64,-25.08,-0.13,0.06,-0.2,-0.03,-296.15,130.77,-481.32,-78.8
EKCH,LIPE,0,39,-11.49,16.51,-38.95,12.94,-0.01,0.06,-0.09,0.1,-31.62,113.82,-208.47,184.89
EKCH,LIPE,1,34,-16.01,13.23,-37.04,6.65,-0.04,0.08,-0.19,0.07,-78.93,166.23,-384.64,117.25
EKCH,LIRF,0,52,-39.2,21.5,-68.27,-5.16,-0.16,0.09,-0.31,-0.0,-357.17,218.53,-717.3,-6.25
EKCH,LIRF,1,26,-37.21,14.73,-56.9,-13.42,-0.12,0.06,-0.2,-0.02,-269.02,128.98,-475.0,-54.45
EKCH,LIRF,2,31,-28.14,20.84,-60.5,4.4,-0.11,0.07,-0.24,0.0,-245.23,152.71,-532.5,2.5
EKCH,LKPR,0,114,-13.33,14.92,-33.64,12.21,-0.05,0.08,-0.2,0.09,-124.36,181.23,-446.4,163.3
EKCH,LOWW,0,89,-12.1,14.16,-28.78,11.16,0.01,0.05,-0.07,0.1,55.61,200.26,-166.7,516.64
EKCH,LOWW,1,29,-19.26,14.38,-38.58,6.14,0.01,0.05,-0.05,0.11,38.93,177.37,-134.0,290.66
EKCH,LOWW,2,50,3.68,15.8,-18.96,27.65,0.07,0.08,-0.03,0.22,252.04,367.99,-83.3,1018.31
EKCH,LPPT,0,64,-4.28,19.41,-25.88,36.01,0.08,0.1,-0.03,0.26,193.44,227.96,-83.38,631.01
EKCH,LSGG,0,38,-11.82,22.34,-57.19,8.17,0.05,0.09,-0.12,0.17,90.58,194.75,-293.22,401.43
EKCH,LSGG,1,48,-1.58,7.15,-15.84,7.2,0.04,0.06,-0.04,0.12,81.96,126.03,-72.17,260.65
EKCH,LSZH,0,157,-15.24,13.06,-37.24,8.28,-0.04,0.09,-0.16,0.11,-99.53,178.63,-396.92,207.64
EKCH,LTAI,0,55,-6.48,17.4,-31.22,16.78,0.09,0.1,-0.03,0.22,207.33,215.83,-83.3,465.5
EKCH,LTFJ,0,65,-16.41,27.91,-43.2,27.86,-0.0,0.16,-0.15,0.29,-11.22,407.01,-375.0,664.0
EKCH,LTFM,0,105,-16.84,25.72,-40.54,33.16,0.02,0.11,-0.1,0.16,48.32,292.13,-240.0,457.36
EKRN,EKCH,0,152,-13.93,6.12,-22.04,0.9,-0.11,0.06,-0.19,-0.02,-88.39,51.3,-155.4,-16.08
EKRN,EKCH,1,31,-12.5,8.33,-28.0,0.6,-0.08,0.05,-0.17,-0.01,-61.75,46.46,-152.3,-7.05
EKSB,EKCH,0,86,-17.03,7.55,-28.32,-8.12,-0.15,0.06,-0.2,-0.09,-130.4,47.83,-171.08,-79.97
EKSB,EKCH,1,22,-22.65,9.03,-29.7,-3.32,-0.14,0.03,-0.18,-0.1,-118.3,23.66,-152.22,-85.04
EKVG,EKCH,0,94,-18.64,11.42,-35.25,4.9,-0.11,0.06,-0.19,0.0,-267.33,147.73,-453.74,9.41
EKYT,EHAM,0,118,3.09,7.79,-7.9,16.45,0.11,0.07,0.02,0.19,241.47,150.61,40.25,426.49
EKYT,EKCH,0,340,-12.84,11.95,-29.71,2.8,-0.1,0.06,-0.21,-0.02,-180.64,120.85,-354.72,-21.95
EKYT,EKCH,1,73,-9.32,10.35,-25.84,7.9,-0.07,0.07,-0.17,0.04,-147.42,141.13,-348.1,50.66
EKYT,EKCH,2,24,-14.08,10.48,-30.2,1.51,-0.1,0.06,-0.17,-0.0,-210.68,126.89,-334.46,-7.07
ELLX,EDDB,0,48,-30.81,17.43,-55.9,-8.01,-0.14,0.09,-0.28,-0.01,-163.75,107.16,-327.15,-13.91
ELLX,EDDB,1,15,7.75,11.35,-8.88,22.86,0.03,0.07,-0.09,0.14,92.66,144.32,-129.57,325.28
ELLX,EDDF,0,130,-82.17,22.35,-109.16,-43.93,-0.3,0.08,-0.4,-0.19,-551.98,158.97,-803.93,-326.71
ELLX,EDDM,0,66,-29.97,21.81,-57.3,5.55,-0.22,0.07,-0.3,-0.11,-303.48,96.86,-423.12,-151.95
ELLX,EDDM,1,53,-34.48,24.11,-59.94,9.9,-0.18,0.12,-0.33,-0.01,-210.97,147.41,-458.0,-7.26
ELLX,EGLC,0,141,-15.2,7.74,-24.9,-1.3,-0.16,0.08,-0.23,-0.07,-178.92,86.48,-268.4,-76.6
ELLX,EHAM,0,109,2.93,12.5,-20.48,20.24,0.03,0.06,-0.1,0.12,56.64,134.99,-215.46,259.3
ELLX,LEPA,0,81,-1.38,13.56,-17.4,25.0,-0.01,0.08,-0.1,0.13,-15.82,175.45,-219.4,292.1
ELLX,LFMN,0,22,-38.72,16.16,-56.68,-15.99,-0.17,0.08,-0.28,-0.08,-388.38,185.24,-624.08,-189.52
ELLX,LFMN,1,41,-35.98,19.47,-64.2,-5.5,-0.15,0.09,-0.26,0.0,-274.09,162.56,-488.0,10.4
ELLX,LFPG,0,86,11.15,16.06,-0.15,44.22,0.04,0.09,-0.06,0.18,47.42,98.78,-63.45,209.98
ELLX,LIMC,0,79,-44.31,23.77,-86.52,0.25,-0.25,0.1,-0.42,-0.1,-383.38,163.65,-672.17,-147.92
ELLX,LOWW,0,49,-15.08,17.09,-37.28,9.68,-0.07,0.07,-0.17,0.04,-89.79,92.0,-241.46,49.86
ELLX,LOWW,1,16,-30.3,20.12,-50.4,12.52,-0.14,0.09,-0.24,0.06,-160.94,106.53,-273.17,67.08
ELLX,LPPR,0,47,-9.22,16.94,-35.35,17.44,0.03,0.08,-0.08,0.18,67.41,198.64,-195.79,432.0
ELLX,LPPR,1,28,10.34,24.49,-7.82,33.61,0.07,0.12,-0.11,0.29,147.26,282.31,-266.0,634.34
ELLX,LPPR,2,59,-0.8,15.86,-19.36,26.38,0.05,0.08,-0.02,0.17,125.44,182.38,-45.53,427.03
ELLX,LPPT,0,22,-15.16,15.01,-44.52,-1.14,0.02,0.1,-0.12,0.17,59.06,227.84,-254.28,395.66
ELLX,LPPT,1,56,-3.27,18.44,-31.62,20.38,0.07,0.08,-0.04,0.22,174.18,198.0,-93.8,541.62
ELLX,LSZH,0,29,13.77,11.44,2.88,37.9,0.11,0.11,-0.05,0.32,241.17,239.45,-108.7,710.22
ELLX,LSZH,1,14,-22.38,8.46,-30.68,-9.44,-0.05,0.11,-0.2,0.13,-121.02,224.57,-416.0,239.66
ENAL,EHAM,0,59,-18.03,14.18,-41.44,0.57,-0.0,0.09,-0.14,0.16,2.92,167.28,-251.25,279.45
ENAL,ENBR,0,171,-19.43,9.33,-27.85,0.1,-0.07,0.09,-0.18,0.09,-81.27,118.27,-208.3,150.25
ENAL,ENGM,0,207,-0.63,12.47,-26.62,14.79,-0.02,0.07,-0.14,0.09,-48.92,173.59,-312.7,210.58
ENAN,ENTC,0,1,10.1,,10.1,10.1,0.01,,0.01,0.01,4.7,,4.7,4.7
ENAT,ENGM,0,34,-4.87,11.88,-29.12,2.74,0.04,0.08,-0.08,0.19,89.53,177.47,-194.18,427.62
ENAT,ENGM,1,20,0.4,16.69,-21.68,11.94,0.03,0.08,-0.1,0.13,72.77,181.35,-224.39,320.57
ENAT,ENTC,0,126,-15.18,12.08,-22.65,0.3,-0.12,0.11,-0.24,0.02,-89.98,71.5,-177.48,40.0
ENBL,ENGM,0,116,-17.46,10.07,-36.1,-5.08,-0.15,0.06,-0.27,-0.06,-88.72,38.37,-160.57,-38.08
ENBN,ENBO,0,55,1.28,10.19,-14.08,18.51,-0.15,0.06,-0.23,-0.03,-87.25,38.0,-138.65,-13.38
ENBN,ENVA,0,97,-12.66,5.55,-18.46,-0.96,-0.27,0.07,-0.36,-0.14,-158.35,42.11,-218.04,-86.2
ENBO,ENBN,0,53,-14.58,9.23,-32.16,-1.94,-0.15,0.06,-0.22,-0.07,-88.87,35.31,-128.72,-43.56
ENBO,ENEV,0,4,10.15,26.13,-16.76,34.67,-0.0,0.1,-0.09,0.1,-27.35,100.0,-139.99,63.1
ENBO,ENGM,0,286,-6.43,12.97,-27.67,13.6,0.04,0.1,-0.12,0.18,96.21,231.55,-286.92,420.8
ENBO,ENLK,0,178,-10.14,5.63,-13.3,0.02,-0.1,0.07,-0.15,-0.03,-61.43,39.1,-92.53,-18.38
ENBO,ENRA,0,75,-15.33,11.0,-36.3,0.0,-0.11,0.06,-0.22,-0.02,-65.55,38.4,-134.39,-14.21
ENBO,ENSH,0,130,-4.37,7.6,-7.88,-0.9,-0.07,0.05,-0.11,-0.04,-42.79,31.88,-65.28,-20.7
ENBO,ENSK,0,129,-1.21,8.85,-7.2,10.8,-0.08,0.09,-0.13,0.01,-45.17,52.21,-80.6,4.76
ENBO,ENTC,0,54,15.02,15.29,-2.9,33.47,0.0,0.08,-0.1,0.15,4.63,157.08,-188.42,310.93
ENBO,ENVA,0,113,-10.14,17.03,-20.78,-3.12,-0.04,0.12,-0.2,0.1,-66.23,165.91,-344.22,162.58
ENBR,EDDF,0,39,-41.77,27.4,-79.93,-2.68,-0.16,0.09,-0.28,-0.04,-367.07,213.22,-625.73,-93.02
ENBR,EDDF,1,15,-35.37,16.62,-56.15,-9.36,-0.12,0.07,-0.2,-0.02,-272.55,153.24,-464.12,-33.66
ENBR,EGKK,0,54,8.53,13.34,-16.22,27.09,0.16,0.13,0.01,0.4,376.48,306.58,17.69,966.74
ENBR,EGPD,0,53,-22.15,4.11,-26.66,-14.06,-0.01,0.06,-0.12,0.07,-6.61,66.18,-142.36,83.1
ENBR,EHAM,0,36,3.88,15.66,-22.88,18.0,0.07,0.1,-0.11,0.17,161.32,253.19,-252.0,392.85
ENBR,EHAM,1,42,-13.59,14.43,-32.28,6.17,0.02,0.06,-0.06,0.12,45.57,151.07,-154.04,287.56
ENBR,EHAM,2,37,-12.74,13.69,-29.8,8.38,0.01,0.07,-0.07,0.15,17.44,160.19,-173.98,358.94
ENBR,EKCH,0,61,-31.09,13.77,-57.8,-14.4,-0.12,0.05,-0.2,-0.01,-204.98,98.34,-366.0,-18.5
ENBR,EKCH,1,32,-23.51,11.3,-39.12,-5.85,-0.08,0.07,-0.16,0.06,-160.44,147.47,-357.04,102.55
ENBR,EKCH,2,28,-21.61,15.72,-44.14,0.21,-0.08,0.08,-0.18,0.04,-185.1,178.66,-421.24,85.1
ENBR,EKCH,3,49,-30.08,8.86,-43.16,-12.06,-0.11,0.05,-0.17,-0.04,-222.57,102.17,-391.06,-74.82
ENBR,ENAL,0,168,-34.67,14.96,-54.4,-6.88,-0.12,0.09,-0.24,0.05,-144.52,107.71,-273.49,74.66
ENBR,ENCN,0,139,-21.48,11.05,-47.51,-8.0,-0.08,0.08,-0.2,0.03,-96.57,87.73,-228.05,38.66
ENBR,ENFL,0,113,-26.76,11.15,-36.3,-4.76,-0.21,0.06,-0.29,-0.1,-127.28,37.31,-173.16,-61.08
ENBR,ENGM,0,673,-26.43,11.57,-49.64,-11.56,-0.11,0.06,-0.22,-0.01,-262.34,148.72,-505.0,-9.42
ENBR,ENHD,0,49,1.57,10.42,-20.64,21.62,-0.01,0.06,-0.11,0.06,-4.34,38.44,-66.28,52.9
ENBR,ENKB,0,94,-19.81,15.28,-33.74,7.67,-0.12,0.07,-0.23,0.01,-132.0,75.64,-231.96,7.73
ENBR,ENML,0,72,-21.43,13.93,-33.94,3.5,-0.1,0.06,-0.19,0.01,-114.36,66.85,-203.18,8.48
ENBR,ENSG,0,51,-48.57,10.62,-58.6,-31.2,-0.29,0.07,-0.37,-0.18,-167.97,43.91,-221.0,-104.75
ENBR,ENTC,0,12,-14.11,13.1,-27.68,5.31,-0.13,0.09,-0.25,-0.0,-151.78,100.49,-290.56,-3.3
ENBR,ENTO,0,132,-44.34,5.98,-51.0,-34.83,-0.17,0.06,-0.24,-0.05,-198.17,65.19,-276.74,-59.81
ENBR,ENVA,0,273,-6.19,17.23,-26.84,28.04,-0.02,0.08,-0.14,0.12,-30.37,125.14,-199.22,211.5
ENBR,ENZV,0,463,-1.93,11.78,-29.64,9.33,-0.01,0.06,-0.12,0.07,-14.7,96.1,-172.07,137.8
ENBR,ESSA,0,52,-15.17,11.17,-26.84,5.12,0.02,0.05,-0.04,0.1,34.07,89.92,-80.89,182.54
ENCN,EHAM,0,50,-21.37,12.44,-37.71,1.88,0.02,0.06,-0.05,0.14,53.07,127.77,-93.62,309.37
ENCN,EHAM,1,31,-22.18,12.18,-39.05,-7.35,0.06,0.06,-0.04,0.14,123.51,118.64,-72.6,299.75
ENCN,ENBR,0,140,-15.52,12.7,-39.61,1.93,-0.09,0.06,-0.18,0.02,-99.04,72.43,-210.08,20.45
ENCN,ENGM,0,168,-4.25,13.62,-21.67,13.73,-0.07,0.06,-0.16,0.03,-159.76,147.96,-365.2,75.59
ENDU,ENGM,0,85,-8.06,17.88,-33.96,26.1,0.05,0.11,-0.11,0.24,125.32,250.75,-263.72,557.72
ENEV,ENAN,0,1,0.0,,0.0,0.0,-0.06,,-0.06,-0.06,-33.0,,-33.0,-33.0
ENEV,ENGM,0,73,-18.64,10.19,-42.78,-8.42,0.05,0.05,-0.04,0.15,126.41,129.95,-90.26,352.5
ENEV,ENGM,1,138,-17.94,14.36,-36.34,4.87,0.0,0.08,-0.13,0.14,10.83,191.31,-298.26,315.0
ENFL,ENBR,0,113,-19.66,7.23,-24.2,-1.2,-0.16,0.05,-0.23,-0.06,-92.4,32.21,-132.98,-36.98
ENFL,ENGM,0,78,-5.59,9.57,-21.82,5.7,0.02,0.09,-0.11,0.15,14.59,51.77,-66.48,89.0
ENGM,BIKF,0,16,10.34,7.13,1.08,22.28,0.04,0.04,-0.03,0.1,83.92,102.66,-68.78,240.05
ENGM,BIKF,1,45,0.22,10.04,-18.94,14.9,0.03,0.06,-0.06,0.11,79.29,169.86,-147.1,359.54
ENGM,BIKF,2,27,6.5,9.23,-7.97,21.2,0.06,0.07,-0.06,0.16,162.28,163.26,-143.1,374.98
ENGM,EBBR,0,70,1.95,11.42,-12.82,21.54,0.04,0.07,-0.07,0.13,90.29,157.06,-167.54,293.4
ENGM,EBBR,1,17,-0.25,12.05,-14.8,19.4,0.02,0.05,-0.04,0.1,37.55,86.61,-69.64,196.34
ENGM,EDDB,0,95,3.82,13.96,-16.44,22.62,0.05,0.06,-0.05,0.13,113.32,138.91,-108.6,301.3
ENGM,EDDF,0,132,-35.65,19.1,-60.94,-4.97,-0.15,0.09,-0.28,-0.02,-363.23,226.98,-680.0,-42.68
ENGM,EDDL,0,30,-2.09,8.95,-15.42,14.32,0.02,0.07,-0.05,0.13,45.59,143.08,-106.53,290.21
ENGM,EDDL,1,46,1.5,11.24,-7.18,15.22,0.04,0.09,-0.04,0.13,85.57,224.76,-100.02,319.1
ENGM,EDDM,0,78,-16.2,11.48,-29.83,2.36,-0.12,0.07,-0.25,-0.01,-305.21,170.85,-622.76,-34.82
ENGM,EDDM,1,15,1.37,12.17,-16.41,17.61,-0.06,0.09,-0.21,0.04,-152.72,217.61,-525.9,104.9
ENGM,EDDM,2,16,-18.91,9.59,-30.12,-3.38,-0.08,0.05,-0.15,-0.03,-197.54,112.43,-357.32,-66.0
ENGM,EFHK,0,62,-0.05,7.12,-13.12,8.19,0.03,0.06,-0.05,0.13,62.21,134.94,-104.46,283.9
ENGM,EFHK,1,48,0.64,6.92,-10.56,13.1,0.01,0.04,-0.04,0.08,29.22,87.96,-75.95,181.71
ENGM,EFHK,2,26,1.02,7.15,-9.28,16.68,0.01,0.04,-0.04,0.08,15.96,96.13,-98.98,189.0
ENGM,EGCC,0,40,-23.85,21.19,-57.06,11.64,-0.04,0.11,-0.17,0.11,-85.06,257.07,-420.01,251.55
ENGM,EGCC,1,18,-22.21,13.73,-38.7,4.91,-0.06,0.05,-0.13,0.03,-143.09,124.12,-294.48,66.3
ENGM,EGKK,0,108,9.22,11.93,-4.41,23.39,0.18,0.14,-0.02,0.47,441.52,337.63,-48.39,1117.35
ENGM,EGLL,0,211,0.59,9.36,-13.65,15.5,0.13,0.13,-0.05,0.39,295.8,306.25,-113.1,912.55
ENGM,EHAM,0,161,4.35,8.84,-12.1,17.4,0.05,0.06,-0.04,0.14,107.36,135.67,-116.3,317.1
ENGM,EHAM,1,21,3.7,8.1,-9.6,15.0,0.04,0.07,-0.09,0.13,86.62,165.27,-201.1,306.7
ENGM,EHAM,2,41,2.24,7.22,-11.0,12.1,0.05,0.06,-0.04,0.12,118.34,141.51,-88.7,286.0
ENGM,EHAM,3,23,0.0,8.34,-10.71,11.64,0.04,0.07,-0.03,0.1,83.67,157.25,-71.57,225.07
ENGM,EKBI,0,64,-1.66,5.3,-6.1,5.59,0.03,0.04,-0.03,0.11,45.92,70.84,-41.11,149.05
ENGM,EKBI,1,37,0.85,6.0,-5.28,7.84,0.05,0.03,0.0,0.1,126.72,82.91,7.5,238.24
ENGM,EKCH,0,444,-5.0,8.92,-22.98,12.87,-0.09,0.07,-0.2,0.03,-198.12,159.57,-456.18,65.9
ENGM,EKCH,1,57,-44.27,214.2,-38.86,21.98,-0.21,0.48,-0.31,-0.0,-495.5,1132.24,-700.0,-4.66
ENGM,EKCH,2,40,-38.96,52.4,-55.86,-6.76,-0.16,0.12,-0.33,-0.07,-383.76,274.85,-793.73,-172.15
ENGM,ENAL,0,212,2.35,8.77,-6.94,9.4,0.05,0.07,-0.06,0.16,115.77,162.69,-150.94,344.92
ENGM,ENAT,0,15,-16.33,6.79,-27.6,-8.73,0.02,0.05,-0.06,0.09,38.71,126.07,-133.7,225.21
ENGM,ENAT,1,39,-3.9,4.62,-11.51,1.69,0.03,0.06,-0.05,0.12,79.45,129.98,-120.67,280.23
ENGM,ENBL,0,116,-28.79,12.25,-58.25,-9.15,-0.18,0.12,-0.33,-0.07,-104.82,68.16,-196.38,-37.4
ENGM,ENBO,0,286,1.37,9.72,-9.4,13.4,0.03,0.07,-0.07,0.13,67.96,154.56,-165.6,311.35
ENGM,ENBR,0,673,-15.49,8.7,-23.0,0.6,-0.03,0.07,-0.14,0.09,-62.44,164.23,-326.66,191.42
ENGM,ENCN,0,168,-32.19,12.74,-44.03,-8.91,-0.09,0.07,-0.18,-0.0,-216.9,166.76,-428.3,-4.2
ENGM,ENDU,0,84,10.86,11.83,-6.39,27.78,0.06,0.07,-0.04,0.16,133.48,173.28,-102.34,376.81
ENGM,ENEV,0,193,10.77,14.95,-6.78,31.0,0.07,0.07,-0.04,0.18,170.12,165.59,-105.18,435.22
ENGM,ENEV,1,16,4.11,14.73,-10.98,22.32,0.07,0.06,-0.01,0.16,173.08,148.86,-27.8,394.5
ENGM,ENFL,0,78,-15.15,17.03,-51.28,18.88,-0.01,0.17,-0.18,0.36,-4.57,102.29,-108.36,214.5
ENGM,ENHD,0,153,-3.4,6.07,-11.24,1.68,0.04,0.06,-0.05,0.14,103.03,150.75,-133.34,336.54
ENGM,ENKB,0,56,2.89,5.39,-3.02,9.68,0.0,0.09,-0.11,0.1,6.3,203.98,-266.77,233.08
ENGM,ENML,0,121,-6.1,8.22,-13.9,4.5,0.0,0.08,-0.1,0.1,0.36,180.68,-252.1,256.0
ENGM,ENOV,0,142,-3.88,11.41,-34.48,6.32,-0.11,0.08,-0.23,0.01,-67.18,44.3,-135.78,5.2
ENGM,ENSG,0,104,-6.27,23.22,-35.2,-1.96,-0.07,0.17,-0.21,0.01,-42.47,104.29,-124.67,7.73
ENGM,ENTC,0,307,14.13,17.1,-7.04,34.9,0.07,0.08,-0.07,0.2,165.97,197.09,-152.73,478.23
ENGM,ENTC,1,30,2.82,16.04,-11.0,28.13,0.07,0.06,-0.0,0.19,161.78,155.7,-10.4,447.47
ENGM,ENVA,0,669,-6.36,5.44,-15.8,0.9,-0.04,0.05,-0.13,0.05,-95.76,119.73,-287.5,104.62
ENGM,ENZV,0,586,0.97,7.04,-3.4,11.0,0.04,0.07,-0.05,0.14,79.01,162.91,-123.9,289.77
ENGM,EPGD,0,53,-24.28,12.91,-40.08,-3.64,-0.08,0.06,-0.15,0.05,-188.97,153.38,-375.0,120.0
ENGM,EPGD,1,15,-28.58,10.53,-50.87,-17.24,-0.08,0.04,-0.15,-0.02,-203.8,100.18,-367.59,-46.03
ENGM,EPKK,0,80,-40.61,14.31,-60.4,-17.58,-0.13,0.07,-0.23,-0.02,-317.02,177.42,-607.62,-40.0
ENGM,EPWA,0,88,-33.06,22.1,-62.95,-4.58,-0.08,0.09,-0.22,0.07,-173.53,194.05,-443.33,161.83
ENGM,ESSA,0,517,4.82,12.86,-9.5,35.28,0.03,0.08,-0.06,0.15,70.04,233.24,-136.82,360.18
ENGM,EVRA,0,58,1.96,6.92,-7.51,12.38,0.02,0.05,-0.04,0.1,47.72,106.78,-101.45,232.48
ENGM,EVRA,1,32,3.95,7.52,-6.22,15.58,0.05,0.07,-0.02,0.2,92.72,126.36,-37.94,374.33
ENGM,LEAL,0,57,-2.13,11.45,-14.68,18.62,0.03,0.07,-0.08,0.15,76.0,158.04,-173.02,357.12
ENGM,LEAL,1,32,-3.52,9.44,-12.42,13.77,0.03,0.07,-0.05,0.14,75.57,160.31,-107.0,319.74
ENGM,LEAL,2,15,-0.73,7.63,-9.37,11.48,0.01,0.09,-0.13,0.14,34.61,213.74,-285.86,302.04
ENGM,LEBL,0,52,-4.72,10.03,-19.07,10.74,-0.04,0.07,-0.13,0.07,-104.59,167.58,-320.48,175.85
ENGM,LEBL,1,34,-9.4,14.35,-27.02,19.38,-0.09,0.07,-0.2,0.01,-206.01,157.48,-445.54,11.98
ENGM,LEMG,0,61,-4.26,14.28,-21.5,19.4,0.03,0.07,-0.08,0.11,60.8,170.57,-195.3,266.7
ENGM,LEMG,1,15,13.15,21.16,-13.37,45.71,0.07,0.1,-0.05,0.24,168.41,238.03,-103.45,567.48
ENGM,LEMG,2,18,-3.07,6.64,-11.08,3.4,0.02,0.06,-0.06,0.1,57.23,135.63,-125.25,243.39
ENGM,LEPA,0,36,-11.38,20.35,-56.52,16.9,-0.05,0.09,-0.16,0.08,-106.62,211.56,-369.3,193.3
ENGM,LEPA,1,23,-5.74,12.35,-22.69,17.94,-0.0,0.07,-0.12,0.09,-16.27,169.98,-264.89,213.97
ENGM,LFMN,0,29,-44.49,19.99,-65.52,-7.54,-0.2,0.09,-0.3,-0.12,-481.58,207.16,-714.54,-277.5
ENGM,LFMN,1,24,-47.14,23.0,-68.3,-12.39,-0.22,0.1,-0.36,-0.05,-510.97,215.67,-835.55,-129.51
ENGM,LFMN,2,15,-37.44,31.36,-60.8,13.72,-0.19,0.08,-0.26,-0.06,-444.13,176.67,-615.2,-158.42
ENGM,LFPG,0,25,-5.94,13.29,-16.88,21.12,-0.01,0.1,-0.17,0.13,-25.76,241.2,-368.4,313.44
ENGM,LFPG,1,43,-5.49,11.58,-17.79,13.59,0.03,0.06,-0.04,0.12,71.25,139.53,-106.31,261.31
ENGM,LFPG,2,32,-13.34,11.31,-43.57,-2.16,-0.01,0.05,-0.08,0.08,-20.94,118.07,-187.61,170.66
ENGM,LFPG,3,45,-4.71,12.61,-18.24,23.74,0.0,0.09,-0.15,0.11,8.89,221.44,-344.42,276.5
ENGM,LFPG,4,19,-7.76,5.21,-15.15,-1.39,0.0,0.07,-0.1,0.1,4.13,169.66,-238.05,250.24
ENGM,LIMC,0,58,-43.4,23.61,-64.84,7.8,-0.16,0.12,-0.27,-0.01,-367.89,270.34,-635.7,-20.22
ENGM,LIRF,0,35,-31.09,17.47,-54.78,-4.57,-0.13,0.1,-0.28,0.01,-317.05,228.91,-664.31,20.0
ENGM,LIRF,1,23,-38.57,17.84,-56.0,2.55,-0.15,0.09,-0.26,-0.02,-362.4,207.45,-607.97,-43.48
ENGM,LKPR,0,41,-7.03,14.06,-24.2,18.3,-0.01,0.07,-0.12,0.08,-12.99,174.11,-281.3,183.3
ENGM,LKPR,1,15,-6.57,16.97,-28.74,10.06,-0.06,0.06,-0.13,0.02,-146.43,133.6,-304.0,60.0
ENGM,LSZH,0,72,-19.49,9.83,-28.74,-6.06,-0.03,0.11,-0.17,0.12,-80.2,247.78,-403.12,223.05
ENGM,LTFM,0,81,-28.32,27.1,-67.7,10.2,-0.08,0.09,-0.18,0.07,-205.16,325.54,-541.7,186.7
ENGM,OTHH,0,63,26.43,23.42,-5.56,64.5,0.06,0.09,-0.06,0.21,414.37,566.89,-423.8,1348.31
ENHD,ENBR,0,48,-10.12,9.47,-27.81,2.42,-0.11,0.06,-0.22,-0.01,-66.85,38.72,-133.68,-3.97
ENHD,ENGM,0,155,-1.91,11.22,-26.95,11.95,-0.07,0.06,-0.17,0.01,-161.0,142.16,-409.46,32.15
ENHF,ENTC,0,163,-21.43,10.14,-27.3,0.7,-0.18,0.07,-0.28,-0.02,-107.26,43.17,-165.81,-12.63
ENHV,ENHF,0,61,-6.22,10.46,-29.5,2.8,-0.08,0.06,-0.2,-0.02,-49.92,35.65,-118.8,-11.2
ENKB,ENBR,0,96,-40.52,10.13,-50.85,-19.7,-0.15,0.09,-0.3,0.02,-159.69,89.07,-277.92,21.15
ENKB,ENGM,0,59,1.2,10.91,-16.82,18.39,0.0,0.07,-0.09,0.11,0.6,158.74,-234.77,260.84
ENKR,ENTC,0,50,-7.26,7.88,-16.7,5.75,-0.01,0.1,-0.16,0.12,47.73,143.33,-96.78,292.87
ENKR,ENVD,0,70,-4.7,4.51,-8.91,7.01,-0.03,0.04,-0.09,0.03,-20.57,21.36,-51.62,19.66
ENLK,ENBO,0,176,-4.69,8.54,-16.5,5.4,-0.05,0.05,-0.13,0.03,-29.7,31.35,-78.62,20.55
ENML,ENBR,0,72,-24.41,10.55,-36.29,-3.84,-0.11,0.06,-0.22,-0.02,-123.46,62.54,-213.1,-21.0
ENML,ENGM,0,122,0.99,11.38,-22.66,16.68,-0.01,0.07,-0.14,0.09,-17.89,165.96,-325.64,224.56
ENMS,ENBO,0,52,-7.67,7.86,-14.74,5.52,-0.13,0.05,-0.19,-0.05,-78.98,31.45,-114.02,-27.3
ENMS,ENVA,0,75,-8.29,6.25,-13.73,0.79,-0.13,0.07,-0.23,-0.03,-78.52,39.9,-137.46,-16.25
ENNA,ENTC,0,72,-6.04,8.62,-16.65,6.54,0.0,0.07,-0.05,0.08,1.26,44.1,-30.53,49.21
ENNM,ENVA,0,70,-7.2,7.73,-15.48,5.42,-0.06,0.05,-0.14,0.05,-34.83,31.65,-80.14,29.93
ENOV,ENGM,0,144,-29.95,10.29,-50.77,-15.68,-0.18,0.07,-0.31,-0.07,-105.87,43.83,-178.66,-43.45
ENRA,ENBO,0,75,-6.42,7.13,-14.76,3.23,-0.08,0.05,-0.14,0.04,-47.63,32.96,-86.4,21.46
ENRA,ENVA,0,102,-8.08,4.32,-13.39,0.19,-0.12,0.07,-0.22,-0.0,-69.27,41.53,-130.1,-0.7
ENSD,ENGM,0,66,-8.01,32.38,-35.0,4.95,-0.09,0.17,-0.26,0.06,-55.59,98.19,-152.77,35.45
ENSG,ENGM,0,67,-15.44,20.51,-36.78,-5.41,-0.14,0.15,-0.28,-0.05,-85.15,87.84,-154.94,-31.21
ENSG,ENSD,0,76,-9.17,2.97,-15.3,-5.82,-0.07,0.04,-0.13,-0.02,-41.37,21.12,-78.05,-9.78
ENSH,ENBO,0,137,-8.82,6.17,-13.9,2.0,-0.07,0.04,-0.12,0.02,-40.96,25.7,-74.02,9.24
ENSK,ENBO,0,118,-7.72,11.17,-13.62,2.26,-0.09,0.09,-0.17,-0.0,-53.63,51.55,-104.0,-0.05
ENSK,ENTC,0,51,8.67,12.07,-3.2,25.55,-0.06,0.09,-0.16,0.08,-36.98,51.94,-98.1,49.4
ENST,ENBO,0,48,-0.05,6.26,-13.22,5.8,-0.08,0.04,-0.15,-0.02,-45.56,26.13,-87.18,-9.17
ENST,ENVA,0,69,-9.46,5.94,-14.96,2.56,-0.14,0.07,-0.22,-0.02,-79.37,42.62,-134.88,-9.36
ENTC,ENAT,0,155,1.56,15.39,-8.36,8.44,-0.07,0.12,-0.15,0.01,-47.29,92.29,-128.78,22.08
ENTC,ENBO,0,55,-29.07,10.29,-38.82,-8.27,-0.08,0.09,-0.22,0.03,-130.26,159.65,-311.82,64.33
ENTC,ENBR,0,10,-15.6,8.48,-23.84,-0.89,-0.14,0.13,-0.34,0.03,-164.87,154.68,-387.54,36.44
ENTC,ENGM,0,230,-18.53,16.24,-42.46,16.53,0.01,0.1,-0.16,0.17,25.7,230.32,-382.54,414.9
ENTC,ENGM,1,112,-13.8,13.84,-27.1,4.83,0.05,0.05,-0.03,0.13,114.62,130.67,-76.9,321.7
ENTC,ENHF,0,137,-17.16,12.77,-22.8,2.48,-0.19,0.09,-0.27,-0.05,-114.43,53.76,-161.1,-30.36
ENTC,ENNA,0,72,3.25,14.88,-4.54,9.75,0.05,0.12,-0.01,0.11,28.76,74.32,-5.93,64.9
ENTC,ENSK,0,50,-11.9,3.26,-14.5,-3.0,-0.11,0.04,-0.17,-0.05,-66.67,23.66,-102.32,-28.45
ENTO,EHAM,0,56,8.91,12.0,-5.12,28.12,0.06,0.06,-0.03,0.16,117.16,118.83,-61.05,327.88
ENTO,ENBR,0,130,-26.07,9.54,-38.52,-10.84,-0.1,0.07,-0.2,0.03,-112.39,78.77,-232.63,34.05
ENTO,ENVA,0,60,-16.46,6.53,-25.54,-5.29,-0.09,0.05,-0.17,-0.03,-102.22,55.62,-196.98,-33.21
ENTO,ENZV,0,69,-1.39,3.32,-8.32,2.22,-0.01,0.04,-0.07,0.04,-16.0,42.07,-82.82,46.14
ENTO,EPGD,0,71,-17.69,12.83,-38.9,4.35,-0.03,0.03,-0.09,0.02,-67.93,88.11,-227.9,43.3
ENVA,EHAM,0,50,-10.75,9.73,-26.76,1.86,0.04,0.09,-0.11,0.14,79.31,185.82,-197.87,318.24
ENVA,EHAM,1,36,-16.24,11.57,-31.72,0.52,0.06,0.08,-0.07,0.19,133.16,184.82,-161.02,413.28
ENVA,EKCH,0,68,-4.85,9.1,-18.83,8.32,-0.07,0.05,-0.15,0.01,-108.25,85.91,-218.7,21.04
ENVA,ENBN,0,98,-6.21,2.09,-9.6,-2.79,-0.11,0.04,-0.16,-0.05,-65.41,23.42,-98.28,-31.67
ENVA,ENBO,0,107,4.23,14.53,-7.57,17.55,-0.01,0.08,-0.11,0.12,-27.75,113.2,-216.36,182.94
ENVA,ENBR,0,279,-12.23,7.51,-20.35,0.61,0.03,0.09,-0.12,0.17,56.26,141.27,-141.67,281.8
ENVA,ENGM,0,673,-12.83,11.12,-33.44,7.0,-0.02,0.07,-0.14,0.09,-31.08,153.23,-280.48,213.3
ENVA,ENMS,0,77,0.97,7.24,-4.8,6.5,-0.09,0.08,-0.16,-0.03,-51.38,49.48,-96.38,-17.92
ENVA,ENRA,0,100,-0.24,4.39,-8.7,8.0,-0.05,0.06,-0.12,0.03,-27.86,37.94,-74.12,20.0
ENVA,ENRM,0,68,-24.19,6.6,-30.96,-6.56,-0.18,0.08,-0.26,-0.11,-106.3,44.12,-150.6,-65.12
ENVA,ENST,0,72,-14.56,10.69,-27.84,-2.85,-0.14,0.06,-0.25,-0.07,-82.01,33.75,-148.8,-42.51
ENVA,ENTO,0,57,-12.37,3.23,-16.8,-5.26,-0.05,0.06,-0.13,0.04,-58.92,70.66,-148.84,48.38
ENVA,ENZV,0,82,-13.36,8.32,-26.6,0.55,0.03,0.07,-0.06,0.13,59.26,123.15,-81.82,228.48
ENVD,ENKR,0,69,-5.79,4.75,-17.1,0.7,-0.04,0.04,-0.1,0.02,-23.68,23.67,-62.22,11.6
ENVD,ENTC,0,51,-9.05,33.51,-19.3,5.8,-0.06,0.15,-0.16,0.03,-36.57,91.98,-98.6,17.0
ENZV,EDDF,0,60,-37.82,19.33,-66.18,-7.33,-0.14,0.08,-0.27,-0.04,-377.77,229.48,-779.21,-100.15
ENZV,EGPD,0,42,-16.5,2.91,-22.42,-11.49,0.01,0.06,-0.09,0.13,13.9,73.83,-101.02,145.38
ENZV,EGPD,1,44,-18.58,5.01,-23.51,-8.51,0.04,0.06,-0.05,0.14,64.2,98.3,-64.02,248.13
ENZV,EHAM,0,81,-17.85,16.8,-44.1,6.9,0.01,0.07,-0.12,0.11,25.39,142.11,-218.0,242.0
ENZV,EHAM,1,52,5.05,14.07,-18.42,28.56,0.09,0.09,-0.01,0.23,191.47,190.73,-24.99,501.09
ENZV,EKCH,0,146,-25.33,17.18,-50.58,1.02,-0.1,0.08,-0.19,0.06,-159.91,132.04,-312.8,122.1
ENZV,EKCH,1,20,-29.71,9.29,-41.5,-13.4,-0.11,0.05,-0.14,0.01,-237.32,103.1,-341.4,8.6
ENZV,ENBR,0,458,-29.15,13.28,-59.04,-8.52,-0.09,0.08,-0.23,0.02,-133.46,125.42,-308.6,48.42
ENZV,ENGM,0,582,-36.98,13.28,-57.36,-15.52,-0.14,0.08,-0.25,-0.0,-316.82,187.12,-587.78,-3.26
ENZV,ENTO,0,70,-30.77,7.01,-40.58,-17.53,-0.17,0.03,-0.22,-0.12,-193.89,35.07,-250.22,-134.93
ENZV,ENVA,0,85,-8.28,18.75,-37.52,23.94,-0.0,0.07,-0.11,0.12,-9.65,121.79,-189.4,207.4
EPGD,EDDF,0,70,-24.3,20.89,-51.66,6.51,-0.15,0.07,-0.26,-0.03,-245.0,120.72,-409.3,-50.23
EPGD,EDDM,0,60,-5.31,16.45,-25.72,22.52,-0.04,0.07,-0.13,0.1,-50.8,96.4,-178.6,143.65
EPGD,EGGW,0,40,-5.92,16.13,-32.66,17.74,0.09,0.08,0.0,0.23,259.48,226.37,4.14,654.7
EPGD,EGGW,1,20,-9.02,14.31,-22.26,7.79,0.13,0.09,0.02,0.29,343.28,261.41,52.78,811.79
EPGD,EGSS,0,34,8.28,9.85,-5.77,24.04,0.08,0.05,-0.0,0.14,201.78,108.96,-0.24,325.01
EPGD,EGSS,1,26,-1.78,15.4,-20.25,19.6,0.07,0.04,0.02,0.14,176.57,98.68,51.72,343.32
EPGD,EHAM,0,87,4.62,9.58,-12.08,20.15,0.06,0.05,-0.05,0.14,128.51,121.3,-116.71,299.41
EPGD,EKCH,0,102,-19.66,12.42,-34.38,0.89,-0.13,0.07,-0.24,-0.01,-279.62,167.61,-554.47,-14.02
EPGD,ENGM,0,23,-22.51,16.19,-40.35,-0.34,-0.02,0.07,-0.13,0.09,-38.31,175.34,-309.48,228.32
EPGD,ENGM,1,45,-9.16,11.96,-33.12,3.68,-0.01,0.06,-0.11,0.08,-23.46,137.65,-268.56,219.18
EPGD,ENTO,0,71,-14.36,16.51,-47.05,4.0,-0.01,0.05,-0.1,0.07,-38.06,129.26,-260.35,156.35
EPGD,EPWA,0,174,-38.9,20.92,-68.0,-10.46,-0.05,0.06,-0.14,0.07,-83.72,120.24,-250.2,136.97
EPGD,ESGG,0,50,-2.07,9.48,-23.22,8.65,0.06,0.05,-0.03,0.13,146.5,120.73,-69.1,316.27
EPGD,ESKN,0,55,-6.89,12.87,-32.76,5.75,0.03,0.05,-0.07,0.1,90.65,146.25,-176.56,273.88
EPGD,ESSA,0,60,4.54,14.1,-17.46,30.0,0.03,0.08,-0.07,0.14,76.31,187.86,-168.44,342.53
EPKK,EDDF,0,123,-31.73,20.76,-63.46,0.89,-0.23,0.08,-0.35,-0.11,-561.95,186.79,-877.57,-264.89
EPKK,EDDM,0,90,-23.83,18.84,-50.06,6.27,-0.12,0.07,-0.25,-0.02,-282.28,178.19,-570.12,-44.92
EPKK,EGGW,0,60,-8.77,16.4,-32.3,18.32,0.08,0.09,-0.05,0.21,203.75,234.25,-119.5,565.62
EPKK,EGKK,0,59,8.08,14.86,-13.54,29.83,0.16,0.13,-0.04,0.38,390.74,325.84,-118.85,1052.33
EPKK,EGSS,0,81,3.12,13.74,-12.3,23.0,0.08,0.06,-0.01,0.17,187.45,138.95,-22.0,403.3
EPKK,EHAM,0,84,9.66,9.88,-5.37,28.52,0.03,0.07,-0.06,0.13,84.62,165.45,-130.94,340.34
EPKK,ENGM,0,81,-19.51,18.45,-55.9,1.2,-0.05,0.07,-0.13,0.06,-119.29,167.54,-315.3,144.7
EPKK,EPWA,0,176,-16.06,16.26,-36.15,10.95,0.0,0.07,-0.08,0.13,7.88,126.02,-155.18,234.05
EPKK,LFPG,0,61,-1.04,21.39,-32.9,33.2,0.04,0.08,-0.07,0.16,109.19,196.5,-163.9,403.4
EPKK,LOWW,0,58,11.96,15.52,-4.84,43.82,0.05,0.06,-0.03,0.15,89.44,108.14,-60.0,275.6
EPKK,LOWW,1,31,-5.54,14.64,-33.2,17.25,0.0,0.05,-0.05,0.1,8.21,117.54,-125.0,224.15
EPKT,EDDF,0,75,-32.91,24.74,-69.25,3.6,-0.2,0.07,-0.3,-0.1,-366.01,134.11,-572.33,-184.8
EPKT,EDLW,0,35,-7.94,14.43,-25.04,14.95,0.01,0.04,-0.04,0.06,23.51,87.68,-109.56,142.23
EPKT,EDLW,1,58,-11.56,19.63,-41.02,24.78,0.03,0.05,-0.04,0.14,78.52,132.96,-95.38,328.8
EPKT,EGGW,0,32,-18.56,18.27,-42.72,7.84,0.06,0.08,-0.03,0.2,164.39,209.11,-68.54,513.09
EPKT,EGGW,1,28,-12.25,15.05,-34.18,16.02,0.07,0.06,-0.01,0.18,175.44,154.62,-29.9,439.74
EPKT,EPWA,0,78,-34.37,17.75,-54.47,-7.27,-0.04,0.07,-0.13,0.06,-74.62,116.37,-221.86,114.26
EPLB,EGGW,0,51,-25.09,13.77,-44.15,-4.3,0.02,0.06,-0.08,0.11,36.92,147.91,-196.25,265.6
EPMO,EGSS,0,75,-9.87,14.97,-30.33,15.75,0.05,0.06,-0.05,0.15,115.93,143.49,-122.9,339.3
EPPO,EDDF,0,81,-24.82,20.6,-47.9,10.3,-0.17,0.05,-0.26,-0.09,-233.83,76.13,-366.4,-131.1
EPPO,EDDM,0,37,-43.23,14.53,-62.62,-23.48,-0.16,0.06,-0.24,-0.07,-219.06,83.47,-341.96,-99.74
EPPO,EDDM,1,23,-32.84,20.6,-53.66,10.79,-0.17,0.08,-0.27,-0.04,-231.98,108.86,-383.98,-49.71
EPPO,EPWA,0,94,-60.26,20.79,-87.67,-26.02,-0.11,0.07,-0.21,0.02,-201.39,121.09,-378.62,40.45
EPRZ,EPWA,0,139,-53.66,22.21,-83.6,-19.4,-0.09,0.07,-0.17,0.05,-164.95,144.66,-346.25,96.38
EPSC,EPWA,0,86,-53.68,22.06,-81.9,-19.23,-0.14,0.06,-0.24,-0.04,-252.15,117.52,-449.4,-66.47
EPWA,CYYZ,0,57,8.75,26.96,-4.4,20.14,0.04,0.31,-0.07,0.1,218.92,1726.62,-370.62,509.42
EPWA,EBBR,0,130,-1.06,13.26,-14.16,20.58,-0.0,0.07,-0.1,0.12,-2.72,147.23,-203.53,283.4
EPWA,EDDF,0,173,-25.0,20.2,-52.82,6.32,-0.14,0.09,-0.26,-0.01,-312.91,227.46,-682.92,-31.16
EPWA,EDDF,1,19,-26.58,19.37,-60.73,-7.86,-0.19,0.08,-0.28,-0.07,-462.65,203.11,-702.68,-133.02
EPWA,EDDH,0,62,-39.17,15.93,-57.78,-8.81,-0.09,0.06,-0.16,0.01,-154.0,100.5,-266.53,9.97
EPWA,EDDL,0,83,6.23,8.69,-3.65,20.49,0.05,0.05,-0.03,0.15,89.52,99.54,-59.35,266.63
EPWA,EDDM,0,185,-8.62,12.92,-25.28,16.74,-0.05,0.07,-0.16,0.04,-79.08,122.27,-247.34,77.12
EPWA,EDDM,1,18,-5.4,15.4,-22.28,14.07,-0.09,0.04,-0.14,-0.03,-125.29,62.37,-217.42,-44.02
EPWA,EETN,0,99,-31.25,10.02,-48.76,-13.8,-0.11,0.05,-0.19,-0.02,-208.45,103.99,-369.03,-30.0
EPWA,EFHK,0,86,-26.6,9.84,-39.08,-6.6,-0.07,0.05,-0.14,0.02,-149.49,101.46,-292.98,47.7
EPWA,EGGW,0,83,-4.87,16.22,-24.35,24.54,0.09,0.11,-0.03,0.25,236.07,302.13,-71.86,712.64
EPWA,EGLL,0,130,11.6,12.82,-7.16,33.46,0.18,0.12,0.03,0.42,398.6,277.76,72.26,909.17
EPWA,EGLL,1,40,6.02,14.55,-10.12,31.66,0.19,0.14,0.03,0.45,452.11,352.75,74.85,1082.01
EPWA,EHAM,0,170,10.94,8.54,-0.66,28.06,0.05,0.06,-0.05,0.15,93.6,126.91,-88.8,313.93
EPWA,EHAM,1,57,-3.6,7.83,-17.96,7.52,0.03,0.05,-0.05,0.12,60.51,125.94,-99.52,239.26
EPWA,EKCH,0,155,-15.64,21.54,-71.7,11.98,-0.1,0.07,-0.23,-0.01,-196.14,129.31,-433.51,-19.61
EPWA,ENGM,0,15,-9.74,16.22,-40.22,14.57,-0.06,0.06,-0.13,0.02,-154.85,134.65,-314.7,42.81
EPWA,ENGM,1,73,-12.54,16.17,-35.76,11.8,-0.05,0.06,-0.14,0.02,-100.75,120.6,-322.38,45.46
EPWA,EPGD,0,175,-24.51,17.25,-41.2,8.34,-0.02,0.05,-0.08,0.07,-37.1,91.43,-150.0,120.0
EPWA,EPKK,0,176,-25.38,10.1,-42.62,-7.4,-0.05,0.04,-0.12,0.02,-95.27,75.29,-216.02,30.0
EPWA,EPKT,0,77,-25.82,11.48,-38.34,-1.36,-0.04,0.03,-0.08,0.0,-73.02,58.99,-150.0,0.0
EPWA,EPPO,0,93,-6.06,20.42,-26.5,23.96,0.0,0.04,-0.06,0.07,7.6,73.43,-111.32,130.68
EPWA,EPRZ,0,138,-37.8,13.76,-57.7,-15.45,-0.03,0.04,-0.09,0.04,-65.42,79.18,-180.0,75.81
EPWA,EPSC,0,87,-6.99,17.5,-23.6,29.37,0.03,0.04,-0.04,0.1,52.71,80.47,-77.5,177.0
EPWA,EPWR,0,175,4.37,11.76,-8.53,24.09,0.03,0.04,-0.02,0.1,59.3,65.9,-32.78,180.0
EPWA,ESSA,0,87,6.08,16.18,-25.36,31.14,0.04,0.09,-0.07,0.17,87.8,177.21,-123.62,338.63
EPWA,EVRA,0,60,-23.33,14.64,-54.2,-4.79,-0.07,0.05,-0.17,-0.0,-128.88,94.95,-292.94,-7.27
EPWA,EYVI,0,88,-13.64,11.36,-31.7,5.62,-0.04,0.05,-0.11,0.04,-73.57,99.82,-216.5,84.19
EPWA,EYVI,1,43,-14.16,11.37,-32.4,2.93,-0.03,0.09,-0.1,0.03,-53.67,188.24,-182.97,71.97
EPWA,KJFK,0,16,1.08,7.91,-7.42,12.55,0.01,0.03,-0.03,0.07,66.4,169.55,-172.65,366.55
EPWA,KJFK,1,42,7.52,9.74,-4.16,22.65,0.08,0.06,-0.02,0.16,432.18,308.8,-100.66,856.34
EPWA,LBSF,0,61,-39.88,40.68,-66.0,-18.1,-0.08,0.19,-0.2,-0.02,-152.53,349.59,-371.5,-32.1
EPWA,LEBL,0,55,-3.89,11.47,-20.01,19.0,-0.01,0.07,-0.12,0.11,-19.49,165.86,-275.74,260.6
EPWA,LFPG,0,66,-8.22,11.85,-32.22,5.85,0.01,0.07,-0.1,0.14,25.27,148.31,-187.38,280.27
EPWA,LFPG,1,53,1.59,12.71,-13.48,25.06,0.05,0.07,-0.05,0.16,100.81,156.37,-126.1,334.02
EPWA,LFPG,2,89,5.78,12.79,-4.76,31.1,0.06,0.08,-0.08,0.2,119.77,183.28,-145.5,451.56
EPWA,LHBP,0,143,-20.01,11.7,-37.17,-5.11,-0.03,0.04,-0.09,0.04,-64.86,85.0,-184.4,82.85
EPWA,LIMC,0,77,-40.05,20.12,-62.6,-5.3,-0.18,0.11,-0.3,-0.03,-356.17,212.42,-611.14,-54.0
EPWA,LIRF,0,54,-37.86,13.32,-58.73,-15.47,-0.1,0.09,-0.2,-0.0,-259.62,238.58,-552.46,-13.67
EPWA,LKPR,0,120,-8.02,12.13,-25.1,9.8,-0.02,0.06,-0.08,0.1,-31.25,106.42,-161.0,170.5
EPWA,LLBG,0,98,-27.46,18.7,-55.56,3.16,-0.01,0.08,-0.11,0.15,-10.79,190.41,-250.91,335.8
EPWA,LOWW,0,18,10.89,15.49,-9.25,38.45,0.01,0.06,-0.07,0.09,29.44,153.22,-161.0,222.0
EPWA,LOWW,1,108,7.26,15.06,-7.86,30.73,0.06,0.06,-0.02,0.18,110.0,105.26,-30.0,329.82
EPWA,LOWW,2,60,7.31,15.53,-10.12,35.44,0.04,0.07,-0.04,0.17,84.94,127.05,-74.13,301.99
EPWA,LROP,0,91,-71.6,22.8,-112.3,-33.2,-0.14,0.06,-0.25,-0.03,-263.19,124.84,-465.0,-60.0
EPWA,LSGG,0,22,2.2,6.42,-10.01,9.24,0.06,0.07,-0.03,0.13,124.27,130.81,-55.02,288.88
EPWA,LSGG,1,36,3.57,3.66,-0.95,9.95,0.07,0.05,0.0,0.16,128.35,106.85,2.22,297.27
EPWA,LSZH,0,120,-13.45,10.03,-22.64,10.81,-0.03,0.07,-0.14,0.11,-56.46,142.54,-310.6,215.75
EPWA,LTFM,0,16,-64.53,14.23,-89.38,-45.48,-0.14,0.12,-0.29,-0.01,-330.1,307.64,-731.2,-22.5
EPWA,LTFM,1,31,-79.78,23.16,-107.7,-43.9,-0.13,0.08,-0.26,0.01,-377.91,313.41,-649.95,23.3
EPWA,LTFM,2,69,-49.86,23.49,-85.8,-16.02,-0.09,0.09,-0.22,0.03,-170.79,161.82,-396.0,60.0
EPWA,LUKK,0,60,-45.88,14.8,-65.64,-19.82,-0.11,0.05,-0.18,-0.05,-202.17,91.61,-366.7,-89.0
EPWA,LYPG,0,53,-9.72,6.59,-19.88,0.5,0.01,0.05,-0.09,0.08,20.98,115.64,-158.7,213.1
EPWA,OMDB,0,30,-33.64,26.34,-67.24,4.99,0.02,0.13,-0.15,0.17,43.31,266.48,-322.21,353.03
EPWA,OMDB,1,30,-14.62,23.69,-51.11,22.38,0.18,0.09,0.03,0.3,1400.31,735.51,207.91,2378.66
EPWR,EDDF,0,56,-27.19,20.81,-52.22,3.0,-0.15,0.07,-0.23,-0.06,-239.86,114.75,-369.75,-96.32
EPWR,EDDF,1,51,-26.13,20.98,-54.3,3.0,-0.18,0.06,-0.29,-0.07,-262.73,90.96,-410.85,-98.0
EPWR,EDDM,0,80,-11.35,15.34,-30.42,19.7,-0.09,0.06,-0.2,0.02,-130.45,95.33,-280.06,22.52
EPWR,EPWA,0,175,-49.74,17.29,-71.86,-15.84,-0.08,0.09,-0.18,0.07,-155.58,160.44,-363.94,120.03
ESDF,ESSA,0,70,-17.67,20.15,-42.23,12.8,0.0,0.12,-0.12,0.18,4.56,130.8,-157.98,164.46
ESDF,ESSB,0,65,-12.28,2.64,-15.4,-8.62,-0.04,0.03,-0.09,0.01,-37.64,30.02,-78.68,7.76
ESGG,EBBR,0,61,-1.47,15.15,-13.0,24.1,0.05,0.08,-0.05,0.18,104.12,185.03,-110.0,399.1
ESGG,EDDF,0,123,-30.8,19.99,-54.88,-4.11,-0.14,0.07,-0.25,-0.03,-339.03,161.16,-592.26,-71.21
ESGG,EDDM,0,24,1.88,15.57,-21.18,28.78,-0.01,0.1,-0.15,0.15,-27.22,233.68,-328.94,337.64
ESGG,EDDM,1,33,-17.0,9.08,-29.24,-2.28,-0.09,0.08,-0.2,0.03,-203.06,197.54,-484.88,67.18
ESGG,EDDM,2,31,2.19,13.56,-13.75,30.25,-0.06,0.05,-0.13,0.02,-131.15,118.14,-313.05,35.15
ESGG,EFHK,0,95,-6.83,6.23,-13.25,7.52,0.02,0.05,-0.05,0.11,18.23,43.35,-40.71,95.98
ESGG,EFHK,1,19,1.43,14.17,-19.24,25.43,0.04,0.08,-0.07,0.16,36.42,69.48,-56.26,135.13
ESGG,EGLL,0,62,8.1,13.87,-7.34,34.46,0.23,0.12,0.05,0.44,530.82,292.1,117.86,1031.14
ESGG,EGLL,1,17,-2.52,11.79,-15.52,19.28,0.22,0.1,0.09,0.4,482.38,227.95,208.28,874.98
ESGG,EHAM,0,20,8.86,10.53,-5.74,25.72,0.08,0.04,0.02,0.15,156.17,85.99,46.14,327.33
ESGG,EHAM,1,57,8.4,9.3,-1.18,25.68,0.05,0.07,-0.05,0.17,114.88,148.69,-96.44,376.36
ESGG,EHAM,2,62,10.33,8.36,-0.27,26.48,0.06,0.07,-0.07,0.15,119.02,153.53,-148.57,326.83
ESGG,EKCH,0,44,-4.13,3.51,-12.02,0.9,-0.08,0.03,-0.14,-0.03,-173.06,80.6,-312.25,-60.16
ESGG,EKCH,1,26,-34.44,5.98,-37.0,-30.17,-0.2,0.03,-0.23,-0.17,-177.65,22.7,-202.9,-152.52
ESGG,EKCH,2,16,-9.29,10.96,-30.3,0.9,-0.08,0.05,-0.15,-0.02,-136.1,102.83,-328.5,-23.6
ESGG,EPGD,0,50,-32.3,16.1,-50.22,-12.42,-0.03,0.06,-0.08,0.04,-72.15,140.42,-222.05,118.98
ESGG,ESSA,0,237,2.89,15.64,-21.92,32.38,0.05,0.08,-0.06,0.2,106.41,194.02,-124.38,455.92
ESGG,ESSB,0,123,-12.04,7.9,-30.48,-0.92,-0.05,0.04,-0.11,0.01,-44.8,36.61,-99.47,9.4
ESGG,LEAL,0,54,-2.54,9.12,-16.14,14.65,0.06,0.06,-0.03,0.16,141.05,141.11,-58.57,379.9
ESGG,LEMG,0,56,-1.36,13.03,-21.42,15.88,0.05,0.08,-0.06,0.16,101.44,176.86,-141.7,344.65
ESGG,LFPG,0,32,-8.77,13.8,-35.84,11.13,0.1,0.1,-0.06,0.25,196.67,209.93,-146.03,514.12
ESGG,LFPG,1,49,4.67,17.25,-12.74,27.34,0.11,0.1,-0.05,0.29,235.85,223.17,-112.4,630.02
ESGG,LSZH,0,60,-18.55,9.73,-27.11,-0.61,-0.02,0.05,-0.09,0.08,-40.89,104.11,-166.86,142.6
ESGG,LTFM,0,50,-32.06,19.8,-58.39,0.82,0.02,0.12,-0.08,0.14,45.77,302.55,-233.3,386.97
ESKN,EPGD,0,55,-30.05,15.32,-57.63,-1.34,-0.03,0.05,-0.12,0.05,-81.46,127.71,-294.01,140.0
ESMQ,ESSB,0,71,-9.12,3.24,-13.25,-4.0,-0.04,0.05,-0.09,0.05,-31.7,45.89,-80.5,42.15
ESMS,ESSA,0,164,-4.45,17.5,-40.02,17.3,0.03,0.09,-0.09,0.15,56.89,201.57,-206.88,372.65
ESMS,ESSB,0,168,-3.47,3.89,-7.2,1.53,0.01,0.04,-0.04,0.07,17.96,86.08,-61.64,122.63
ESMT,ESSB,0,71,-4.49,4.49,-13.55,0.65,-0.0,0.05,-0.08,0.08,-1.41,47.9,-68.75,72.25
ESNN,ESSA,0,63,3.74,8.69,-7.27,19.11,0.08,0.07,-0.01,0.2,77.87,62.07,-4.7,186.68
ESNQ,ESSA,0,50,7.67,11.55,-6.71,34.7,-0.01,0.13,-0.21,0.2,-28.0,307.11,-479.57,472.91
ESNS,ESSA,0,58,7.15,12.61,-3.09,33.83,0.1,0.1,-0.0,0.25,209.29,222.98,-2.85,577.93
ESNS,ESSA,1,18,4.69,8.01,-1.38,19.32,-0.0,0.06,-0.09,0.07,-8.91,132.46,-215.29,177.6
ESNS,ESSA,2,35,5.67,8.81,-0.7,25.48,0.07,0.06,-0.01,0.19,159.62,147.39,-16.96,428.34
ESNS,ESSA,3,33,8.15,14.55,-5.38,30.28,0.01,0.11,-0.11,0.17,13.97,258.84,-276.42,308.18
ESNU,ESSA,0,28,-9.23,17.06,-43.95,19.11,0.05,0.1,-0.14,0.18,120.8,222.74,-324.62,415.77
ESNU,ESSA,1,16,-17.16,12.89,-28.75,-0.38,0.02,0.04,-0.02,0.08,30.65,61.88,-33.67,118.4
ESNU,ESSA,2,179,-0.88,16.25,-27.54,26.69,0.07,0.09,-0.05,0.21,156.55,192.65,-92.7,496.51
ESNU,ESSA,3,35,0.88,7.13,-3.82,17.41,0.08,0.07,0.01,0.24,191.18,163.23,13.91,569.51
ESNU,ESSB,0,79,-4.71,6.72,-12.26,2.7,-0.03,0.06,-0.12,0.09,-22.99,56.22,-105.6,83.02
ESNZ,ESSA,0,99,5.22,15.76,-28.02,33.01,0.04,0.09,-0.06,0.2,114.94,225.52,-131.62,458.29
ESPA,ESSA,0,343,7.58,14.37,-8.9,34.85,0.06,0.09,-0.06,0.21,142.36,208.49,-131.91,484.14
ESSA,BIKF,0,51,3.59,12.33,-16.45,24.8,0.05,0.06,-0.04,0.17,123.6,175.67,-84.0,416.0
ESSA,EDDB,0,45,1.82,15.39,-27.88,21.38,0.03,0.05,-0.05,0.1,81.08,127.18,-135.22,240.58
ESSA,EDDB,1,42,5.64,11.28,-8.78,20.38,0.04,0.05,-0.03,0.11,91.94,133.66,-71.19,263.42
ESSA,EDDB,2,31,12.66,12.33,-4.9,31.15,0.08,0.04,0.01,0.13,190.46,92.26,29.2,326.85
ESSA,EDDF,0,85,-37.71,23.84,-61.0,-3.44,-0.16,0.09,-0.28,-0.06,-402.13,225.83,-692.62,-128.22
ESSA,EDDF,1,81,-30.33,20.26,-58.9,-3.0,-0.15,0.07,-0.24,-0.05,-361.08,174.56,-626.8,-117.3
ESSA,EDDH,0,51,-40.67,31.19,-80.95,0.0,-0.12,0.12,-0.29,0.05,-176.19,198.44,-429.55,118.5
ESSA,EDDL,0,91,-5.63,11.1,-19.2,12.6,0.02,0.09,-0.11,0.13,41.89,173.49,-164.1,299.1
ESSA,EDDM,0,100,-14.66,14.3,-32.81,6.82,-0.11,0.08,-0.21,-0.01,-252.23,179.61,-515.36,-13.04
ESSA,EDDM,1,53,-16.34,13.05,-33.92,10.96,-0.12,0.06,-0.22,-0.03,-292.0,140.84,-555.2,-79.1
ESSA,EETN,0,16,-14.2,13.49,-34.72,0.0,-0.01,0.08,-0.11,0.08,-9.38,90.69,-152.48,117.98
ESSA,EETN,1,28,-14.53,14.4,-39.46,-0.25,-0.04,0.07,-0.15,0.06,-36.98,65.52,-134.11,81.61
ESSA,EETN,2,34,-10.21,13.18,-38.44,7.95,-0.04,0.04,-0.1,0.02,-88.44,89.81,-207.93,37.85
ESSA,EETN,3,28,-14.01,10.75,-35.3,-0.4,-0.01,0.05,-0.09,0.07,-9.06,71.59,-120.44,99.79
ESSA,EETN,4,31,-17.76,13.71,-38.7,-1.75,-0.06,0.04,-0.12,0.0,-80.02,60.56,-175.05,0.0
ESSA,EFHK,0,96,1.58,6.55,-10.52,13.82,0.03,0.04,-0.02,0.09,38.96,67.41,-30.3,159.25
ESSA,EFHK,1,196,1.64,6.3,-10.07,13.02,-0.0,0.06,-0.1,0.1,-9.28,147.55,-249.85,227.75
ESSA,EFHK,2,129,1.36,5.39,-7.88,11.7,-0.0,0.05,-0.07,0.08,-2.19,112.83,-179.7,208.14
ESSA,EFTU,0,71,-12.55,12.33,-28.15,0.7,-0.03,0.05,-0.11,0.04,-26.99,49.36,-101.0,33.1
ESSA,EGKK,0,102,4.76,15.16,-15.53,22.35,0.18,0.13,-0.0,0.41,424.64,321.59,-0.53,995.13
ESSA,EGLL,0,50,-9.68,11.26,-25.16,10.88,0.15,0.13,-0.02,0.35,369.06,311.69,-40.38,869.85
ESSA,EGLL,1,195,1.32,16.87,-11.1,22.48,0.17,0.13,0.02,0.38,400.13,319.55,35.83,914.78
ESSA,EHAM,0,111,4.36,10.34,-11.55,24.25,0.06,0.05,-0.02,0.16,149.58,123.46,-44.2,371.85
ESSA,EHAM,1,137,4.15,7.53,-9.2,17.0,0.04,0.07,-0.05,0.15,97.3,160.77,-132.18,351.3
ESSA,EIDW,0,24,-18.47,18.44,-40.52,16.13,-0.02,0.07,-0.13,0.08,-46.74,170.1,-304.7,191.76
ESSA,EIDW,1,36,-18.72,19.71,-50.62,15.98,0.02,0.12,-0.1,0.26,55.5,279.77,-247.45,645.38
ESSA,EKBI,0,55,-15.35,9.42,-26.03,-0.41,-0.03,0.06,-0.1,0.05,-41.6,78.83,-143.38,67.43
ESSA,EKCH,0,498,-12.21,25.84,-26.69,9.21,-0.08,0.09,-0.16,0.03,-172.47,213.02,-386.92,70.36
ESSA,ENBR,0,21,-22.47,8.58,-29.6,-9.6,0.01,0.04,-0.04,0.08,20.86,59.77,-60.3,141.0
ESSA,ENBR,1,31,-22.01,9.95,-32.05,-5.3,-0.02,0.05,-0.07,0.04,-33.29,88.2,-165.65,95.65
ESSA,ENGM,0,519,-8.63,5.26,-16.61,-0.09,-0.01,0.05,-0.08,0.08,-3.56,158.02,-202.9,206.08
ESSA,EPGD,0,60,-51.62,17.62,-77.2,-21.55,-0.11,0.04,-0.18,-0.02,-259.87,106.52,-440.0,-40.0
ESSA,EPWA,0,87,-40.53,22.43,-69.97,-6.21,-0.1,0.06,-0.19,0.0,-190.2,125.43,-409.84,7.94
ESSA,ESDF,0,69,-19.08,10.44,-31.42,-2.64,-0.09,0.06,-0.17,-0.02,-91.14,53.78,-158.1,-15.3
ESSA,ESGG,0,224,-16.3,15.17,-48.78,11.85,-0.02,0.07,-0.16,0.09,-18.28,141.94,-187.76,203.26
ESSA,ESMS,0,162,-8.9,18.7,-54.08,15.0,-0.02,0.06,-0.15,0.06,-39.33,116.46,-226.86,148.23
ESSA,ESNN,0,62,-22.54,17.22,-39.29,9.87,-0.13,0.07,-0.21,-0.02,-116.9,61.96,-188.45,-15.52
ESSA,ESNQ,0,50,19.3,17.6,-8.54,46.42,0.08,0.08,-0.03,0.18,192.05,183.38,-63.5,450.0
ESSA,ESNS,0,142,30.09,8.9,10.22,40.68,0.07,0.05,-0.0,0.15,154.33,108.78,-4.73,346.29
ESSA,ESNU,0,257,20.8,13.29,0.0,37.38,0.04,0.07,-0.08,0.13,83.1,157.2,-180.22,307.44
ESSA,ESNZ,0,99,10.99,10.06,-9.02,25.96,0.04,0.05,-0.04,0.11,82.67,120.62,-106.97,239.64
ESSA,ESPA,0,343,19.92,12.78,-0.09,37.7,0.04,0.08,-0.09,0.15,99.95,198.02,-210.29,337.16
ESSA,ESSV,0,89,-16.55,15.47,-35.46,5.94,-0.03,0.08,-0.13,0.12,-38.3,79.68,-134.4,90.7
ESSA,ESTA,0,82,-10.92,7.88,-20.69,2.09,-0.03,0.04,-0.09,0.04,-46.03,57.14,-124.25,63.85
ESSA,EVRA,0,109,-2.76,8.55,-13.1,8.74,-0.0,0.05,-0.07,0.08,-9.24,106.46,-174.7,158.52
ESSA,EYVI,0,44,-10.83,8.33,-23.94,1.47,-0.02,0.04,-0.07,0.05,-31.5,56.48,-93.4,66.51
ESSA,EYVI,1,16,-17.28,10.01,-31.32,-1.5,-0.02,0.04,-0.07,0.04,-22.53,68.8,-93.4,92.5
ESSA,LEAL,0,27,-19.55,16.48,-41.06,5.54,0.02,0.07,-0.11,0.12,33.86,151.48,-238.73,257.8
ESSA,LEAL,1,50,-9.08,8.52,-19.05,8.82,0.03,0.06,-0.04,0.13,74.48,133.65,-97.86,325.5
ESSA,LEAL,2,19,-1.45,7.88,-15.54,9.63,0.05,0.07,-0.02,0.14,103.14,141.75,-48.42,305.19
ESSA,LEAL,3,16,-3.31,9.63,-13.48,8.75,0.05,0.09,-0.06,0.18,118.83,205.44,-134.15,391.02
ESSA,LEBL,0,37,-11.25,10.71,-29.16,4.1,-0.06,0.09,-0.2,0.06,-149.91,227.38,-468.1,142.86
ESSA,LEBL,1,23,-12.41,11.55,-22.78,5.39,-0.09,0.07,-0.18,-0.02,-206.57,163.14,-430.76,-39.24
ESSA,LEBL,2,21,-10.23,18.16,-38.9,16.7,-0.08,0.1,-0.2,0.09,-191.72,235.15,-483.4,218.0
ESSA,LEBL,3,15,-2.77,11.14,-13.18,19.86,-0.03,0.09,-0.17,0.06,-81.07,202.58,-408.7,134.63
ESSA,LEMG,0,19,-20.53,12.13,-39.23,0.31,0.03,0.1,-0.09,0.2,87.24,249.68,-189.69,509.04
ESSA,LEMG,1,21,-4.08,14.5,-29.4,10.1,0.04,0.08,-0.06,0.15,97.31,188.64,-154.9,319.1
ESSA,LEMG,2,47,-4.39,11.74,-22.43,18.97,0.04,0.07,-0.07,0.15,97.21,179.37,-175.16,379.67
ESSA,LEMG,3,24,-10.55,13.54,-27.97,6.13,0.02,0.08,-0.11,0.14,61.2,193.92,-247.15,302.7
ESSA,LEMG,4,36,-3.19,15.97,-16.52,19.5,0.03,0.09,-0.1,0.14,60.47,200.75,-238.28,301.05
ESSA,LEPA,0,26,-15.31,15.35,-47.55,5.8,-0.01,0.07,-0.11,0.09,-24.96,162.73,-252.18,196.58
ESSA,LEPA,1,30,-8.72,12.52,-25.46,14.4,0.01,0.06,-0.09,0.09,25.88,141.85,-215.03,227.71
ESSA,LEPA,2,22,-4.18,17.44,-25.74,22.71,-0.0,0.1,-0.17,0.11,-15.35,244.64,-430.7,235.9
ESSA,LFMN,0,42,-46.63,24.24,-72.4,-2.12,-0.16,0.09,-0.29,-0.03,-388.58,220.87,-671.0,-79.63
ESSA,LFMN,1,26,-47.22,21.9,-73.68,-14.78,-0.24,0.08,-0.36,-0.12,-568.56,192.57,-880.52,-264.82
ESSA,LFPG,0,13,-10.19,13.2,-27.72,6.54,0.03,0.08,-0.07,0.14,67.05,179.54,-164.66,320.26
ESSA,LFPG,1,41,-8.5,9.71,-22.4,11.3,0.02,0.06,-0.07,0.11,55.52,146.92,-162.5,282.0
ESSA,LFPG,2,38,-8.29,11.02,-21.42,9.36,0.01,0.08,-0.13,0.13,29.13,224.35,-402.68,360.87
ESSA,LFPG,3,31,-7.99,17.54,-29.15,23.2,0.02,0.1,-0.11,0.13,59.11,271.69,-276.05,295.85
ESSA,LFPG,4,43,-16.88,16.17,-49.06,6.79,-0.02,0.09,-0.16,0.09,-63.34,219.2,-411.52,232.77
ESSA,LFPG,5,20,-5.36,20.3,-26.62,21.8,0.05,0.1,-0.08,0.23,107.89,236.86,-196.64,570.2
ESSA,LGAV,0,51,-13.33,23.7,-49.8,24.65,0.0,0.1,-0.1,0.14,10.55,246.72,-233.5,360.7
ESSA,LIRF,0,17,-31.75,14.5,-51.04,-11.1,-0.11,0.06,-0.19,-0.03,-271.78,130.61,-426.2,-69.84
ESSA,LIRF,1,28,-48.74,20.07,-68.22,-6.79,-0.18,0.06,-0.26,-0.07,-416.72,150.5,-608.64,-169.71
ESSA,LIRF,2,37,-42.39,17.48,-63.54,-8.64,-0.15,0.09,-0.23,-0.05,-351.07,201.57,-555.06,-125.0
ESSA,LKPR,0,28,-15.12,11.44,-31.56,1.77,-0.04,0.04,-0.09,0.04,-97.09,97.23,-232.26,97.11
ESSA,LKPR,1,32,-18.94,15.3,-46.34,4.04,-0.03,0.12,-0.13,0.11,-61.54,284.68,-317.24,254.98
ESSA,LOWW,0,133,-3.38,19.22,-33.68,31.46,0.03,0.07,-0.07,0.14,67.77,156.04,-166.64,321.7
ESSA,LSZH,0,33,-24.35,10.18,-35.78,-5.18,-0.09,0.07,-0.21,0.04,-204.35,176.49,-473.82,74.46
ESSA,LSZH,1,48,-28.99,10.66,-40.45,-5.67,-0.12,0.07,-0.23,-0.01,-275.54,164.42,-576.9,-14.35
ESSA,LSZH,2,28,-28.26,7.35,-36.35,-11.88,-0.13,0.07,-0.21,0.01,-290.31,159.79,-483.8,25.1
ESSA,LTAI,0,50,-19.01,18.86,-46.46,3.86,-0.01,0.08,-0.12,0.12,-22.63,183.54,-291.66,258.71
ESSA,LTFM,0,36,-24.85,23.16,-52.72,27.4,-0.01,0.1,-0.13,0.12,-40.56,327.49,-443.32,454.98
ESSA,LTFM,1,31,-51.6,26.33,-100.05,-20.3,-0.08,0.1,-0.25,0.11,-229.97,296.1,-683.35,280.0
ESSA,LTFM,2,21,-32.32,8.7,-43.2,-16.3,-0.05,0.06,-0.12,0.02,-136.02,182.86,-326.6,40.0
ESSB,EBBR,0,72,-1.5,10.62,-18.3,14.17,0.04,0.05,-0.04,0.12,78.74,117.32,-88.25,256.7
ESSB,ESDF,0,64,-5.7,6.02,-13.7,3.93,-0.05,0.05,-0.15,0.01,-45.86,40.9,-130.67,5.6
ESSB,ESGG,0,123,-4.6,9.15,-14.19,18.53,-0.05,0.05,-0.13,0.04,-45.56,45.44,-112.83,37.75
ESSB,ESMQ,0,70,-8.89,5.74,-18.72,-2.54,-0.01,0.13,-0.08,0.04,-6.09,114.45,-73.02,32.06
ESSB,ESMS,0,168,-3.18,7.24,-12.1,6.8,0.0,0.05,-0.08,0.07,16.04,89.78,-96.34,152.29
ESSB,ESMT,0,70,-2.0,2.86,-6.16,3.03,0.01,0.04,-0.04,0.07,12.08,32.75,-35.9,59.51
ESSB,ESNU,0,78,-7.63,8.71,-16.82,4.23,-0.01,0.04,-0.07,0.07,-9.67,37.2,-60.13,60.77
ESSB,ESSV,0,182,-7.3,6.2,-15.3,1.48,-0.01,0.04,-0.06,0.06,-10.25,35.67,-56.48,52.1
ESSB,ESTA,0,121,-4.73,5.45,-13.8,3.3,-0.02,0.05,-0.11,0.06,-19.3,46.09,-102.8,51.5
ESSL,EHAM,0,29,13.03,5.78,5.38,23.54,0.03,0.06,-0.07,0.11,56.08,123.92,-118.8,237.48
ESSL,EHAM,1,29,13.06,9.68,3.62,28.64,0.07,0.08,-0.06,0.21,146.24,176.37,-118.04,399.64
ESSL,EHAM,2,16,14.42,13.73,2.52,33.5,0.07,0.06,-0.02,0.18,154.86,135.38,-41.12,398.62
ESSV,ESSA,0,89,8.22,12.86,-22.54,24.1,0.06,0.05,-0.03,0.15,65.15,71.14,-35.6,192.3
ESSV,ESSB,0,181,-15.15,8.64,-24.4,-1.4,-0.03,0.03,-0.09,0.02,-31.1,29.42,-80.0,16.0
ESTA,ESSA,0,82,1.36,12.33,-16.28,18.26,0.04,0.1,-0.07,0.17,50.29,138.55,-102.98,231.98
ESTA,ESSB,0,122,-0.01,2.63,-3.8,5.07,0.0,0.04,-0.05,0.09,3.38,34.7,-41.77,76.51
EVRA,EDDB,0,65,10.22,10.76,-2.86,27.26,0.1,0.05,0.03,0.17,209.63,101.82,57.18,388.16
EVRA,EDDF,0,68,-39.25,18.12,-62.6,-10.64,-0.17,0.08,-0.29,-0.05,-387.21,192.44,-678.04,-88.62
EVRA,EDDF,1,27,-39.12,20.13,-56.87,-8.16,-0.14,0.07,-0.24,-0.04,-332.73,159.07,-577.92,-85.56
EVRA,EDDM,0,19,-15.69,12.72,-31.32,-1.68,-0.06,0.04,-0.13,-0.02,-142.15,86.93,-255.59,-37.29
EVRA,EDDM,1,32,-17.48,19.33,-55.08,17.34,-0.04,0.09,-0.19,0.09,-96.03,199.07,-435.72,161.69
EVRA,EETN,0,129,-18.99,13.74,-31.0,-5.5,0.0,0.11,-0.06,0.06,0.59,200.04,-113.94,115.88
EVRA,EFHK,0,223,-12.91,15.26,-33.59,12.51,-0.0,0.07,-0.12,0.12,0.65,81.18,-117.02,142.99
EVRA,EGKK,0,50,7.51,12.96,-6.18,26.69,0.18,0.13,0.02,0.45,349.73,251.49,39.97,856.98
EVRA,EHAM,0,72,3.23,6.85,-5.3,13.08,0.09,0.05,0.03,0.19,176.08,103.21,57.74,360.02
EVRA,EKCH,0,82,-24.89,10.65,-36.58,-3.23,-0.11,0.07,-0.23,0.0,-259.24,211.65,-681.86,5.12
EVRA,EKCH,1,18,-17.42,10.77,-37.28,-5.39,-0.08,0.05,-0.16,-0.02,-187.52,156.55,-506.28,-41.73
EVRA,EKCH,2,21,-30.13,12.43,-43.6,-7.2,-0.17,0.07,-0.28,-0.05,-417.92,163.77,-678.7,-114.0
EVRA,ENGM,0,92,-15.29,98.86,-14.05,0.79,0.0,0.26,-0.06,0.1,3.74,492.44,-135.67,202.78
EVRA,EPWA,0,27,-57.91,16.39,-78.54,-28.15,-0.2,0.05,-0.25,-0.11,-348.13,85.32,-453.29,-198.86
EVRA,EPWA,1,31,-58.7,19.48,-80.55,-23.05,-0.18,0.08,-0.28,-0.05,-338.03,149.73,-514.5,-93.0
EVRA,ESSA,0,109,-3.43,9.02,-15.76,13.28,0.06,0.06,-0.02,0.16,133.61,124.9,-43.72,304.76
EVRA,EYVI,0,120,-16.65,6.95,-22.9,-2.84,0.02,0.03,-0.02,0.08,46.97,56.88,-31.6,159.88
EVRA,LOWW,0,51,1.47,20.29,-29.9,32.0,0.05,0.06,-0.03,0.16,108.14,109.04,-63.3,297.7
EVRA,LTFM,0,43,-27.03,22.55,-61.94,1.4,0.0,0.12,-0.13,0.19,6.32,269.72,-280.0,455.33
EVRA,LTFM,1,16,-22.21,27.18,-68.75,5.42,-0.01,0.1,-0.16,0.16,-17.71,202.14,-310.0,299.22
EYKA,EGGW,0,52,-8.27,12.07,-28.4,6.37,0.06,0.06,-0.04,0.14,141.37,145.08,-103.7,343.62
EYPA,EKCH,0,54,-33.18,10.96,-47.5,-14.93,-0.12,0.06,-0.24,-0.02,-166.83,90.37,-330.15,-27.55
EYVI,EDDF,0,54,-42.96,19.85,-65.53,-15.25,-0.17,0.08,-0.33,-0.06,-438.04,205.41,-789.82,-142.24
EYVI,EFHK,0,24,2.36,9.64,-15.18,16.82,0.04,0.07,-0.08,0.13,30.2,58.78,-70.22,106.52
EYVI,EFHK,1,65,0.6,9.46,-15.06,14.22,0.02,0.06,-0.09,0.1,20.26,54.07,-75.16,81.44
EYVI,EFHK,2,28,-0.04,9.17,-13.0,19.67,0.01,0.08,-0.06,0.17,7.84,66.65,-54.88,145.8
EYVI,EGGW,0,60,-21.31,16.27,-45.12,6.33,0.09,0.1,-0.04,0.27,220.17,259.45,-86.3,684.79
EYVI,EKCH,0,60,-20.83,11.24,-37.62,-2.74,-0.13,0.05,-0.2,-0.05,-181.58,72.24,-279.36,-76.17
EYVI,EPWA,0,131,-56.35,15.4,-77.3,-30.2,-0.13,0.05,-0.21,-0.06,-266.04,98.77,-424.1,-120.25
EYVI,ESSA,0,58,-16.2,19.37,-38.75,25.26,-0.05,0.12,-0.19,0.12,-64.29,180.38,-264.33,237.46
EYVI,EVRA,0,121,7.12,8.45,0.1,24.6,0.06,0.07,-0.02,0.18,114.25,131.64,-39.6,335.1
EYVI,LTFM,0,61,-31.89,18.98,-58.1,-4.4,0.01,0.08,-0.1,0.18,10.0,210.05,-260.0,448.7
FAOR,EGLL,0,14,18.56,19.53,-0.7,53.83,0.14,0.13,-0.05,0.29,1648.34,1501.62,-573.8,3440.5
FAOR,EGLL,1,35,23.17,21.82,0.8,59.69,0.06,0.17,-0.25,0.3,722.58,1988.53,-2980.99,3632.7
FAOR,EGLL,2,41,22.41,21.09,-9.3,57.4,-0.08,0.14,-0.28,0.17,-455.86,1289.19,-2343.3,1692.7
FMEE,LFPG,0,55,-14.79,21.66,-43.3,19.1,0.05,0.11,-0.11,0.26,331.45,851.5,-851.51,1712.65
FMEE,LFPO,0,50,-15.13,16.8,-37.98,12.96,0.07,0.09,-0.07,0.2,400.33,556.09,-471.01,1186.8
FMEE,LFPO,1,30,-23.63,10.33,-38.98,-9.71,-0.01,0.07,-0.1,0.1,-74.9,371.35,-539.1,516.67
FMEE,LFPO,2,24,-25.05,16.1,-48.42,-0.09,0.07,0.12,-0.07,0.29,481.93,810.51,-521.05,1693.48
FNLU,LPPT,0,19,-5.35,32.94,-74.57,18.94,0.02,0.08,-0.12,0.12,133.45,458.9,-641.55,653.68
FNLU,LPPT,1,42,-35.31,31.23,-71.93,5.53,0.03,0.11,-0.1,0.18,249.3,723.53,-548.48,1426.64
FNLU,LPPT,2,28,-21.77,61.12,-90.11,89.17,0.04,0.18,-0.25,0.37,262.21,1069.27,-1474.75,2230.0
GCFV,EDDF,0,39,-64.68,22.89,-100.71,-28.63,-0.25,0.11,-0.43,-0.09,-604.5,254.34,-1028.75,-209.14
GCFV,EDDL,0,27,-15.42,25.28,-45.66,23.36,-0.04,0.09,-0.15,0.07,-108.97,199.36,-375.34,154.94
GCFV,EDDL,1,10,-25.29,27.41,-51.94,14.04,-0.05,0.11,-0.19,0.1,-112.8,271.85,-458.3,246.44
GCFV,EGCC,0,51,-6.32,16.34,-30.85,18.55,-0.06,0.11,-0.24,0.13,-241.27,408.05,-1028.2,333.95
GCFV,GCLP,0,506,-2.37,8.89,-14.48,9.7,0.03,0.05,-0.04,0.12,27.84,47.88,-37.33,105.95
GCFV,GCXO,0,310,-8.67,5.78,-17.86,0.48,-0.1,0.04,-0.15,-0.03,-85.69,35.33,-131.92,-25.89
GCFV,LEMD,0,97,2.53,18.88,-18.98,43.34,0.05,0.08,-0.07,0.18,129.23,200.71,-161.34,458.32
GCGM,GCLP,0,59,3.82,25.01,-0.41,2.55,-0.14,0.03,-0.19,-0.1,-124.09,25.8,-170.02,-87.41
GCGM,GCXO,0,60,7.3,8.7,-8.62,19.12,0.02,0.05,-0.05,0.11,16.04,45.97,-43.27,96.13
GCHI,GCLP,0,74,-4.54,3.87,-8.67,1.27,-0.0,0.02,-0.03,0.03,-1.95,18.48,-29.98,26.72
GCHI,GCXO,0,171,2.6,7.66,-9.95,14.05,-0.02,0.04,-0.09,0.06,-14.66,38.84,-82.65,50.7
GCLA,GCLP,0,196,3.78,7.65,-7.02,16.23,0.04,0.04,-0.01,0.11,33.48,35.42,-9.7,98.15
GCLA,GCTS,0,60,-6.17,4.68,-12.1,1.14,0.01,0.03,-0.02,0.07,9.49,27.48,-21.08,59.0
GCLA,GCXO,0,585,6.72,7.66,-8.2,18.26,-0.01,0.05,-0.09,0.06,-10.69,40.84,-80.06,55.96
GCLP,EDDF,0,10,-57.36,60.84,-107.18,38.55,-0.28,0.24,-0.47,0.09,-703.04,609.78,-1247.38,228.72
GCLP,EDDF,1,28,-54.06,16.83,-78.96,-21.67,-0.22,0.08,-0.34,-0.11,-537.2,193.14,-824.24,-244.5
GCLP,EDDL,0,37,-18.97,20.55,-47.0,16.42,-0.05,0.11,-0.18,0.14,-113.99,243.1,-425.44,304.04
GCLP,EGCC,0,53,-7.07,19.56,-33.78,21.1,-0.07,0.1,-0.22,0.07,-228.05,341.49,-890.88,190.76
GCLP,EGCC,1,16,3.98,10.92,-11.75,19.3,-0.08,0.09,-0.21,0.04,-272.86,292.62,-735.9,86.32
GCLP,EGGD,0,15,12.31,15.43,-9.12,36.13,-0.02,0.06,-0.09,0.09,-49.86,140.72,-207.69,197.23
GCLP,EGGD,1,35,3.53,11.43,-11.93,20.26,-0.01,0.08,-0.13,0.1,-18.79,199.79,-312.1,252.0
GCLP,EGKK,0,34,10.27,12.0,-9.26,25.74,0.03,0.12,-0.14,0.24,71.36,285.48,-326.7,582.2
GCLP,EGKK,1,29,5.81,15.72,-23.6,26.16,0.0,0.11,-0.15,0.23,-0.03,270.38,-358.24,537.68
GCLP,EHAM,0,66,11.96,14.05,-10.52,31.65,0.0,0.09,-0.13,0.14,3.25,304.31,-478.95,455.7
GCLP,GCFV,0,504,1.7,2.24,-0.48,2.0,0.04,0.04,0.01,0.08,38.37,37.35,10.0,75.08
GCLP,GCGM,0,60,-30.76,8.49,-43.73,-20.11,-0.23,0.04,-0.29,-0.15,-200.19,37.47,-255.22,-134.82
GCLP,GCHI,0,74,-26.18,9.34,-40.78,-12.87,-0.03,0.06,-0.1,0.09,-26.75,52.92,-94.42,77.03
GCLP,GCLA,0,196,1.24,3.28,-1.92,3.62,0.02,0.03,-0.02,0.07,20.71,27.55,-19.88,63.6
GCLP,GCRR,0,668,1.88,3.91,-1.8,6.3,0.02,0.03,-0.01,0.07,21.14,25.86,-6.56,64.43
GCLP,GCTS,0,149,-41.25,10.25,-56.88,-27.38,-0.1,0.05,-0.16,0.01,-90.57,48.67,-143.24,7.18
GCLP,GCXO,0,677,-2.22,4.4,-2.7,-2.68,-0.08,0.04,-0.11,-0.01,-72.83,39.88,-104.9,-17.36
GCLP,LEBL,0,65,-4.58,18.35,-35.16,27.84,-0.03,0.07,-0.15,0.08,-81.31,196.76,-421.04,207.86
GCLP,LEBL,1,29,-8.71,12.96,-29.6,13.02,-0.03,0.09,-0.11,0.1,-77.99,229.34,-296.48,229.34
GCLP,LEBL,2,19,0.11,16.56,-21.42,20.39,0.0,0.07,-0.1,0.12,-0.01,174.35,-276.94,273.44
GCLP,LEMD,0,72,-16.08,21.02,-51.59,9.68,-0.0,0.11,-0.17,0.21,-10.58,283.42,-452.58,509.0
GCLP,LEMD,1,289,6.92,18.07,-1.86,50.1,0.05,0.09,-0.07,0.21,117.64,222.15,-166.6,504.0
GCLP,LEMD,2,17,-6.76,18.84,-45.48,12.38,0.03,0.08,-0.1,0.14,109.79,228.03,-240.56,390.3
GCLP,LEMG,0,69,-11.56,13.77,-32.86,0.3,0.01,0.05,-0.07,0.1,25.82,129.71,-172.36,244.48
GCLP,LEST,0,50,6.21,11.21,-11.0,23.6,0.02,0.07,-0.1,0.13,41.79,169.15,-239.8,307.0
GCLP,LEZL,0,19,-14.68,17.4,-40.9,3.44,-0.0,0.05,-0.09,0.07,-10.27,122.05,-232.81,183.51
GCLP,LEZL,1,54,-2.56,6.04,-14.04,4.62,0.03,0.04,-0.04,0.08,64.79,94.52,-100.04,206.33
GCRR,EGBB,0,27,-0.71,18.12,-25.58,32.56,-0.07,0.09,-0.23,0.05,-198.64,316.16,-632.27,102.18
GCRR,EGBB,1,25,-2.89,12.74,-24.6,16.02,-0.06,0.09,-0.2,0.05,-134.94,211.25,-477.84,125.7
GCRR,EGCC,0,18,4.69,14.73,-19.69,21.96,-0.0,0.09,-0.16,0.11,-9.97,219.31,-387.8,266.89
GCRR,EGCC,1,85,-2.89,19.36,-33.5,24.06,0.0,0.11,-0.17,0.16,-17.44,421.09,-688.86,675.36
GCRR,EGGD,0,60,7.89,12.65,-9.6,27.4,-0.03,0.08,-0.17,0.08,-73.45,188.37,-384.14,192.05
GCRR,EGKK,0,69,15.82,43.4,-13.26,35.14,0.07,0.18,-0.17,0.32,165.74,433.58,-416.52,757.86
GCRR,EGKK,1,43,12.78,11.46,-2.32,31.19,0.07,0.16,-0.13,0.36,161.97,376.65,-328.86,824.89
GCRR,EGSS,0,69,2.88,12.75,-10.28,22.02,0.05,0.08,-0.07,0.16,111.23,172.21,-166.9,363.18
GCRR,EIDW,0,20,-22.3,16.47,-42.33,-0.42,-0.1,0.07,-0.22,0.04,-580.64,451.93,-1337.86,246.62
GCRR,EIDW,1,36,-17.37,17.3,-37.9,7.98,-0.0,0.15,-0.12,0.18,-57.06,385.31,-653.78,427.68
GCRR,EIDW,2,36,-27.19,16.99,-54.35,0.18,-0.09,0.08,-0.21,0.04,-221.81,194.83,-499.75,86.72
GCRR,EIDW,3,20,-3.67,28.84,-27.21,25.34,-0.09,0.12,-0.26,0.09,-228.26,303.45,-643.08,217.31
GCRR,GCLP,0,669,-15.9,9.93,-29.4,5.16,-0.01,0.06,-0.11,0.09,-12.78,54.82,-95.2,80.38
GCRR,GCTS,0,61,-25.88,10.1,-39.9,-5.1,-0.15,0.06,-0.22,-0.06,-137.72,55.68,-221.5,-50.2
GCRR,GCXO,0,393,-14.6,4.95,-20.2,-4.42,-0.11,0.04,-0.17,-0.04,-99.65,34.33,-152.9,-35.76
GCRR,LEBL,0,73,1.21,14.61,-20.4,27.38,-0.03,0.08,-0.17,0.09,-67.85,197.13,-424.78,203.94
GCRR,LEMD,0,71,-5.1,24.76,-27.8,39.4,0.02,0.08,-0.09,0.18,48.09,191.03,-210.0,439.0
GCRR,LEMD,1,62,4.51,16.88,-8.61,48.62,0.06,0.08,-0.03,0.21,143.96,202.34,-83.3,521.18
GCRR,LEMD,2,20,-12.07,19.42,-46.06,13.87,-0.0,0.09,-0.1,0.16,-2.11,237.01,-260.41,387.5
GCTS,EBBR,0,45,9.68,15.01,-14.3,36.46,-0.05,0.09,-0.18,0.11,-126.37,230.77,-449.98,275.6
GCTS,EBBR,1,18,-0.56,21.78,-29.32,24.31,-0.05,0.08,-0.16,0.07,-116.57,198.58,-396.75,181.35
GCTS,EDDF,0,15,-79.13,34.65,-123.96,-25.83,-0.22,0.12,-0.4,-0.1,-667.2,497.1,-1646.51,-267.92
GCTS,EDDF,1,37,-47.56,125.91,-104.62,-32.22,-0.16,0.32,-0.4,0.02,-382.01,786.08,-919.58,45.18
GCTS,EDDL,0,17,-32.85,39.13,-72.92,52.64,-0.08,0.13,-0.22,0.11,-189.92,341.53,-560.18,295.58
GCTS,EDDL,1,29,-16.76,17.42,-48.66,7.16,-0.07,0.13,-0.31,0.09,-181.03,307.8,-764.18,212.38
GCTS,EGBB,0,39,-19.27,22.04,-57.71,14.46,-0.1,0.08,-0.21,0.03,-302.98,287.61,-808.43,58.77
GCTS,EGBB,1,20,-0.62,15.08,-21.67,18.78,-0.05,0.06,-0.15,0.04,-128.6,155.33,-365.7,115.24
GCTS,EGBB,2,6,-18.6,8.13,-29.02,-11.18,-0.1,0.09,-0.2,0.01,-246.23,196.83,-475.52,2.77
GCTS,EGBB,3,18,1.29,12.02,-15.07,13.57,-0.08,0.06,-0.16,-0.01,-206.33,162.58,-451.64,-15.01
GCTS,EGCC,0,110,-8.87,21.0,-39.72,15.53,-0.04,0.1,-0.21,0.13,-140.49,360.13,-807.54,310.64
GCTS,EGCC,1,35,-3.73,14.64,-25.99,14.82,-0.08,0.09,-0.24,0.0,-265.44,325.39,-940.77,12.14
GCTS,EGCC,2,18,9.91,22.06,-24.16,37.28,-0.06,0.12,-0.19,0.12,-254.04,630.66,-900.78,701.24
GCTS,EGCC,3,17,-15.21,19.58,-46.58,8.54,-0.06,0.09,-0.19,0.07,-218.86,353.32,-917.56,154.64
GCTS,EGGD,0,83,4.57,17.42,-20.05,26.4,-0.01,0.08,-0.14,0.12,-33.14,197.09,-331.97,278.83
GCTS,EGKK,0,26,0.79,18.74,-22.62,27.65,0.01,0.13,-0.13,0.22,-5.87,417.36,-313.48,589.1
GCTS,EGKK,1,110,5.0,18.32,-32.13,34.05,0.05,0.14,-0.16,0.3,112.64,365.38,-391.04,741.64
GCTS,EGNM,0,35,-0.33,15.03,-21.76,18.7,-0.04,0.09,-0.16,0.12,-106.21,208.95,-374.61,278.91
GCTS,EGNM,1,22,0.09,13.29,-17.54,21.36,-0.07,0.06,-0.17,0.01,-178.66,148.86,-411.23,17.66
GCTS,EGNT,0,36,4.26,17.31,-29.38,32.9,-0.03,0.08,-0.15,0.12,-74.5,194.34,-370.0,280.0
GCTS,EGNT,1,20,-0.84,11.79,-20.62,14.32,-0.02,0.1,-0.17,0.15,-37.83,236.85,-400.2,364.2
GCTS,EGNX,0,68,-5.79,12.6,-23.95,16.7,-0.03,0.09,-0.2,0.09,-84.71,211.15,-473.84,194.0
GCTS,EGPF,0,31,-15.38,14.69,-36.65,4.25,-0.11,0.07,-0.22,0.01,-252.09,172.6,-514.3,26.5
GCTS,EGPF,1,20,-9.04,12.49,-33.48,7.84,-0.06,0.06,-0.17,0.02,-138.57,150.84,-400.06,47.2
GCTS,EGPH,0,29,-13.42,17.29,-40.34,7.62,-0.02,0.08,-0.12,0.13,-40.3,182.31,-269.7,282.14
GCTS,EGPH,1,19,-7.56,18.46,-31.31,10.59,-0.08,0.1,-0.23,0.05,-201.82,232.57,-534.42,120.42
GCTS,EGPH,2,29,-5.5,16.02,-22.66,9.44,-0.11,0.1,-0.25,0.02,-262.07,237.69,-608.0,53.7
GCTS,EGSS,0,36,0.21,14.29,-24.67,15.25,0.06,0.08,-0.05,0.17,132.15,176.59,-122.65,398.42
GCTS,EGSS,1,76,-6.4,20.86,-38.62,16.12,0.0,0.09,-0.11,0.11,4.96,211.6,-265.98,262.05
GCTS,EIDW,0,21,-39.72,17.49,-64.3,-15.8,-0.17,0.09,-0.29,-0.02,-405.62,209.2,-670.0,-35.0
GCTS,EIDW,1,26,-16.19,12.96,-27.45,9.43,-0.2,0.08,-0.32,-0.06,-502.23,200.88,-805.95,-161.07
GCTS,EIDW,2,18,-18.98,9.85,-32.16,-5.27,-0.08,0.08,-0.19,0.03,-194.96,185.53,-470.11,58.96
GCTS,GCLA,0,60,1.84,2.15,-2.42,3.7,0.05,0.02,0.01,0.09,43.57,21.2,9.2,77.52
GCTS,GCLP,0,157,-14.23,6.89,-22.8,-4.3,-0.03,0.04,-0.06,0.02,-36.29,89.14,-65.34,14.2
GCTS,GCLP,1,18,-11.99,7.23,-22.76,-4.26,-0.2,0.03,-0.24,-0.16,-462.79,65.89,-579.1,-383.37
GCTS,GCRR,0,65,3.73,5.87,-1.66,10.14,0.04,0.05,-0.02,0.13,38.71,55.17,-16.64,132.8
GCTS,LEMD,0,21,-25.63,24.24,-57.9,12.1,-0.04,0.08,-0.15,0.08,-95.95,213.01,-360.0,208.4
GCTS,LEMD,1,80,-3.42,19.63,-18.43,48.26,0.04,0.1,-0.08,0.27,86.08,243.83,-208.3,576.92
GCXO,GCFV,0,310,-8.15,6.06,-22.4,1.51,0.01,0.06,-0.05,0.07,8.45,50.44,-40.66,64.83
GCXO,GCGM,0,60,-1.51,5.47,-2.7,-1.1,-0.38,0.04,-0.43,-0.33,-329.79,38.84,-375.38,-283.3
GCXO,GCHI,0,172,6.27,8.81,-2.8,20.64,0.05,0.06,-0.01,0.15,44.31,50.46,-13.0,131.72
GCXO,GCLA,0,587,2.34,5.25,-1.3,9.8,0.03,0.03,-0.0,0.1,29.76,28.82,-3.14,87.68
GCXO,GCLP,0,670,17.93,11.02,1.5,37.48,-0.02,0.06,-0.11,0.08,-16.51,69.36,-96.61,98.61
GCXO,GCRR,0,393,-1.11,5.32,-11.44,5.98,0.04,0.03,-0.01,0.09,33.0,28.62,-8.08,81.96
GCXO,LEBL,0,96,4.38,20.56,-23.88,37.55,0.1,0.08,-0.01,0.21,257.6,192.17,-15.68,537.62
GCXO,LEBL,1,35,2.3,12.8,-18.13,22.24,0.02,0.08,-0.12,0.15,56.6,205.21,-290.36,359.44
GCXO,LEMD,0,228,3.24,17.06,-12.4,43.65,0.04,0.09,-0.08,0.2,100.3,234.82,-200.0,501.64
GCXO,LEMD,1,68,-18.19,22.3,-59.48,7.06,-0.03,0.11,-0.18,0.18,-105.1,315.4,-621.21,485.4
GCXO,LEMD,2,29,-0.62,16.28,-18.4,34.36,0.01,0.07,-0.08,0.13,17.78,163.96,-200.0,318.4
GCXO,LEMD,3,21,11.46,28.25,-11.4,73.4,0.17,0.11,0.04,0.37,453.12,282.85,100.0,880.0
GCXO,LEMG,0,60,-8.85,19.42,-31.5,16.52,0.11,0.06,0.01,0.2,266.48,156.19,12.89,497.27
GCXO,LEZL,0,48,5.36,7.99,-5.89,17.22,0.14,0.05,0.05,0.21,341.22,127.84,115.23,519.88
GCXO,LEZL,1,41,-26.0,15.5,-49.3,-4.0,-0.05,0.04,-0.11,0.0,-127.24,96.08,-262.7,6.9
GEML,LEMD,0,78,14.86,32.69,-13.57,83.29,0.1,0.14,-0.04,0.44,93.27,129.42,-32.25,392.25
GEML,LEMD,1,26,-2.55,16.43,-15.75,11.4,0.02,0.07,-0.05,0.13,19.11,66.47,-45.0,118.55
GEML,LEMG,0,210,-62.11,18.45,-83.3,-29.53,-0.18,0.08,-0.3,-0.03,-164.92,76.1,-266.88,-30.89
GMAD,GMMN,0,46,-11.37,13.71,-28.65,10.28,0.02,0.06,-0.06,0.12,18.09,51.21,-57.65,109.85
GMAD,GMMN,1,63,-18.76,14.81,-44.4,6.15,-0.02,0.06,-0.12,0.06,-51.81,142.66,-267.7,139.96
GMAD,LFPO,0,104,0.59,20.77,-28.48,30.1,-0.0,0.07,-0.12,0.1,-9.76,169.78,-277.9,229.95
GMAD,LFPO,1,21,-22.55,17.43,-45.5,8.8,-0.06,0.08,-0.18,0.07,-150.73,198.71,-431.3,182.6
GMFO,GMMN,0,33,2.92,13.54,-10.48,25.2,0.14,0.08,0.03,0.29,125.83,72.37,25.48,261.1
GMFO,GMMN,1,27,-3.0,13.87,-10.67,16.55,0.09,0.1,0.0,0.22,159.76,110.94,4.17,310.09
GMFO,LFPO,0,68,-3.84,23.47,-38.34,38.0,-0.0,0.08,-0.12,0.14,-4.3,200.67,-296.74,314.98
GMFO,LFPO,1,22,-15.25,15.14,-38.52,16.15,-0.03,0.07,-0.12,0.08,-65.46,153.98,-282.17,183.14
GMME,LFPG,0,42,-13.92,12.26,-25.57,8.3,-0.05,0.05,-0.12,0.02,-128.6,128.41,-305.15,64.57
GMME,LFPG,1,32,-14.94,12.92,-38.72,6.12,-0.04,0.08,-0.19,0.07,-111.21,211.59,-475.66,170.96
GMME,LFPO,0,42,0.15,14.91,-21.52,28.69,0.02,0.08,-0.08,0.13,36.07,187.75,-191.17,308.26
GMME,LFPO,1,30,-12.87,20.19,-41.08,20.4,-0.03,0.08,-0.17,0.1,-63.48,189.76,-401.3,250.78
GMMH,GMMN,0,54,-12.87,7.62,-20.94,0.0,0.01,0.06,-0.07,0.13,26.06,155.7,-169.4,301.6
GMML,GMMN,0,58,-15.74,6.56,-21.85,-4.72,0.03,0.1,-0.08,0.24,77.61,235.91,-181.89,571.1
GMMN,CYUL,0,41,0.39,4.59,-5.7,5.2,0.05,0.08,-0.02,0.18,300.73,426.41,-124.0,1014.4
GMMN,CYUL,1,31,0.18,4.6,-5.45,8.15,0.04,0.06,-0.05,0.13,204.6,345.77,-302.2,827.55
GMMN,DIAP,0,20,6.54,15.18,-5.72,28.3,0.01,0.07,-0.06,0.09,14.4,157.93,-150.97,210.34
GMMN,DIAP,1,19,0.92,8.4,-8.79,9.81,-0.03,0.03,-0.09,0.01,-68.46,75.39,-212.1,19.6
GMMN,DIAP,2,15,7.57,29.33,-8.56,56.33,0.02,0.09,-0.05,0.18,57.07,206.27,-118.99,436.09
GMMN,DTTA,0,41,10.99,6.22,3.4,21.3,0.06,0.06,0.0,0.13,126.6,109.44,5.1,333.4
GMMN,DTTA,1,60,-4.08,26.69,-46.44,29.35,0.01,0.08,-0.09,0.11,26.1,180.16,-216.86,254.76
GMMN,EBBR,0,21,13.54,10.28,-6.0,24.9,0.06,0.06,-0.04,0.15,241.71,297.91,-91.3,800.6
GMMN,EBBR,1,32,18.68,12.93,-1.82,35.44,0.07,0.07,-0.04,0.15,230.74,363.12,-103.12,800.03
GMMN,EBBR,2,16,19.29,10.34,5.03,33.15,0.1,0.11,-0.07,0.27,246.92,257.46,-148.75,687.45
GMMN,EDDF,0,32,-65.62,19.64,-93.76,-30.94,-0.23,0.09,-0.37,-0.08,-597.37,234.61,-937.22,-276.99
GMMN,EDDF,1,27,-34.71,21.06,-68.73,-3.04,-0.18,0.08,-0.3,-0.07,-479.98,217.25,-787.01,-174.69
GMMN,GMAD,0,51,-1.86,8.07,-14.55,10.45,-0.05,0.06,-0.13,0.04,-52.94,59.0,-152.85,36.9
GMMN,GMAD,1,42,-5.74,6.37,-14.76,3.96,-0.01,0.04,-0.07,0.03,-28.82,101.09,-156.43,71.39
GMMN,GMAD,2,17,-2.28,6.07,-10.94,6.74,-0.03,0.03,-0.07,0.01,-60.02,64.56,-144.32,23.44
GMMN,GMFO,0,23,-5.81,6.32,-10.1,1.37,0.1,0.22,-0.0,0.28,219.9,487.51,-1.07,627.85
GMMN,GMFO,1,36,-1.63,6.64,-10.1,9.0,0.1,0.06,0.04,0.24,92.62,56.6,37.85,213.5
GMMN,GMMH,0,52,8.51,6.78,-3.54,18.9,0.04,0.05,-0.04,0.1,98.42,116.8,-84.6,242.52
GMMN,GMML,0,58,9.63,7.42,-4.16,20.14,0.08,0.06,0.01,0.14,201.39,139.37,31.1,336.49
GMMN,GMMX,0,73,-5.34,9.33,-17.92,13.24,0.03,0.07,-0.05,0.16,32.8,80.14,-44.0,176.4
GMMN,GMMX,1,59,-9.95,11.36,-23.44,15.32,0.04,0.07,-0.04,0.14,83.86,167.17,-102.21,337.56
GMMN,GOBD,0,61,14.03,15.83,-7.0,38.5,0.11,0.11,-0.02,0.35,529.23,589.07,-40.7,1801.3
GMMN,GQNO,0,12,7.19,4.1,2.06,13.72,0.05,0.03,0.01,0.1,111.99,75.77,13.0,232.31
GMMN,GQNO,1,26,-0.13,7.95,-12.32,10.62,0.27,0.06,0.18,0.37,474.7,127.39,312.35,623.42
GMMN,GQNO,2,18,14.46,4.98,9.64,22.34,0.08,0.04,0.04,0.13,189.3,88.48,90.6,321.5
GMMN,HECA,0,59,14.67,14.78,-8.3,39.87,0.04,0.09,-0.06,0.24,99.67,209.85,-136.13,578.6
GMMN,HECA,1,31,12.95,27.64,-25.1,35.0,0.08,0.09,-0.06,0.22,197.72,224.06,-141.0,519.35
GMMN,KJFK,0,23,-1.2,2.67,-6.41,0.88,0.06,0.09,-0.02,0.25,322.2,484.8,-120.03,1300.82
GMMN,KJFK,1,28,-1.11,5.58,-7.63,5.2,0.08,0.08,-0.0,0.24,428.53,425.31,-18.14,1260.66
GMMN,LEBL,0,63,0.85,17.97,-20.04,28.28,0.01,0.07,-0.07,0.14,32.55,173.53,-174.43,342.44
GMMN,LEMD,0,41,2.33,12.1,-6.8,33.9,0.08,0.09,0.0,0.27,170.9,199.06,0.0,538.3
GMMN,LEMD,1,36,4.96,18.29,-6.8,52.15,0.08,0.07,0.02,0.21,183.86,167.34,40.0,560.0
GMMN,LEMD,2,29,-12.16,16.48,-41.08,6.8,0.07,0.12,-0.08,0.28,147.05,244.88,-156.7,560.0
GMMN,LEMG,0,44,-17.2,28.72,-80.41,7.38,0.03,0.11,-0.15,0.18,142.57,360.76,-356.61,746.47
GMMN,LEMG,1,19,-18.22,12.44,-32.3,0.0,0.01,0.04,-0.04,0.07,13.08,37.25,-38.33,62.97
GMMN,LFLL,0,62,9.38,18.71,-21.57,29.5,0.05,0.08,-0.08,0.16,127.28,200.95,-201.13,365.79
GMMN,LFPG,0,104,-10.23,15.08,-32.19,22.91,-0.03,0.09,-0.17,0.08,-94.75,233.04,-410.4,186.86
GMMN,LFPG,1,47,-8.41,13.32,-25.33,15.1,-0.04,0.07,-0.15,0.08,-110.06,182.42,-375.7,211.48
GMMN,LFPO,0,238,3.57,19.89,-28.63,37.02,0.04,0.08,-0.08,0.18,93.93,219.0,-191.0,496.44
GMMN,LIMC,0,54,-60.72,15.36,-76.06,-24.56,-0.21,0.06,-0.28,-0.1,-550.94,288.08,-986.14,-240.0
GMMN,LIPE,0,66,-5.24,15.12,-35.12,17.35,0.01,0.07,-0.09,0.11,30.27,170.35,-233.88,273.32
GMMN,LPPT,0,112,-17.97,20.53,-57.44,4.87,0.03,0.09,-0.1,0.19,75.47,215.65,-206.7,407.02
GMMN,LTFJ,0,39,-21.35,20.04,-44.08,8.08,0.0,0.11,-0.11,0.24,8.95,269.31,-265.0,590.8
GMMN,LTFJ,1,22,-20.35,17.67,-43.64,6.27,0.01,0.1,-0.1,0.17,32.36,260.42,-247.92,414.61
GMMN,LTFM,0,28,-13.34,21.9,-37.58,22.32,-0.06,0.08,-0.15,0.06,-367.28,463.58,-915.4,364.89
GMMN,LTFM,1,29,-14.52,15.64,-41.14,4.04,0.04,0.11,-0.1,0.26,196.91,586.29,-592.96,1430.0
GMMN,OEJN,0,42,32.87,18.74,8.99,58.19,0.19,0.09,0.08,0.31,1139.66,580.99,493.36,2022.65
GMMW,EBBR,0,37,18.12,12.3,-1.22,36.28,0.05,0.05,-0.05,0.12,115.95,135.12,-115.12,291.86
GMMW,EBBR,1,15,16.73,10.71,2.1,29.23,-0.04,0.08,-0.15,0.08,-100.75,208.73,-361.01,211.63
GMMX,EGKK,0,118,16.45,12.54,-5.97,36.85,0.1,0.15,-0.1,0.38,259.0,369.45,-238.92,915.24
GMMX,GMMN,0,97,5.98,8.87,-3.24,20.12,0.05,0.07,-0.06,0.17,62.46,90.89,-55.16,224.0
GMMX,GMMN,1,29,0.78,9.09,-15.4,14.12,0.0,0.03,-0.05,0.05,3.34,113.66,-182.6,215.52
GMMX,LEMD,0,40,8.22,13.45,-4.9,32.93,0.07,0.05,-0.02,0.14,160.45,119.12,-40.0,337.86
GMMX,LEMD,1,42,11.35,18.18,-5.42,54.26,0.03,0.09,-0.07,0.23,76.16,235.35,-166.7,646.3
GMMX,LEMD,2,21,-6.67,34.09,-50.5,16.7,-0.02,0.18,-0.18,0.13,-61.96,430.53,-403.3,320.0
GMMX,LFPG,0,123,-4.6,14.59,-24.79,20.01,-0.04,0.09,-0.18,0.1,-96.09,229.11,-452.19,254.52
GMMX,LFPO,0,84,3.72,17.28,-27.31,33.52,0.02,0.07,-0.11,0.14,42.03,175.02,-262.9,341.3
GMMX,LFPO,1,98,7.76,14.59,-20.31,26.18,0.02,0.07,-0.09,0.13,41.57,170.77,-210.62,323.59
GMMX,LFRS,0,24,0.62,18.93,-20.16,21.68,0.03,0.18,-0.17,0.18,66.22,403.27,-389.66,392.91
GMMX,LFRS,1,41,9.16,12.55,-8.3,28.7,0.07,0.08,-0.02,0.19,175.62,197.27,-45.3,425.9
GMMX,LPPT,0,73,-17.55,22.32,-61.4,7.58,0.03,0.11,-0.13,0.2,59.77,230.09,-307.02,418.04
GMMX,LSGG,0,19,7.51,7.85,0.22,18.06,-0.14,0.07,-0.26,-0.06,-285.83,133.18,-498.79,-135.6
GMMX,LSGG,1,39,-0.75,14.9,-31.58,19.71,0.01,0.12,-0.17,0.17,37.53,267.47,-323.8,398.36
GMTT,EBBR,0,23,14.62,21.51,-13.23,37.59,0.03,0.1,-0.12,0.15,77.71,262.98,-286.53,418.14
GMTT,EBBR,1,15,11.61,9.07,-0.08,23.38,0.07,0.1,-0.05,0.21,185.79,253.57,-128.54,520.83
GMTT,EBBR,2,24,19.9,11.57,-1.5,39.1,0.07,0.06,-0.05,0.16,166.71,158.63,-108.26,404.29
GMTT,LEBL,0,59,2.31,19.4,-19.84,30.42,-0.0,0.09,-0.13,0.12,-1.21,226.87,-331.13,304.18
GMTT,LEMD,0,56,2.95,16.38,-15.08,49.35,3.0,7.86,-0.02,23.75,6178.1,16184.04,-51.28,47933.32
GMTT,LEMD,1,20,3.19,25.78,-17.23,61.26,0.82,3.66,-0.08,1.07,1974.68,8793.28,-202.0,2492.49
GMTT,LEMD,2,15,-9.17,19.8,-54.03,7.17,1.09,4.19,-0.18,4.99,2602.71,10050.11,-432.0,11932.69
GOBD,GMMN,0,60,-3.29,12.75,-15.58,24.04,0.02,0.07,-0.1,0.13,59.56,299.58,-480.26,515.69
GOBD,LFPG,0,31,-1.27,41.03,-33.7,20.25,0.04,0.11,-0.08,0.18,345.8,808.45,-553.4,1391.0
GOBD,LFPG,1,31,-29.64,20.95,-63.65,-0.5,-0.04,0.13,-0.21,0.14,-206.54,778.62,-1273.55,802.75
GQNO,GMMN,0,24,-16.0,9.44,-35.36,-2.6,0.15,0.08,-0.0,0.25,264.64,142.99,-2.28,435.44
GQNO,GMMN,1,29,-12.17,7.44,-21.12,-0.12,0.16,0.05,0.09,0.26,440.32,276.1,216.38,1008.16
GVAC,LPPT,0,22,-4.99,21.81,-24.76,33.22,-0.01,0.1,-0.18,0.16,-31.1,252.23,-447.88,391.83
GVAC,LPPT,1,29,0.45,24.94,-24.68,47.16,0.12,0.15,-0.1,0.33,274.02,345.3,-250.0,816.72
GVNP,LPPT,0,19,-20.15,35.44,-72.19,34.1,0.01,0.09,-0.15,0.1,25.97,214.86,-363.37,259.5
GVNP,LPPT,1,34,-17.83,17.0,-51.81,6.05,0.01,0.1,-0.12,0.16,13.92,227.1,-284.27,370.06
GVNP,LPPT,2,21,-8.87,12.86,-23.7,7.3,0.04,0.08,-0.04,0.18,85.31,164.88,-79.9,380.9
HAAB,EIDW,0,64,-14.16,17.09,-45.82,7.05,-0.02,0.07,-0.13,0.06,-153.46,428.32,-938.34,473.27
HAAB,EIDW,1,28,-18.93,22.3,-39.33,7.45,-0.01,0.07,-0.13,0.06,-78.65,383.58,-662.7,351.99
HAAB,LLBG,0,59,-25.93,18.61,-61.66,-2.41,-0.03,0.09,-0.14,0.07,-74.03,298.33,-534.86,338.73
HAAB,LTFM,0,62,-25.92,16.65,-55.7,3.17,-0.07,0.1,-0.2,0.09,-306.07,423.03,-997.53,227.29
HAAB,OLBA,0,60,-15.09,12.55,-31.96,4.07,-0.03,0.07,-0.13,0.07,-166.73,309.06,-717.44,253.88
HECA,EDDF,0,62,-13.5,19.78,-45.16,16.0,-0.12,0.1,-0.28,0.05,-360.56,325.19,-906.02,146.48
HECA,EDDF,1,30,-25.62,19.48,-55.21,2.58,-0.19,0.08,-0.31,-0.09,-975.19,603.23,-1992.34,-229.74
HECA,EDDM,0,25,13.23,14.23,-5.6,35.48,-0.05,0.06,-0.16,0.06,-122.26,158.6,-402.04,139.04
HECA,EDDM,1,15,18.38,12.95,-1.29,34.82,-0.09,0.07,-0.18,0.01,-222.22,171.73,-462.21,22.23
HECA,EDDM,2,20,13.12,15.1,-4.33,39.96,-0.06,0.08,-0.19,0.06,-145.95,194.71,-469.11,136.73
HECA,EGLL,0,18,9.08,10.18,-1.86,23.04,0.14,0.1,-0.01,0.31,659.87,619.48,-25.41,1873.22
HECA,EGLL,1,16,25.86,45.37,1.93,79.7,0.1,0.08,0.01,0.21,578.29,542.12,19.1,1637.45
HECA,EGLL,2,50,7.69,16.31,-10.06,39.35,0.08,0.12,-0.09,0.27,234.21,373.92,-230.66,826.53
HECA,EGLL,3,36,17.41,12.16,-0.28,38.57,0.14,0.11,0.01,0.33,625.95,791.82,24.82,2601.05
HECA,GMMN,0,58,-2.49,12.19,-16.02,19.1,0.02,0.09,-0.09,0.16,38.34,213.52,-211.59,384.39
HECA,GMMN,1,31,-6.76,21.48,-35.5,18.1,-0.0,0.08,-0.12,0.12,-10.63,194.94,-290.7,278.3
HECA,LEMD,0,63,12.03,18.12,-5.38,45.69,0.06,0.08,-0.06,0.19,140.41,195.1,-137.7,463.84
HECA,LFPG,0,24,-8.4,29.32,-59.34,15.21,0.01,0.09,-0.15,0.12,125.82,521.98,-839.78,705.91
HECA,LFPG,1,61,5.45,13.24,-14.7,33.7,0.03,0.08,-0.09,0.13,180.95,424.06,-316.2,739.5
HECA,LGAV,0,43,5.54,7.39,-5.51,19.12,0.04,0.04,-0.02,0.1,85.34,108.51,-43.05,279.11
HECA,LGAV,1,93,4.77,11.31,-5.1,21.12,0.01,0.06,-0.06,0.09,29.44,153.5,-146.42,229.3
HECA,LIMC,0,75,-53.18,14.93,-71.53,-27.84,-0.23,0.06,-0.31,-0.1,-676.0,403.63,-1603.44,-240.71
HECA,LIMC,1,20,-50.22,7.89,-60.18,-36.73,-0.17,0.05,-0.23,-0.09,-422.24,124.63,-572.98,-221.43
HECA,LIRF,0,123,-33.73,22.86,-61.68,5.68,-0.1,0.08,-0.21,0.01,-226.39,182.36,-498.95,32.34
HECA,LOWW,0,60,11.16,19.63,-15.6,49.28,0.01,0.05,-0.07,0.1,28.51,136.91,-207.88,238.41
HECA,LTFM,0,200,-14.2,21.53,-43.54,15.84,-0.01,0.09,-0.12,0.12,-43.0,291.83,-481.45,364.87
HECA,OLBA,0,152,-19.76,11.0,-37.58,-3.31,-0.04,0.06,-0.12,0.05,-96.18,148.83,-298.03,121.73
HECA,UUDD,0,60,-10.92,36.07,-46.18,12.76,-0.11,0.09,-0.21,-0.01,-300.78,495.75,-506.97,-13.27
HEGN,EDDF,0,25,-12.0,22.02,-41.76,24.12,-0.07,0.11,-0.24,0.08,-329.96,634.98,-1371.46,483.6
HEGN,EDDF,1,9,-19.37,19.07,-43.6,-0.64,-0.1,0.06,-0.18,-0.02,-369.17,369.45,-1014.58,-70.92
HEGN,EDDF,2,15,-36.77,12.28,-52.54,-19.56,-0.15,0.16,-0.45,0.03,-580.53,896.93,-2709.99,70.26
HEGN,EDDL,0,34,-4.16,16.25,-24.32,20.02,0.04,0.07,-0.04,0.16,91.2,153.64,-93.72,372.97
HEGN,EDDM,0,15,11.21,10.13,-4.25,22.63,0.01,0.07,-0.08,0.12,26.69,193.62,-229.72,322.57
HEGN,EDDM,1,41,16.02,16.9,-1.0,40.9,-0.01,0.07,-0.12,0.09,-27.8,189.63,-317.3,227.4
HEGN,LSZH,0,17,-9.96,21.15,-30.0,20.52,-0.05,0.13,-0.24,0.11,-134.31,320.47,-606.9,280.26
HEGN,LSZH,1,43,16.32,12.93,-0.48,34.08,-0.01,0.13,-0.2,0.25,-23.43,328.24,-509.3,586.29
HESH,LIMC,0,49,-48.88,12.34,-61.88,-25.2,-0.21,0.07,-0.31,-0.1,-600.31,329.63,-1437.98,-250.0
HESH,LIMC,1,28,-46.32,14.1,-68.1,-29.14,-0.2,0.07,-0.31,-0.1,-567.27,285.93,-1099.47,-231.22
HESH,UUEE,0,38,-92.53,34.17,-129.17,-10.66,-0.28,0.15,-0.46,-0.03,-1729.52,951.84,-2825.39,-150.81
HESH,UUEE,1,16,7.67,34.67,-19.45,72.15,0.13,0.13,-0.02,0.34,364.36,352.79,-56.47,940.7
HKJK,EBLG,0,2,-45.45,5.44,-48.92,-41.98,-0.06,0.04,-0.08,-0.04,-455.0,275.77,-630.5,-279.5
HKJK,EBLG,1,10,-29.27,13.96,-49.44,-12.44,-0.05,0.06,-0.12,0.03,-352.08,451.59,-925.51,255.14
HKJK,EBLG,2,5,25.06,21.5,-0.18,47.34,0.14,0.07,0.08,0.23,1066.0,562.17,650.0,1820.0
HKJK,EGLL,0,25,5.27,22.22,-27.64,38.34,0.03,0.13,-0.12,0.2,197.62,725.34,-622.82,1139.04
HKJK,EGLL,1,48,19.2,21.24,-5.26,49.69,-0.01,0.15,-0.25,0.21,-24.09,813.64,-1344.58,1187.79
HKJK,EHAM,0,41,-8.46,14.18,-28.0,10.8,0.01,0.09,-0.17,0.13,75.8,568.22,-888.4,819.8
HKJK,EHAM,1,22,21.13,17.44,-0.27,48.95,-0.12,0.17,-0.3,0.1,-600.7,955.31,-1584.41,811.92
HKJK,LFPG,0,20,-12.98,33.84,-64.82,26.73,-0.03,0.12,-0.24,0.17,-160.38,652.68,-1264.54,935.38
HKJK,LFPG,1,16,-10.94,28.0,-47.78,27.2,-0.03,0.14,-0.3,0.16,-151.46,754.56,-1558.18,900.2
HKJK,LFPG,2,17,12.28,36.29,-34.9,57.46,0.08,0.12,-0.08,0.28,427.74,667.69,-404.98,1513.98
HKJK,LFPG,3,27,32.87,29.55,-15.38,88.14,0.1,0.13,-0.12,0.27,525.21,684.45,-628.62,1460.22
HKJK,LTFM,0,50,-32.52,20.46,-64.36,0.77,0.02,0.37,-0.22,0.24,-157.06,960.38,-1231.01,681.37
HLLB,DTTA,0,76,9.5,10.89,0.1,20.15,0.11,0.05,0.05,0.18,273.33,114.43,113.92,460.4
HLLM,LTFM,0,159,-26.99,32.24,-65.71,10.31,0.01,0.11,-0.11,0.17,38.47,364.2,-312.53,516.77
KATL,EDDF,0,24,-49.88,18.93,-78.18,-22.48,-0.13,0.1,-0.29,0.02,-840.51,617.89,-1724.3,124.56
KATL,EDDF,1,42,-49.13,16.9,-72.55,-24.9,-0.1,0.09,-0.21,0.0,-663.42,603.18,-1384.12,35.64
KATL,EDDF,2,32,-37.28,16.14,-61.69,-8.6,-0.11,0.11,-0.28,0.07,-675.25,652.1,-1700.16,418.19
KATL,EGLL,0,82,24.71,15.6,5.94,56.92,0.17,0.11,0.01,0.36,992.16,685.96,54.38,2265.45
KATL,EGLL,1,33,17.99,17.17,-9.22,42.72,0.28,0.14,0.03,0.47,1593.42,838.6,156.38,2900.0
KATL,EHAM,0,27,5.67,14.64,-19.31,21.71,0.17,0.12,-0.0,0.32,1044.07,763.65,-25.57,2040.5
KATL,EHAM,1,76,13.94,9.88,-2.17,32.0,0.1,0.07,-0.02,0.2,642.26,484.7,-130.48,1409.45
KATL,EHAM,2,14,-10.76,21.94,-37.12,14.43,0.0,0.1,-0.12,0.14,60.71,658.02,-713.53,918.77
KATL,LFPG,0,41,-8.9,18.14,-37.3,19.2,0.02,0.1,-0.14,0.18,136.41,623.77,-839.4,1131.0
KATL,LFPG,1,18,-25.46,29.08,-63.08,28.29,-0.02,0.11,-0.23,0.14,-81.13,679.35,-1328.24,875.89
KATL,LFPG,2,33,-9.12,24.49,-57.7,16.5,0.17,0.11,-0.02,0.34,1032.87,684.17,-111.1,2095.08
KATL,LFPG,3,30,-5.82,21.59,-38.52,27.73,0.01,0.11,-0.14,0.2,61.43,665.22,-780.71,1298.86
KATL,LFPG,4,27,-4.82,20.96,-39.91,17.34,0.03,0.1,-0.14,0.16,190.4,591.85,-853.49,944.78
KATL,LIRF,0,40,-37.68,25.88,-65.51,5.12,-0.06,0.12,-0.19,0.16,-385.15,743.67,-1193.71,999.31
KATL,LIRF,1,20,-24.75,37.28,-86.38,25.21,-0.03,0.14,-0.23,0.14,-206.59,890.1,-1430.04,894.76
KBOS,EDDF,0,2,-47.65,19.45,-60.02,-35.28,-0.11,0.2,-0.24,0.01,-689.05,1207.81,-1457.7,79.59
KBOS,EGLL,0,34,24.04,12.39,11.1,48.25,0.19,0.14,0.02,0.45,1278.99,1108.55,99.73,3531.92
KBOS,EGLL,1,15,28.47,11.46,12.26,43.78,0.18,0.1,0.02,0.32,1194.45,822.74,130.23,2349.25
KBOS,EGLL,2,28,24.81,16.33,5.96,60.73,0.2,0.1,0.04,0.36,1031.0,874.02,176.89,2507.86
KBOS,EGLL,3,17,21.22,10.51,2.08,34.54,0.17,0.2,-0.12,0.44,864.3,1726.46,-1496.64,2798.66
KBOS,EGLL,4,32,20.0,11.0,1.89,39.02,0.18,0.1,0.04,0.35,1138.27,683.61,171.18,2139.41
KBOS,EGLL,5,87,18.44,20.42,-7.31,43.07,0.15,0.11,-0.01,0.32,1028.55,826.54,-36.3,2383.71
KBOS,EGLL,6,21,18.51,14.11,-1.8,35.7,0.17,0.13,0.03,0.33,1200.74,1416.43,129.9,2316.7
KBOS,EHAM,0,30,11.32,10.58,-4.11,26.11,0.08,0.07,-0.03,0.18,484.98,421.1,-164.51,1127.33
KBOS,EHAM,1,54,6.62,9.79,-1.9,19.2,0.05,0.07,-0.04,0.14,343.54,431.45,-209.46,895.15
KBOS,EIDW,0,23,-3.85,15.92,-25.98,22.61,-0.0,0.12,-0.16,0.21,-18.49,733.44,-974.47,1140.73
KBOS,EIDW,1,43,-10.92,19.01,-34.35,22.67,-0.05,0.12,-0.17,0.17,-297.34,714.24,-1001.32,964.1
KBOS,EIDW,2,25,-17.75,19.52,-49.38,5.86,-0.04,0.08,-0.15,0.11,-249.09,503.56,-822.0,665.78
KBOS,LFPG,0,19,-4.53,14.09,-28.75,8.34,0.06,0.09,-0.08,0.19,376.75,533.19,-445.95,1111.66
KBOS,LFPG,1,39,-13.64,17.37,-41.88,3.54,0.04,0.1,-0.12,0.17,250.59,569.32,-666.6,1000.0
KBOS,LFPG,2,21,-1.71,26.26,-36.3,37.9,0.05,0.15,-0.16,0.24,285.0,868.66,-880.5,1417.7
KBOS,LIRF,0,22,-52.11,22.02,-69.55,-19.24,-0.12,0.07,-0.19,-0.05,-757.35,406.48,-1149.38,-295.2
KBOS,LIRF,1,16,-38.04,19.46,-59.92,-9.07,-0.09,0.08,-0.18,0.04,-572.37,494.93,-1144.03,259.65
KBOS,LIRF,2,21,-43.91,22.39,-67.0,8.2,-0.17,0.12,-0.33,0.04,-1043.99,720.3,-2037.4,251.7
KBOS,LPPT,0,24,-13.08,28.34,-60.33,31.19,0.04,0.1,-0.08,0.23,154.73,346.32,-243.76,795.0
KBOS,LPPT,1,47,-16.43,24.92,-69.04,5.99,0.03,0.09,-0.13,0.2,62.97,271.94,-449.99,491.62
KBOS,LPPT,2,18,-7.03,34.68,-66.54,30.46,0.02,0.11,-0.15,0.17,131.55,596.96,-825.0,916.62
KBOS,LSZH,0,21,12.51,13.86,-9.7,37.2,0.01,0.13,-0.17,0.2,39.6,801.45,-1048.9,1214.2
KBOS,LSZH,1,20,11.76,15.38,-4.29,34.3,-0.01,0.13,-0.24,0.22,-82.16,826.88,-1474.84,1389.62
KBOS,LSZH,2,18,17.48,12.32,1.05,33.33,-0.0,0.16,-0.21,0.22,-3.73,972.2,-1295.7,1383.41
KCLT,EDDM,0,12,5.58,17.58,-24.61,26.62,-0.04,0.09,-0.15,0.08,-243.22,583.32,-1017.61,495.44
KCLT,EDDM,1,18,8.92,10.7,-3.62,27.64,-0.05,0.07,-0.15,0.05,-314.42,448.62,-988.22,361.23
KCLT,EGLL,0,28,10.89,17.95,-14.6,37.76,0.14,0.13,-0.04,0.33,926.42,828.89,-255.4,2168.65
KCLT,EGLL,1,24,25.15,13.92,9.41,49.74,0.16,0.11,0.01,0.38,1072.02,737.52,38.77,2497.43
KCLT,EGLL,2,22,17.49,23.99,-20.4,51.04,0.13,0.15,-0.1,0.36,874.5,1021.58,-642.0,2356.01
KCLT,EGLL,3,16,5.07,8.93,-7.7,18.0,0.16,0.12,-0.04,0.33,1044.19,816.03,-288.32,2151.43
KCVG,EDDP,0,35,-33.58,33.71,-87.49,15.0,-0.07,0.09,-0.21,0.07,-504.67,686.52,-1506.62,527.34
KCVG,EDDP,1,35,-20.89,23.19,-63.71,10.14,-0.04,0.1,-0.2,0.12,-314.73,797.68,-1593.39,806.0
KDEN,EDDF,0,20,-41.48,19.51,-71.68,-11.41,-0.1,0.09,-0.22,0.02,-532.65,475.83,-1216.36,135.64
KDEN,EDDF,1,14,-33.76,21.93,-61.74,0.87,-0.05,0.12,-0.23,0.13,-255.68,655.1,-1259.78,727.59
KDEN,EDDF,2,25,-32.73,19.35,-59.76,3.28,-0.08,0.13,-0.28,0.07,-448.98,693.67,-1535.1,390.52
KDEN,EDDM,0,33,6.33,19.12,-25.28,34.08,0.04,0.09,-0.1,0.21,219.47,538.47,-552.54,1204.24
KDEN,EDDM,1,27,12.11,15.27,-10.81,33.55,0.04,0.09,-0.08,0.2,204.7,507.19,-439.55,1097.47
KDEN,EGLL,0,21,19.37,12.59,6.5,42.9,0.19,0.1,0.07,0.34,1042.32,536.03,377.4,1882.2
KDEN,EGLL,1,16,11.56,26.04,-34.98,46.68,0.18,0.15,-0.02,0.39,1209.4,1020.24,-118.92,3079.38
KDEN,EGLL,2,17,24.69,19.28,2.54,58.92,0.23,0.14,0.04,0.43,1317.67,748.33,239.16,2487.36
KDEN,EGLL,3,36,26.5,20.04,-4.7,59.78,0.25,0.13,0.03,0.43,1450.21,761.34,174.25,2404.62
KDFW,EDDF,0,23,-21.62,26.22,-50.56,22.45,-0.09,0.11,-0.22,0.02,-471.86,619.75,-1120.11,169.03
KDFW,EDDF,1,47,-39.78,23.8,-66.4,-2.72,-0.09,0.07,-0.2,0.01,-557.78,467.16,-1534.25,34.55
KDFW,EGLL,0,31,21.68,14.77,4.95,46.65,0.15,0.14,-0.05,0.34,1160.6,1029.38,-365.1,2420.75
KDFW,EGLL,1,67,23.0,21.32,-0.71,67.53,0.15,0.15,-0.05,0.39,1257.16,1402.21,-329.46,4113.32
KDFW,EGLL,2,44,14.34,13.54,-2.85,39.66,0.15,0.17,-0.08,0.54,1296.86,1628.51,-948.84,3800.8
KDFW,EGLL,3,3,32.1,22.84,9.79,49.3,0.24,0.15,0.09,0.36,2697.07,2030.09,741.41,4319.36
KDFW,LEMD,0,32,-7.72,18.69,-36.17,19.91,-0.01,0.12,-0.2,0.14,-108.04,724.74,-1209.0,825.0
KDFW,LEMD,1,27,0.84,15.01,-18.44,21.49,0.03,0.16,-0.19,0.3,141.66,935.61,-1209.01,1685.51
KDFW,LFPG,0,24,-20.79,30.46,-56.02,33.04,0.1,0.09,-0.02,0.27,561.07,517.66,-124.86,1559.38
KDFW,LFPG,1,22,-13.98,19.33,-46.92,5.89,0.08,0.08,-0.05,0.2,460.27,472.96,-288.26,1178.35
KDFW,LFPG,2,17,-11.2,26.22,-46.98,23.44,0.07,0.11,-0.08,0.22,409.86,648.52,-498.18,1249.62
KDFW,OTHH,0,15,8.52,14.21,-12.74,30.0,0.02,0.1,-0.13,0.18,152.75,704.86,-782.37,1385.4
KDFW,OTHH,1,22,7.78,15.08,-17.49,27.44,0.02,0.1,-0.17,0.18,113.6,636.06,-1016.06,1021.56
KDFW,OTHH,2,24,14.17,21.87,-4.39,29.57,0.02,0.12,-0.13,0.1,187.06,915.64,-975.87,750.34
KDTW,EDDF,0,30,-49.24,22.86,-78.64,-26.38,-0.13,0.11,-0.29,0.06,-732.2,645.03,-1694.0,344.73
KDTW,EDDF,1,27,-33.44,18.67,-63.13,-5.93,-0.13,0.1,-0.29,0.0,-746.45,573.98,-1729.18,20.3
KDTW,EGLL,0,17,20.72,11.57,7.4,37.52,0.21,0.1,0.08,0.35,1254.06,586.5,453.36,2084.66
KDTW,EGLL,1,18,30.3,15.89,9.54,55.4,0.17,0.1,0.04,0.32,1046.68,616.75,229.45,1923.7
KDTW,EGLL,2,16,13.41,9.18,-0.5,24.5,0.19,0.11,0.02,0.38,1135.14,668.16,100.0,2267.95
KDTW,EHAM,0,30,6.33,11.93,-12.86,22.27,0.12,0.07,0.02,0.22,703.88,426.17,112.16,1293.68
KDTW,EHAM,1,29,12.96,18.44,-24.62,34.88,0.08,0.08,-0.03,0.21,507.39,518.68,-188.18,1300.6
KDTW,EHAM,2,29,2.77,12.52,-22.68,16.58,0.13,0.06,0.04,0.2,769.7,373.23,211.86,1221.02
KDTW,LFPG,0,34,-12.25,18.8,-39.76,9.6,0.07,0.1,-0.11,0.22,450.14,632.23,-676.64,1353.11
KDTW,LFPG,1,26,-6.37,18.99,-35.38,20.5,0.07,0.12,-0.1,0.26,442.69,720.57,-606.7,1627.22
KEWR,EDDF,0,27,-44.39,18.86,-68.07,-19.18,-0.13,0.12,-0.31,0.03,-860.46,776.13,-1906.74,150.9
KEWR,EDDF,1,22,-38.26,26.82,-59.4,-18.8,-0.19,0.13,-0.42,-0.04,-1327.54,825.3,-2930.54,-314.06
KEWR,EDDF,2,10,-47.68,19.35,-67.86,-22.59,-0.14,0.12,-0.31,0.04,-865.62,702.82,-1725.16,237.42
KEWR,EDDM,0,7,9.9,16.34,-9.61,31.88,-0.09,0.14,-0.3,0.05,-503.29,787.38,-1623.09,258.35
KEWR,EDDM,1,23,6.42,25.99,-31.33,37.35,-0.09,0.14,-0.31,0.11,-494.47,753.59,-1695.91,578.39
KEWR,EGLL,0,38,24.56,17.79,2.25,59.38,0.18,0.14,-0.02,0.4,1082.68,894.68,-108.74,2198.24
KEWR,EGLL,1,96,22.93,12.92,5.9,45.8,0.24,0.15,0.02,0.49,1441.42,948.13,130.2,3093.98
KEWR,EGLL,2,52,21.71,20.48,5.24,45.26,0.22,0.15,-0.07,0.48,1334.84,969.72,-428.39,3170.32
KEWR,EGLL,3,33,16.55,16.09,-8.78,44.72,0.22,0.21,-0.06,0.62,1318.76,1301.58,-311.3,3971.02
KEWR,EGLL,4,46,10.51,26.44,-20.75,30.08,0.21,0.16,0.04,0.5,1309.96,963.71,228.9,3061.95
KEWR,EGPH,0,23,1.73,23.45,-27.42,23.94,0.04,0.14,-0.12,0.15,162.84,555.83,-480.99,606.11
KEWR,EGPH,1,17,16.43,63.23,-22.78,67.96,0.05,0.32,-0.18,0.4,201.98,1276.27,-708.0,1582.5
KEWR,EGPH,2,19,14.28,15.41,-9.14,41.44,0.02,0.11,-0.12,0.22,67.19,432.82,-470.14,874.62
KEWR,EIDW,0,39,-16.95,28.7,-59.67,9.08,-0.09,0.13,-0.22,0.04,-387.12,616.53,-1128.6,149.88
KEWR,EIDW,1,20,-17.58,28.2,-81.78,9.44,-0.09,0.14,-0.29,0.11,-385.62,713.04,-1260.16,709.26
KEWR,EIDW,2,31,-38.63,119.64,-50.85,19.0,-0.14,0.26,-0.29,0.03,-580.4,1414.51,-1196.65,165.0
KEWR,LFPG,0,43,1.73,16.84,-38.14,22.43,0.06,0.13,-0.16,0.24,351.22,837.89,-1079.66,1577.82
KEWR,LFPG,1,39,-1.11,25.18,-20.64,35.89,0.05,0.15,-0.19,0.33,271.09,864.32,-1284.22,1808.5
KEWR,LFPG,2,22,4.67,18.49,-17.56,37.28,0.07,0.1,-0.07,0.19,452.61,617.36,-437.12,1045.4
KEWR,LFPO,0,41,-42.8,19.5,-66.2,-14.1,-0.01,0.1,-0.18,0.15,41.29,379.93,-464.5,604.1
KEWR,LFPO,1,17,-54.88,23.46,-90.58,-24.24,-0.05,0.11,-0.22,0.12,-103.31,448.88,-602.24,718.88
KEWR,LGAV,0,30,12.01,29.72,-27.5,49.18,0.11,0.1,-0.02,0.29,839.95,753.74,-152.56,2240.89
KEWR,LGAV,1,29,-2.22,22.1,-32.84,33.04,0.0,0.11,-0.12,0.22,46.85,847.81,-796.72,1738.54
KEWR,LIMC,0,27,-64.38,30.66,-98.41,-38.83,-0.21,0.12,-0.41,-0.07,-1182.38,947.37,-2673.39,-204.03
KEWR,LIMC,1,26,-44.91,26.44,-76.52,0.38,-0.1,0.17,-0.35,0.25,-593.67,953.8,-2309.55,803.6
KEWR,LIRF,0,27,-38.56,24.15,-68.75,-1.05,-0.07,0.16,-0.24,0.25,-446.8,1064.79,-1603.64,1648.88
KEWR,LIRF,1,31,-27.59,29.56,-62.05,17.2,-0.04,0.12,-0.2,0.18,-276.06,806.6,-1320.75,1155.3
KEWR,LLBG,0,40,10.8,23.59,-14.86,42.01,0.06,0.09,-0.08,0.19,359.74,573.11,-462.02,1213.36
KEWR,LLBG,1,19,14.78,18.27,-4.71,40.39,0.05,0.08,-0.05,0.2,303.36,502.52,-335.83,1120.0
KEWR,LLBG,2,39,1.75,16.85,-19.37,27.01,-0.01,0.09,-0.14,0.12,-56.71,555.37,-755.06,680.67
KEWR,LPPR,0,18,-2.42,19.12,-21.58,24.83,0.05,0.12,-0.1,0.26,112.96,334.74,-410.0,656.26
KEWR,LPPR,1,19,-16.98,28.81,-63.2,19.37,-0.07,0.11,-0.24,0.08,-302.33,435.31,-966.63,220.9
KEWR,LPPR,2,22,-9.97,24.75,-40.03,26.02,-0.02,0.09,-0.13,0.13,-61.55,296.34,-331.31,447.88
KEWR,LPPT,0,32,-10.15,35.5,-62.48,55.73,0.06,0.12,-0.09,0.29,295.93,618.9,-259.0,1227.01
KEWR,LPPT,1,38,-20.05,27.31,-65.63,16.66,-0.0,0.11,-0.13,0.18,23.39,474.41,-665.5,764.63
KEWR,LPPT,2,19,-13.13,35.62,-81.98,31.82,0.05,0.13,-0.12,0.2,320.72,764.86,-765.0,1210.0
KEWR,LSZH,0,20,1.75,19.7,-34.88,23.99,-0.01,0.09,-0.14,0.09,-55.38,529.45,-795.32,567.09
KEWR,LSZH,1,24,6.82,12.35,-6.5,25.25,-0.05,0.12,-0.23,0.1,-286.68,670.61,-1388.44,537.66
KEWR,LSZH,2,15,6.72,8.7,-4.72,22.64,-0.06,0.11,-0.21,0.07,-366.91,620.53,-1271.11,383.61
KIAD,EDDF,0,21,-39.23,51.21,-166.0,8.7,-0.09,0.1,-0.29,0.05,-710.66,764.19,-2246.8,379.2
KIAD,EDDF,1,23,-44.84,16.32,-65.07,-16.27,-0.16,0.11,-0.34,-0.04,-1097.46,738.76,-2246.54,-239.03
KIAD,EDDF,2,7,-56.06,23.79,-91.78,-34.26,-0.19,0.11,-0.33,-0.03,-1309.8,855.2,-2450.71,-228.36
KIAD,EDDF,3,11,-41.75,19.53,-71.2,-14.4,-0.17,0.11,-0.3,0.01,-1194.84,789.3,-2152.75,98.75
KIAD,EDDM,0,8,17.05,32.46,-5.52,70.38,-0.05,0.12,-0.23,0.07,-347.17,794.65,-1518.9,480.35
KIAD,EDDM,1,19,19.56,15.12,1.1,42.34,-0.01,0.08,-0.14,0.1,-84.63,524.17,-893.96,690.43
KIAD,EGLL,0,13,22.4,9.8,7.78,35.26,0.22,0.09,0.11,0.33,1265.09,460.46,650.82,1818.66
KIAD,EGLL,1,28,9.71,66.96,-139.31,51.07,0.19,0.12,0.04,0.34,1321.95,915.29,218.04,2373.88
KIAD,EGLL,2,47,30.62,29.5,4.63,70.94,0.19,0.17,-0.04,0.51,1337.81,1185.72,-217.35,3314.41
KIAD,EGLL,3,43,22.51,23.76,-9.62,52.88,0.18,0.16,-0.1,0.42,1179.46,1075.55,-612.39,3058.38
KIAD,EGLL,4,25,21.32,13.21,3.94,41.64,0.22,0.14,-0.01,0.44,1547.95,1422.55,-45.08,4333.98
KIAD,EGLL,5,18,16.63,42.85,-20.97,44.05,0.12,0.17,-0.16,0.31,663.32,978.44,-1032.62,1860.55
KIAD,EHAM,0,40,14.36,11.88,0.65,34.17,0.07,0.1,-0.12,0.2,405.02,577.45,-632.65,1219.47
KIAD,EHAM,1,15,9.87,16.08,-15.76,27.21,0.1,0.16,-0.14,0.35,565.71,869.74,-772.59,1904.07
KIAD,EIDW,0,56,-8.27,20.84,-40.78,20.9,-0.06,0.12,-0.22,0.12,-208.37,555.43,-1099.6,599.0
KIAD,EIDW,1,32,-2.6,23.42,-38.95,33.29,0.0,0.14,-0.17,0.18,116.34,731.73,-625.62,1080.01
KIAD,LFPG,0,34,8.51,19.9,-24.0,41.69,0.06,0.12,-0.14,0.2,429.9,838.94,-927.72,1577.43
KIAD,LFPG,1,35,2.63,37.27,-52.24,37.66,0.08,0.1,-0.11,0.22,577.79,739.38,-801.09,1637.35
KIAD,LFPG,2,42,1.05,20.67,-34.76,29.36,0.04,0.1,-0.08,0.22,315.85,684.84,-581.78,1268.21
KIAD,LFPG,3,7,-32.34,11.42,-47.17,-17.42,-0.11,0.13,-0.31,-0.01,-652.33,719.14,-1746.56,-91.9
KIAD,LIRF,0,59,-36.74,29.17,-74.96,18.07,-0.12,0.14,-0.3,0.12,-752.46,855.17,-1886.95,719.5
KIAD,LPPT,0,18,16.79,31.32,-14.95,63.65,0.04,0.14,-0.18,0.22,109.82,582.29,-778.55,753.39
KIAD,LPPT,1,41,3.6,22.26,-36.8,45.0,0.07,0.11,-0.1,0.2,181.91,339.47,-291.7,725.7
KIAD,LPPT,2,15,-9.99,25.87,-47.44,24.83,-0.01,0.12,-0.17,0.2,-91.77,441.75,-659.98,559.99
KIAD,LTFM,0,42,-16.47,36.67,-45.66,30.66,0.07,0.17,-0.07,0.19,463.34,1242.46,-513.5,1454.23
KIAD,LTFM,1,18,-55.63,119.45,-158.56,1.94,-0.01,0.09,-0.12,0.14,-86.69,591.59,-949.0,911.0
KIAD,OTHH,0,27,23.63,22.4,-1.79,62.74,0.07,0.08,-0.02,0.22,474.11,557.04,-113.91,1654.89
KIAD,OTHH,1,33,27.97,32.8,-6.86,93.32,0.07,0.12,-0.12,0.23,548.12,813.03,-691.18,1688.0
KIAH,EDDF,0,18,-37.23,16.72,-62.3,-13.75,-0.14,0.11,-0.34,-0.02,-944.91,733.16,-2221.18,-150.31
KIAH,EDDF,1,12,-50.4,29.05,-98.6,-22.93,-0.2,0.1,-0.38,-0.09,-1389.09,710.66,-2714.51,-635.38
KIAH,EDDF,2,11,-45.15,15.5,-67.5,-26.9,-0.13,0.07,-0.21,-0.03,-836.52,434.21,-1408.0,-240.2
KIAH,EGLL,0,23,18.93,12.51,3.87,40.08,0.17,0.11,0.02,0.33,1058.28,687.15,102.27,1875.09
KIAH,EGLL,1,55,23.09,14.59,5.03,48.81,0.16,0.14,-0.08,0.38,1020.9,937.74,-512.6,2496.35
KIAH,EGLL,2,36,18.24,17.55,-9.38,45.45,0.21,0.1,0.05,0.35,1382.61,733.43,323.25,2325.95
KIAH,EHAM,0,23,12.33,23.55,-16.25,60.53,0.06,0.1,-0.09,0.23,348.8,619.63,-568.88,1447.86
KIAH,EHAM,1,32,12.38,14.69,-11.92,40.45,0.07,0.12,-0.14,0.23,434.34,801.46,-911.75,1497.42
KIAH,LTFM,0,19,-34.52,26.06,-67.34,1.4,-0.04,0.07,-0.13,0.09,-319.84,483.36,-1053.0,467.56
KIAH,LTFM,1,22,-14.07,26.87,-42.85,34.61,-0.03,0.13,-0.17,0.11,-208.73,978.02,-1271.67,887.41
KIAH,LTFM,2,15,-27.69,28.61,-78.57,0.56,-0.06,0.1,-0.21,0.08,-432.0,740.98,-1612.0,511.8
KJFK,EBBR,0,17,39.19,18.76,17.54,72.8,0.17,0.12,-0.07,0.31,985.27,689.59,-366.62,1929.66
KJFK,EBBR,1,9,27.14,9.98,17.84,42.68,0.09,0.04,0.03,0.14,527.23,242.77,155.84,826.02
KJFK,EBBR,2,35,21.5,14.05,-3.05,41.37,0.03,0.09,-0.12,0.18,149.13,529.4,-749.12,971.69
KJFK,EDDF,0,31,-41.66,17.12,-74.65,-19.2,-0.04,0.08,-0.17,0.09,-211.73,517.7,-955.0,685.75
KJFK,EDDF,1,35,-53.07,23.59,-80.29,-3.35,-0.15,0.1,-0.3,0.04,-919.02,635.06,-1782.31,315.01
KJFK,EDDF,2,15,-35.33,17.3,-55.9,-11.91,-0.09,0.1,-0.2,0.07,-500.85,631.74,-1218.18,488.62
KJFK,EDDF,3,5,-67.88,41.79,-102.74,-14.38,-0.15,0.15,-0.29,0.05,-1039.68,1016.61,-2006.5,270.94
KJFK,EDDF,4,21,-48.08,17.71,-66.1,-18.6,-0.07,0.1,-0.22,0.05,-508.67,685.29,-1726.8,252.0
KJFK,EGCC,0,17,8.56,29.54,-27.38,40.1,-0.01,0.1,-0.16,0.13,-27.98,600.11,-926.66,810.06
KJFK,EGCC,1,26,16.52,11.84,2.92,34.35,0.1,0.07,-0.0,0.17,622.56,438.1,-25.4,1060.05
KJFK,EGCC,2,17,15.17,16.75,-2.88,42.54,-0.0,0.09,-0.14,0.13,-10.56,547.38,-841.84,743.1
KJFK,EGKK,0,24,19.39,24.67,-20.35,61.92,0.25,0.17,-0.01,0.54,1412.45,968.75,-31.9,2997.5
KJFK,EGKK,1,55,17.42,24.6,-5.36,38.27,0.15,0.16,-0.08,0.46,688.77,846.86,-204.2,2396.68
KJFK,EGKK,2,18,13.03,10.24,-5.93,23.47,0.11,0.1,-0.01,0.3,575.86,642.2,-53.02,1956.75
KJFK,EGKK,3,16,14.24,21.24,-23.28,40.3,0.25,0.18,-0.05,0.48,1500.64,1070.41,-192.85,2977.5
KJFK,EGLL,0,46,18.12,8.96,8.35,32.25,0.25,0.13,0.06,0.46,1745.22,1027.68,346.82,3547.92
KJFK,EGLL,1,60,27.62,14.78,1.38,47.71,0.13,0.13,-0.07,0.35,666.66,808.67,-260.37,2053.32
KJFK,EGLL,2,177,20.46,14.99,0.62,49.24,0.19,0.15,-0.03,0.46,1185.69,959.39,-126.12,3074.06
KJFK,EGLL,3,40,24.65,17.06,7.06,48.58,0.27,0.13,0.09,0.49,1828.87,963.4,568.96,3512.92
KJFK,EGLL,4,31,21.33,17.42,-1.5,56.05,0.24,0.1,0.08,0.36,1753.94,770.8,499.3,2844.85
KJFK,EGLL,5,49,27.43,18.0,3.92,61.04,0.27,0.08,0.15,0.39,1795.56,663.18,832.92,2887.28
KJFK,EGLL,6,22,-11.94,31.85,-35.62,15.78,0.13,0.1,-0.02,0.27,768.25,624.22,-151.98,1672.93
KJFK,EGLL,7,19,19.12,14.15,-5.16,33.55,0.14,0.12,-0.1,0.28,989.39,855.06,-416.38,2210.84
KJFK,EGLL,8,42,30.52,22.94,6.92,72.6,0.23,0.5,-0.07,0.49,1245.96,1592.89,-454.92,3696.58
KJFK,EGLL,9,71,25.05,19.34,-0.55,58.15,0.17,0.16,-0.08,0.41,1071.01,1083.34,-382.25,2585.75
KJFK,EGLL,10,73,27.44,15.96,4.58,57.4,0.29,0.13,0.12,0.53,1920.87,982.74,682.18,3844.0
KJFK,EGLL,11,30,24.09,17.17,-2.12,56.3,0.28,0.11,0.12,0.44,1922.6,777.88,622.44,3020.47
KJFK,EHAM,0,65,4.48,13.7,-16.28,24.2,0.05,0.08,-0.09,0.15,274.71,383.37,-234.82,931.34
KJFK,EHAM,1,47,15.51,17.5,-3.38,55.01,0.2,0.08,0.07,0.33,1191.7,541.73,291.64,2011.08
KJFK,EHAM,2,54,10.0,12.72,-3.71,32.61,0.17,0.07,0.05,0.26,1017.67,433.3,287.98,1691.26
KJFK,EIDW,0,18,-9.53,19.85,-41.15,22.94,0.04,0.09,-0.1,0.16,233.4,560.76,-608.53,966.09
KJFK,EIDW,1,14,0.04,30.01,-39.07,46.41,0.05,0.13,-0.1,0.27,335.32,777.09,-552.1,1554.23
KJFK,EIDW,2,36,-19.71,27.81,-56.52,2.85,-0.03,0.21,-0.25,0.29,-191.39,1219.7,-1578.05,1638.82
KJFK,EIDW,3,21,-9.88,22.03,-42.9,21.8,0.01,0.09,-0.1,0.17,61.67,550.37,-592.4,947.3
KJFK,EKCH,0,24,-14.28,23.5,-58.37,18.41,-0.09,0.09,-0.23,0.07,-496.22,507.67,-1273.9,443.21
KJFK,EKCH,1,36,-4.55,19.01,-34.22,24.22,-0.05,0.11,-0.2,0.16,-273.83,622.8,-1195.88,973.95
KJFK,EPWA,0,27,-27.89,23.71,-63.38,5.96,0.02,0.09,-0.11,0.14,88.26,491.71,-599.9,731.18
KJFK,EPWA,1,30,-26.52,27.33,-69.01,8.22,-0.01,0.09,-0.16,0.11,-70.32,479.47,-877.42,564.55
KJFK,GMMN,0,36,0.62,16.35,-22.4,29.92,0.06,0.05,-0.03,0.15,339.16,281.97,-190.62,787.92
KJFK,GMMN,1,15,-0.75,14.07,-15.62,23.1,0.08,0.05,-0.0,0.15,412.68,291.23,-6.44,834.28
KJFK,LEBL,0,22,-9.15,19.75,-41.64,11.29,0.08,0.12,-0.07,0.35,460.24,706.27,-402.56,2018.82
KJFK,LEBL,1,35,-8.13,19.72,-44.67,22.49,-0.02,0.13,-0.16,0.12,-138.22,735.49,-974.98,753.03
KJFK,LEBL,2,32,-7.0,13.76,-25.74,16.4,-0.01,0.09,-0.14,0.16,-60.37,557.03,-844.37,1043.82
KJFK,LEMD,0,83,-6.05,15.28,-25.06,13.42,0.03,0.11,-0.13,0.2,190.12,631.17,-766.06,1182.53
KJFK,LEMD,1,58,-3.8,19.36,-28.3,29.53,0.05,0.12,-0.13,0.25,279.76,693.87,-781.18,1351.24
KJFK,LFPG,0,50,-11.98,25.66,-50.16,33.98,0.05,0.08,-0.1,0.18,336.65,547.92,-313.01,1308.03
KJFK,LFPG,1,59,-13.58,19.39,-44.14,12.83,0.05,0.1,-0.11,0.2,351.07,767.02,-812.69,1583.4
KJFK,LFPG,2,14,-4.32,29.43,-45.62,34.11,0.12,0.15,-0.12,0.34,879.96,1114.41,-676.68,2637.5
KJFK,LFPG,3,54,3.62,22.56,-32.0,41.19,0.14,0.1,-0.03,0.3,966.83,785.02,-171.67,2371.21
KJFK,LFPG,4,90,-9.51,20.36,-42.58,17.18,0.03,0.1,-0.11,0.18,261.28,648.16,-612.35,1243.66
KJFK,LFPG,5,23,0.78,26.37,-39.69,38.7,0.16,0.13,-0.06,0.32,1100.13,1003.64,-325.29,2502.04
KJFK,LFPG,6,18,-14.53,19.05,-38.28,11.63,0.08,0.11,-0.05,0.27,557.87,843.15,-333.9,1859.54
KJFK,LFPG,7,38,-4.77,26.55,-42.4,35.03,0.05,0.08,-0.1,0.16,325.02,497.86,-514.9,1009.37
KJFK,LGAV,0,59,-5.83,21.34,-26.79,42.22,-0.01,0.13,-0.19,0.22,-103.58,732.08,-1231.57,1179.15
KJFK,LGAV,1,24,7.07,25.11,-29.5,51.92,0.05,0.09,-0.07,0.17,317.75,548.32,-451.94,1078.97
KJFK,LIMC,0,32,-50.77,17.32,-76.28,-24.34,-0.18,0.09,-0.32,-0.06,-1377.36,863.63,-3221.83,-378.37
KJFK,LIMC,1,39,-45.64,22.06,-70.51,6.94,-0.13,0.15,-0.33,0.09,-949.02,1242.16,-2623.65,926.83
KJFK,LIMC,2,21,-63.52,28.51,-97.6,-21.1,-0.22,0.13,-0.38,0.06,-1401.06,1012.94,-2879.6,400.3
KJFK,LIMC,3,25,-44.14,34.11,-106.54,6.6,-0.09,0.13,-0.3,0.08,-726.5,1037.91,-2354.0,548.82
KJFK,LIMC,4,45,-55.83,23.6,-88.1,-3.62,-0.19,0.14,-0.39,0.05,-1220.12,919.4,-2480.0,380.0
KJFK,LIRF,0,23,-17.34,27.76,-60.0,27.32,-0.02,0.12,-0.23,0.17,-95.93,729.32,-1497.65,979.49
KJFK,LIRF,1,24,-38.93,30.48,-76.3,8.3,-0.11,0.1,-0.24,0.06,-609.57,615.15,-1398.6,426.95
KJFK,LIRF,2,71,-44.92,22.41,-73.0,0.4,-0.12,0.1,-0.24,0.07,-673.62,620.77,-1403.25,432.45
KJFK,LIRF,3,14,-23.56,28.12,-65.98,12.3,0.03,0.09,-0.11,0.16,221.64,565.46,-619.47,1005.62
KJFK,LIRF,4,51,-38.51,23.77,-69.25,1.35,-0.11,0.09,-0.23,0.02,-652.88,494.26,-1345.0,95.5
KJFK,LIRF,5,22,-26.75,34.25,-55.85,43.71,-0.14,0.11,-0.29,0.06,-814.67,658.54,-1742.58,401.83
KJFK,LIRF,6,16,-23.8,40.07,-81.07,34.88,0.03,0.15,-0.17,0.21,158.24,849.51,-911.98,1187.92
KJFK,LIRF,7,19,-44.95,21.48,-74.83,-11.45,-0.04,0.12,-0.18,0.2,-229.65,662.22,-990.49,1079.14
KJFK,LLBG,0,29,11.84,13.19,-4.2,37.44,0.09,0.12,-0.1,0.27,509.06,702.08,-661.12,1552.8
KJFK,LLBG,1,50,12.58,14.87,-5.92,38.41,0.06,0.11,-0.09,0.22,338.67,635.73,-550.0,1394.0
KJFK,LLBG,2,32,4.49,13.97,-18.76,24.38,0.07,0.12,-0.12,0.23,377.47,675.79,-621.3,1260.0
KJFK,LPPT,0,21,-5.53,18.91,-41.9,22.4,0.04,0.09,-0.08,0.22,238.49,502.8,-458.4,1170.0
KJFK,LPPT,1,18,-5.69,29.66,-55.22,42.43,0.09,0.12,-0.07,0.27,506.84,630.95,-407.95,1476.11
KJFK,LPPT,2,22,-26.39,28.98,-73.08,6.68,-0.0,0.09,-0.18,0.08,-21.83,469.23,-998.38,453.48
KJFK,LSGG,0,31,-18.19,18.04,-34.1,1.9,-0.06,0.14,-0.31,0.11,-371.44,805.68,-1792.7,636.3
KJFK,LSGG,1,29,-14.23,16.3,-33.86,19.36,-0.08,0.17,-0.35,0.25,-504.63,1037.73,-2190.66,1377.76
KJFK,LSZH,0,24,15.21,14.83,-4.31,38.02,0.06,0.14,-0.14,0.27,358.45,839.64,-854.1,1668.24
KJFK,LSZH,1,22,16.74,19.67,-4.85,53.88,0.11,0.16,-0.14,0.4,653.21,988.03,-888.85,2484.86
KJFK,LSZH,2,43,3.93,14.33,-26.81,28.98,0.03,0.1,-0.11,0.19,196.76,616.74,-653.07,1156.29
KJFK,LTFM,0,24,-11.25,41.63,-49.92,52.47,-0.04,0.13,-0.17,0.21,-203.75,869.21,-1033.4,1651.0
KJFK,LTFM,1,59,-32.03,32.24,-75.93,8.42,-0.05,0.11,-0.18,0.13,-294.52,752.2,-1105.64,909.32
KJFK,LTFM,2,36,-27.44,28.8,-69.55,12.05,-0.05,0.12,-0.17,0.12,-303.55,844.99,-1033.32,849.18
KJFK,OMAA,0,22,26.41,12.38,3.82,47.5,0.15,0.08,0.01,0.26,818.64,418.9,35.41,1439.3
KJFK,OMAA,1,21,29.4,16.74,7.8,52.9,0.16,0.08,0.02,0.27,871.26,476.37,87.1,1562.8
KJFK,OMAA,2,17,23.86,19.95,-6.24,45.44,0.05,0.09,-0.09,0.19,286.34,512.63,-480.64,1020.56
KJFK,OMDB,0,20,25.86,33.41,-10.24,81.84,0.16,0.11,0.02,0.32,1961.18,1285.07,294.37,3877.7
KJFK,OMDB,1,22,20.6,19.97,-3.55,47.31,0.13,0.14,-0.14,0.28,1578.48,1678.04,-1624.16,3394.0
KJFK,OMDB,2,17,19.86,16.03,-1.08,42.96,0.21,0.14,0.04,0.41,2559.02,1694.39,465.34,4921.36
KJFK,OTHH,0,59,28.76,19.54,1.31,58.44,0.09,0.13,-0.13,0.31,606.39,928.4,-985.15,1961.67
KJFK,OTHH,1,31,29.07,36.24,-21.6,86.45,0.09,0.13,-0.08,0.3,579.18,888.31,-524.65,2041.75
KJFK,VIDP,0,29,31.7,33.09,-11.54,90.0,0.11,0.13,-0.1,0.29,883.33,995.1,-791.26,2245.1
KJFK,VIDP,1,29,26.48,58.31,-24.54,103.28,0.1,0.23,-0.16,0.41,816.54,1820.85,-1234.58,3163.34
KLAS,EGLL,0,37,22.89,15.16,4.42,46.82,0.12,0.14,-0.07,0.37,693.78,786.06,-398.46,2148.38
KLAS,EGLL,1,22,22.14,20.6,-0.08,52.13,0.15,0.17,-0.05,0.45,870.05,992.48,-258.99,2592.67
KLAX,EDDF,0,8,-72.26,13.55,-84.74,-50.36,-0.11,0.1,-0.23,0.02,-666.54,549.81,-1314.3,86.45
KLAX,EDDF,1,19,-53.23,14.45,-74.72,-28.39,-0.11,0.07,-0.2,-0.01,-717.45,434.61,-1223.0,-127.92
KLAX,EDDF,2,5,-54.38,28.57,-92.44,-29.24,-0.14,0.15,-0.34,-0.02,-876.76,765.16,-1843.26,-128.68
KLAX,EDDF,3,2,-52.75,18.31,-64.4,-41.1,-0.07,0.02,-0.08,-0.06,-565.5,137.89,-653.25,-477.75
KLAX,EGLL,0,61,19.04,22.59,0.6,48.5,0.12,0.15,-0.07,0.39,794.3,1024.45,-447.6,2302.3
KLAX,EGLL,1,45,26.76,21.72,0.58,64.74,0.17,0.16,-0.03,0.43,1085.02,1036.68,-197.44,2729.42
KLAX,EGLL,2,70,20.38,13.54,1.62,41.5,0.15,0.14,-0.07,0.39,971.66,956.66,-410.58,2639.49
KLAX,EGLL,3,45,17.25,20.9,-15.84,42.2,0.15,0.12,-0.03,0.35,934.95,874.41,-149.26,2684.06
KLAX,EGLL,4,17,20.39,25.7,-3.68,76.7,0.13,0.13,-0.05,0.32,901.99,984.11,-340.96,2512.88
KLAX,EGLL,5,47,23.15,18.69,2.44,54.94,0.17,0.14,-0.04,0.44,1133.67,963.0,-322.96,2678.3
KLAX,EGLL,6,19,17.01,15.64,-0.47,42.5,0.21,0.11,0.03,0.43,1287.17,861.9,192.65,3318.71
KLAX,EGLL,7,47,22.34,16.91,1.23,50.94,0.21,0.17,-0.02,0.54,1327.62,1106.41,-131.55,3379.01
KLAX,EHAM,0,14,5.64,5.29,-2.73,12.24,0.16,0.07,0.06,0.24,1055.12,424.37,406.2,1545.52
KLAX,EHAM,1,18,14.91,12.31,-5.28,29.92,0.18,0.07,0.06,0.27,1150.24,461.47,398.64,1777.14
KLAX,EHAM,2,18,11.38,9.1,3.86,26.84,0.18,0.06,0.1,0.28,1166.95,353.27,698.3,1796.52
KLAX,LFPG,0,46,3.17,55.85,-50.35,48.5,0.11,0.1,-0.05,0.27,770.28,721.92,-332.78,2130.4
KLAX,LFPG,1,35,-16.28,21.45,-50.98,9.79,0.11,0.11,-0.06,0.26,700.55,694.96,-391.54,1715.92
KLAX,LFPG,2,15,-5.05,21.76,-35.38,19.38,0.12,0.11,-0.07,0.24,784.07,731.4,-457.98,1596.9
KLAX,LFPG,3,36,-1.68,21.68,-44.4,29.62,0.09,0.11,-0.06,0.22,622.54,754.68,-370.32,1537.25
KLAX,LFPG,4,22,-11.54,18.9,-39.39,12.91,0.13,0.12,-0.03,0.33,986.3,901.49,-158.62,2536.22
KLAX,LTFM,0,19,-21.61,23.08,-46.05,5.71,0.07,0.08,-0.04,0.17,488.42,527.83,-270.67,1183.0
KLAX,LTFM,1,41,-14.93,21.75,-38.9,12.9,0.06,0.13,-0.08,0.22,372.16,776.97,-520.0,1722.5
KLAX,OTHH,0,59,21.45,21.7,-9.23,58.82,0.09,0.08,-0.02,0.21,506.73,491.49,-138.09,1224.9
KMCO,EGCC,0,25,21.48,22.18,-1.5,66.6,0.03,0.1,-0.12,0.16,203.62,635.46,-693.26,987.8
KMCO,EGCC,1,35,19.23,27.75,-18.1,63.58,0.06,0.1,-0.1,0.2,372.99,593.78,-630.31,1157.91
KMCO,EGCC,2,16,22.18,22.57,4.92,57.95,0.06,0.15,-0.07,0.27,381.19,936.14,-456.4,1606.48
KMCO,EGKK,0,17,14.59,24.59,-9.1,54.18,0.27,0.15,0.04,0.53,1775.11,963.78,248.96,3482.62
KMCO,EGKK,1,22,-1.54,23.4,-35.48,34.28,0.27,0.17,0.05,0.49,1631.69,1092.95,276.0,3200.08
KMCO,EGKK,2,32,24.12,24.0,-4.44,56.78,0.17,0.12,-0.01,0.33,1092.4,770.36,-39.51,2032.07
KMIA,EGLL,0,34,29.43,28.3,-15.16,71.1,0.08,0.15,-0.14,0.26,561.3,1170.93,-1148.22,2414.1
KMIA,EGLL,1,24,28.23,21.76,15.1,57.87,0.1,0.12,-0.07,0.28,825.76,1084.23,-693.26,2945.81
KMIA,EGLL,2,27,23.19,17.05,7.13,46.92,0.16,0.26,-0.06,0.4,1143.58,1549.78,-388.37,2997.34
KMIA,EGLL,3,20,27.85,23.87,9.38,57.05,0.17,0.18,-0.03,0.37,1131.5,1325.94,-213.15,3592.12
KMIA,EGLL,4,27,32.28,20.68,11.91,77.76,0.14,0.18,-0.09,0.4,899.83,1115.59,-705.58,2962.94
KMIA,EHAM,0,13,17.18,13.42,-1.58,36.14,0.06,0.08,-0.05,0.2,343.87,457.79,-298.84,1088.68
KMIA,EHAM,1,8,22.16,14.32,6.06,43.58,0.08,0.05,0.01,0.14,417.65,275.0,54.0,754.18
KMIA,EHAM,2,3,0.47,11.7,-10.45,10.52,-0.11,0.01,-0.12,-0.1,-585.17,48.97,-633.3,-556.26
KMIA,LEMD,0,42,-1.06,16.16,-18.2,23.36,-0.05,0.1,-0.15,0.09,-288.07,567.19,-930.0,459.03
KMIA,LEMD,1,60,-1.65,19.19,-25.58,35.1,-0.03,0.09,-0.18,0.08,-203.08,514.51,-1141.86,439.23
KMIA,LEMD,2,18,5.72,22.51,-20.83,30.93,-0.03,0.13,-0.3,0.15,-177.09,788.63,-1839.75,814.9
KMIA,LTFM,0,47,-7.43,29.03,-49.52,43.72,-0.0,0.12,-0.19,0.14,-32.71,807.04,-1482.0,988.89
KMSP,EHAM,0,12,13.37,9.1,4.76,30.57,0.08,0.08,-0.01,0.2,471.17,446.9,-90.67,1089.19
KMSP,EHAM,1,16,6.79,7.21,-4.6,17.58,0.06,0.05,-0.02,0.15,369.89,325.74,-94.3,899.9
KMSP,EHAM,2,52,8.37,16.98,-6.64,17.63,0.09,0.06,0.0,0.19,526.58,353.09,21.86,1184.01
KMSP,EHAM,3,20,8.69,16.56,-5.36,26.76,0.09,0.08,-0.02,0.24,539.13,485.4,-117.55,1490.24
KMSP,LFPG,0,45,-25.04,63.44,-45.9,14.72,0.03,0.11,-0.09,0.19,140.12,651.37,-557.16,1076.14
KMSP,LFPG,1,16,-25.83,17.82,-47.35,3.08,-0.07,0.08,-0.16,0.05,-423.01,457.49,-976.5,283.12
KORD,EDDF,0,32,-34.88,9.38,-47.79,-20.27,-0.11,0.06,-0.22,-0.02,-738.54,411.83,-1446.88,-142.69
KORD,EDDF,1,8,-50.96,22.36,-73.28,-18.53,-0.14,0.1,-0.28,-0.02,-1026.45,701.48,-1921.32,-151.12
KORD,EDDF,2,14,-56.36,17.85,-86.46,-38.02,-0.09,0.05,-0.18,-0.02,-709.89,425.14,-1413.63,-168.36
KORD,EDDF,3,21,-72.49,62.42,-237.6,-23.7,-0.09,0.16,-0.24,0.09,-685.78,1182.1,-1908.8,490.4
KORD,EDDF,4,16,-43.46,13.0,-61.72,-23.12,-0.11,0.08,-0.26,-0.02,-748.02,589.32,-1836.5,-105.12
KORD,EDDF,5,14,-36.09,13.35,-53.45,-17.42,-0.11,0.1,-0.24,0.05,-713.61,662.97,-1578.6,343.54
KORD,EDDM,0,17,12.74,12.41,-5.78,28.34,0.02,0.06,-0.07,0.08,123.04,334.87,-415.76,464.16
KORD,EDDM,1,28,-6.06,43.35,-24.4,22.7,-0.0,0.08,-0.11,0.13,-28.32,500.0,-687.36,788.74
KORD,EDDM,2,15,5.92,11.37,-9.38,24.19,0.02,0.04,-0.04,0.08,151.82,248.86,-215.48,504.69
KORD,EGLL,0,121,15.43,21.8,-6.1,41.9,0.17,0.12,0.01,0.37,1099.86,951.24,72.0,2690.4
KORD,EGLL,1,40,19.79,27.46,-40.65,56.43,0.2,0.15,-0.03,0.42,1340.28,1337.65,-159.51,3182.16
KORD,EGLL,2,66,20.27,13.8,0.77,46.92,0.15,0.11,-0.0,0.36,853.67,603.81,-25.2,1975.42
KORD,EGLL,3,31,25.5,13.18,6.75,48.65,0.23,0.09,0.1,0.33,1318.06,463.79,571.4,1835.6
KORD,EHAM,0,35,-1.84,32.22,-25.71,12.77,0.1,0.07,0.0,0.23,636.39,489.23,24.88,1574.72
KORD,EHAM,1,25,4.36,12.49,-21.7,16.9,0.12,0.07,-0.04,0.21,722.75,455.45,-231.5,1378.48
KORD,EHAM,2,11,5.21,11.31,-9.45,22.0,0.13,0.07,0.03,0.24,844.39,581.54,201.3,1857.9
KORD,EIDW,0,19,-15.37,28.42,-52.97,26.11,-0.03,0.13,-0.28,0.15,-98.64,581.34,-1137.12,783.19
KORD,EIDW,1,76,-31.93,50.13,-153.78,12.65,-0.03,0.12,-0.18,0.17,-173.13,617.59,-1054.97,760.22
KORD,EIDW,2,23,-19.19,15.46,-45.24,-1.74,-0.0,0.09,-0.11,0.15,-44.65,491.66,-659.8,743.93
KORD,ELLX,1,1,13.8,,13.8,13.8,0.22,,0.22,0.22,1731.2,,1731.2,1731.2
KORD,LEBL,0,25,-3.04,11.81,-22.32,12.84,-0.0,0.1,-0.15,0.2,-4.95,534.99,-796.28,1017.44
KORD,LEBL,1,18,-9.02,13.83,-27.18,6.29,0.02,0.12,-0.17,0.17,82.73,612.72,-866.12,889.61
KORD,LEBL,2,15,2.67,12.08,-12.28,20.21,0.04,0.13,-0.17,0.2,229.22,680.37,-891.78,1066.91
KORD,LFPG,0,37,-16.56,24.02,-51.68,14.1,0.04,0.1,-0.12,0.17,222.19,538.31,-623.36,921.78
KORD,LFPG,1,30,-15.21,20.38,-49.98,10.48,0.05,0.08,-0.09,0.17,288.52,454.71,-472.88,982.42
KORD,LFPG,2,20,-2.31,24.56,-50.85,36.75,0.07,0.08,-0.03,0.2,409.32,449.34,-137.66,1107.77
KORD,LFPG,3,11,-11.41,18.85,-41.85,4.7,0.08,0.04,0.03,0.13,476.55,283.76,135.05,899.55
KORD,LIRF,0,23,-23.79,40.21,-69.6,38.39,-0.0,0.12,-0.14,0.21,-46.1,731.76,-915.92,1170.76
KORD,LIRF,1,19,-7.97,30.83,-50.19,43.39,0.04,0.08,-0.07,0.17,225.92,478.31,-363.58,921.45
KORD,LIRF,2,18,-21.37,35.96,-60.6,38.5,-0.0,0.12,-0.16,0.17,-48.84,688.57,-1054.68,951.47
KORD,LSZH,0,24,6.88,13.92,-9.9,27.22,0.02,0.1,-0.17,0.2,106.06,640.92,-1079.1,1103.81
KORD,LSZH,1,30,5.94,17.32,-14.18,29.77,0.03,0.12,-0.16,0.25,195.16,766.16,-984.66,1487.28
KORD,LSZH,2,35,2.69,15.99,-24.24,28.76,0.02,0.12,-0.15,0.19,86.4,717.05,-1006.87,1102.32
KORD,LTFM,0,28,-12.64,14.66,-35.13,8.0,0.06,0.07,-0.05,0.14,368.22,490.89,-355.0,1055.14
KORD,LTFM,1,33,-27.18,23.16,-59.98,5.24,0.02,0.18,-0.11,0.15,160.5,1393.32,-780.0,1170.0
KPHL,EGLL,0,23,36.89,31.49,5.16,82.25,0.23,0.11,0.09,0.43,1768.69,947.53,669.17,3347.07
KPHL,EGLL,1,42,66.87,201.99,-5.69,106.64,0.31,0.42,0.04,0.64,1688.61,2313.8,205.83,3514.48
KPHL,EGLL,2,23,23.14,25.71,-3.49,62.91,0.21,0.15,-0.07,0.37,1339.82,986.15,-358.9,2503.62
KPHL,EIDW,0,23,7.18,22.91,-20.15,46.09,-0.05,0.1,-0.2,0.09,-116.88,271.89,-510.86,254.78
KPHL,EIDW,1,34,-9.77,20.6,-48.9,16.85,0.01,0.08,-0.11,0.15,91.03,340.43,-446.46,589.7
KPHX,EGLL,0,37,16.65,20.45,-6.24,49.9,0.15,0.11,-0.02,0.31,973.71,738.49,-163.16,2050.42
KPHX,EGLL,1,21,4.13,76.39,-7.8,56.1,0.12,0.09,-0.04,0.26,770.87,612.22,-267.7,1684.8
KSDF,EDDK,1,1,-18.0,,-18.0,-18.0,0.01,,0.01,0.01,53.5,,53.5,53.5
KSEA,EDDF,0,26,-35.53,17.74,-66.55,-7.7,-0.08,0.11,-0.31,0.09,-460.91,656.72,-1739.62,465.75
KSEA,EDDF,1,32,-42.72,22.81,-72.96,-17.51,-0.08,0.09,-0.22,0.04,-476.25,561.43,-1299.96,325.14
KSEA,EGLL,0,23,17.07,15.2,-11.68,42.24,0.14,0.12,0.0,0.33,888.82,780.16,17.66,2145.14
KSEA,EGLL,1,53,21.04,10.94,6.46,39.3,0.15,0.11,-0.05,0.32,1013.71,736.27,-311.42,2281.68
KSEA,EGLL,2,13,25.78,9.48,14.52,40.74,0.15,0.1,0.0,0.28,939.37,568.67,22.7,1664.88
KSEA,EGLL,3,40,17.22,30.6,-8.73,57.97,0.2,0.16,-0.04,0.47,1221.44,984.84,-229.19,2933.28
KSEA,EGLL,4,19,22.31,15.18,7.09,42.01,0.14,0.15,-0.09,0.4,949.16,1058.69,-476.94,2686.7
KSEA,EHAM,0,23,1.5,15.11,-27.16,20.96,0.07,0.08,-0.04,0.22,450.98,499.65,-237.33,1337.16
KSEA,EHAM,1,16,5.39,5.96,-2.75,13.32,0.11,0.09,-0.03,0.23,659.42,536.4,-207.08,1422.58
KSEA,EHAM,2,19,8.34,10.33,-3.33,27.59,0.06,0.12,-0.04,0.25,371.91,752.4,-266.76,1550.18
KSFO,EDDF,0,21,-37.2,19.04,-63.6,-7.9,-0.17,0.06,-0.28,-0.08,-1318.29,522.04,-2192.7,-564.0
KSFO,EDDF,1,12,-53.62,16.74,-83.44,-35.85,-0.21,0.06,-0.29,-0.13,-1587.99,478.5,-2277.85,-1014.34
KSFO,EDDF,2,22,-33.65,29.18,-59.88,17.56,-0.12,0.12,-0.24,-0.01,-891.85,800.77,-1873.98,-88.58
KSFO,EDDF,3,26,-49.87,33.11,-83.05,-1.83,-0.15,0.11,-0.34,0.01,-982.69,825.92,-2652.0,66.75
KSFO,EDDM,0,39,2.76,15.88,-23.04,25.31,-0.01,0.11,-0.16,0.16,-81.33,675.16,-1081.82,1043.88
KSFO,EDDM,1,21,-9.93,22.8,-25.5,30.9,-0.02,0.09,-0.17,0.1,-108.31,582.3,-986.0,567.1
KSFO,EGLL,0,22,23.73,15.31,4.67,54.12,0.14,0.19,-0.09,0.45,1098.5,1570.67,-520.19,3626.98
KSFO,EGLL,1,61,21.13,14.14,6.4,41.3,0.21,0.15,0.01,0.53,1615.07,1241.98,67.8,3793.8
KSFO,EGLL,2,19,17.8,7.11,11.77,29.47,0.12,0.1,0.02,0.29,751.76,633.79,100.7,1770.27
KSFO,EGLL,3,39,19.94,14.79,3.6,43.84,0.15,0.14,-0.03,0.35,1079.3,1064.79,-202.03,2739.81
KSFO,EGLL,4,44,17.86,14.89,-3.47,45.37,0.14,0.12,-0.02,0.36,943.49,831.0,-99.78,2467.19
KSFO,EGLL,5,20,23.83,12.73,7.75,38.34,0.16,0.15,-0.06,0.36,1290.46,1358.55,-369.24,4216.64
KSFO,EHAM,0,47,8.16,9.54,-1.97,29.06,0.11,0.12,-0.13,0.25,728.66,711.15,-709.54,1534.65
KSFO,EHAM,1,14,4.07,9.66,-10.44,19.29,0.04,0.12,-0.15,0.2,257.07,712.67,-873.2,1274.08
KSFO,LFPG,0,34,-4.21,17.04,-36.8,21.49,0.08,0.13,-0.18,0.23,659.85,925.66,-1157.05,1808.83
KSFO,LFPG,1,24,-3.04,16.6,-34.1,25.79,-0.0,0.11,-0.17,0.14,-12.73,732.13,-1116.62,899.4
KSFO,LFPG,2,23,7.85,19.35,-13.37,40.45,0.12,0.08,0.01,0.24,884.94,632.48,73.51,1885.0
KSFO,LSZH,0,30,-3.98,10.79,-15.63,11.46,0.01,0.18,-0.27,0.36,48.26,1255.24,-1819.56,2360.16
KSFO,LSZH,1,25,3.45,14.52,-12.68,27.02,-0.04,0.12,-0.17,0.15,-329.79,876.19,-1315.62,1029.6
KSFO,LTFM,0,33,-58.78,278.99,-39.64,18.42,-0.01,0.54,-0.08,0.32,-546.82,6270.57,-468.4,1855.98
KSFO,LTFM,1,28,-11.96,18.04,-30.62,8.07,0.11,0.14,-0.01,0.35,690.76,817.07,-84.5,2113.67
LATI,EDDF,0,51,-14.26,29.46,-48.05,17.25,-0.09,0.22,-0.24,0.03,-238.36,610.46,-645.6,70.15
LATI,EDDM,0,55,24.25,30.88,-0.38,47.32,0.03,0.2,-0.12,0.17,75.18,506.34,-335.05,431.16
LATI,EGGW,0,73,-8.16,18.9,-37.68,25.96,-0.0,0.08,-0.12,0.16,-1.08,209.14,-307.68,420.12
LATI,LGAV,0,70,2.23,21.03,-18.94,28.69,0.05,0.09,-0.06,0.17,120.64,220.04,-148.68,471.98
LATI,LIBD,0,61,21.15,18.59,-6.8,58.1,0.07,0.09,-0.03,0.28,188.43,248.29,-83.4,725.1
LATI,LIMC,0,57,-59.98,16.1,-78.82,-32.84,-0.19,0.3,-0.33,-0.05,-470.09,748.37,-833.3,-123.0
LATI,LIMC,1,21,-69.05,41.31,-93.9,-6.3,-0.21,0.19,-0.31,-0.11,-515.0,445.06,-826.7,-291.6
LATI,LIMC,2,16,-54.11,91.35,-97.08,162.07,-0.07,0.42,-0.28,0.96,-134.51,1033.06,-654.08,2406.6
LATI,LIMC,3,21,-77.61,15.55,-92.5,-45.6,-0.24,0.06,-0.3,-0.14,-597.74,151.96,-754.9,-339.6
LATI,LIME,0,47,-20.32,14.89,-36.36,3.18,-0.02,0.11,-0.12,0.09,-68.23,258.47,-317.64,272.21
LATI,LIME,1,27,-81.53,55.37,-142.89,-24.73,-0.16,0.2,-0.32,-0.0,-413.59,549.51,-837.99,-4.38
LATI,LIME,2,22,-38.05,59.15,-105.26,26.33,-0.02,0.31,-0.3,0.08,-58.58,724.57,-728.26,203.88
LATI,LIPE,0,19,-37.44,19.25,-72.67,-15.13,-0.04,0.09,-0.16,0.08,-102.29,221.67,-395.83,196.97
LATI,LIPE,1,49,-12.65,34.94,-56.78,12.44,0.03,0.24,-0.13,0.57,72.0,601.78,-367.84,1463.28
LATI,LIPE,2,19,-45.65,16.58,-68.27,-22.64,-0.06,0.07,-0.15,0.06,-147.65,172.84,-373.56,152.35
LATI,LIPX,0,27,-6.18,17.53,-25.37,18.43,-0.02,0.08,-0.12,0.09,-37.71,220.46,-310.8,286.06
LATI,LIPX,1,41,-31.54,16.38,-41.8,-18.9,-0.0,0.05,-0.1,0.08,-5.94,118.59,-250.0,192.3
LATI,LIRF,0,126,-41.28,21.89,-68.2,-0.48,-0.1,0.09,-0.23,0.04,-235.73,214.6,-569.1,84.5
LATI,LIRP,0,69,10.18,23.17,-11.92,23.26,0.09,0.15,-0.03,0.19,214.63,342.39,-84.16,488.94
LATI,LIRP,1,25,-31.16,10.34,-44.86,-18.14,0.0,0.05,-0.07,0.09,3.88,128.76,-202.06,211.34
LATI,LOWW,0,41,32.54,17.37,6.9,62.0,0.07,0.05,0.0,0.15,181.41,115.33,0.0,375.0
LATI,LOWW,1,22,1.28,15.41,-16.93,29.29,-0.02,0.06,-0.12,0.09,-53.62,163.94,-290.18,231.3
LATI,LOWW,2,19,59.67,74.0,9.45,221.9,0.32,0.48,0.03,1.26,824.09,1249.21,72.3,3189.52
LATI,LTFM,0,71,-20.55,12.71,-36.0,1.05,-0.0,0.1,-0.13,0.16,-12.68,231.25,-322.55,356.55
LATI,LYBE,0,40,5.52,18.64,-13.93,41.6,0.09,0.1,-0.01,0.28,117.28,146.29,-10.49,366.37
LATI,LYBE,1,18,13.23,27.27,-12.93,61.35,0.09,0.08,0.0,0.25,186.06,176.7,0.49,544.12
LBSF,EDDF,0,27,-21.89,20.16,-54.83,5.93,-0.15,0.09,-0.28,0.01,-354.73,229.59,-684.76,33.49
LBSF,EDDF,1,78,-15.19,19.1,-43.1,11.38,-0.14,0.1,-0.26,0.0,-348.17,249.4,-733.57,3.5
LBSF,EDDM,0,85,18.33,13.65,-1.48,41.56,-0.01,0.08,-0.1,0.13,-17.19,186.61,-258.18,331.92
LBSF,EGGW,0,32,-0.46,10.69,-13.26,16.58,0.11,0.11,-0.0,0.25,303.89,299.49,-12.34,655.94
LBSF,EGGW,1,16,-2.41,16.67,-26.18,21.15,0.08,0.1,-0.09,0.24,221.31,267.08,-232.25,659.38
LBSF,EGGW,2,25,7.84,15.97,-15.16,31.7,0.11,0.07,0.0,0.19,296.41,202.66,5.96,539.78
LBSF,EGSS,0,22,15.65,11.56,-5.0,30.03,0.08,0.05,-0.0,0.14,193.33,101.38,-0.03,356.78
LBSF,EGSS,1,30,8.9,18.22,-10.94,47.07,0.07,0.07,-0.03,0.2,160.95,162.98,-65.16,425.88
LBSF,EGSS,2,21,1.07,15.85,-10.8,23.2,0.07,0.07,-0.01,0.16,165.31,158.48,-29.3,330.8
LBSF,EHEH,0,27,-13.44,12.22,-31.49,-1.74,0.0,0.04,-0.05,0.06,4.73,83.75,-126.7,137.0
LBSF,EHEH,1,23,7.67,10.39,-4.75,20.82,0.08,0.04,0.02,0.14,189.86,108.83,58.25,362.36
LBSF,EPWA,0,61,-8.24,20.31,-33.3,21.3,-0.04,0.07,-0.15,0.07,-75.99,127.27,-284.0,136.9
LBSF,LBWN,0,86,-5.42,16.52,-51.02,9.38,0.05,0.07,-0.14,0.13,99.87,159.24,-328.58,245.45
LBSF,LEBL,0,51,-4.97,17.25,-29.5,16.9,0.0,0.1,-0.1,0.09,0.65,239.83,-247.05,231.55
LBSF,LGAV,0,23,-21.47,17.76,-42.1,8.0,-0.06,0.08,-0.15,0.09,-53.62,67.36,-138.3,80.88
LBSF,LGAV,1,43,-20.18,19.3,-45.85,9.61,0.02,0.07,-0.08,0.11,38.02,168.39,-191.77,284.1
LBSF,LIME,0,61,-60.8,20.54,-83.6,-23.5,-0.16,0.09,-0.27,-0.03,-394.7,215.94,-640.0,-70.0
LBSF,LLBG,0,74,0.13,14.73,-20.18,25.91,0.01,0.07,-0.09,0.12,17.45,172.4,-229.72,299.85
LBSF,LOWW,0,129,13.94,18.1,-9.2,48.56,0.05,0.07,-0.05,0.15,102.45,136.74,-121.0,333.0
LBSF,LROP,0,52,-5.75,11.25,-14.44,19.03,-0.05,0.06,-0.14,0.03,-59.66,68.73,-160.0,59.37
LBSF,LTFM,0,90,-40.74,20.95,-62.06,-0.07,-0.08,0.1,-0.18,0.08,-190.94,264.36,-466.66,206.35
LBWN,LBSF,0,86,-9.9,116.37,-69.72,20.5,0.01,0.3,-0.19,0.13,-0.29,657.6,-485.95,248.55
LCLK,EGCC,0,28,1.49,13.35,-22.89,18.28,-0.03,0.1,-0.23,0.07,-86.2,258.44,-565.43,211.15
LCLK,EGCC,1,27,5.5,9.18,-8.03,19.16,-0.04,0.08,-0.14,0.1,-103.07,253.79,-358.82,364.63
LCLK,EGGW,0,40,-24.05,25.91,-79.48,9.69,-0.04,0.11,-0.22,0.11,-105.61,276.41,-549.14,277.15
LCLK,EGGW,1,15,-28.93,15.05,-52.18,-3.91,-0.03,0.05,-0.1,0.04,-81.71,120.83,-238.28,99.3
LCLK,EGKK,0,25,-4.76,16.91,-33.36,22.56,-0.03,0.08,-0.18,0.11,-72.5,210.53,-444.7,280.54
LCLK,EGKK,1,17,4.65,12.0,-9.02,22.38,0.02,0.1,-0.1,0.18,66.43,241.64,-228.7,448.16
LCLK,EGKK,2,62,3.58,17.37,-25.41,24.08,0.05,0.13,-0.1,0.28,129.75,322.98,-268.27,706.93
LCLK,EGLL,0,71,5.22,14.98,-15.3,32.55,0.06,0.1,-0.08,0.25,153.54,261.86,-195.85,624.3
LCLK,EGLL,1,44,14.9,37.36,-6.69,30.38,0.14,0.28,-0.06,0.38,347.49,709.37,-140.22,948.44
LCLK,LGAV,0,260,12.36,17.8,-3.72,32.4,0.07,0.1,-0.05,0.17,154.15,238.12,-99.1,425.72
LCLK,LGAV,1,107,13.24,11.31,-0.27,33.55,0.07,0.07,-0.05,0.17,167.54,168.24,-126.54,428.46
LCLK,LGAV,2,16,-14.77,13.78,-34.17,5.68,-0.01,0.06,-0.12,0.06,-23.71,137.36,-272.35,144.72
LCLK,LGTS,0,61,-16.94,30.28,-46.2,10.4,-0.04,0.11,-0.15,0.05,-82.09,255.63,-350.8,120.2
LCLK,LGTS,1,34,-8.51,17.49,-37.04,14.87,-0.05,0.09,-0.18,0.1,-105.77,218.68,-406.25,242.46
LCLK,LKPR,0,18,-28.1,14.55,-46.43,-5.42,-0.05,0.05,-0.13,0.0,-134.52,124.33,-322.0,0.55
LCLK,LKPR,1,37,-19.4,11.47,-38.18,-5.68,-0.07,0.07,-0.19,0.04,-160.22,158.62,-417.28,90.72
LCLK,LLBG,0,270,8.49,12.82,-8.7,32.0,0.05,0.08,-0.05,0.18,129.07,231.84,-126.26,511.0
LCLK,LOWW,0,54,5.31,25.44,-21.51,32.9,0.02,0.13,-0.09,0.11,42.81,274.43,-249.71,312.53
LCLK,LOWW,1,26,-15.68,58.28,-35.7,26.15,-0.04,0.15,-0.1,0.08,-80.79,310.82,-272.5,202.98
LCLK,LSZH,0,78,5.7,17.2,-29.12,30.88,-0.04,0.13,-0.23,0.18,-92.83,330.6,-587.33,441.26
LCLK,LYBE,0,69,-3.74,28.86,-52.92,51.28,0.02,0.09,-0.13,0.16,60.43,224.28,-321.7,461.22
LCLK,OLBA,0,71,3.25,3.99,-0.7,7.8,0.06,0.06,-0.0,0.12,139.7,161.47,-5.3,284.35
LCLK,OTHH,0,60,-4.14,15.88,-28.86,21.68,0.05,0.1,-0.1,0.19,128.34,254.69,-238.11,476.76
LCLK,UDYZ,0,17,-81.02,24.5,-116.72,-45.54,-0.16,0.06,-0.24,-0.09,-354.86,121.95,-531.7,-213.26
LCLK,UDYZ,1,55,-30.78,18.08,-55.8,-5.98,-0.02,0.06,-0.1,0.07,-39.8,158.75,-260.2,182.09
LCPH,EGCC,0,34,7.68,14.01,-20.88,24.82,-0.02,0.1,-0.17,0.13,-60.15,378.17,-464.21,439.13
LCPH,EGCC,1,56,5.08,18.45,-8.43,23.12,-0.01,0.11,-0.16,0.14,-34.51,286.45,-424.65,376.6
LCPH,EGKK,0,19,2.33,10.05,-11.7,15.89,-0.01,0.11,-0.14,0.17,-11.63,266.85,-347.09,413.1
LCPH,EGKK,1,75,13.46,15.51,-6.99,41.05,0.09,0.13,-0.08,0.3,242.8,364.12,-209.21,881.46
LCPH,EGKK,2,23,3.35,13.77,-13.54,26.89,-0.0,0.13,-0.19,0.23,-3.48,310.67,-476.12,545.77
LCPH,EGKK,3,17,5.88,10.87,-11.54,18.64,-0.02,0.11,-0.17,0.18,17.36,414.19,-363.3,936.3
LCPH,EGSS,0,24,3.88,13.84,-14.7,23.93,-0.0,0.11,-0.16,0.15,-3.43,263.78,-391.4,306.54
LCPH,EGSS,1,34,2.88,12.81,-15.01,27.02,0.0,0.12,-0.22,0.16,-1.21,271.7,-493.5,328.45
LCPH,LLBG,0,119,9.38,18.92,-4.2,30.21,0.03,0.1,-0.08,0.13,62.53,238.29,-190.87,315.96
LDDU,EDDF,0,57,-22.76,28.38,-52.5,-1.38,-0.06,0.09,-0.2,0.03,-147.56,208.6,-444.76,78.66
LDDU,EDDM,0,28,6.84,14.17,-11.98,31.21,-0.02,0.07,-0.12,0.07,-53.09,191.24,-303.53,166.95
LDDU,EDDM,1,32,1.31,13.11,-15.2,20.59,-0.01,0.06,-0.09,0.09,-21.44,145.22,-243.52,200.44
LDDU,EGKK,0,122,8.92,15.83,-13.08,30.28,0.16,0.14,-0.03,0.39,410.33,351.7,-86.06,981.0
LDDU,LDZA,0,60,-10.38,16.83,-26.3,15.29,-0.04,0.08,-0.13,0.04,-45.66,101.61,-154.36,94.64
LDDU,LDZA,1,59,-8.15,13.62,-24.16,20.56,0.0,0.06,-0.07,0.08,3.2,126.16,-156.53,183.01
LDDU,LOWW,0,57,16.92,16.69,-3.8,43.86,0.06,0.06,-0.02,0.15,142.78,140.33,-57.7,381.24
LDSP,EDDF,0,45,-19.92,17.62,-48.9,2.72,-0.05,0.06,-0.11,0.05,-115.99,145.8,-299.14,104.72
LDSP,EDDF,1,26,-29.23,18.88,-60.03,-0.8,-0.11,0.09,-0.23,0.06,-284.93,245.13,-636.28,130.52
LDSP,EDDL,0,42,-6.75,12.43,-22.01,12.64,0.03,0.05,-0.03,0.12,75.56,131.78,-74.32,302.03
LDSP,EDDL,1,18,-14.94,11.58,-27.56,1.48,0.05,0.1,-0.08,0.21,117.37,233.81,-190.7,507.93
LDSP,EDDM,0,95,13.53,14.96,-1.52,34.53,0.02,0.08,-0.08,0.15,29.05,129.11,-193.37,215.23
LDSP,EGGW,0,59,-12.95,25.34,-65.87,15.23,0.02,0.11,-0.18,0.15,41.37,268.56,-476.81,401.53
LDSP,EGKK,0,88,18.94,11.99,2.81,35.15,0.18,0.14,0.03,0.44,427.86,336.05,59.99,1018.14
LDSP,EKCH,0,24,-8.22,15.72,-28.1,11.55,-0.06,0.07,-0.17,0.02,-147.52,154.33,-367.74,55.14
LDSP,EKCH,1,26,-17.22,17.32,-28.02,-3.38,-0.07,0.09,-0.22,0.04,-167.5,207.26,-503.9,85.65
LDSP,LDZA,0,117,-9.21,21.71,-27.5,23.0,0.01,0.08,-0.06,0.11,32.92,114.8,-70.94,194.46
LDSP,LIRF,0,70,-45.59,40.26,-54.96,-17.89,-0.16,0.11,-0.24,-0.07,-322.06,296.39,-573.76,-76.6
LDSP,LOWW,0,27,14.52,14.5,-4.57,35.52,0.07,0.05,0.01,0.15,86.09,52.98,5.76,167.72
LDSP,LOWW,1,26,15.52,11.66,1.48,40.08,0.07,0.05,0.0,0.14,173.25,111.27,0.2,310.42
LDSP,LOWW,2,20,18.66,15.69,-1.92,43.1,0.1,0.06,0.05,0.19,242.76,116.29,74.37,418.78
LDZA,EDDF,0,119,-20.73,18.1,-48.1,0.58,-0.08,0.06,-0.17,0.01,-191.8,151.23,-442.17,30.78
LDZA,EDDF,1,16,-22.53,16.81,-47.05,-5.45,-0.08,0.06,-0.16,-0.01,-94.71,63.78,-179.02,-6.98
LDZA,EDDM,0,69,12.73,12.98,-3.26,39.68,-0.02,0.07,-0.13,0.07,-50.79,137.41,-325.82,123.94
LDZA,EHAM,0,18,8.9,6.83,-1.67,18.31,0.1,0.06,0.02,0.19,220.56,129.38,58.94,460.62
LDZA,EHAM,1,71,5.12,8.51,-7.25,19.5,0.06,0.07,-0.07,0.16,127.67,151.19,-139.15,340.45
LDZA,LDDU,0,74,-2.19,9.99,-12.57,13.08,0.05,0.09,-0.01,0.12,102.17,215.1,-15.5,238.4
LDZA,LDDU,1,44,-2.03,11.48,-13.21,19.95,0.0,0.04,-0.06,0.07,12.28,61.28,-71.34,105.59
LDZA,LDSP,0,73,-2.49,8.03,-14.56,12.14,0.05,0.04,-0.03,0.11,94.0,93.51,-34.1,235.42
LDZA,LDSP,1,45,-0.21,13.52,-17.22,28.08,0.03,0.06,-0.04,0.12,40.88,88.91,-47.14,142.74
LDZA,LFPG,0,37,-3.27,12.82,-16.52,27.9,0.07,0.06,-0.0,0.18,158.89,133.29,-5.04,405.34
LDZA,LFPG,1,23,-10.92,11.25,-25.09,12.41,0.07,0.05,0.01,0.13,164.25,105.01,24.17,312.87
LDZA,LOWW,0,72,20.31,12.4,3.49,40.8,0.08,0.05,0.01,0.15,123.8,83.11,16.5,256.53
LDZA,LQSA,0,53,3.48,3.37,-0.1,10.06,0.04,0.04,-0.0,0.12,58.99,70.73,-0.8,194.68
LDZA,LSZH,0,59,17.66,8.07,1.09,28.48,0.07,0.09,-0.04,0.22,99.59,144.81,-46.11,377.89
LDZA,LTFM,0,45,-16.87,14.55,-36.18,9.3,0.03,0.1,-0.07,0.16,84.33,265.05,-186.6,457.36
LDZA,LTFM,1,15,-25.8,23.05,-39.2,9.69,0.04,0.18,-0.08,0.26,115.98,432.66,-205.01,697.0
LDZA,LYBE,0,60,-6.93,13.37,-29.3,9.35,-0.02,0.06,-0.1,0.07,-16.8,53.16,-93.4,61.93
LEAL,EBBR,0,60,7.94,13.29,-15.44,24.05,0.01,0.08,-0.17,0.12,32.83,208.51,-416.88,297.01
LEAL,EBBR,1,64,6.98,12.98,-19.12,25.8,-0.09,0.07,-0.2,0.05,-213.12,181.46,-477.9,105.5
LEAL,EBCI,0,50,-8.47,10.76,-24.44,3.56,-0.01,0.06,-0.11,0.07,-22.12,143.5,-262.0,140.0
LEAL,EDDL,0,24,-30.94,22.66,-55.62,8.4,-0.06,0.09,-0.2,0.06,-133.7,197.47,-407.68,122.06
LEAL,EDDL,1,28,-23.01,15.32,-46.48,-3.24,-0.04,0.08,-0.15,0.09,-102.9,199.26,-384.99,238.46
LEAL,EGAA,0,29,4.59,10.98,-9.28,18.78,-0.01,0.06,-0.12,0.07,-27.52,137.93,-271.04,146.7
LEAL,EGAA,1,28,-8.96,14.18,-30.8,16.97,-0.02,0.08,-0.15,0.09,-44.47,175.19,-328.2,226.0
LEAL,EGBB,0,95,-7.91,18.48,-36.85,14.92,-0.07,0.09,-0.24,0.05,-175.71,226.17,-565.91,129.69
LEAL,EGCC,0,202,7.73,13.76,-11.07,26.86,0.0,0.09,-0.13,0.18,10.83,272.39,-412.98,468.18
LEAL,EGCC,1,15,-25.97,16.38,-53.73,-5.59,-0.04,0.07,-0.13,0.07,-87.87,163.91,-316.92,186.94
LEAL,EGGD,0,93,5.24,14.71,-16.5,27.16,-0.03,0.08,-0.16,0.1,-80.66,191.8,-387.22,244.0
LEAL,EGGD,1,18,-6.63,19.52,-36.62,16.88,-0.01,0.07,-0.11,0.07,-14.03,140.28,-231.0,151.05
LEAL,EGGD,2,27,-32.75,17.78,-57.3,-3.36,-0.1,0.07,-0.19,0.01,-251.86,165.77,-467.74,23.31
LEAL,EGGP,0,43,9.02,40.47,-10.26,22.65,0.04,0.15,-0.08,0.12,100.97,377.03,-182.02,279.87
LEAL,EGGP,1,27,-26.92,14.36,-49.23,-7.59,-0.05,0.07,-0.16,0.05,-106.84,162.73,-387.64,115.5
LEAL,EGGW,0,94,-58.37,27.46,-93.29,-17.43,-0.17,0.12,-0.36,0.01,-408.16,278.94,-810.81,14.37
LEAL,EGKK,0,196,5.4,16.36,-18.5,27.92,0.1,0.13,-0.08,0.35,229.14,311.44,-199.8,847.75
LEAL,EGKK,1,34,-24.0,23.06,-58.56,8.49,0.01,0.13,-0.15,0.3,4.74,293.97,-365.48,627.94
LEAL,EGNM,0,72,-4.38,15.31,-30.82,19.04,-0.01,0.07,-0.13,0.1,-30.57,164.16,-301.4,225.62
LEAL,EGNT,0,81,5.02,16.77,-9.2,17.8,-0.01,0.09,-0.16,0.13,-22.22,219.12,-330.2,298.7
LEAL,EGNX,0,99,-4.37,13.91,-22.19,14.52,-0.01,0.08,-0.14,0.09,-27.69,184.19,-346.96,210.4
LEAL,EGPF,0,42,5.95,10.88,-11.22,18.04,-0.04,0.07,-0.13,0.05,-90.61,168.42,-309.24,114.37
LEAL,EGPF,1,29,5.29,9.66,-8.92,16.32,-0.01,0.05,-0.09,0.06,-31.51,105.52,-197.38,147.96
LEAL,EGPH,0,42,7.96,10.33,-9.11,21.42,0.01,0.06,-0.09,0.11,19.14,148.93,-222.1,261.14
LEAL,EGPH,1,19,4.21,13.37,-7.69,17.69,-0.03,0.08,-0.13,0.09,-69.22,181.85,-301.4,206.64
LEAL,EGSS,0,132,-2.27,11.72,-24.76,14.74,0.04,0.07,-0.06,0.15,98.67,154.36,-152.38,348.43
LEAL,EHAM,0,19,-0.19,14.94,-22.51,21.04,0.02,0.09,-0.11,0.14,52.69,217.28,-260.81,365.3
LEAL,EHAM,1,144,4.4,14.02,-21.62,22.96,0.04,0.08,-0.1,0.17,107.25,187.87,-229.5,416.4
LEAL,EHEH,0,81,-4.14,10.57,-20.3,8.8,-0.08,0.07,-0.18,0.02,-182.8,161.83,-430.7,44.3
LEAL,EHRD,0,51,-0.27,11.76,-16.55,19.9,-0.03,0.06,-0.13,0.06,-72.33,138.81,-308.3,140.0
LEAL,EIDW,0,63,-49.95,23.94,-79.13,-17.07,-0.14,0.18,-0.28,0.08,-312.67,424.84,-602.11,164.25
LEAL,EIDW,1,34,-17.49,15.79,-41.7,1.49,-0.09,0.07,-0.18,0.01,-209.24,164.99,-450.94,34.29
LEAL,EKCH,0,21,-13.9,13.09,-27.2,2.8,-0.09,0.05,-0.15,-0.01,-208.91,110.01,-352.7,-24.7
LEAL,EKCH,1,34,-5.19,11.82,-23.31,13.2,-0.09,0.07,-0.19,0.02,-190.72,149.18,-398.4,36.4
LEAL,EKCH,2,28,-32.42,51.35,-56.78,-7.51,-0.16,0.12,-0.27,-0.06,-354.12,263.9,-614.27,-133.98
LEAL,ENGM,0,19,-27.29,22.26,-75.05,-8.26,-0.14,0.08,-0.26,-0.04,-331.99,184.11,-631.3,-97.5
LEAL,ENGM,1,57,-28.61,19.35,-57.14,-3.2,-0.11,0.09,-0.27,0.01,-246.15,212.15,-622.84,15.04
LEAL,ENGM,2,27,-31.0,23.63,-68.94,-7.67,-0.13,0.09,-0.21,0.06,-298.82,206.36,-511.68,125.12
LEAL,ESGG,0,54,-13.95,14.17,-37.04,7.8,-0.05,0.06,-0.15,0.03,-118.79,139.37,-356.16,68.72
LEAL,ESSA,0,23,-7.33,20.47,-45.04,24.28,0.02,0.08,-0.09,0.11,50.65,180.87,-200.51,252.8
LEAL,ESSA,1,64,-9.55,17.06,-42.04,19.8,0.02,0.09,-0.12,0.13,27.75,205.25,-277.03,282.9
LEAL,ESSA,2,25,3.27,13.03,-17.92,25.46,0.03,0.07,-0.06,0.14,71.04,141.5,-134.18,295.3
LEAL,LEBB,0,55,-20.7,14.17,-42.76,-3.6,-0.04,0.06,-0.14,0.03,-109.07,138.25,-362.5,77.33
LEAL,LEBL,0,23,-11.47,9.77,-21.37,10.63,-0.11,0.05,-0.16,-0.02,-260.38,134.58,-398.19,-37.96
LEAL,LEBL,1,87,-10.96,14.91,-36.22,17.92,-0.1,0.05,-0.19,-0.02,-240.78,136.48,-465.99,-62.22
LEAL,LEIB,0,66,-23.52,15.63,-53.7,0.0,-0.08,0.05,-0.16,-0.01,-149.2,105.55,-330.58,-10.35
LEAL,LEMD,0,115,-1.05,11.0,-15.99,18.91,0.03,0.08,-0.07,0.16,76.97,174.81,-133.3,360.0
LEAL,LEMD,1,43,-5.41,8.16,-16.55,8.6,0.01,0.09,-0.1,0.14,36.01,184.69,-196.67,316.28
LEAL,LEPA,0,99,-3.83,12.1,-22.7,15.96,0.02,0.06,-0.08,0.12,38.76,144.89,-174.49,280.87
LEAL,LEPA,1,64,-8.01,11.64,-26.71,0.08,-0.04,0.05,-0.11,0.04,-91.17,128.13,-273.18,89.9
LEAL,LEST,0,64,6.57,11.43,-10.37,26.31,-0.05,0.07,-0.14,0.04,-117.92,164.21,-314.53,96.19
LEAL,LFPO,0,90,-2.84,15.31,-34.48,19.06,-0.01,0.07,-0.1,0.11,-18.76,169.85,-255.77,282.18
LEAM,LEMD,0,24,-22.0,22.83,-40.9,-2.4,0.02,0.14,-0.11,0.15,43.66,284.67,-228.3,294.16
LEAM,LEMD,1,18,-13.4,15.21,-37.91,9.22,0.04,0.1,-0.09,0.2,89.29,208.79,-171.61,402.63
LEAM,LEMD,2,47,-2.72,23.18,-27.38,53.2,0.03,0.14,-0.13,0.27,51.53,301.91,-251.19,536.63
LEAS,LEBL,0,107,2.14,10.72,-16.62,19.59,-0.05,0.08,-0.16,0.07,-128.09,196.26,-387.31,184.16
LEAS,LEMD,0,83,1.36,10.98,-17.39,17.68,-0.0,0.11,-0.13,0.16,-0.22,268.91,-333.16,377.64
LEAS,LEMD,1,44,-4.9,12.6,-22.66,16.58,0.03,0.07,-0.06,0.16,65.07,151.12,-132.14,359.71
LEBB,EDDF,0,20,-58.23,15.9,-82.8,-29.9,-0.22,0.09,-0.35,-0.13,-554.14,216.38,-802.71,-289.94
LEBB,EDDF,1,30,-62.6,114.93,-115.11,-49.23,-0.24,0.28,-0.39,-0.13,-608.78,696.14,-971.58,-362.4
LEBB,EDDF,2,26,-51.75,23.86,-79.47,-12.95,-0.21,0.15,-0.38,-0.12,-574.64,388.9,-976.22,-311.85
LEBB,EDDM,0,115,-18.33,14.79,-40.79,5.28,-0.13,0.09,-0.28,-0.0,-289.66,195.64,-619.9,-1.44
LEBB,EGKK,0,34,10.52,14.38,-11.74,30.7,0.1,0.12,-0.07,0.27,234.6,276.21,-164.34,662.64
LEBB,EGKK,1,42,16.73,9.35,4.06,28.8,0.13,0.14,-0.02,0.38,328.39,357.75,-58.78,945.02
LEBB,EGKK,2,29,16.5,8.98,5.18,35.26,0.15,0.12,0.01,0.28,364.6,288.06,21.26,708.36
LEBB,EHAM,0,117,0.33,11.91,-23.96,17.38,-0.0,0.09,-0.16,0.12,-12.14,215.9,-415.34,293.04
LEBB,LEAL,0,55,-24.07,17.75,-59.06,0.0,-0.01,0.07,-0.13,0.09,-33.6,173.82,-311.63,219.16
LEBB,LEBL,0,25,2.3,22.68,-27.82,43.06,-0.02,0.15,-0.14,0.09,-50.3,342.27,-353.64,212.92
LEBB,LEBL,1,103,-8.93,13.34,-29.69,14.11,-0.06,0.06,-0.14,0.05,-138.76,160.74,-325.11,136.33
LEBB,LEBL,2,19,-17.94,17.18,-46.88,8.58,-0.08,0.07,-0.14,0.06,-199.41,179.27,-364.04,143.02
LEBB,LEBL,3,31,8.9,12.23,-6.95,24.3,-0.03,0.05,-0.1,0.05,-72.49,130.32,-275.5,118.6
LEBB,LEIB,0,51,-34.06,27.8,-62.55,-1.75,-0.1,0.07,-0.19,-0.0,-248.93,183.75,-468.45,-8.4
LEBB,LEMD,0,78,-7.7,22.62,-47.03,16.27,0.06,0.1,-0.07,0.22,144.45,225.84,-154.7,526.0
LEBB,LEMD,1,188,-14.51,14.34,-47.92,1.1,-0.0,0.07,-0.12,0.1,-3.2,169.51,-293.36,240.85
LEBB,LEMG,0,90,-3.26,20.2,-37.77,30.4,0.05,0.07,-0.05,0.15,126.82,179.29,-124.28,367.9
LEBB,LEMH,0,20,-12.56,9.71,-27.84,0.42,-0.02,0.06,-0.12,0.09,-54.94,143.13,-288.08,234.77
LEBB,LEMH,1,27,-18.81,11.03,-36.1,-4.05,-0.04,0.06,-0.11,0.06,-95.49,146.28,-284.61,132.1
LEBB,LEMH,2,17,-7.79,16.78,-31.68,18.94,0.03,0.08,-0.06,0.14,67.15,176.44,-158.7,341.84
LEBB,LEPA,0,29,2.82,10.99,-13.94,17.66,0.02,0.06,-0.06,0.13,60.72,156.31,-140.2,333.06
LEBB,LEPA,1,69,-12.58,13.08,-30.86,11.8,-0.05,0.06,-0.13,0.06,-118.35,146.34,-323.26,137.22
LEBB,LEST,0,19,16.53,9.95,2.72,29.06,0.02,0.06,-0.05,0.11,53.44,135.38,-90.86,286.85
LEBB,LEVC,0,58,-23.19,24.7,-66.07,8.86,-0.05,0.09,-0.19,0.1,-116.56,192.94,-443.17,234.05
LEBB,LEZL,0,109,-4.52,12.12,-14.58,7.76,0.02,0.05,-0.06,0.08,51.32,115.13,-138.28,206.52
LEBB,LFPG,0,49,-26.21,11.53,-40.08,-5.7,-0.02,0.09,-0.15,0.11,-64.93,204.94,-375.56,237.72
LEBB,LFPG,1,15,-19.79,8.68,-30.67,-11.49,0.06,0.06,-0.02,0.17,128.55,140.96,-42.03,365.14
LEBB,LFPG,2,42,-26.83,18.41,-61.46,-2.52,0.03,0.09,-0.1,0.16,56.73,219.45,-262.3,354.43
LEBB,LPPT,0,53,-32.13,20.64,-68.88,-0.52,-0.08,0.11,-0.22,0.1,-67.75,96.64,-196.92,87.0
LEBB,LPPT,1,25,-13.56,14.23,-33.34,5.86,0.04,0.07,-0.03,0.18,102.93,160.3,-82.06,421.3
LEBL,EBBR,0,41,-5.3,15.75,-25.0,20.3,-0.02,0.1,-0.15,0.15,-45.8,273.73,-375.0,374.0
LEBL,EBBR,1,95,10.7,12.53,-7.57,31.33,0.02,0.07,-0.09,0.12,67.2,218.71,-210.41,456.52
LEBL,EBBR,2,76,8.49,13.31,-11.7,32.72,0.05,0.09,-0.12,0.15,130.43,227.28,-291.62,397.45
LEBL,EDDB,0,31,-13.12,20.96,-40.7,18.45,-0.01,0.07,-0.09,0.11,-12.5,181.02,-241.15,301.0
LEBL,EDDB,1,39,-6.67,12.46,-22.51,9.06,0.0,0.05,-0.08,0.07,8.25,120.3,-183.72,175.4
LEBL,EDDB,2,42,-9.79,16.99,-39.65,12.09,0.0,0.05,-0.09,0.07,4.43,122.61,-213.6,183.3
LEBL,EDDB,3,16,-14.42,17.7,-42.98,9.02,0.01,0.08,-0.06,0.14,28.43,193.87,-135.48,365.7
LEBL,EDDF,0,191,-51.01,22.7,-85.35,-13.15,-0.23,0.08,-0.34,-0.13,-637.23,247.04,-954.3,-348.85
LEBL,EDDF,1,20,-93.44,20.78,-124.34,-54.22,-0.29,0.08,-0.41,-0.18,-792.73,195.22,-1127.25,-491.35
LEBL,EDDH,0,48,-44.6,19.54,-73.03,-14.32,-0.15,0.09,-0.3,0.0,-357.63,222.18,-714.86,2.94
LEBL,EDDH,1,34,-44.06,22.79,-77.44,-16.12,-0.09,0.27,-0.25,-0.04,-208.99,673.0,-622.64,-98.26
LEBL,EDDK,0,47,-33.22,11.04,-49.79,-13.91,-0.11,0.07,-0.21,-0.01,-269.43,177.84,-512.5,-31.91
LEBL,EDDK,1,16,-32.25,16.05,-54.2,-15.18,-0.1,0.08,-0.2,0.01,-248.09,190.81,-496.88,20.43
LEBL,EDDK,2,28,-18.84,26.34,-47.36,20.84,0.03,0.16,-0.19,0.21,264.65,696.69,-452.61,1175.56
LEBL,EDDK,3,22,-15.0,20.67,-40.02,19.68,-0.0,0.13,-0.12,0.31,126.45,619.66,-289.68,1722.13
LEBL,EDDL,0,82,-26.06,25.48,-51.45,7.2,-0.05,0.11,-0.19,0.05,-116.4,264.91,-472.45,126.06
LEBL,EDDL,1,34,-25.21,21.27,-63.44,10.06,-0.07,0.08,-0.21,0.07,-163.65,206.55,-487.32,174.29
LEBL,EDDM,0,134,-12.79,15.6,-34.02,12.01,-0.14,0.08,-0.25,-0.03,-350.9,208.06,-648.86,-84.76
LEBL,EDDM,1,82,-17.37,12.9,-32.97,2.95,-0.21,0.08,-0.33,-0.09,-511.54,200.18,-798.66,-216.38
LEBL,EDDM,2,17,-19.72,19.18,-38.66,20.12,-0.17,0.08,-0.3,-0.04,-434.89,213.32,-762.12,-119.66
LEBL,EDDS,0,16,-6.05,9.29,-17.53,6.35,-0.02,0.05,-0.1,0.04,-50.73,127.56,-228.48,107.82
LEBL,EDDS,1,60,-15.93,10.2,-27.27,1.24,-0.02,0.06,-0.15,0.07,-57.67,154.93,-343.39,164.85
LEBL,EDDS,2,24,-20.48,11.31,-37.78,-5.6,-0.04,0.11,-0.15,0.07,-95.86,239.01,-337.82,161.41
LEBL,EGBB,0,64,-16.02,21.16,-54.87,9.48,-0.01,0.08,-0.13,0.11,-12.55,191.33,-299.79,277.55
LEBL,EGCC,0,109,7.2,13.21,-15.3,27.42,0.04,0.07,-0.08,0.15,91.33,185.2,-193.74,384.54
LEBL,EGCC,1,26,3.4,9.57,-10.82,18.62,-0.0,0.07,-0.08,0.1,0.83,183.78,-196.22,233.08
LEBL,EGGD,0,27,-15.23,9.47,-28.74,3.92,-0.05,0.06,-0.15,0.03,-119.63,148.12,-333.16,60.01
LEBL,EGGD,1,59,14.97,12.38,-7.43,30.74,0.0,0.07,-0.1,0.12,10.21,164.43,-233.71,266.77
LEBL,EGGW,0,60,-44.84,25.13,-78.63,-0.39,-0.14,0.11,-0.28,0.05,-323.51,248.18,-665.34,119.34
LEBL,EGGW,1,21,-58.92,26.53,-90.6,-23.3,-0.14,0.1,-0.26,0.02,-329.66,214.69,-578.1,51.3
LEBL,EGKK,0,85,-7.07,14.87,-33.14,21.34,0.09,0.12,-0.08,0.29,225.41,286.7,-170.48,717.9
LEBL,EGKK,1,255,4.09,13.64,-17.0,22.8,0.14,0.14,-0.03,0.38,332.39,347.1,-79.44,904.74
LEBL,EGLL,0,46,-5.68,9.61,-19.3,8.7,0.07,0.1,-0.03,0.22,178.94,254.89,-60.18,558.72
LEBL,EGLL,1,159,9.03,16.58,-5.9,31.84,0.11,0.1,-0.02,0.28,259.06,240.56,-39.77,677.16
LEBL,EGPH,0,55,1.6,12.77,-16.26,17.62,0.04,0.06,-0.04,0.12,86.83,152.36,-86.95,310.74
LEBL,EGSS,0,120,-5.32,12.91,-22.42,14.81,0.05,0.05,-0.04,0.14,114.97,127.53,-86.14,332.2
LEBL,EHAM,0,388,1.14,15.29,-27.29,21.76,0.06,0.07,-0.06,0.16,144.56,171.84,-156.11,408.49
LEBL,EHEH,0,54,-11.55,13.66,-34.86,6.88,-0.1,0.06,-0.19,-0.01,-236.62,133.29,-455.61,-29.95
LEBL,EIDW,0,116,-30.46,22.14,-65.9,0.5,-0.07,0.13,-0.22,0.11,-207.99,354.36,-628.8,409.85
LEBL,EIDW,1,32,-81.32,263.0,-77.45,8.83,-0.22,0.61,-0.33,0.22,-842.03,3360.38,-789.1,522.13
LEBL,EKCH,0,28,-23.14,11.46,-44.3,-5.56,-0.13,0.04,-0.2,-0.09,-314.91,93.92,-493.4,-220.45
LEBL,EKCH,1,21,-26.88,13.69,-45.5,-12.8,-0.14,0.07,-0.25,-0.05,-332.78,157.54,-570.5,-136.8
LEBL,EKCH,2,68,-21.52,15.07,-45.26,-1.41,-0.12,0.06,-0.22,-0.03,-282.87,143.92,-530.5,-64.39
LEBL,EKCH,3,28,-16.61,7.93,-30.31,-5.54,-0.11,0.07,-0.19,0.01,-260.2,168.14,-460.96,23.05
LEBL,ENGM,0,38,-24.47,18.06,-52.22,3.48,-0.05,0.09,-0.17,0.07,-105.94,205.43,-403.6,176.74
LEBL,ENGM,1,48,-33.71,16.84,-58.76,-9.68,-0.11,0.07,-0.22,0.0,-264.16,171.52,-538.74,4.69
LEBL,EPWA,0,55,-48.96,16.73,-71.67,-22.86,-0.08,0.06,-0.15,0.02,-184.01,137.68,-361.15,39.03
LEBL,ESSA,0,81,-6.51,17.59,-35.2,23.4,0.01,0.09,-0.1,0.1,21.68,207.6,-236.0,247.2
LEBL,ESSA,1,15,-14.21,17.03,-39.06,8.06,-0.04,0.06,-0.1,0.09,-84.55,151.09,-233.27,221.92
LEBL,GCLP,0,18,-22.47,14.52,-40.08,1.96,0.07,0.07,-0.01,0.2,181.21,185.05,-22.86,499.66
LEBL,GCLP,1,26,-13.93,22.77,-51.22,13.7,0.07,0.07,-0.05,0.17,178.12,182.3,-120.38,415.82
LEBL,GCLP,2,42,8.51,12.9,-6.96,30.08,0.08,0.07,-0.03,0.2,215.19,197.25,-60.25,557.85
LEBL,GCLP,3,25,5.63,7.31,-5.0,18.28,0.05,0.05,-0.02,0.12,125.76,134.57,-63.6,346.58
LEBL,GCRR,0,74,-33.47,20.81,-65.55,-5.63,-0.07,0.07,-0.17,0.03,-161.82,155.6,-426.12,73.78
LEBL,GCXO,0,60,-4.53,16.17,-37.66,19.87,-0.02,0.07,-0.14,0.08,-53.73,168.18,-331.74,200.96
LEBL,GCXO,1,71,-1.65,22.21,-39.35,24.6,0.0,0.08,-0.11,0.13,13.5,193.63,-277.35,313.55
LEBL,GMMN,0,63,-7.28,21.16,-40.05,21.87,0.04,0.11,-0.11,0.26,97.23,269.1,-266.05,631.94
LEBL,GMTT,0,31,-37.17,22.45,-67.95,-0.05,0.0,0.09,-0.1,0.16,3.68,223.02,-259.35,389.25
LEBL,GMTT,1,28,-22.0,21.67,-62.96,5.92,0.01,0.07,-0.11,0.09,21.84,166.69,-266.36,231.9
LEBL,KJFK,0,19,-6.85,7.54,-22.45,0.35,0.07,0.11,-0.04,0.25,378.13,626.88,-240.26,1391.48
LEBL,KJFK,1,31,-2.55,9.85,-18.1,14.4,0.0,0.11,-0.14,0.16,-12.13,651.45,-932.25,938.75
LEBL,KJFK,2,40,-2.73,12.85,-15.26,18.67,-0.0,0.08,-0.11,0.11,-47.01,489.48,-748.52,633.16
LEBL,KORD,0,25,-5.44,7.63,-19.48,6.32,-0.02,0.06,-0.13,0.07,-94.76,322.91,-664.74,366.34
LEBL,KORD,1,17,-8.62,11.47,-25.56,0.08,-0.04,0.07,-0.2,0.02,-206.57,366.04,-1029.06,118.76
LEBL,KORD,2,16,-6.19,6.67,-16.95,0.88,-0.04,0.08,-0.18,0.06,-201.68,437.34,-953.98,311.98
LEBL,LBSF,0,51,-38.65,24.31,-66.4,1.0,-0.07,0.07,-0.17,0.04,-173.23,178.47,-423.6,92.25
LEBL,LEAL,0,110,-11.52,14.99,-41.42,6.79,0.03,0.06,-0.08,0.14,73.26,151.84,-187.71,340.59
LEBL,LEAS,0,20,-6.52,16.87,-21.52,21.47,0.01,0.06,-0.08,0.11,36.2,141.72,-169.8,273.24
LEBL,LEAS,1,71,-1.99,13.78,-10.45,24.65,0.03,0.05,-0.07,0.13,68.63,132.51,-150.6,327.2
LEBL,LEAS,2,16,-5.81,4.05,-12.78,-0.7,-0.07,0.03,-0.1,-0.03,-150.29,57.64,-220.45,-72.25
LEBL,LEBB,0,182,2.63,18.18,-17.28,32.57,0.04,0.09,-0.05,0.15,97.62,212.9,-112.92,397.53
LEBL,LECO,0,23,-13.97,12.56,-25.54,-0.19,0.01,0.04,-0.06,0.08,37.73,107.86,-137.98,211.09
LEBL,LECO,1,21,1.76,14.31,-9.9,7.9,0.04,0.05,-0.04,0.1,89.75,125.55,-101.4,257.4
LEBL,LECO,2,19,9.58,12.9,-0.79,35.15,0.06,0.08,-0.01,0.19,149.01,202.39,-15.77,418.3
LEBL,LEGR,0,19,-31.08,13.46,-43.63,-4.75,0.12,0.1,0.0,0.27,295.65,250.25,8.56,708.44
LEBL,LEGR,1,91,-2.12,8.15,-5.05,9.8,0.13,0.05,0.07,0.2,328.01,126.1,186.45,512.5
LEBL,LEIB,0,391,-26.68,17.44,-53.25,0.0,-0.08,0.07,-0.18,0.03,-190.64,171.78,-434.05,81.65
LEBL,LEJR,0,56,-12.0,17.25,-41.2,12.22,0.05,0.05,-0.02,0.12,118.91,118.85,-52.72,302.97
LEBL,LEMD,0,100,-7.4,21.37,-54.62,7.43,0.02,0.09,-0.12,0.14,67.77,282.12,-275.83,562.33
LEBL,LEMD,1,279,1.59,6.07,-2.7,11.2,0.02,0.06,-0.07,0.12,49.3,174.75,-183.3,328.53
LEBL,LEMD,2,87,-36.43,15.91,-52.76,-1.76,-0.07,0.08,-0.2,0.07,-231.39,283.27,-779.99,220.63
LEBL,LEMG,0,219,-18.73,18.58,-57.53,3.53,0.07,0.07,-0.03,0.2,171.71,168.0,-68.82,473.9
LEBL,LEMH,0,313,-23.31,12.7,-49.9,-4.0,-0.07,0.06,-0.17,0.02,-180.09,137.53,-416.66,45.86
LEBL,LEPA,0,684,-12.5,10.71,-28.58,-1.01,-0.01,0.06,-0.1,0.1,-17.74,155.45,-236.26,236.08
LEBL,LESO,0,28,-8.99,7.78,-16.85,5.51,0.04,0.05,-0.03,0.12,97.91,100.26,-62.36,258.47
LEBL,LESO,1,30,6.36,9.93,-3.21,27.41,0.07,0.05,-0.01,0.16,143.67,119.26,-25.56,353.56
LEBL,LEST,0,18,-1.83,10.86,-12.49,20.09,-0.05,0.06,-0.14,0.01,-114.61,133.87,-328.64,30.64
LEBL,LEST,1,65,7.5,5.06,1.16,15.96,-0.02,0.05,-0.1,0.04,-36.98,116.76,-257.26,108.88
LEBL,LEST,2,20,-10.14,16.17,-36.53,9.44,-0.05,0.07,-0.14,0.02,-134.93,170.74,-354.99,50.44
LEBL,LEVC,0,38,-13.73,15.52,-48.52,-1.43,-0.07,0.12,-0.23,0.08,-131.81,256.32,-462.87,202.6
LEBL,LEVC,1,23,-30.08,14.64,-46.3,-0.36,-0.11,0.07,-0.2,0.01,-536.47,361.62,-1079.1,64.94
LEBL,LEVX,0,28,-16.8,5.15,-23.99,-7.37,0.04,0.07,-0.04,0.14,94.81,165.47,-99.42,322.36
LEBL,LEVX,1,22,-0.82,4.37,-3.88,7.01,0.03,0.04,-0.03,0.08,66.56,85.78,-72.59,172.79
LEBL,LEVX,2,17,-15.77,19.87,-51.38,6.02,-0.01,0.07,-0.15,0.07,-12.66,171.44,-360.82,167.5
LEBL,LEXJ,0,59,-5.93,20.18,-22.63,16.68,0.02,0.07,-0.05,0.1,46.1,167.42,-121.58,234.76
LEBL,LEZL,0,43,-32.71,15.13,-49.16,-9.76,-0.01,0.08,-0.1,0.12,-22.19,189.04,-242.96,284.31
LEBL,LEZL,1,161,-4.52,39.83,-12.6,19.2,0.03,0.09,-0.02,0.11,78.97,222.7,-56.9,264.6
LEBL,LEZL,2,20,-9.86,15.39,-45.22,2.13,0.03,0.05,-0.05,0.08,75.86,127.89,-114.06,205.56
LEBL,LEZL,3,19,-13.69,20.6,-43.04,10.39,0.04,0.04,-0.02,0.11,102.69,103.93,-45.3,266.33
LEBL,LFLL,0,16,3.31,13.2,-18.45,20.38,-0.0,0.05,-0.07,0.08,-5.52,121.36,-174.32,201.22
LEBL,LFLL,1,28,-12.26,12.84,-32.56,11.7,-0.01,0.05,-0.1,0.06,-30.58,127.03,-254.11,141.81
LEBL,LFLL,2,27,-15.04,18.92,-42.0,8.69,-0.04,0.06,-0.12,0.05,-83.77,134.6,-262.26,105.86
LEBL,LFMN,0,22,-7.18,9.56,-22.48,1.17,-0.03,0.06,-0.12,0.06,-60.93,138.38,-262.86,146.69
LEBL,LFMN,1,72,-20.55,14.39,-40.64,2.74,-0.02,0.07,-0.13,0.09,-46.99,162.96,-288.71,211.59
LEBL,LFPG,0,84,-30.03,12.7,-56.8,-12.03,-0.07,0.08,-0.23,0.05,-178.97,216.03,-554.08,158.59
LEBL,LFPG,1,220,-17.64,14.14,-43.91,7.33,-0.05,0.09,-0.2,0.09,-114.07,221.62,-502.27,217.22
LEBL,LFPO,0,59,-12.39,11.7,-39.54,5.82,-0.03,0.05,-0.1,0.06,-74.55,136.21,-255.47,161.7
LEBL,LFPO,1,171,-1.17,14.6,-28.5,25.6,-0.02,0.06,-0.12,0.08,-57.07,159.39,-301.75,206.7
LEBL,LFRS,0,93,2.95,11.62,-16.26,20.8,0.01,0.06,-0.07,0.08,25.01,145.67,-165.68,223.2
LEBL,LFSB,0,89,-36.31,12.92,-58.22,-19.04,-0.13,0.07,-0.23,-0.04,-332.18,262.32,-635.2,-81.74
LEBL,LGAV,0,97,-17.15,16.76,-31.56,7.76,-0.03,0.08,-0.13,0.1,-70.45,194.37,-314.44,275.46
LEBL,LHBP,0,40,-27.66,10.93,-42.71,-9.77,-0.01,0.06,-0.09,0.06,-16.93,149.37,-220.84,144.11
LEBL,LHBP,1,9,-28.43,17.19,-48.24,-1.56,-0.02,0.07,-0.09,0.08,-53.16,163.32,-227.1,197.0
LEBL,LHBP,2,27,-22.09,11.78,-35.3,-1.7,-0.0,0.05,-0.09,0.06,-5.67,114.53,-212.3,143.27
LEBL,LIMC,0,314,-72.97,22.6,-96.88,-32.49,-0.28,0.11,-0.42,-0.13,-757.44,431.46,-1435.98,-303.6
LEBL,LIME,0,35,-38.72,8.85,-49.96,-19.54,-0.13,0.05,-0.19,-0.05,-305.03,111.63,-452.0,-124.81
LEBL,LIME,1,50,-52.16,14.63,-70.39,-29.48,-0.1,0.11,-0.18,-0.03,-245.89,271.74,-440.0,-74.73
LEBL,LIPE,0,22,-8.53,6.63,-16.98,2.68,-0.02,0.06,-0.09,0.09,-37.22,148.49,-204.94,212.16
LEBL,LIPE,1,74,-18.24,34.53,-36.8,-0.45,-0.01,0.2,-0.12,0.05,-34.63,472.63,-280.0,127.26
LEBL,LIPE,2,21,-3.96,7.34,-15.1,9.3,0.01,0.05,-0.07,0.07,29.5,117.03,-166.7,166.6
LEBL,LIPZ,0,49,-31.87,12.4,-45.98,-3.32,-0.17,0.05,-0.23,-0.07,-415.21,125.24,-606.7,-195.34
LEBL,LIPZ,1,92,-44.0,18.35,-65.2,-9.58,-0.15,0.06,-0.25,-0.05,-376.32,150.6,-611.25,-130.12
LEBL,LIRF,0,431,-44.18,24.48,-69.4,-9.2,-0.15,0.1,-0.26,-0.05,-354.79,263.18,-625.0,-120.0
LEBL,LIRN,0,18,-48.02,22.41,-75.76,-19.2,-0.09,0.08,-0.19,0.04,-226.77,204.45,-460.46,103.67
LEBL,LIRN,1,78,-40.99,26.28,-76.6,-5.53,-0.07,0.1,-0.2,0.07,-183.56,244.41,-498.56,187.0
LEBL,LIRN,2,16,-24.25,17.16,-40.65,3.08,-0.02,0.08,-0.13,0.1,-48.04,202.46,-319.53,291.68
LEBL,LIRQ,0,74,-27.15,11.24,-43.2,-11.36,-0.08,0.06,-0.21,0.01,-179.91,134.37,-462.34,30.29
LEBL,LKPR,0,45,-35.53,24.09,-85.24,-14.36,-0.08,0.08,-0.2,0.03,-191.52,180.93,-491.66,66.64
LEBL,LKPR,1,44,-30.13,23.24,-74.67,-0.18,-0.07,0.07,-0.18,0.02,-182.33,167.17,-445.8,41.19
LEBL,LLBG,0,101,-12.95,13.12,-27.9,11.0,-0.02,0.08,-0.13,0.08,-56.12,193.44,-333.3,204.0
LEBL,LOWW,0,158,-5.44,14.71,-25.02,19.64,0.03,0.06,-0.07,0.13,66.47,161.91,-167.21,336.94
LEBL,LPPR,0,25,-16.06,16.45,-35.76,11.42,0.02,0.05,-0.05,0.1,41.41,123.0,-116.66,232.0
LEBL,LPPR,1,50,-2.16,10.32,-17.16,15.24,0.03,0.07,-0.05,0.12,74.17,174.46,-120.0,331.37
LEBL,LPPR,2,22,-13.02,24.09,-50.72,23.08,0.03,0.09,-0.05,0.13,86.44,214.14,-124.5,305.95
LEBL,LPPR,3,38,-11.44,23.64,-48.82,17.9,0.02,0.07,-0.1,0.12,45.66,170.17,-246.0,294.01
LEBL,LPPR,4,35,-24.53,28.36,-67.59,5.61,-0.0,0.07,-0.14,0.08,-6.67,177.76,-332.0,200.0
LEBL,LPPT,0,302,-14.13,26.68,-55.89,26.07,0.07,0.1,-0.08,0.22,168.55,235.23,-191.7,540.19
LEBL,LPPT,1,28,-15.88,26.16,-62.38,24.37,0.07,0.13,-0.07,0.23,133.57,244.37,-137.35,408.0
LEBL,LROP,0,33,-44.08,15.99,-64.1,-14.18,-0.08,0.09,-0.22,0.06,-186.77,237.34,-558.34,167.32
LEBL,LROP,1,32,-32.91,16.52,-51.65,-7.57,-0.05,0.05,-0.12,0.02,-121.14,126.03,-272.45,67.66
LEBL,LSGG,0,79,-27.09,12.22,-41.79,-8.98,0.0,0.07,-0.1,0.11,10.8,165.99,-240.57,264.48
LEBL,LSGG,1,37,-12.84,10.28,-28.76,3.66,0.01,0.06,-0.07,0.09,30.21,127.96,-161.12,213.08
LEBL,LSGG,2,39,-31.36,11.88,-48.89,-16.51,-0.03,0.06,-0.13,0.06,-57.92,135.15,-285.78,140.68
LEBL,LSZH,0,17,-14.4,25.85,-47.56,22.3,-0.02,0.08,-0.11,0.14,-34.16,196.82,-235.14,372.14
LEBL,LSZH,1,48,-17.59,12.62,-32.52,5.62,-0.04,0.08,-0.15,0.09,-109.71,229.62,-417.44,233.36
LEBL,LSZH,2,61,-39.73,15.94,-60.3,-15.5,-0.04,0.07,-0.15,0.1,-90.0,166.63,-316.7,214.5
LEBL,LSZH,3,38,-9.3,9.76,-26.15,4.52,-0.09,0.08,-0.2,0.02,-238.97,217.01,-561.05,55.12
LEBL,LSZH,4,15,-15.23,14.7,-34.2,7.34,-0.04,0.08,-0.17,0.08,-108.33,196.33,-414.4,188.67
LEBL,LTFM,0,109,-33.06,16.34,-56.54,0.28,-0.08,0.1,-0.22,0.1,-419.82,551.92,-1343.36,316.0
LEBL,LYBE,0,34,-28.22,13.03,-44.72,-3.15,-0.05,0.07,-0.17,0.06,-132.17,190.16,-421.13,145.47
LEBL,LYBE,1,36,-18.3,22.22,-35.38,34.38,-0.04,0.07,-0.14,0.08,-108.66,182.97,-340.78,208.15
LEBL,OMDB,0,60,5.62,23.7,-26.91,43.9,0.19,0.11,0.01,0.37,1509.02,848.97,116.56,2899.08
LEBL,OTHH,0,25,13.14,17.0,-8.64,45.08,0.09,0.07,-0.0,0.2,511.3,395.21,-3.02,1158.66
LEBL,OTHH,1,17,11.77,26.9,-14.5,60.04,0.1,0.1,-0.02,0.25,567.52,531.4,-103.14,1399.8
LEBL,OTHH,2,18,1.77,17.11,-17.94,34.4,0.04,0.09,-0.07,0.19,224.03,553.93,-374.07,1393.32
LECO,LEBL,0,30,-10.96,7.55,-18.91,0.64,-0.04,0.08,-0.14,0.09,-96.37,191.0,-346.54,210.84
LECO,LEBL,1,33,0.54,7.24,-8.42,13.8,-0.01,0.06,-0.09,0.09,-32.98,142.54,-224.72,217.06
LECO,LEMD,0,132,0.65,8.94,-9.9,13.21,0.01,0.08,-0.09,0.15,28.85,183.57,-213.5,360.0
LECO,LEMD,1,52,0.93,7.59,-8.99,14.16,0.0,0.07,-0.1,0.12,6.1,178.19,-254.36,329.72
LECO,LEMD,2,45,2.34,7.58,-6.48,11.02,0.06,0.08,-0.03,0.21,140.52,191.04,-80.0,499.76
LECO,LEMD,3,15,5.73,14.14,-6.75,31.65,0.06,0.07,-0.04,0.15,157.77,165.81,-91.68,345.0
LEGE,EBCI,0,55,8.02,13.38,-18.47,25.78,-0.04,0.05,-0.12,0.03,-103.43,111.9,-292.0,72.61
LEGE,EGSS,0,61,9.8,9.8,-4.0,28.0,0.07,0.05,-0.01,0.15,156.22,121.89,-23.3,368.0
LEGR,LEBL,0,18,1.02,15.66,-17.63,30.4,0.02,0.07,-0.11,0.12,36.71,161.07,-261.45,281.68
LEGR,LEBL,1,61,5.87,15.53,-11.9,31.0,0.01,0.06,-0.06,0.11,37.37,143.46,-161.1,272.2
LEGR,LEBL,2,31,0.77,18.2,-18.8,36.45,0.03,0.07,-0.06,0.12,66.05,166.7,-149.65,301.7
LEGR,LEMD,0,73,-0.12,11.78,-16.58,14.2,0.0,0.09,-0.1,0.15,4.15,184.3,-200.0,304.48
LEGR,LEMD,1,16,3.84,13.14,-15.42,26.52,0.06,0.12,-0.07,0.22,126.64,231.85,-130.82,450.02
LEIB,EBBR,0,24,13.96,16.46,-7.65,35.24,-0.07,0.11,-0.2,0.06,-162.79,260.05,-465.75,119.36
LEIB,EBBR,1,28,12.41,11.15,-8.67,27.13,0.0,0.07,-0.1,0.09,2.34,160.09,-239.29,208.94
LEIB,EDDL,0,30,-28.01,17.06,-57.34,-5.14,-0.07,0.05,-0.13,-0.0,-163.63,122.2,-318.08,-0.87
LEIB,EDDL,1,29,-24.27,14.63,-49.0,-1.26,-0.07,0.05,-0.14,0.02,-153.92,124.36,-355.46,39.3
LEIB,EDDM,0,26,-3.5,16.17,-29.35,22.78,-0.12,0.1,-0.24,0.05,-306.29,264.09,-662.28,126.92
LEIB,EDDM,1,34,-16.52,13.95,-37.91,0.9,-0.2,0.08,-0.31,-0.08,-494.02,190.81,-775.06,-198.3
LEIB,EGBB,0,66,-11.86,15.38,-38.22,15.48,-0.05,0.07,-0.17,0.06,-129.11,174.89,-386.98,145.82
LEIB,EGCC,0,99,12.47,10.57,-0.18,29.68,0.02,0.07,-0.08,0.14,51.88,240.78,-268.22,453.46
LEIB,EGCC,1,32,12.5,8.52,1.36,23.19,0.01,0.07,-0.07,0.1,76.67,287.5,-171.7,431.49
LEIB,EGGD,0,60,12.85,12.41,-7.5,31.03,-0.01,0.06,-0.1,0.08,-24.93,143.31,-241.42,186.03
LEIB,EGKK,0,154,6.88,16.75,-17.1,25.96,0.06,0.12,-0.1,0.27,138.65,296.23,-251.3,663.35
LEIB,EGLC,0,55,-20.19,15.58,-49.27,-2.5,-0.01,0.09,-0.15,0.1,-28.87,195.92,-334.32,227.38
LEIB,EGLL,0,65,13.46,6.55,6.04,23.6,0.08,0.1,-0.06,0.32,204.53,258.88,-156.94,813.76
LEIB,EGNT,0,54,12.39,9.85,0.37,25.05,0.01,0.08,-0.11,0.12,25.99,181.03,-265.24,294.0
LEIB,EGSS,0,20,2.95,8.06,-9.7,15.84,-0.02,0.06,-0.1,0.08,-39.69,150.4,-238.87,192.76
LEIB,EGSS,1,84,2.52,12.69,-16.27,20.96,0.05,0.07,-0.05,0.16,113.05,162.3,-118.1,353.2
LEIB,EHAM,0,134,9.12,18.02,-17.24,30.98,0.05,0.09,-0.09,0.16,109.65,210.67,-194.2,384.05
LEIB,EHEH,0,83,-1.14,9.42,-16.0,11.94,-0.08,0.1,-0.18,-0.02,-195.4,239.97,-433.6,-46.46
LEIB,EHRD,0,55,4.79,10.03,-11.03,20.1,-0.02,0.06,-0.12,0.06,-36.46,137.08,-282.8,155.72
LEIB,LEAL,0,66,-9.02,16.06,-36.3,15.45,0.04,0.07,-0.06,0.13,79.48,164.5,-138.48,279.23
LEIB,LEBB,0,51,-5.38,18.1,-31.3,31.05,-0.0,0.07,-0.12,0.12,-2.31,171.87,-281.8,275.6
LEIB,LEBL,0,32,-1.9,15.61,-19.8,19.6,-0.05,0.11,-0.14,0.03,-112.22,296.94,-331.53,75.34
LEIB,LEBL,1,33,2.52,9.64,-5.2,25.58,-0.06,0.06,-0.14,0.04,-140.6,143.9,-345.68,93.7
LEIB,LEBL,2,76,-1.22,10.13,-16.32,21.95,-0.05,0.06,-0.14,0.05,-114.8,140.94,-319.58,115.7
LEIB,LEBL,3,243,-3.61,8.51,-15.1,14.2,-0.07,0.06,-0.16,0.03,-170.31,139.43,-385.38,56.54
LEIB,LEMD,0,156,-8.89,12.58,-21.1,19.05,0.04,0.08,-0.05,0.18,92.03,195.1,-125.0,466.7
LEIB,LEMD,1,96,4.74,9.21,-0.22,23.38,0.04,0.05,-0.03,0.12,104.04,111.35,-83.3,290.0
LEIB,LEMD,2,41,-11.3,19.17,-38.6,17.3,0.02,0.1,-0.08,0.17,41.47,249.95,-208.3,416.7
LEIB,LEMD,3,38,3.24,11.33,-10.19,25.04,0.06,0.07,-0.05,0.17,149.96,164.93,-131.57,416.62
LEIB,LEMG,0,59,-20.79,16.23,-45.6,0.36,0.08,0.08,-0.03,0.21,176.7,186.64,-71.31,482.56
LEIB,LEPA,0,328,-17.9,13.16,-36.51,0.0,-0.04,0.06,-0.14,0.05,-55.73,79.46,-200.86,59.79
LEIB,LEVC,0,144,9.8,20.6,-18.07,41.54,0.01,0.07,-0.1,0.11,19.68,150.12,-215.34,264.61
LEIB,LFPO,0,98,5.2,13.24,-17.66,31.64,-0.01,0.07,-0.14,0.09,-18.93,163.95,-348.65,220.15
LEIB,LIMC,0,108,-70.04,24.72,-102.53,-23.15,-0.29,0.11,-0.43,-0.14,-725.88,290.2,-1128.58,-342.71
LEIB,LIME,0,43,-36.86,14.58,-62.65,-11.92,-0.13,0.06,-0.22,-0.07,-297.33,130.69,-514.0,-139.93
LEIB,LIME,1,29,-48.91,25.1,-76.4,-29.28,-0.06,0.17,-0.23,0.27,-145.22,407.11,-478.08,648.82
LEIB,LIRF,0,40,-29.57,21.46,-53.54,-2.7,-0.13,0.07,-0.2,-0.0,-308.25,168.82,-482.0,-9.01
LEIB,LIRF,1,27,-42.21,23.19,-68.05,-6.68,-0.13,0.06,-0.24,-0.07,-315.03,139.71,-570.0,-146.0
LEIB,LPPT,0,38,-15.62,21.25,-48.31,19.62,0.07,0.09,-0.08,0.23,159.37,216.83,-194.19,543.6
LEIB,LPPT,1,22,-11.75,16.06,-36.94,9.85,0.03,0.09,-0.07,0.19,77.8,227.8,-165.94,474.59
LEIB,LSZH,0,36,-18.61,16.66,-41.55,7.28,-0.1,0.1,-0.22,0.08,-244.31,241.15,-529.7,209.72
LEIB,LSZH,1,26,-32.66,18.75,-60.22,1.3,-0.08,0.13,-0.24,0.15,-188.13,306.73,-538.28,377.92
LEJR,LEBL,0,56,0.44,18.24,-22.78,33.33,-0.02,0.07,-0.15,0.08,-57.11,174.35,-345.98,184.7
LEJR,LEMD,0,66,-15.37,17.61,-30.58,5.92,-0.04,0.09,-0.15,0.08,-94.97,191.56,-298.32,173.92
LEJR,LEMD,1,19,-12.76,12.05,-29.75,1.01,-0.02,0.08,-0.13,0.1,-25.91,187.27,-268.05,258.94
LEMD,EBBR,0,149,16.98,12.67,-5.0,34.08,0.05,0.08,-0.13,0.15,132.54,224.07,-358.32,439.96
LEMD,EBBR,1,100,13.94,12.1,-8.75,32.97,-0.03,0.08,-0.13,0.12,-70.5,212.0,-335.38,312.57
LEMD,EBBR,2,23,12.1,9.68,-3.61,24.78,-0.0,0.1,-0.1,0.13,-17.44,279.12,-238.38,319.55
LEMD,EBBR,3,41,17.77,11.05,-2.7,34.7,-0.02,0.08,-0.12,0.07,-56.95,210.21,-500.0,166.6
LEMD,EDDB,0,83,0.13,17.76,-26.9,28.61,0.01,0.06,-0.09,0.11,21.17,149.32,-219.69,281.66
LEMD,EDDB,1,30,4.22,16.07,-18.4,30.71,0.03,0.08,-0.07,0.17,88.42,207.78,-177.52,452.98
LEMD,EDDF,0,98,-37.29,78.23,-72.19,-11.29,-0.12,0.26,-0.28,0.06,-342.27,670.85,-869.33,154.83
LEMD,EDDF,1,102,-77.21,53.39,-104.18,-44.74,-0.21,0.22,-0.38,-0.11,-548.34,562.64,-976.97,-273.9
LEMD,EDDF,2,68,-34.89,19.41,-58.46,3.5,-0.15,0.09,-0.3,-0.0,-361.29,251.31,-734.11,-6.68
LEMD,EDDH,0,19,-60.37,24.91,-89.14,-21.94,-0.19,0.09,-0.28,-0.06,-442.26,203.53,-692.77,-151.12
LEMD,EDDH,1,34,-60.27,19.31,-90.62,-29.2,-0.2,0.07,-0.34,-0.1,-466.45,168.02,-788.58,-257.25
LEMD,EDDL,0,41,-28.63,19.14,-52.2,1.1,-0.06,0.08,-0.18,0.1,-157.23,200.39,-479.9,222.9
LEMD,EDDL,1,67,-17.52,15.29,-34.99,12.63,-0.05,0.08,-0.17,0.08,-119.63,187.02,-423.94,190.3
LEMD,EDDM,0,238,2.16,13.86,-16.72,23.57,-0.1,0.09,-0.26,0.03,-241.79,212.46,-619.07,82.86
LEMD,EDDM,1,9,-11.14,16.76,-32.88,13.7,-0.16,0.08,-0.24,-0.03,-362.7,177.83,-569.78,-82.06
LEMD,EDDM,2,19,0.92,16.39,-24.24,22.49,-0.08,0.06,-0.17,0.01,-189.56,148.98,-370.27,33.6
LEMD,EDDP,0,26,-26.06,25.03,-69.5,-0.85,-0.09,0.07,-0.21,0.03,-218.6,183.99,-526.75,80.0
LEMD,EGKK,0,83,11.11,10.02,-9.47,28.76,0.13,0.12,-0.02,0.32,312.15,298.53,-50.64,797.76
LEMD,EGKK,1,40,10.04,14.06,-11.98,34.68,0.19,0.14,-0.01,0.44,466.18,345.48,-19.37,1062.59
LEMD,EGKK,2,41,16.02,6.56,5.4,24.8,0.2,0.15,0.04,0.44,474.63,356.8,97.8,1061.3
LEMD,EGLL,0,171,16.26,7.58,8.5,30.7,0.11,0.11,-0.06,0.29,292.15,371.6,-196.8,853.95
LEMD,EGLL,1,58,10.57,10.32,-5.98,25.7,0.11,0.1,-0.02,0.26,307.08,311.76,-55.54,833.7
LEMD,EGLL,2,38,13.69,7.86,-4.05,26.51,0.16,0.13,0.01,0.42,615.08,726.67,31.24,2319.0
LEMD,EGLL,3,93,19.73,11.33,5.24,41.76,0.13,0.11,-0.02,0.33,334.93,275.96,-61.9,788.34
LEMD,EGPH,0,52,9.56,7.75,-0.93,23.32,0.04,0.07,-0.06,0.15,87.69,173.95,-134.5,353.04
LEMD,EGSS,0,91,3.35,21.62,-12.55,26.95,0.08,0.1,-0.02,0.17,186.06,239.84,-59.65,410.35
LEMD,EHAM,0,262,14.3,12.56,-6.38,30.6,0.09,0.07,-0.01,0.19,256.46,188.68,-34.78,535.3
LEMD,EIDW,0,129,-25.43,22.43,-59.46,5.02,-0.07,0.12,-0.23,0.12,-162.32,295.79,-546.76,307.88
LEMD,EKCH,0,25,-10.99,12.65,-36.22,6.5,-0.12,0.06,-0.18,-0.05,-297.55,149.74,-471.82,-124.48
LEMD,EKCH,1,42,-5.47,12.06,-30.08,7.65,-0.08,0.07,-0.21,0.01,-210.46,185.87,-517.74,17.84
LEMD,GCFV,0,49,-37.74,11.81,-50.4,-23.94,-0.09,0.05,-0.2,-0.01,-224.23,148.74,-539.04,-29.02
LEMD,GCFV,1,15,-38.63,10.69,-59.82,-28.83,-0.1,0.08,-0.22,-0.0,-253.35,187.66,-552.71,-8.07
LEMD,GCFV,2,33,-47.99,9.68,-63.04,-35.46,-0.12,0.06,-0.2,-0.02,-289.85,148.89,-531.68,-55.62
LEMD,GCLP,0,60,3.98,14.18,-10.01,32.31,0.07,0.07,-0.01,0.19,195.31,191.56,-16.2,484.1
LEMD,GCLP,1,56,3.56,12.04,-12.73,23.8,0.1,0.07,0.01,0.2,276.85,198.29,36.65,625.65
LEMD,GCLP,2,134,5.29,11.37,-9.67,27.14,0.09,0.07,-0.02,0.19,250.06,210.55,-49.54,547.44
LEMD,GCLP,3,93,-0.15,11.71,-17.7,23.3,0.05,0.07,-0.05,0.16,112.38,173.66,-137.34,387.92
LEMD,GCLP,4,37,11.78,11.08,-2.22,30.68,0.05,0.08,-0.09,0.15,127.76,203.54,-220.02,383.52
LEMD,GCRR,0,57,-23.03,11.25,-39.24,-4.76,-0.11,0.08,-0.23,0.01,-264.55,207.14,-565.78,29.18
LEMD,GCRR,1,74,-28.93,9.68,-45.2,-11.36,-0.07,0.08,-0.24,0.03,-174.66,200.71,-605.08,60.49
LEMD,GCRR,2,23,-21.39,7.39,-31.15,-14.94,-0.05,0.07,-0.15,0.03,-119.7,175.29,-377.88,59.54
LEMD,GCTS,0,101,-28.34,13.52,-40.8,-3.9,-0.07,0.06,-0.16,0.03,-162.19,144.87,-408.4,70.0
LEMD,GCXO,0,231,8.18,7.73,0.25,21.85,0.01,0.05,-0.07,0.09,34.2,140.87,-172.7,281.5
LEMD,GCXO,1,79,7.8,10.43,-5.3,21.64,0.02,0.05,-0.07,0.09,65.88,153.43,-175.17,280.48
LEMD,GCXO,2,33,-8.76,12.58,-27.02,9.5,-0.07,0.06,-0.17,0.04,-167.78,161.35,-433.08,98.02
LEMD,GEML,0,104,3.79,7.9,-5.18,15.34,0.0,0.06,-0.08,0.1,3.11,55.63,-71.33,88.5
LEMD,GMMN,0,97,-8.28,21.1,-30.64,21.92,0.02,0.09,-0.07,0.16,52.93,195.39,-153.92,370.54
LEMD,GMMX,0,59,-15.58,16.86,-35.8,6.83,0.02,0.08,-0.09,0.15,60.24,197.0,-222.99,385.34
LEMD,GMMX,1,23,-9.11,12.39,-22.93,9.93,0.02,0.06,-0.09,0.11,50.05,153.12,-205.37,266.66
LEMD,GMMX,2,20,-27.77,23.18,-67.47,-6.9,-0.01,0.06,-0.09,0.06,-24.82,143.45,-224.24,174.85
LEMD,GMTT,0,111,-15.34,24.52,-73.55,17.75,0.04,0.08,-0.09,0.16,98.7,189.0,-225.35,402.6
LEMD,KDFW,0,19,-0.73,3.74,-6.44,4.73,-0.03,0.04,-0.11,0.03,-160.86,260.59,-663.09,165.17
LEMD,KDFW,1,21,-1.57,4.19,-9.1,5.8,-0.01,0.03,-0.05,0.06,-37.94,192.16,-316.9,348.1
LEMD,KDFW,2,19,-0.15,3.26,-5.22,4.19,-0.03,0.07,-0.16,0.04,-167.96,383.43,-838.61,238.72
LEMD,KJFK,0,74,-0.93,17.22,-6.37,5.37,0.02,0.09,-0.1,0.13,127.77,506.61,-576.52,766.85
LEMD,KJFK,1,24,-5.64,7.71,-23.6,0.0,-0.01,0.05,-0.1,0.06,-49.82,316.12,-624.86,328.02
LEMD,KJFK,2,45,-2.92,8.83,-13.28,5.74,0.04,0.07,-0.05,0.18,198.34,390.0,-259.96,976.58
LEMD,KMIA,0,20,-0.85,7.94,-7.6,9.29,-0.02,0.04,-0.07,0.03,-131.78,207.89,-441.77,185.21
LEMD,KMIA,1,40,-1.45,3.87,-5.35,5.8,-0.05,0.05,-0.13,0.03,-269.45,270.55,-707.84,155.3
LEMD,KMIA,2,34,-1.08,9.24,-7.99,11.3,-0.04,0.05,-0.11,0.03,-227.78,274.88,-679.48,157.75
LEMD,KMIA,3,26,-1.43,3.79,-10.9,1.48,-0.01,0.05,-0.08,0.06,-78.09,266.81,-485.7,354.12
LEMD,LEAL,0,42,-1.14,5.36,-6.26,10.12,0.05,0.04,-0.01,0.13,107.4,94.78,-23.98,265.33
LEMD,LEAL,1,24,14.68,10.99,-1.8,27.52,0.09,0.06,-0.02,0.17,217.96,136.98,-37.36,410.0
LEMD,LEAL,2,20,-0.55,3.06,-5.17,2.35,0.05,0.04,-0.02,0.09,107.61,91.12,-49.51,222.14
LEMD,LEAL,3,38,-10.74,7.61,-19.85,-2.1,0.01,0.05,-0.06,0.07,21.15,99.98,-126.48,154.8
LEMD,LEAL,4,35,6.89,15.95,-13.5,30.38,0.03,0.05,-0.04,0.13,67.03,103.96,-80.69,256.12
LEMD,LEAM,0,21,-9.78,10.64,-21.2,5.0,0.0,0.04,-0.06,0.06,1.67,90.4,-127.8,150.0
LEMD,LEAM,1,68,-13.77,15.87,-34.94,9.72,-0.04,0.04,-0.09,0.02,-74.93,80.9,-216.39,43.64
LEMD,LEAS,0,100,1.99,11.66,-12.54,19.66,-0.02,0.07,-0.12,0.07,-33.7,158.6,-264.14,171.43
LEMD,LEAS,1,26,-5.26,17.03,-40.78,15.25,-0.05,0.06,-0.13,0.05,-110.32,138.51,-285.42,129.95
LEMD,LEBB,0,171,-4.1,13.65,-16.3,8.4,0.0,0.08,-0.07,0.08,1.92,179.13,-166.1,189.85
LEMD,LEBB,1,95,-4.74,13.08,-16.12,8.0,0.04,0.1,-0.04,0.1,89.15,226.61,-105.15,230.6
LEMD,LEBL,0,462,-1.21,9.77,-16.4,15.4,-0.06,0.07,-0.16,0.06,-165.27,188.11,-462.75,135.4
LEMD,LECO,0,187,13.68,7.68,2.03,22.94,0.05,0.07,-0.05,0.16,111.94,167.33,-113.13,379.41
LEMD,LECO,1,42,6.75,8.43,-6.34,16.4,0.05,0.07,-0.04,0.16,124.2,156.91,-92.29,388.86
LEMD,LECO,2,15,8.93,5.41,0.36,14.43,0.0,0.04,-0.07,0.04,2.77,94.38,-177.61,114.01
LEMD,LEGR,0,64,-1.79,5.46,-9.34,11.13,0.03,0.05,-0.05,0.1,65.72,100.08,-97.75,198.05
LEMD,LEGR,1,25,1.92,8.26,-5.82,17.5,0.07,0.05,-0.01,0.16,145.58,103.72,-17.12,327.06
LEMD,LEIB,0,330,-15.91,20.2,-44.51,9.1,-0.03,0.07,-0.11,0.07,-84.74,169.23,-280.88,172.55
LEMD,LEJR,0,66,-9.91,9.57,-19.62,13.85,-0.01,0.04,-0.06,0.08,-10.1,99.09,-157.68,184.3
LEMD,LEJR,1,19,-2.61,3.29,-5.34,0.89,0.04,0.03,-0.01,0.08,89.4,79.92,-23.36,188.54
LEMD,LEMG,0,167,-8.91,13.93,-19.29,22.68,0.05,0.07,-0.03,0.16,132.39,161.88,-80.1,385.15
LEMD,LEMG,1,56,2.91,14.58,-8.05,34.95,0.12,0.07,0.01,0.23,288.49,179.89,23.85,561.62
LEMD,LEMG,2,27,15.97,38.67,-20.36,35.12,0.15,0.2,-0.03,0.26,298.7,247.46,-66.61,634.41
LEMD,LEMH,0,69,-8.45,12.95,-26.9,18.02,-0.02,0.06,-0.11,0.08,-39.81,137.94,-268.24,192.38
LEMD,LEMH,1,41,-13.14,13.6,-34.1,0.0,-0.03,0.05,-0.1,0.05,-73.2,126.32,-246.0,116.7
LEMD,LEMH,2,32,-1.27,11.1,-21.07,18.12,0.01,0.06,-0.07,0.1,24.93,148.24,-173.05,253.18
LEMD,LEPA,0,328,-11.66,20.43,-46.76,17.09,-0.05,0.09,-0.18,0.11,-119.18,222.04,-423.34,270.29
LEMD,LEPA,1,48,-15.35,20.52,-52.58,2.98,-0.09,0.04,-0.16,-0.03,-237.27,117.44,-430.15,-80.22
LEMD,LEPA,2,98,-6.81,14.68,-38.68,2.7,-0.06,0.08,-0.17,0.06,-149.72,196.13,-428.62,152.75
LEMD,LEPA,3,28,-2.38,26.58,-46.04,27.74,-0.02,0.09,-0.12,0.15,-53.46,219.43,-311.67,366.57
LEMD,LEPA,4,16,-28.46,25.8,-65.55,-0.85,-0.12,0.09,-0.25,0.0,-295.98,223.49,-602.8,1.98
LEMD,LEPP,0,89,13.3,14.23,-0.36,32.72,0.04,0.06,-0.04,0.15,85.52,122.77,-78.7,290.44
LEMD,LESO,0,41,12.69,13.31,1.6,41.3,0.07,0.09,-0.03,0.19,160.81,192.57,-58.0,407.6
LEMD,LESO,1,43,12.35,9.01,4.63,31.29,0.05,0.07,-0.05,0.16,105.5,149.85,-119.17,342.67
LEMD,LEST,0,77,12.03,10.93,3.16,37.82,-0.0,0.13,-0.1,0.11,-4.57,279.75,-212.96,224.06
LEMD,LEST,1,22,7.49,13.12,-3.2,25.6,-0.04,0.06,-0.11,0.07,-86.03,133.58,-252.8,160.36
LEMD,LEST,2,22,9.28,6.93,3.3,21.62,-0.03,0.05,-0.1,0.06,-74.74,114.45,-203.26,149.91
LEMD,LEVC,0,20,11.52,28.69,-14.76,44.12,0.07,0.07,-0.02,0.18,141.98,142.2,-48.09,372.47
LEMD,LEVC,1,59,1.71,13.57,-5.1,36.01,0.03,0.06,-0.04,0.15,71.56,127.58,-71.4,355.34
LEMD,LEVC,2,37,1.13,15.84,-20.88,21.64,0.06,0.07,-0.05,0.17,157.2,163.02,-100.48,400.3
LEMD,LEVC,3,36,-14.07,20.67,-30.12,0.55,0.01,0.09,-0.05,0.07,18.99,180.45,-90.25,162.82
LEMD,LEVC,4,15,2.22,10.27,-2.87,11.77,-0.0,0.02,-0.03,0.04,-0.78,45.6,-66.27,72.91
LEMD,LEVX,0,56,4.16,5.5,-1.08,5.5,0.02,0.05,-0.02,0.11,62.66,117.26,-52.68,311.48
LEMD,LEVX,1,136,5.65,4.98,-0.3,9.95,0.05,0.06,-0.05,0.16,115.87,149.89,-127.18,382.5
LEMD,LEVX,2,30,-0.19,13.39,-18.85,12.59,0.06,0.11,-0.05,0.19,150.23,260.06,-121.23,443.87
LEMD,LEVX,3,7,-0.93,4.89,-8.02,2.99,-0.0,0.04,-0.05,0.05,-9.03,91.25,-112.19,115.97
LEMD,LEVX,4,16,-2.62,11.13,-27.95,7.88,0.03,0.09,-0.04,0.21,68.69,208.46,-111.1,496.0
LEMD,LEXJ,0,120,13.28,10.23,-10.37,25.7,0.01,0.07,-0.06,0.08,15.01,160.77,-125.79,158.56
LEMD,LEZL,0,110,-8.77,6.7,-18.65,1.26,0.03,0.05,-0.03,0.12,87.12,115.69,-84.64,292.12
LEMD,LFBD,0,94,12.09,9.95,-4.27,27.68,0.05,0.05,-0.03,0.12,100.76,95.82,-62.24,238.5
LEMD,LFBO,0,98,-5.86,12.2,-22.19,12.69,0.01,0.06,-0.06,0.07,10.31,132.24,-141.82,137.28
LEMD,LFLL,0,95,9.67,10.76,-4.56,26.03,0.02,0.06,-0.07,0.1,60.69,140.47,-184.74,261.84
LEMD,LFML,0,120,13.62,16.6,-3.74,40.01,0.08,0.08,-0.02,0.21,171.21,164.09,-32.32,477.5
LEMD,LFMN,0,89,-0.94,14.18,-22.24,22.9,0.04,0.07,-0.06,0.15,79.03,137.26,-149.8,331.2
LEMD,LFPG,0,271,-12.59,14.9,-41.6,11.75,-0.01,0.09,-0.15,0.17,-28.7,230.91,-394.9,382.5
LEMD,LFPO,0,372,1.23,16.18,-28.64,31.84,-0.01,0.08,-0.14,0.11,-47.52,252.62,-436.7,262.19
LEMD,LFRS,0,106,-17.23,21.87,-32.9,6.3,-0.03,0.1,-0.14,0.08,-73.72,196.79,-310.73,153.48
LEMD,LGAV,0,115,-0.65,16.36,-20.63,33.49,-0.01,0.08,-0.14,0.08,-22.92,194.78,-352.24,194.25
LEMD,LGAV,1,19,-12.25,11.26,-28.77,4.37,-0.07,0.06,-0.16,0.03,-174.93,136.2,-385.05,70.08
LEMD,LHBP,0,33,-14.05,15.99,-35.02,6.92,-0.03,0.07,-0.14,0.08,-65.55,167.18,-329.72,212.08
LEMD,LHBP,1,33,-16.62,11.27,-33.94,-2.0,-0.01,0.07,-0.12,0.07,-14.76,164.84,-290.28,158.06
LEMD,LIMC,0,102,-49.68,19.72,-67.24,-0.09,-0.2,0.08,-0.29,-0.07,-568.46,334.59,-1213.4,-166.6
LEMD,LIMC,1,24,-48.65,15.5,-64.76,-25.72,-0.21,0.09,-0.33,-0.05,-596.92,305.7,-1162.94,-195.81
LEMD,LIMC,2,63,-51.31,19.08,-71.63,-7.08,-0.25,0.12,-0.37,-0.05,-632.73,373.29,-912.53,-127.83
LEMD,LIMF,0,54,-11.19,11.18,-25.82,4.33,0.01,0.04,-0.06,0.06,10.23,80.37,-116.8,128.18
LEMD,LIMF,1,15,-15.49,10.29,-32.46,-3.94,-0.06,0.05,-0.13,0.0,-116.47,97.94,-251.61,2.74
LEMD,LIML,0,64,9.07,8.47,0.52,18.56,0.03,0.06,-0.08,0.13,85.26,157.77,-196.86,312.14
LEMD,LIML,1,25,-13.96,11.59,-27.34,6.18,-0.07,0.06,-0.18,0.01,-171.73,151.0,-426.74,37.76
LEMD,LIPE,0,110,-4.19,20.31,-23.14,20.5,0.01,0.07,-0.07,0.13,26.26,136.62,-160.0,251.61
LEMD,LIPZ,0,142,-28.54,20.21,-61.08,0.3,-0.15,0.09,-0.3,-0.02,-356.23,226.69,-749.95,-41.95
LEMD,LIRF,0,419,-30.77,19.83,-53.25,3.4,-0.12,0.07,-0.23,0.0,-310.92,230.88,-606.93,0.0
LEMD,LIRF,1,15,-29.82,21.4,-54.28,4.27,-0.09,0.06,-0.18,-0.01,-261.64,188.1,-569.99,-52.12
LEMD,LIRN,0,64,-32.78,25.46,-66.76,3.62,-0.06,0.08,-0.2,0.08,-158.99,197.21,-495.0,182.7
LEMD,LIRQ,0,18,-4.44,18.72,-15.67,10.45,0.0,0.08,-0.06,0.09,8.43,170.26,-140.34,205.84
LEMD,LIRQ,1,34,-6.91,7.13,-17.98,4.73,-0.03,0.05,-0.12,0.05,-55.23,120.48,-262.68,111.29
LEMD,LKPR,0,56,-9.61,11.01,-25.2,5.2,-0.06,0.08,-0.15,0.06,-155.66,186.56,-385.42,133.75
LEMD,LLBG,0,104,12.49,14.27,-8.86,33.68,0.04,0.07,-0.08,0.16,126.36,254.94,-192.56,587.6
LEMD,LLBG,1,15,8.8,11.24,-1.21,26.74,0.02,0.08,-0.08,0.14,113.83,252.82,-182.8,507.23
LEMD,LOWW,0,19,2.76,13.63,-18.24,23.57,0.05,0.06,-0.04,0.12,113.1,145.52,-98.06,293.66
LEMD,LOWW,1,16,4.06,12.62,-13.62,23.88,0.03,0.07,-0.09,0.1,78.21,168.74,-230.48,250.0
LEMD,LOWW,2,85,10.61,12.31,-6.52,31.76,0.03,0.07,-0.07,0.12,68.94,175.78,-165.94,287.02
LEMD,LPPR,0,239,0.26,10.91,-15.15,18.58,0.03,0.06,-0.07,0.11,72.17,148.31,-166.61,285.33
LEMD,LPPR,1,79,-4.49,21.26,-26.21,14.54,0.03,0.1,-0.1,0.17,81.59,230.61,-242.84,404.0
LEMD,LPPR,2,30,0.39,17.11,-13.59,34.39,0.04,0.09,-0.05,0.26,105.83,217.7,-120.0,626.0
LEMD,LPPT,0,374,-0.17,16.37,-20.77,31.3,0.05,0.08,-0.07,0.17,119.59,195.1,-160.0,394.69
LEMD,LPPT,1,177,0.31,13.97,-20.5,30.62,0.08,0.09,-0.05,0.23,199.18,215.86,-125.0,587.98
LEMD,LROP,0,31,-32.16,12.07,-46.8,-8.35,-0.09,0.07,-0.21,0.01,-220.34,178.93,-510.0,20.85
LEMD,LROP,1,38,-16.99,15.89,-39.35,9.06,-0.02,0.07,-0.12,0.07,-58.17,168.82,-280.0,188.69
LEMD,LROP,2,16,-36.57,9.94,-47.9,-19.32,-0.12,0.07,-0.22,-0.03,-305.79,176.38,-541.62,-70.65
LEMD,LSGG,0,48,-0.75,10.0,-8.5,17.78,-0.15,0.06,-0.25,-0.06,-334.13,157.81,-582.64,-137.4
LEMD,LSGG,1,73,-6.38,10.74,-28.96,4.54,0.02,0.08,-0.14,0.14,34.58,194.27,-334.42,330.58
LEMD,LSGG,2,34,-14.33,11.76,-34.4,2.18,-0.03,0.07,-0.16,0.06,-70.25,172.81,-384.52,132.92
LEMD,LSZH,0,178,-0.15,11.26,-13.98,16.42,0.01,0.08,-0.11,0.16,13.63,189.31,-273.08,378.28
LEMD,LTFM,0,109,-15.71,17.85,-39.7,20.3,-0.03,0.09,-0.15,0.12,-189.97,424.79,-870.68,381.3
LEMD,MDSD,0,15,-4.07,11.4,-18.23,5.49,0.01,0.06,-0.08,0.09,54.07,387.8,-511.34,610.55
LEMD,MDSD,1,53,-2.04,6.05,-10.18,4.68,0.0,0.06,-0.07,0.08,-1.51,346.81,-411.7,458.02
LEMD,MMMX,0,20,0.74,10.81,-8.36,26.78,0.06,0.05,-0.02,0.14,318.06,261.15,-100.24,785.51
LEMD,MMMX,1,17,-1.12,5.44,-7.14,4.6,-0.01,0.06,-0.1,0.07,-74.2,346.96,-566.1,424.08
LEMD,MMMX,2,48,-2.6,5.52,-11.45,5.75,0.01,0.04,-0.05,0.08,83.78,216.61,-263.27,417.15
LEMD,MMMX,3,15,0.2,2.52,-3.37,4.95,0.01,0.04,-0.04,0.07,81.44,242.52,-232.43,406.85
LEMD,MMMX,4,29,-3.19,3.71,-9.58,1.34,0.03,0.05,-0.04,0.13,156.53,263.16,-199.74,689.6
LEMD,MMMX,5,20,-3.36,12.83,-36.89,7.41,0.01,0.06,-0.07,0.08,33.22,340.54,-432.92,450.72
LEMD,MMUN,0,52,-3.53,4.31,-11.94,0.22,0.02,0.05,-0.05,0.1,112.71,286.72,-306.87,554.45
LEMD,MUHA,0,70,-2.01,4.39,-7.8,3.71,0.01,0.04,-0.06,0.07,42.8,260.18,-383.29,441.69
LEMD,OTHH,0,81,21.48,19.75,-6.0,52.9,0.1,0.09,-0.04,0.26,742.22,700.06,-255.7,1997.7
LEMD,SAEZ,0,23,-2.83,5.13,-11.13,5.34,0.0,0.08,-0.11,0.13,30.04,460.01,-654.89,764.83
LEMD,SAEZ,1,51,-1.02,14.66,-12.45,22.7,0.02,0.09,-0.08,0.15,126.19,480.75,-482.5,831.75
LEMD,SAEZ,2,18,-5.04,9.38,-17.45,3.63,-0.0,0.04,-0.06,0.06,-24.94,260.05,-343.69,336.66
LEMD,SAEZ,3,45,-3.95,6.42,-15.04,3.58,0.03,0.07,-0.05,0.14,195.3,425.69,-313.66,794.32
LEMD,SBGR,0,19,-1.54,5.57,-6.49,8.95,-0.02,0.05,-0.09,0.05,-104.35,286.62,-532.75,301.05
LEMD,SBGR,1,48,-3.2,11.62,-14.4,20.78,-0.01,0.05,-0.09,0.07,-82.82,330.4,-578.96,421.72
LEMD,SBGR,2,22,-5.41,9.68,-16.17,-0.05,-0.04,0.09,-0.15,0.1,-265.2,522.14,-918.56,531.4
LEMD,SCEL,0,31,0.97,5.58,-4.9,12.65,0.05,0.07,-0.03,0.17,300.76,368.21,-162.15,923.5
LEMD,SCEL,1,33,-1.92,9.32,-12.28,13.62,0.01,0.04,-0.04,0.08,52.71,231.47,-250.06,433.22
LEMD,SKBO,0,96,-1.76,10.23,-11.55,6.05,0.03,0.05,-0.06,0.1,138.43,305.95,-308.05,529.02
LEMD,SKBO,1,26,-0.01,10.53,-13.02,7.75,0.03,0.03,-0.01,0.07,156.85,175.38,-62.53,409.28
LEMD,SKBO,2,76,-1.32,11.13,-12.08,11.38,0.01,0.08,-0.09,0.12,60.91,432.31,-502.25,649.6
LEMD,SKBO,3,20,2.05,9.65,-5.76,10.58,0.03,0.04,-0.02,0.1,162.37,221.72,-106.86,524.47
LEMD,SPJC,0,50,-1.97,6.96,-12.18,10.12,0.01,0.05,-0.08,0.07,36.77,262.14,-487.0,403.8
LEMD,SPJC,1,33,-3.17,7.17,-15.2,3.2,0.0,0.04,-0.07,0.07,4.33,230.09,-403.3,402.46
LEMD,SPJC,2,18,-2.67,5.46,-10.36,6.74,0.03,0.04,-0.04,0.09,158.74,232.27,-206.98,520.15
LEMD,SPJC,3,31,-1.54,6.33,-5.1,10.05,0.01,0.04,-0.05,0.06,51.85,230.32,-255.6,323.5
LEMD,SVMI,0,51,-2.39,3.81,-6.55,3.6,-0.01,0.09,-0.16,0.12,-92.15,507.78,-950.0,687.5
LEMG,EBBR,0,28,3.72,14.7,-22.26,24.89,-0.07,0.09,-0.2,0.08,-173.01,219.91,-493.0,202.55
LEMG,EBBR,1,29,4.63,13.18,-21.28,21.42,-0.05,0.08,-0.17,0.08,-117.23,196.54,-432.54,202.1
LEMG,EBBR,2,87,2.82,14.46,-24.48,28.66,-0.05,0.1,-0.21,0.11,-123.09,254.3,-521.41,269.64
LEMG,EDDB,0,29,-9.24,16.65,-30.02,20.54,0.01,0.08,-0.12,0.15,27.59,195.34,-309.6,325.34
LEMG,EDDB,1,20,8.8,11.73,-5.24,28.08,0.03,0.05,-0.04,0.14,69.74,129.89,-96.02,327.77
LEMG,EDDB,2,17,-16.13,20.66,-46.92,12.02,-0.01,0.07,-0.09,0.1,-14.7,170.6,-233.52,245.18
LEMG,EDDF,0,52,-70.9,23.55,-103.69,-27.02,-0.24,0.09,-0.37,-0.08,-633.05,240.26,-964.94,-204.93
LEMG,EDDF,1,39,-38.11,21.35,-71.67,-2.28,-0.18,0.08,-0.3,-0.07,-476.98,209.37,-806.62,-192.95
LEMG,EDDL,0,48,-22.15,26.82,-55.56,23.6,-0.01,0.11,-0.16,0.19,-24.02,295.71,-436.43,472.43
LEMG,EDDL,1,43,-28.94,26.74,-67.2,16.29,-0.02,0.1,-0.13,0.12,-42.12,251.8,-292.68,308.04
LEMG,EDDM,0,35,-10.28,12.76,-30.0,7.31,-0.14,0.09,-0.28,0.01,-358.69,236.74,-705.26,17.33
LEMG,EDDM,1,28,-1.85,8.85,-12.58,11.53,-0.16,0.08,-0.28,-0.02,-416.96,207.22,-710.96,-51.54
LEMG,EFHK,0,25,-18.12,15.63,-39.68,9.72,-0.03,0.08,-0.14,0.1,-65.77,207.75,-303.34,266.62
LEMG,EFHK,1,56,-14.69,11.51,-29.72,4.18,-0.0,0.07,-0.13,0.09,0.19,175.66,-318.48,253.18
LEMG,EFHK,2,13,-15.59,9.1,-25.0,0.16,0.01,0.06,-0.09,0.08,43.72,154.96,-212.9,212.82
LEMG,EGAA,0,70,-0.4,11.18,-19.01,18.95,0.0,0.08,-0.12,0.13,8.37,179.6,-273.82,280.0
LEMG,EGBB,0,47,-4.01,25.71,-60.1,31.37,0.0,0.11,-0.17,0.15,-29.15,383.31,-484.28,311.23
LEMG,EGBB,1,35,-19.84,12.8,-37.81,0.44,-0.09,0.09,-0.22,0.07,-242.64,260.58,-556.7,153.41
LEMG,EGCC,0,106,-2.6,13.44,-20.27,20.17,0.02,0.09,-0.11,0.19,34.78,267.6,-314.38,464.68
LEMG,EGCC,1,29,-2.25,10.7,-19.76,12.46,-0.03,0.07,-0.13,0.06,-109.51,229.26,-567.26,193.6
LEMG,EGCC,2,24,-0.22,10.18,-12.2,14.1,0.03,0.05,-0.05,0.11,57.45,109.39,-118.98,241.36
LEMG,EGGD,0,129,3.48,14.65,-18.42,23.7,0.01,0.09,-0.12,0.15,21.3,218.23,-287.02,354.32
LEMG,EGGP,0,78,-4.39,12.12,-17.36,15.79,0.03,0.07,-0.11,0.13,69.09,163.93,-244.0,305.56
LEMG,EGGW,0,119,-65.24,32.88,-95.62,-19.07,-0.15,0.13,-0.3,0.01,-357.69,298.54,-698.21,33.84
LEMG,EGKK,0,101,3.45,15.28,-17.9,26.3,0.12,0.15,-0.06,0.37,297.05,362.41,-178.9,898.2
LEMG,EGKK,1,244,4.16,15.08,-23.18,24.87,0.13,0.13,-0.07,0.37,308.46,324.5,-162.67,874.0
LEMG,EGLL,0,51,4.22,10.78,-7.3,18.45,0.07,0.12,-0.11,0.23,184.9,296.54,-269.75,578.45
LEMG,EGLL,1,22,2.13,13.36,-19.54,23.74,0.08,0.12,-0.07,0.26,200.73,319.43,-166.38,655.05
LEMG,EGNM,0,38,-10.59,11.2,-28.16,4.84,-0.04,0.09,-0.13,0.1,-89.17,206.59,-301.7,236.7
LEMG,EGNM,1,25,-0.16,10.1,-14.0,14.6,0.01,0.07,-0.13,0.11,33.24,168.98,-305.7,267.36
LEMG,EGNX,0,90,-11.74,15.42,-27.21,7.13,-0.01,0.09,-0.17,0.1,-33.28,220.3,-413.6,216.02
LEMG,EGPF,0,41,0.06,11.82,-16.0,19.1,-0.01,0.07,-0.1,0.11,-16.21,162.38,-242.0,231.6
LEMG,EGPF,1,26,-10.11,14.68,-38.15,9.08,-0.04,0.08,-0.17,0.07,-102.2,177.35,-386.4,148.05
LEMG,EGSS,0,99,-7.93,22.43,-27.56,11.53,0.08,0.1,-0.04,0.17,181.42,236.22,-107.63,393.93
LEMG,EHAM,0,213,0.98,16.54,-27.8,22.08,0.04,0.08,-0.09,0.15,93.9,188.82,-216.2,349.3
LEMG,EHEH,0,94,-10.65,10.18,-24.46,6.57,-0.09,0.07,-0.22,-0.0,-221.46,176.38,-519.81,-0.05
LEMG,EHRD,0,59,-3.21,10.93,-20.35,13.84,-0.05,0.06,-0.15,0.04,-123.61,139.38,-338.11,105.1
LEMG,EICK,0,32,-11.81,18.09,-41.02,16.01,-0.01,0.05,-0.08,0.06,-23.38,110.2,-202.06,143.87
LEMG,EICK,1,18,-26.63,19.27,-49.84,4.87,-0.07,0.09,-0.16,0.09,-180.89,218.33,-396.62,216.8
LEMG,EIDW,0,30,-46.67,14.49,-69.0,-25.68,-0.15,0.07,-0.25,-0.02,-455.37,373.67,-1422.46,-44.38
LEMG,EIDW,1,169,-38.82,23.25,-70.86,-3.78,-0.1,0.14,-0.25,0.04,-327.92,625.95,-1268.64,194.7
LEMG,EIDW,2,25,-39.75,24.95,-78.66,-7.5,-0.12,0.13,-0.35,-0.01,-253.52,287.12,-728.9,-22.68
LEMG,EKCH,0,35,-30.1,15.46,-58.85,-10.87,-0.14,0.08,-0.25,-0.03,-322.81,192.2,-571.99,-53.55
LEMG,EKCH,1,36,-18.99,11.29,-33.33,-4.4,-0.09,0.06,-0.19,-0.0,-211.31,141.92,-451.7,-2.1
LEMG,EKCH,2,34,-28.73,14.76,-51.04,-3.36,-0.14,0.07,-0.26,-0.03,-330.08,164.6,-606.85,-73.8
LEMG,EKCH,3,44,-25.41,20.54,-49.44,4.27,-0.14,0.09,-0.3,-0.01,-320.8,196.49,-648.94,-29.46
LEMG,ENGM,0,32,-33.86,16.91,-57.71,-2.42,-0.11,0.08,-0.24,-0.01,-262.03,174.09,-552.52,-25.2
LEMG,ENGM,1,15,-20.6,25.69,-54.2,15.14,-0.06,0.08,-0.17,0.06,-149.93,192.52,-410.7,145.92
LEMG,ENGM,2,17,-21.02,22.1,-55.0,10.76,-0.08,0.07,-0.17,0.01,-196.72,158.18,-404.4,16.78
LEMG,ENGM,3,30,-28.55,20.79,-52.98,15.03,-0.1,0.1,-0.23,0.09,-248.72,231.21,-540.36,218.4
LEMG,ESGG,0,56,-14.31,17.32,-49.58,7.88,-0.04,0.07,-0.18,0.05,-91.4,159.54,-412.8,111.98
LEMG,ESSA,0,147,-11.86,15.2,-36.5,17.6,0.01,0.08,-0.11,0.13,12.32,178.07,-269.85,265.3
LEMG,GCLP,0,69,1.36,18.55,-22.08,17.24,0.06,0.06,-0.04,0.14,148.98,154.96,-93.66,339.74
LEMG,GCXO,0,15,-20.61,22.48,-54.23,2.93,-0.03,0.04,-0.09,0.02,-84.44,100.74,-221.16,42.09
LEMG,GCXO,1,45,-7.59,10.31,-25.7,6.04,-0.04,0.05,-0.11,0.03,-87.4,109.9,-271.08,85.5
LEMG,GEML,0,212,4.17,5.88,-2.13,14.54,0.03,0.03,-0.0,0.1,30.85,29.8,-4.22,88.37
LEMG,GMMN,0,26,2.92,16.0,-13.3,39.88,0.09,0.08,0.01,0.24,81.97,73.93,6.55,215.05
LEMG,GMMN,1,36,-2.52,10.88,-14.6,17.68,0.07,0.06,-0.01,0.17,256.02,261.79,-24.58,743.65
LEMG,LEBB,0,65,-10.7,20.14,-33.84,23.88,-0.02,0.06,-0.08,0.08,-36.95,146.28,-204.82,202.46
LEMG,LEBB,1,26,-47.29,163.5,-34.07,0.0,-0.1,0.33,-0.13,0.03,-239.4,825.76,-287.7,63.55
LEMG,LEBL,0,51,-3.41,19.84,-29.2,37.3,-0.01,0.08,-0.11,0.11,-36.38,195.52,-297.95,273.3
LEMG,LEBL,1,168,-4.26,13.46,-28.13,22.38,-0.0,0.06,-0.1,0.1,-6.23,147.91,-234.46,223.29
LEMG,LEIB,0,42,-23.91,17.98,-57.6,-0.67,-0.05,0.06,-0.13,0.08,-124.97,140.02,-319.86,175.99
LEMG,LEIB,1,14,-29.04,22.17,-56.08,0.63,-0.05,0.07,-0.16,0.03,-123.19,147.74,-365.92,70.26
LEMG,LEMD,0,196,-16.27,17.38,-33.15,1.1,0.02,0.09,-0.07,0.15,52.48,217.58,-176.8,374.18
LEMG,LEMD,1,53,-35.28,118.42,-50.66,7.48,-0.0,0.26,-0.12,0.21,2.49,562.91,-283.46,504.68
LEMG,LEPA,0,61,-7.08,10.31,-26.2,5.3,0.01,0.05,-0.06,0.09,28.25,115.68,-152.0,220.1
LEMG,LEPA,1,26,-8.03,26.88,-52.22,46.75,0.01,0.09,-0.13,0.14,13.92,226.84,-332.5,333.82
LEMG,LEPA,2,19,-16.21,17.77,-42.34,-2.16,-0.07,0.06,-0.16,-0.01,-172.74,138.91,-392.16,-19.0
LEMG,LEST,0,32,-4.43,16.37,-30.96,18.0,-0.02,0.05,-0.1,0.05,-42.74,126.56,-249.99,130.19
LEMG,LEST,1,24,-31.35,93.83,-39.02,19.32,-0.09,0.17,-0.15,0.01,-209.1,415.22,-382.43,29.78
LEMG,LEVC,0,41,-10.82,10.78,-25.9,4.3,-0.02,0.05,-0.09,0.05,-25.4,59.96,-96.0,86.0
LEMG,LEVC,1,25,-7.0,8.7,-20.26,5.72,-0.1,0.06,-0.21,-0.02,-179.92,125.96,-418.26,-28.2
LEMG,LFPG,0,56,-21.99,16.8,-37.22,12.45,-0.04,0.09,-0.16,0.1,-92.06,214.19,-384.9,232.28
LEMG,LFPG,1,45,-26.72,17.56,-59.58,-0.84,-0.01,0.08,-0.16,0.15,-13.37,200.51,-367.64,332.84
LEMG,LFPO,0,136,-8.58,16.59,-39.9,18.32,-0.04,0.07,-0.17,0.08,-100.84,165.79,-386.38,187.5
LEMG,LIMC,0,51,-62.82,14.32,-83.05,-40.85,-0.25,0.07,-0.36,-0.13,-600.32,177.16,-837.85,-304.4
LEMG,LIMC,1,36,-56.76,17.24,-72.12,-24.25,-0.25,0.07,-0.37,-0.14,-601.58,184.71,-917.53,-330.0
LEMG,LIRF,0,82,-30.04,17.79,-51.86,-2.4,-0.11,0.06,-0.22,-0.03,-270.32,139.41,-519.0,-56.6
LEMG,LIRF,1,15,-22.51,25.81,-63.84,5.42,-0.07,0.08,-0.18,0.03,-174.63,190.41,-452.49,75.0
LEMG,LOWW,0,75,8.48,15.47,-19.66,36.08,0.04,0.06,-0.05,0.14,106.62,139.01,-125.0,345.88
LEMG,LPPT,0,63,-31.93,28.27,-88.59,-6.96,-0.06,0.1,-0.22,0.07,-124.71,202.78,-472.94,146.7
LEMG,LPPT,1,27,-9.26,31.05,-79.21,35.99,-0.01,0.11,-0.18,0.11,-12.17,234.96,-392.36,249.36
LEMG,LSGG,0,65,-12.28,9.77,-29.14,1.84,0.0,0.08,-0.14,0.11,12.96,175.34,-284.58,247.4
LEMG,LSZH,0,57,-9.53,15.58,-26.6,14.1,-0.07,0.08,-0.17,0.08,-177.25,196.14,-445.52,188.78
LEMG,LSZH,1,24,-12.53,9.89,-25.44,2.22,-0.07,0.08,-0.17,0.1,-169.13,190.63,-412.8,218.64
LEMG,LSZH,2,28,-14.54,19.61,-49.35,14.89,-0.09,0.07,-0.2,0.03,-212.8,171.63,-488.3,60.35
LEMG,LTFM,0,60,-17.94,30.04,-50.86,29.64,-0.03,0.09,-0.15,0.12,-73.56,229.04,-377.08,327.03
LEMH,EGCC,0,65,11.53,11.23,-10.6,28.74,-0.0,0.08,-0.11,0.11,-10.24,243.61,-337.18,424.24
LEMH,EGKK,0,107,7.82,13.53,-6.83,26.62,0.13,0.14,-0.03,0.34,297.99,312.32,-84.55,854.9
LEMH,EGKK,1,23,1.34,18.42,-15.16,24.83,0.13,0.12,0.01,0.37,285.35,269.84,20.09,807.79
LEMH,LEBB,0,63,-15.61,24.26,-64.64,14.55,-0.0,0.09,-0.15,0.15,-6.22,228.01,-374.81,357.76
LEMH,LEBL,0,314,0.8,15.4,-8.6,17.52,-0.02,0.08,-0.11,0.08,-58.63,201.72,-267.73,204.43
LEMH,LEMD,0,122,-4.17,14.49,-22.98,27.63,0.02,0.07,-0.07,0.15,53.14,181.21,-166.7,357.56
LEMH,LEMD,1,20,-10.06,9.15,-27.22,2.4,0.01,0.07,-0.07,0.1,18.8,182.21,-181.36,261.16
LEMH,LEPA,0,303,-3.62,9.9,-13.87,15.73,0.0,0.05,-0.07,0.09,-0.63,89.35,-123.34,151.91
LEMH,LEVC,0,36,17.77,13.51,-9.93,33.82,-0.03,0.09,-0.16,0.11,-43.02,205.61,-317.1,260.3
LEMH,LEVC,1,23,-3.76,12.78,-20.17,19.55,-0.02,0.09,-0.18,0.07,-39.43,186.86,-361.13,158.77
LEMH,LEVC,2,25,4.34,14.41,-21.12,24.66,-0.02,0.05,-0.09,0.05,-50.47,111.72,-202.62,121.24
LEMI,EGKK,0,58,12.24,29.82,-13.93,40.15,0.13,0.19,-0.08,0.5,304.96,425.85,-174.16,1104.35
LEPA,EBBR,0,23,4.6,12.88,-11.6,19.23,-0.06,0.05,-0.11,0.02,-133.57,112.9,-263.23,45.71
LEPA,EBBR,1,38,11.48,15.4,-9.2,24.71,0.01,0.12,-0.14,0.13,10.41,278.98,-305.56,322.0
LEPA,EDDB,0,45,6.63,14.64,-18.44,27.4,0.01,0.07,-0.11,0.1,9.38,167.63,-258.56,255.12
LEPA,EDDB,1,90,-12.63,16.02,-37.38,15.91,-0.02,0.07,-0.14,0.1,-51.94,176.88,-345.58,236.04
LEPA,EDDB,2,93,3.08,13.28,-15.16,24.28,0.01,0.07,-0.08,0.1,32.51,160.26,-195.38,220.66
LEPA,EDDB,3,21,6.66,8.13,-8.0,16.1,-0.0,0.07,-0.12,0.09,-5.1,170.93,-306.9,211.8
LEPA,EDDC,0,40,1.87,19.06,-25.81,22.72,0.04,0.07,-0.06,0.15,100.74,175.64,-147.22,367.15
LEPA,EDDC,1,15,-2.69,15.79,-24.69,16.92,0.01,0.07,-0.07,0.14,31.65,173.21,-170.75,326.77
LEPA,EDDF,0,143,-48.05,21.0,-77.07,-11.57,-0.16,0.08,-0.29,-0.02,-405.12,219.46,-759.89,-55.98
LEPA,EDDF,1,63,-43.71,22.3,-83.14,-11.38,-0.2,0.08,-0.33,-0.08,-512.27,222.07,-908.57,-182.87
LEPA,EDDF,2,16,-39.65,34.06,-86.52,4.3,-0.13,0.09,-0.29,0.0,-298.69,208.82,-648.92,7.68
LEPA,EDDF,3,19,-83.44,19.68,-115.8,-53.21,-0.28,0.09,-0.39,-0.16,-722.31,244.04,-1086.01,-409.51
LEPA,EDDG,0,42,-7.73,21.42,-66.17,17.07,-0.01,0.06,-0.13,0.07,-27.02,160.48,-319.7,177.95
LEPA,EDDG,1,57,-10.04,15.53,-30.66,13.68,0.02,0.08,-0.07,0.13,39.72,187.55,-163.2,326.22
LEPA,EDDH,0,237,-38.83,16.37,-60.2,-8.14,-0.12,0.07,-0.24,-0.01,-315.97,186.69,-599.12,-22.22
LEPA,EDDH,1,18,-40.41,18.53,-71.69,-7.33,-0.12,0.08,-0.23,-0.01,-294.52,187.73,-557.88,-12.98
LEPA,EDDH,2,37,-37.53,15.33,-59.8,-9.28,-0.1,0.06,-0.19,0.0,-242.48,154.83,-461.38,12.8
LEPA,EDDH,3,15,-55.23,25.95,-93.57,-25.64,-0.15,0.08,-0.26,-0.06,-371.86,177.5,-638.46,-141.38
LEPA,EDDK,0,160,-24.24,15.62,-46.68,3.82,-0.09,0.09,-0.22,0.03,-208.14,213.89,-558.32,69.52
LEPA,EDDK,1,15,6.41,37.36,-18.62,49.74,0.04,0.14,-0.15,0.24,78.58,319.35,-383.62,561.71
LEPA,EDDK,2,83,-12.5,19.33,-42.0,18.92,-0.02,0.09,-0.14,0.12,-41.49,210.98,-353.39,273.1
LEPA,EDDK,3,15,-31.36,15.8,-56.51,-15.68,-0.1,0.06,-0.21,-0.04,-244.84,139.96,-518.63,-89.9
LEPA,EDDK,4,49,-23.06,10.91,-36.98,-11.8,-0.02,0.08,-0.14,0.04,-57.8,203.68,-340.7,104.0
LEPA,EDDL,0,206,-20.05,21.03,-50.92,16.92,-0.05,0.09,-0.19,0.11,-169.22,352.07,-805.4,310.77
LEPA,EDDL,1,101,-24.8,16.95,-55.1,5.3,-0.04,0.06,-0.13,0.08,-96.09,166.66,-364.7,195.8
LEPA,EDDL,2,16,-34.09,21.27,-66.0,-6.3,-0.03,0.09,-0.16,0.13,-75.47,217.84,-389.58,351.35
LEPA,EDDL,3,52,-27.35,19.37,-51.82,9.42,-0.04,0.07,-0.17,0.07,-118.07,194.51,-475.16,163.76
LEPA,EDDL,4,20,-21.68,20.96,-43.23,6.75,-0.04,0.07,-0.14,0.07,-86.58,176.93,-383.52,149.57
LEPA,EDDM,0,97,-8.33,11.75,-28.76,9.42,-0.11,0.06,-0.2,-0.01,-275.52,149.32,-492.8,-24.14
LEPA,EDDM,1,140,-6.05,16.27,-25.8,18.47,-0.08,0.07,-0.2,0.04,-204.28,187.14,-494.27,96.32
LEPA,EDDN,0,142,-55.04,24.46,-84.38,-14.24,-0.15,0.08,-0.25,-0.04,-360.99,193.59,-630.23,-102.14
LEPA,EDDN,1,18,-0.7,13.14,-13.7,29.96,-0.02,0.06,-0.1,0.08,-44.46,145.76,-253.1,196.04
LEPA,EDDP,0,16,-29.74,25.28,-60.4,5.4,-0.06,0.08,-0.18,0.05,-165.03,210.87,-503.85,152.0
LEPA,EDDP,1,32,-41.82,25.89,-81.48,-6.41,-0.09,0.08,-0.21,0.02,-245.19,217.37,-578.75,54.25
LEPA,EDDP,2,16,-51.49,26.16,-87.08,-9.75,-0.1,0.05,-0.15,0.01,-263.13,141.7,-419.18,21.58
LEPA,EDDP,3,22,-41.69,24.77,-73.53,-11.75,-0.1,0.07,-0.19,-0.0,-260.93,178.15,-485.16,-2.09
LEPA,EDDS,0,58,1.51,12.41,-13.14,23.12,0.0,0.07,-0.11,0.1,7.63,175.66,-269.04,252.87
LEPA,EDDS,1,110,-5.5,11.62,-22.64,10.6,0.0,0.07,-0.11,0.11,4.03,166.11,-261.88,285.97
LEPA,EDDS,2,71,-14.01,10.86,-30.15,4.65,-0.03,0.07,-0.13,0.08,-66.15,154.45,-303.6,200.3
LEPA,EDDV,0,35,-6.17,15.02,-24.79,13.04,-0.02,0.06,-0.15,0.07,-62.14,152.91,-363.9,171.41
LEPA,EDDV,1,88,-6.28,14.94,-30.37,17.34,-0.01,0.06,-0.1,0.08,-24.2,134.16,-229.9,188.42
LEPA,EDDW,0,35,-5.8,10.67,-20.96,13.11,0.01,0.06,-0.09,0.08,16.05,134.53,-218.98,188.29
LEPA,EDDW,1,41,-6.81,12.92,-30.4,11.0,0.01,0.06,-0.07,0.12,29.64,131.46,-163.1,255.4
LEPA,EDJA,0,53,-13.81,22.94,-52.66,20.54,-0.0,0.09,-0.13,0.13,-10.67,227.6,-308.28,321.3
LEPA,EDLP,0,31,-1.91,13.14,-21.1,17.35,0.04,0.07,-0.1,0.12,87.96,174.37,-239.25,307.65
LEPA,EDLP,1,36,-2.32,21.42,-24.42,28.22,-0.01,0.09,-0.13,0.15,-32.59,230.85,-316.32,383.68
LEPA,EDLV,0,26,-11.79,16.44,-30.7,2.7,0.0,0.08,-0.09,0.06,13.69,192.35,-196.15,127.5
LEPA,EDLV,1,30,-18.24,16.18,-45.62,-5.8,0.0,0.05,-0.06,0.06,0.65,124.59,-131.1,134.7
LEPA,EDLW,0,39,-14.27,13.57,-38.75,3.39,0.01,0.06,-0.08,0.09,23.34,147.01,-190.85,217.54
LEPA,EDLW,1,38,-13.65,10.35,-29.41,1.8,-0.08,0.06,-0.16,0.01,-189.88,147.97,-412.21,31.04
LEPA,EDSB,0,106,3.25,17.01,-20.52,26.48,-0.02,0.07,-0.13,0.09,-54.84,175.25,-332.45,211.48
LEPA,EGAA,0,85,12.44,8.67,1.32,26.26,0.02,0.05,-0.08,0.1,36.2,125.82,-196.66,227.44
LEPA,EGBB,0,60,-7.56,18.32,-28.02,12.87,-0.04,0.08,-0.15,0.07,-106.72,194.9,-388.78,167.92
LEPA,EGBB,1,63,-6.62,19.79,-41.11,20.77,-0.05,0.09,-0.2,0.1,-141.09,248.2,-536.14,221.58
LEPA,EGBB,2,38,-14.96,16.16,-43.56,10.38,-0.04,0.07,-0.15,0.07,-87.24,162.41,-345.97,172.34
LEPA,EGCC,0,91,7.39,12.63,-12.9,25.2,0.01,0.07,-0.1,0.16,27.01,250.94,-322.2,500.75
LEPA,EGCC,1,184,12.45,11.8,-0.76,29.39,0.01,0.08,-0.11,0.14,53.45,251.68,-312.6,439.94
LEPA,EGGD,0,51,5.29,16.13,-18.1,30.35,-0.01,0.07,-0.1,0.08,-30.76,158.95,-250.0,175.65
LEPA,EGGD,1,124,17.68,12.5,-5.42,32.32,0.01,0.07,-0.1,0.12,21.42,161.15,-238.75,280.0
LEPA,EGGP,0,30,0.91,11.49,-16.31,19.43,0.01,0.06,-0.08,0.11,34.34,147.69,-183.49,261.01
LEPA,EGGP,1,42,8.5,7.53,1.11,22.75,0.03,0.06,-0.07,0.12,61.5,146.88,-178.51,306.47
LEPA,EGGW,0,140,-50.93,24.17,-80.4,-4.66,-0.14,0.11,-0.3,0.05,-317.6,249.49,-684.6,101.29
LEPA,EGHH,0,15,1.97,10.77,-13.65,16.64,-0.04,0.04,-0.09,0.03,-84.99,91.62,-214.5,60.89
LEPA,EGHH,1,37,0.03,6.8,-8.04,12.48,-0.03,0.09,-0.11,0.03,-62.83,208.41,-252.5,78.64
LEPA,EGKK,0,63,4.61,19.42,-27.36,38.64,0.1,0.12,-0.09,0.3,247.52,288.86,-210.32,747.92
LEPA,EGKK,1,130,11.37,13.21,-6.5,26.9,0.12,0.15,-0.06,0.41,279.95,363.65,-151.01,950.3
LEPA,EGKK,2,31,-7.81,13.24,-24.75,17.5,0.11,0.14,-0.04,0.36,301.97,440.51,-82.75,1039.1
LEPA,EGKK,3,25,1.11,9.76,-12.62,14.64,0.1,0.11,-0.06,0.28,259.8,298.39,-161.24,747.08
LEPA,EGLL,0,26,10.95,8.57,-0.28,27.4,0.09,0.12,-0.03,0.27,213.65,259.26,-73.05,593.05
LEPA,EGLL,1,57,13.59,11.84,4.98,29.82,0.11,0.1,-0.01,0.29,272.82,238.29,-37.36,743.44
LEPA,EGNM,0,29,5.96,11.64,-12.28,21.66,0.03,0.06,-0.07,0.11,63.97,143.9,-178.8,268.7
LEPA,EGNM,1,59,6.65,11.98,-10.61,24.59,0.0,0.07,-0.12,0.11,6.51,155.16,-290.33,252.07
LEPA,EGNT,0,33,8.44,6.82,-3.68,16.78,0.01,0.06,-0.08,0.08,19.95,140.59,-200.0,196.94
LEPA,EGNT,1,41,11.68,9.64,-1.6,23.8,0.01,0.05,-0.08,0.07,26.31,114.41,-200.0,164.6
LEPA,EGNT,2,33,11.2,9.42,-1.62,23.84,-0.03,0.06,-0.11,0.06,-69.12,141.13,-272.0,128.0
LEPA,EGNX,0,31,1.66,13.24,-10.95,16.45,0.01,0.08,-0.12,0.12,14.29,193.24,-279.35,283.3
LEPA,EGNX,1,28,-0.34,10.05,-16.04,14.0,-0.05,0.08,-0.16,0.07,-111.53,187.68,-390.54,157.5
LEPA,EGNX,2,65,-3.05,8.86,-13.04,14.6,-0.02,0.07,-0.14,0.09,-50.49,172.14,-342.1,216.24
LEPA,EGPF,0,64,10.51,12.24,-5.48,24.15,0.01,0.09,-0.09,0.09,25.51,202.95,-208.4,293.29
LEPA,EGPH,0,45,13.24,6.6,1.0,22.54,0.06,0.05,-0.0,0.15,128.3,113.23,-7.44,354.68
LEPA,EGPH,1,43,11.36,6.23,0.97,22.02,0.02,0.06,-0.09,0.11,31.94,146.76,-222.4,244.79
LEPA,EGSS,0,65,2.64,10.36,-8.92,20.52,0.07,0.06,-0.01,0.16,169.86,131.31,-25.66,390.64
LEPA,EGSS,1,78,4.4,13.08,-21.17,25.88,0.01,0.06,-0.11,0.12,20.24,150.94,-255.1,282.09
LEPA,EGSS,2,27,-0.6,13.28,-23.3,13.96,0.07,0.07,-0.06,0.16,162.87,145.26,-142.85,353.13
LEPA,EHAM,0,36,2.94,16.35,-17.72,28.05,0.04,0.07,-0.07,0.16,102.85,174.46,-162.72,378.28
LEPA,EHAM,1,95,9.33,11.7,-16.35,23.96,0.04,0.08,-0.09,0.16,98.89,179.89,-223.55,347.45
LEPA,EHEH,0,60,-0.93,8.34,-13.62,12.46,-0.06,0.05,-0.13,0.02,-138.73,129.0,-318.8,39.77
LEPA,EIDW,0,91,-29.62,21.04,-57.35,6.75,-0.1,0.1,-0.22,0.04,-250.69,242.05,-593.1,81.65
LEPA,EKCH,0,32,-14.48,9.01,-26.84,-1.96,-0.1,0.06,-0.21,-0.02,-235.72,144.14,-508.26,-55.13
LEPA,EKCH,1,16,-21.11,21.94,-54.2,6.45,-0.11,0.05,-0.18,-0.04,-243.44,110.53,-419.1,-98.05
LEPA,EKCH,2,72,-14.63,12.94,-36.73,3.74,-0.09,0.08,-0.22,0.03,-206.75,177.65,-492.1,64.67
LEPA,ELLX,0,26,-3.94,9.92,-18.65,9.9,-0.02,0.09,-0.16,0.1,-40.68,202.1,-367.48,235.85
LEPA,ELLX,1,16,-4.74,9.52,-17.6,8.65,0.03,0.08,-0.11,0.13,69.58,176.91,-237.3,285.4
LEPA,ELLX,2,38,3.84,14.68,-14.99,25.26,0.03,0.09,-0.09,0.14,61.38,194.91,-185.8,326.8
LEPA,ENGM,0,59,-27.57,22.11,-70.95,-2.08,-0.08,0.07,-0.18,0.07,-202.02,207.28,-439.7,159.5
LEPA,ESSA,0,35,0.39,17.27,-25.27,31.07,0.02,0.06,-0.08,0.11,54.86,149.43,-184.83,286.67
LEPA,ESSA,1,24,-6.25,13.69,-28.49,13.63,-0.01,0.09,-0.13,0.1,-28.85,205.21,-316.9,254.42
LEPA,ESSA,2,19,2.47,14.77,-11.77,29.05,0.03,0.06,-0.06,0.09,71.23,149.99,-146.5,226.16
LEPA,LEAL,0,36,-1.95,5.66,-10.02,5.7,0.1,0.05,0.03,0.17,229.23,113.18,61.15,398.82
LEPA,LEAL,1,64,5.41,13.42,-5.16,16.85,0.13,0.11,0.03,0.21,302.96,284.94,81.27,506.59
LEPA,LEAL,2,64,3.5,13.62,-9.82,17.85,0.06,0.06,-0.03,0.13,155.55,160.55,-61.74,333.94
LEPA,LEBB,0,33,7.66,20.0,-14.56,30.42,0.05,0.08,-0.1,0.14,113.34,195.37,-246.54,332.24
LEPA,LEBB,1,65,-1.18,20.08,-29.28,31.66,0.03,0.11,-0.11,0.16,66.46,268.1,-284.12,381.7
LEPA,LEBL,0,684,-4.79,19.09,-21.84,15.79,-0.04,0.07,-0.15,0.07,-103.93,177.13,-348.37,168.99
LEPA,LEIB,0,342,-24.27,18.23,-50.55,0.0,-0.07,0.07,-0.19,0.05,-99.81,106.73,-295.1,47.79
LEPA,LEMD,0,111,-2.55,14.1,-33.65,19.65,0.06,0.08,-0.06,0.22,139.83,218.19,-132.5,560.0
LEPA,LEMD,1,405,2.59,11.87,-7.28,30.66,0.05,0.07,-0.03,0.18,126.92,173.31,-83.3,452.0
LEPA,LEMG,0,39,-12.66,13.83,-38.31,8.02,0.12,0.06,0.02,0.21,296.82,148.69,55.06,511.79
LEPA,LEMG,1,67,-10.58,11.39,-31.71,3.18,0.05,0.06,-0.03,0.14,132.03,144.83,-79.41,360.49
LEPA,LEMH,0,298,6.33,9.6,-6.6,22.86,0.04,0.04,-0.02,0.12,60.2,74.71,-34.65,209.15
LEPA,LEST,0,65,7.53,7.62,-3.6,19.68,0.0,0.05,-0.1,0.08,10.01,133.39,-242.08,203.66
LEPA,LEVC,0,71,5.25,12.33,-3.45,31.2,0.03,0.13,-0.1,0.14,86.55,302.61,-191.95,336.3
LEPA,LEVC,1,98,23.82,9.98,2.1,36.1,0.04,0.07,-0.07,0.13,105.23,172.92,-158.36,321.1
LEPA,LEVC,2,109,13.04,14.59,-2.6,36.1,-0.01,0.06,-0.11,0.08,-14.29,141.07,-226.8,197.24
LEPA,LEZL,0,32,3.44,19.3,-10.94,24.0,0.09,0.14,0.0,0.18,226.74,348.31,4.93,439.48
LEPA,LEZL,1,79,7.48,13.55,-2.03,35.1,0.08,0.04,0.02,0.14,187.21,90.91,41.9,338.32
LEPA,LEZL,2,27,-4.5,12.06,-21.95,24.36,0.09,0.07,0.01,0.2,216.44,156.53,17.72,485.59
LEPA,LFBD,0,50,-18.32,87.34,-17.79,19.17,-0.03,0.19,-0.07,0.08,-82.82,465.23,-165.8,178.2
LEPA,LFBO,0,17,0.69,8.78,-8.94,14.46,0.04,0.06,-0.05,0.11,86.61,135.76,-119.02,259.42
LEPA,LFBO,1,36,6.1,4.96,-2.25,13.27,0.01,0.05,-0.05,0.07,26.54,114.06,-119.65,180.88
LEPA,LFLL,0,21,5.93,12.3,-13.5,20.5,0.0,0.08,-0.13,0.14,2.62,200.2,-327.1,308.3
LEPA,LFLL,1,30,-2.37,16.02,-24.98,18.27,0.02,0.07,-0.06,0.13,56.93,160.25,-148.5,337.21
LEPA,LFLL,2,16,3.92,21.21,-14.22,32.2,0.06,0.06,-0.0,0.16,142.98,148.26,-9.45,373.9
LEPA,LFML,0,26,13.67,13.35,-3.97,36.05,0.03,0.08,-0.11,0.13,69.8,187.56,-265.02,315.2
LEPA,LFML,1,39,-1.15,14.83,-18.42,29.37,0.04,0.1,-0.11,0.2,88.94,223.41,-265.84,483.16
LEPA,LFPO,0,29,-0.29,8.03,-10.86,5.4,0.0,0.05,-0.07,0.07,6.62,119.0,-181.74,192.74
LEPA,LFPO,1,95,5.25,13.15,-11.24,33.44,0.0,0.07,-0.1,0.12,1.15,160.32,-251.31,302.74
LEPA,LFPO,2,22,-18.21,8.09,-28.67,-5.5,-0.02,0.04,-0.06,0.03,-36.92,93.9,-159.45,71.54
LEPA,LFPO,3,15,-6.92,15.15,-26.15,7.94,-0.01,0.06,-0.09,0.08,-28.17,159.79,-239.05,197.21
LEPA,LFRS,0,63,6.74,14.89,-9.61,26.09,0.0,0.06,-0.1,0.11,13.07,147.31,-234.16,267.27
LEPA,LFSB,0,104,-32.07,13.14,-52.8,-15.63,-0.12,0.06,-0.22,-0.04,-297.5,140.55,-548.95,-89.19
LEPA,LIMC,0,30,-67.38,16.62,-85.63,-35.08,-0.26,0.1,-0.36,-0.1,-609.28,233.47,-882.18,-223.5
LEPA,LIMC,1,72,-63.54,60.34,-90.65,-16.46,-0.27,0.14,-0.38,-0.13,-636.18,385.41,-880.0,-293.36
LEPA,LKPR,0,22,-35.87,37.68,-121.4,-1.88,-0.12,0.15,-0.43,0.03,-274.09,357.0,-1021.2,83.14
LEPA,LKPR,1,28,-22.08,13.11,-46.79,-6.09,-0.08,0.07,-0.21,0.03,-183.46,171.37,-493.94,66.56
LEPA,LOWW,0,144,4.46,14.43,-16.65,25.65,0.05,0.07,-0.05,0.16,114.86,166.48,-125.0,410.36
LEPA,LOWW,1,49,6.49,15.12,-16.96,32.2,0.04,0.07,-0.08,0.15,107.91,172.18,-191.66,375.0
LEPA,LPPT,0,54,-10.62,20.43,-43.36,22.85,0.05,0.1,-0.09,0.23,131.22,246.21,-222.9,570.85
LEPA,LSGG,0,26,-0.89,59.53,-25.0,-0.33,0.04,0.22,-0.12,0.09,93.87,516.54,-265.12,191.95
LEPA,LSGG,1,60,-26.08,13.94,-49.85,-7.87,0.01,0.09,-0.13,0.15,14.39,192.01,-252.32,312.75
LEPA,LSZH,0,54,-6.34,15.13,-33.07,15.2,-0.03,0.11,-0.17,0.12,-79.46,285.54,-454.34,291.97
LEPA,LSZH,1,56,-20.99,15.0,-41.88,3.92,-0.0,0.09,-0.14,0.14,-7.2,219.8,-341.0,358.4
LEPA,LSZH,2,103,-11.47,13.55,-27.78,5.44,-0.03,0.09,-0.16,0.13,-76.1,239.42,-404.54,344.42
LEPA,LSZH,3,29,-10.98,18.24,-30.1,10.34,-0.02,0.08,-0.11,0.08,-35.03,190.62,-246.62,184.6
LEPA,LSZH,4,32,-11.17,15.91,-30.26,8.8,-0.04,0.12,-0.17,0.15,-117.75,275.28,-414.84,386.66
LEPP,LEMD,0,65,8.77,7.97,-6.18,15.7,0.02,0.07,-0.08,0.13,41.79,131.85,-160.02,263.26
LEPP,LEMD,1,22,7.4,8.98,0.4,22.85,0.1,0.12,-0.06,0.35,199.59,248.92,-126.64,698.97
LERS,EIDW,0,22,-36.8,15.83,-55.9,-10.39,-0.14,0.1,-0.26,0.01,-334.79,226.56,-616.57,14.3
LERS,EIDW,1,22,-32.68,17.0,-52.58,1.26,-0.1,0.1,-0.26,0.07,-211.65,213.63,-537.51,155.15
LERS,EIDW,2,23,-30.09,23.77,-60.35,7.99,-0.04,0.18,-0.22,0.33,-98.23,428.3,-522.6,783.83
LESO,LEBL,0,58,-12.43,15.03,-35.02,16.5,-0.05,0.07,-0.15,0.07,-109.39,156.09,-333.1,155.21
LESO,LEMD,0,61,-2.46,7.3,-15.0,7.1,0.04,0.07,-0.05,0.15,84.17,152.54,-110.0,330.0
LESO,LEMD,1,23,1.12,7.36,-4.19,16.47,0.12,0.08,0.02,0.29,255.14,180.63,40.43,641.96
LEST,GCLP,0,50,12.77,11.36,0.0,32.05,0.09,0.06,-0.02,0.16,214.98,140.05,-55.58,395.82
LEST,LEAL,0,17,-2.13,9.2,-13.4,13.48,0.01,0.05,-0.05,0.08,31.71,112.18,-109.2,201.86
LEST,LEAL,1,47,-7.48,10.74,-25.12,9.65,-0.01,0.06,-0.1,0.08,-12.94,139.25,-238.37,208.75
LEST,LEBB,0,19,-1.68,20.45,-25.44,39.44,0.0,0.08,-0.11,0.15,9.45,184.69,-210.65,370.23
LEST,LEBL,0,103,-0.88,9.62,-20.41,14.38,-0.02,0.05,-0.09,0.07,-56.67,128.4,-230.03,158.25
LEST,LEMD,0,97,5.35,9.29,-5.62,21.42,0.02,0.08,-0.09,0.14,36.3,170.44,-186.64,300.24
LEST,LEMD,1,24,4.91,4.33,0.4,10.74,0.05,0.1,-0.05,0.25,114.42,218.68,-115.87,553.29
LEST,LEMG,0,21,-3.88,17.39,-29.9,16.7,0.13,0.08,0.02,0.27,305.73,185.33,41.7,557.1
LEST,LEMG,1,34,-6.63,14.1,-24.76,19.89,0.03,0.05,-0.04,0.12,77.18,122.02,-94.22,298.97
LEST,LEPA,0,27,-9.32,25.76,-46.28,39.37,-0.05,0.09,-0.19,0.1,-118.72,219.84,-453.87,231.93
LEST,LEPA,1,38,-4.06,10.77,-15.56,11.78,-0.01,0.04,-0.07,0.05,-19.83,103.92,-177.72,119.52
LEST,LEZL,0,68,-1.54,14.01,-19.66,20.38,0.06,0.09,-0.05,0.21,154.3,205.85,-134.94,501.46
LEVC,EBBR,0,37,15.22,10.93,1.2,35.12,0.04,0.07,-0.06,0.12,99.49,165.82,-154.34,297.18
LEVC,EBBR,1,21,14.02,11.67,-1.6,32.8,-0.01,0.08,-0.14,0.08,-15.4,183.99,-344.0,194.9
LEVC,EDDF,0,29,-72.33,18.14,-105.48,-47.36,-0.3,0.08,-0.46,-0.17,-771.36,210.36,-1077.84,-426.78
LEVC,EDDF,1,34,-41.09,25.53,-81.21,2.13,-0.21,0.1,-0.4,-0.05,-552.74,256.35,-988.44,-152.04
LEVC,EGKK,0,111,5.93,12.08,-16.65,25.2,0.12,0.14,-0.05,0.36,284.32,315.45,-111.9,823.3
LEVC,EHAM,0,144,8.07,14.06,-16.81,28.29,0.06,0.08,-0.07,0.19,143.83,192.59,-159.71,458.82
LEVC,EHEH,0,72,-3.44,8.74,-15.74,10.14,-0.09,0.05,-0.17,-0.01,-217.57,125.68,-406.03,-27.27
LEVC,LEBB,0,14,-25.26,14.71,-45.22,-1.94,-0.04,0.04,-0.1,0.01,-96.56,87.17,-213.37,33.56
LEVC,LEBB,1,44,-21.8,17.25,-57.74,0.43,-0.09,0.08,-0.2,0.01,-197.72,167.95,-499.42,35.56
LEVC,LEBL,0,26,-1.94,11.06,-16.5,20.75,-0.06,0.07,-0.16,0.04,-175.84,187.82,-457.48,124.8
LEVC,LEBL,1,37,-4.92,6.53,-16.72,3.36,-0.03,0.1,-0.18,0.12,-45.48,235.34,-360.1,307.6
LEVC,LEIB,0,142,-18.64,16.4,-46.48,0.0,-0.07,0.06,-0.16,0.04,-147.95,133.35,-365.52,60.19
LEVC,LEMD,0,40,3.4,11.07,-3.89,19.91,0.02,0.07,-0.03,0.12,41.41,140.25,-68.36,241.33
LEVC,LEMD,1,49,3.28,11.16,-7.48,25.0,0.06,0.07,-0.03,0.18,132.19,152.0,-68.32,363.96
LEVC,LEMD,2,16,-3.82,19.38,-37.88,19.62,0.07,0.09,-0.06,0.21,148.86,201.48,-116.68,500.0
LEVC,LEMD,3,18,3.67,8.49,0.1,21.23,0.01,0.04,-0.04,0.09,28.15,84.45,-76.69,176.69
LEVC,LEMD,4,44,-5.57,10.79,-30.34,5.27,0.08,0.05,0.0,0.16,189.97,112.58,12.0,388.0
LEVC,LEMG,0,44,-10.43,9.74,-23.66,4.49,-0.05,0.08,-0.15,0.07,-54.01,127.77,-222.88,137.7
LEVC,LEMG,1,23,-9.61,7.75,-23.29,2.13,-0.01,0.09,-0.15,0.09,0.78,191.38,-303.4,220.16
LEVC,LEMH,0,84,-11.05,12.52,-29.85,9.77,-0.06,0.08,-0.16,0.06,-133.26,184.17,-361.62,144.21
LEVC,LEPA,0,116,-8.92,20.01,-43.98,10.72,-0.09,0.09,-0.22,0.11,-210.92,227.27,-517.5,217.38
LEVC,LEPA,1,113,-13.42,17.08,-42.84,3.62,-0.05,0.08,-0.17,0.06,-117.88,174.98,-410.68,143.72
LEVC,LEPA,2,45,-15.82,18.57,-49.06,0.0,-0.19,0.05,-0.27,-0.09,-350.28,122.56,-531.26,-107.9
LEVC,LEZL,0,77,-3.54,13.66,-16.14,27.8,0.02,0.06,-0.04,0.11,59.04,134.31,-93.84,252.56
LEVC,LEZL,1,26,2.38,11.34,-9.2,22.35,0.02,0.07,-0.06,0.11,51.52,153.14,-113.5,212.6
LEVC,LFPG,0,79,-14.31,19.73,-49.9,9.16,0.04,0.08,-0.05,0.19,93.55,180.1,-131.61,425.82
LEVC,LFPO,0,124,-1.19,14.14,-28.33,22.42,-0.01,0.07,-0.12,0.11,-37.55,186.62,-298.76,266.1
LEVC,LIPE,0,30,-8.68,6.75,-19.53,1.34,-0.01,0.05,-0.09,0.07,-23.95,110.86,-193.48,167.5
LEVC,LIPE,1,22,-23.95,12.86,-39.52,-3.37,0.01,0.06,-0.07,0.09,11.35,142.63,-159.0,219.0
LEVC,LIRF,0,106,-35.11,19.03,-56.2,-0.9,-0.1,0.08,-0.2,0.02,-240.35,192.97,-500.0,40.0
LEVC,LPPT,0,40,-20.82,27.92,-48.67,15.1,0.07,0.11,-0.1,0.22,142.82,239.46,-240.84,478.53
LEVC,LPPT,1,45,-10.31,14.99,-30.52,7.96,0.03,0.09,-0.1,0.16,68.74,188.38,-236.68,352.04
LEVC,LSZH,0,78,-8.99,23.0,-59.82,10.55,-0.07,0.09,-0.2,0.06,-163.95,217.86,-497.7,147.42
LEVC,LTFM,0,58,-17.84,21.66,-44.34,20.23,0.04,0.08,-0.07,0.17,79.24,175.85,-171.01,363.75
LEVT,LEZL,0,21,-7.9,14.25,-33.1,10.4,0.05,0.06,-0.01,0.14,152.8,200.6,-40.5,437.4
LEVT,LEZL,1,33,-14.9,16.06,-33.18,13.36,-0.01,0.06,-0.11,0.1,-65.77,215.24,-432.4,245.34
LEVX,LEBL,0,52,-4.62,11.23,-22.35,15.67,-0.02,0.07,-0.12,0.09,-53.31,182.14,-307.89,230.97
LEVX,LEBL,1,15,-0.27,13.13,-21.91,16.97,-0.0,0.06,-0.08,0.07,-5.84,142.74,-195.09,171.58
LEVX,LEMD,0,185,2.37,8.2,-8.06,18.18,0.03,0.07,-0.07,0.16,71.59,173.15,-167.74,396.66
LEVX,LEMD,1,60,4.36,4.8,-1.5,14.04,0.09,0.07,-0.01,0.2,219.39,168.01,-33.64,513.3
LEXJ,LEBL,0,31,-2.84,10.45,-14.5,18.15,-0.02,0.05,-0.09,0.08,-39.19,132.91,-227.8,198.25
LEXJ,LEBL,1,28,-3.78,9.91,-20.34,15.11,0.01,0.06,-0.09,0.12,14.19,145.83,-202.49,269.5
LEXJ,LEMD,0,89,-5.84,9.92,-22.28,10.36,0.0,0.06,-0.08,0.1,6.44,128.19,-166.6,200.0
LEXJ,LEMD,1,30,0.53,5.27,-6.64,11.76,0.07,0.06,-0.02,0.19,141.25,129.02,-32.67,369.98
LEZL,EGKK,0,110,-0.02,12.67,-25.2,16.01,0.08,0.12,-0.09,0.28,203.14,289.34,-221.38,630.16
LEZL,GCLP,0,51,8.35,9.28,-4.95,21.15,0.09,0.04,0.02,0.14,219.2,96.02,61.45,360.8
LEZL,GCLP,1,22,12.24,8.37,-4.46,25.2,0.08,0.05,-0.01,0.14,198.04,122.84,-34.51,338.2
LEZL,GCXO,0,89,9.63,7.63,0.64,24.32,0.01,0.04,-0.06,0.07,31.25,101.25,-161.56,185.86
LEZL,LEBB,0,109,-14.96,11.07,-32.28,5.9,-0.02,0.04,-0.08,0.05,-43.08,92.74,-189.74,122.76
LEZL,LEBL,0,43,-18.59,20.81,-44.55,26.07,-0.02,0.07,-0.12,0.09,-56.36,164.24,-282.19,218.15
LEZL,LEBL,1,128,-16.95,18.52,-49.38,13.92,-0.04,0.06,-0.11,0.08,-92.5,152.9,-311.06,201.68
LEZL,LEBL,2,71,-17.01,13.04,-34.2,10.65,-0.05,0.06,-0.12,0.04,-118.68,140.96,-299.65,102.95
LEZL,LEMD,0,84,1.41,22.09,-11.78,38.12,0.04,0.08,-0.03,0.17,112.37,190.6,-83.4,452.04
LEZL,LEMD,1,24,-5.01,8.52,-18.66,7.59,0.03,0.07,-0.06,0.14,86.53,183.93,-154.12,349.28
LEZL,LEPA,0,68,-28.92,24.53,-78.61,3.59,-0.05,0.09,-0.2,0.12,-123.72,217.84,-450.29,287.65
LEZL,LEPA,1,69,-11.81,14.12,-33.1,8.58,0.03,0.06,-0.06,0.12,79.45,135.86,-143.38,309.54
LEZL,LEST,0,68,7.43,18.31,-21.78,29.3,-0.01,0.06,-0.1,0.08,-26.45,142.72,-239.5,198.21
LEZL,LEVC,0,102,-26.76,15.51,-48.68,0.09,-0.05,0.06,-0.14,0.04,-101.23,133.78,-325.1,92.65
LEZL,LEVT,0,54,-5.73,16.19,-17.24,7.87,0.01,0.12,-0.15,0.14,37.78,460.88,-363.5,492.84
LEZL,LFPG,0,28,-22.03,14.61,-51.64,4.5,0.02,0.12,-0.1,0.2,25.46,266.36,-238.56,447.29
LEZL,LFPG,1,30,-18.59,17.66,-32.96,9.75,0.02,0.11,-0.12,0.21,27.43,239.14,-288.58,464.72
LEZL,LFPO,0,47,-4.51,13.07,-18.44,22.15,0.01,0.08,-0.09,0.17,20.82,187.93,-220.09,407.4
LEZL,LFPO,1,24,-10.05,11.12,-19.54,9.63,0.0,0.07,-0.07,0.05,7.03,179.94,-176.39,121.6
LEZL,LPPT,0,73,-21.98,34.88,-84.96,10.96,-0.01,0.11,-0.2,0.18,-18.47,246.99,-469.32,376.02
LEZL,LPPT,1,21,-23.05,35.31,-71.9,15.5,-0.07,0.13,-0.25,0.1,-60.6,114.52,-225.0,90.0
LFBD,EGKK,0,100,0.4,13.56,-18.74,19.05,0.09,0.12,-0.05,0.33,228.84,296.67,-118.59,780.31
LFBD,EHAM,0,84,14.77,11.98,-6.99,32.18,0.07,0.08,-0.08,0.19,152.89,191.6,-199.4,452.72
LFBD,EIDW,0,55,-25.22,15.41,-48.62,0.36,-0.07,0.08,-0.18,0.07,-159.63,193.33,-444.03,186.08
LFBD,LEMD,0,94,-1.19,7.8,-13.7,12.71,0.06,0.07,-0.02,0.18,120.32,149.15,-40.0,366.64
LFBD,LFLL,0,165,3.35,10.84,-14.08,19.26,0.03,0.08,-0.09,0.18,57.72,189.4,-193.54,392.46
LFBD,LFML,0,121,-24.01,11.56,-40.9,2.2,-0.09,0.06,-0.16,0.0,-203.36,146.94,-375.8,0.7
LFBD,LFMN,0,103,4.1,11.14,-8.9,27.73,0.03,0.06,-0.06,0.14,55.72,145.51,-131.51,318.01
LFBD,LFPG,0,252,-12.3,13.51,-43.12,7.99,0.02,0.09,-0.12,0.16,42.06,273.23,-327.27,529.28
LFBD,LFQQ,0,15,-8.86,7.93,-18.73,1.88,-0.11,0.03,-0.15,-0.05,-254.39,89.72,-365.13,-116.23
LFBD,LFQQ,1,45,-4.32,8.12,-18.6,6.68,-0.06,0.05,-0.15,0.0,-151.01,114.49,-365.1,0.82
LFBD,LPPR,0,69,-1.36,16.4,-25.02,21.48,0.02,0.08,-0.1,0.13,41.0,190.19,-250.0,311.98
LFBD,LPPT,0,58,-9.17,18.24,-40.4,17.87,0.05,0.07,-0.05,0.17,115.07,177.96,-130.25,422.95
LFBD,LSGG,0,26,-10.27,6.83,-15.78,-6.55,-0.13,0.06,-0.21,-0.04,-332.37,141.9,-520.83,-106.28
LFBD,LSGG,1,44,-7.34,10.98,-19.32,9.36,0.1,0.06,-0.01,0.19,249.11,154.4,-20.44,469.48
LFBO,EBBR,0,45,25.77,20.27,1.2,46.26,-0.03,0.1,-0.17,0.11,-51.27,234.62,-366.6,245.68
LFBO,EBBR,1,33,27.03,52.83,3.94,39.96,0.02,0.18,-0.12,0.13,57.48,400.2,-256.64,371.54
LFBO,EDDF,0,30,-57.06,106.32,-134.38,99.83,-0.24,0.32,-0.52,0.51,-583.53,777.81,-1282.76,1358.26
LFBO,EDDF,1,68,-22.65,29.3,-57.3,4.63,-0.18,0.09,-0.29,-0.03,-446.5,222.68,-704.14,-66.52
LFBO,EDDM,0,107,6.6,11.19,-7.97,24.68,-0.1,0.07,-0.22,0.02,-228.19,170.54,-513.62,52.4
LFBO,EGLL,0,78,19.19,9.98,4.8,34.99,0.16,0.09,0.02,0.32,387.19,227.0,53.3,809.22
LFBO,EHAM,0,46,26.39,9.93,9.43,43.85,0.07,0.07,-0.01,0.19,150.68,165.49,-33.35,416.17
LFBO,EHAM,1,42,8.9,12.05,-12.98,27.06,0.03,0.09,-0.08,0.16,66.13,210.73,-191.86,344.7
LFBO,EHAM,2,19,19.99,13.91,-2.36,37.37,0.04,0.05,-0.05,0.11,85.86,107.56,-108.84,241.58
LFBO,LEMD,0,100,-10.6,12.81,-23.27,3.94,-0.0,0.08,-0.1,0.08,-3.91,171.97,-200.0,184.23
LFBO,LEPA,0,53,-2.14,8.94,-15.8,9.76,0.03,0.08,-0.09,0.18,69.81,179.2,-209.82,396.66
LFBO,LFLL,0,132,14.5,14.33,-3.3,30.8,0.06,0.09,-0.06,0.19,192.54,269.77,-153.87,747.55
LFBO,LFPG,0,283,-4.97,12.73,-26.05,13.62,-0.0,0.09,-0.16,0.15,-8.96,204.99,-360.16,340.67
LFBO,LFPO,0,210,12.65,12.28,0.77,40.34,-0.05,0.06,-0.13,0.06,-110.88,144.63,-293.48,132.78
LFBO,LFPO,1,185,1.43,11.0,-24.9,22.74,-0.06,0.06,-0.16,0.05,-135.75,148.68,-382.9,112.44
LFBO,LFPO,2,83,14.87,17.45,-15.42,45.53,-0.04,0.07,-0.12,0.09,-88.44,180.44,-310.55,237.43
LFBO,LFQQ,0,16,-10.08,7.59,-20.08,4.55,-0.09,0.04,-0.15,-0.04,-207.09,90.27,-371.7,-89.25
LFBO,LFQQ,1,27,-0.27,10.15,-15.4,13.96,-0.07,0.05,-0.16,-0.01,-157.9,110.72,-344.96,-28.91
LFBO,LFQQ,2,26,-4.04,7.53,-17.02,6.12,-0.05,0.05,-0.16,-0.0,-119.11,120.71,-353.7,-2.2
LFBO,LFRS,0,81,16.89,10.39,2.1,34.9,-0.01,0.04,-0.08,0.06,-23.02,93.79,-181.5,127.7
LFBO,LFRS,1,38,13.06,10.48,2.0,27.93,0.03,0.14,-0.34,0.14,23.62,104.06,-218.3,96.97
LFBO,LPPT,0,107,-6.19,22.61,-35.8,25.86,0.08,0.1,-0.05,0.26,169.49,234.06,-101.99,581.69
LFBP,LFLL,0,10,12.82,8.89,-2.28,22.3,0.2,0.05,0.13,0.26,340.45,81.87,227.3,450.44
LFBP,LFPG,0,90,-33.38,18.92,-68.13,-0.88,0.07,0.07,-0.03,0.2,151.98,143.7,-50.72,399.6
LFBP,LFPO,0,55,-15.98,15.95,-29.03,10.33,-0.06,0.07,-0.17,0.04,-152.58,160.94,-415.51,105.08
LFBT,LFPO,0,24,-15.31,15.15,-27.11,14.35,0.0,0.08,-0.09,0.13,6.86,165.34,-190.01,287.63
LFBT,LFPO,1,36,-20.11,14.02,-33.12,5.9,-0.05,0.07,-0.16,0.04,-120.71,143.39,-343.42,76.9
LFBZ,LFLL,0,59,7.64,12.74,-10.67,26.81,0.11,0.07,-0.02,0.21,186.12,138.2,-39.96,353.41
LFBZ,LFLL,1,22,6.68,11.62,-6.88,20.96,-0.07,0.05,-0.14,0.0,-161.43,108.67,-342.06,2.26
LFBZ,LFPG,0,124,-9.57,14.15,-41.71,12.79,0.11,0.1,-0.12,0.25,212.24,205.7,-293.91,482.68
LFBZ,LFPO,0,20,7.66,9.7,-0.12,26.74,0.01,0.06,-0.1,0.09,23.7,148.36,-236.9,212.87
LFBZ,LFPO,1,63,4.99,10.95,-1.9,31.02,0.0,0.06,-0.09,0.11,2.35,155.35,-224.36,265.9
LFKB,LFML,0,139,13.99,14.38,0.2,38.19,0.1,0.08,-0.02,0.23,229.73,197.87,-58.03,547.8
LFKB,LFMN,0,87,7.92,10.76,-6.2,30.06,0.07,0.05,-0.0,0.17,61.12,47.91,-2.02,153.39
LFKB,LFPO,0,143,0.1,11.04,-14.24,19.03,0.06,0.07,-0.05,0.17,149.74,169.49,-106.17,432.13
LFKC,LFML,0,60,2.31,10.47,-7.0,21.36,0.02,0.06,-0.04,0.16,14.49,56.25,-39.38,142.54
LFKC,LFPO,0,55,-2.33,15.54,-8.48,15.39,0.06,0.07,-0.03,0.17,140.46,172.61,-86.14,400.22
LFKF,LFML,0,65,-6.44,13.9,-20.48,25.24,-0.04,0.11,-0.13,0.14,-22.85,117.01,-122.74,164.42
LFKF,LFPO,0,56,5.48,13.77,-2.88,20.48,0.08,0.06,-0.01,0.15,203.13,154.89,-33.5,380.72
LFKJ,LFML,0,97,-2.73,13.88,-19.48,23.36,0.04,0.08,-0.09,0.17,102.91,206.29,-225.7,428.6
LFKJ,LFML,1,17,4.95,11.66,-12.18,21.48,0.05,0.09,-0.07,0.17,103.15,190.08,-154.42,390.6
LFKJ,LFMN,0,87,-5.68,7.31,-16.34,6.72,-0.03,0.04,-0.08,0.04,-23.79,43.29,-74.5,39.6
LFKJ,LFPO,0,102,1.68,11.06,-14.97,20.42,0.06,0.07,-0.04,0.16,141.92,170.58,-95.83,407.96
LFKJ,LFPO,1,57,-3.56,27.81,-47.54,23.74,0.05,0.11,-0.12,0.17,103.26,256.09,-268.32,394.82
LFLC,LFPG,0,84,18.22,13.98,-1.9,37.84,0.15,0.05,0.08,0.22,300.39,105.07,140.8,480.4
LFLL,DAAG,0,44,3.14,9.04,-6.28,16.9,0.03,0.06,-0.05,0.11,72.29,174.11,-125.72,261.91
LFLL,DAAG,1,8,10.04,18.25,-13.08,34.54,0.06,0.06,0.01,0.15,151.35,134.32,22.9,356.7
LFLL,DTTA,0,92,-0.75,15.67,-16.42,27.4,0.02,0.07,-0.06,0.16,61.91,170.58,-154.3,410.84
LFLL,EBBR,0,34,4.99,11.5,-10.2,21.18,-0.04,0.06,-0.15,0.04,-100.23,144.52,-366.91,80.49
LFLL,EBBR,1,35,-29.85,8.22,-40.02,-7.82,-0.16,0.07,-0.23,-0.06,-351.27,147.53,-521.86,-124.68
LFLL,EDDF,0,73,-31.0,16.65,-58.4,-3.28,-0.23,0.06,-0.33,-0.13,-560.42,155.51,-800.16,-313.18
LFLL,EDDF,1,27,-116.01,26.38,-147.98,-75.92,-0.4,0.08,-0.52,-0.29,-960.88,175.97,-1226.67,-707.9
LFLL,EDDM,0,90,-0.6,10.88,-15.92,17.36,-0.13,0.07,-0.23,-0.02,-220.41,142.31,-493.12,-32.8
LFLL,EGKK,0,55,11.32,12.4,-0.81,29.4,0.16,0.13,0.01,0.38,363.77,282.12,15.9,838.67
LFLL,EGLL,0,62,7.8,13.08,-3.3,35.29,0.18,0.09,0.04,0.33,431.91,233.7,89.56,825.64
LFLL,EHAM,0,115,2.06,14.19,-23.18,22.52,0.01,0.08,-0.13,0.13,31.99,201.74,-314.86,314.1
LFLL,GMMN,0,33,1.5,17.13,-13.62,29.56,0.05,0.09,-0.02,0.17,126.0,194.78,-56.94,415.3
LFLL,GMMN,1,29,-10.89,11.15,-25.18,7.02,0.0,0.06,-0.08,0.1,10.76,136.39,-202.62,238.36
LFLL,LEBL,0,71,-8.63,12.06,-24.65,19.75,-0.07,0.06,-0.17,0.01,-167.05,133.75,-379.2,33.05
LFLL,LEMD,0,27,-2.9,7.61,-11.11,5.92,0.03,0.06,-0.06,0.14,76.67,147.43,-141.64,350.22
LFLL,LEMD,1,52,-4.89,10.3,-15.96,12.29,0.03,0.05,-0.03,0.14,78.71,133.44,-83.3,342.11
LFLL,LEMD,2,16,-0.42,12.83,-18.0,18.58,0.07,0.09,-0.01,0.22,170.92,225.2,-20.85,541.65
LFLL,LEPA,0,17,-8.33,10.61,-22.54,2.26,0.07,0.05,0.01,0.15,168.49,117.01,21.5,354.2
LFLL,LEPA,1,50,-9.59,11.06,-22.34,12.28,-0.02,0.05,-0.09,0.06,-40.32,128.19,-233.8,155.13
LFLL,LFBD,0,106,-4.61,10.68,-16.33,14.9,-0.0,0.09,-0.1,0.16,-11.04,198.42,-233.85,341.3
LFLL,LFBD,1,59,-0.51,9.25,-10.18,17.34,0.04,0.08,-0.09,0.15,75.22,182.06,-191.73,329.24
LFLL,LFBO,0,33,8.03,4.97,1.62,17.86,0.06,0.06,-0.02,0.14,317.33,279.43,-61.04,702.18
LFLL,LFBO,1,61,-0.78,17.43,-33.2,21.7,0.03,0.1,-0.11,0.18,44.83,256.8,-381.1,393.5
LFLL,LFBO,2,37,-3.01,20.31,-34.0,19.68,0.05,0.11,-0.13,0.19,99.41,256.3,-284.54,477.32
LFLL,LFBO,3,19,-17.1,8.51,-26.51,-1.39,-0.02,0.05,-0.1,0.05,-50.83,108.88,-212.4,101.96
LFLL,LFBP,0,10,-8.84,4.3,-11.96,-2.4,0.16,0.09,0.07,0.29,265.55,148.18,118.15,488.44
LFLL,LFBZ,0,80,-4.07,9.59,-21.28,8.85,0.08,0.11,-0.08,0.22,129.94,208.58,-210.32,381.02
LFLL,LFML,0,64,7.75,9.83,-3.08,21.28,0.12,0.06,0.04,0.21,262.66,180.61,95.04,596.32
LFLL,LFMN,0,20,2.89,8.83,-7.4,14.72,0.07,0.06,0.02,0.15,208.92,147.02,69.16,448.49
LFLL,LFMN,1,47,1.44,10.09,-10.43,16.09,-0.03,0.05,-0.1,0.05,-70.28,115.57,-222.83,101.68
LFLL,LFPG,0,163,-2.32,12.25,-13.9,25.71,0.01,0.08,-0.1,0.16,38.42,194.6,-239.05,389.46
LFLL,LFRB,0,47,-17.63,7.47,-28.38,-3.28,0.04,0.1,-0.12,0.17,54.57,190.3,-268.21,293.61
LFLL,LFRB,1,26,-16.82,11.4,-27.48,2.75,0.1,0.09,-0.09,0.18,159.87,173.46,-218.78,343.1
LFLL,LFRK,0,60,4.96,8.56,-0.42,25.64,0.12,0.09,-0.08,0.26,199.11,170.73,-187.84,437.81
LFLL,LFRN,0,34,-27.55,17.27,-47.88,2.84,0.04,0.06,-0.02,0.13,68.27,105.46,-40.93,224.11
LFLL,LFRN,1,21,-37.1,15.6,-53.1,-12.8,0.06,0.05,0.0,0.15,98.6,91.07,5.2,253.1
LFLL,LFRS,0,146,0.11,11.3,-12.58,20.02,0.0,0.1,-0.14,0.17,-0.45,221.28,-298.08,357.2
LFLL,LFST,0,53,-42.1,10.74,-54.34,-23.12,0.03,0.08,-0.16,0.13,54.58,134.39,-265.2,226.86
LFLL,LIRF,0,70,-34.85,23.74,-60.76,11.14,-0.11,0.08,-0.19,0.0,-258.94,181.42,-433.88,0.0
LFLL,LPPR,0,36,7.17,12.04,-5.48,24.5,0.08,0.06,-0.01,0.15,193.2,133.85,-20.0,375.0
LFLL,LPPR,1,19,4.32,12.76,-7.51,30.15,0.07,0.11,-0.03,0.22,156.06,250.73,-62.11,492.0
LFLL,LPPR,2,22,5.93,8.16,-0.38,19.19,0.06,0.05,0.0,0.13,152.12,109.61,1.84,318.58
LFLL,LPPT,0,32,-5.71,15.72,-25.2,14.7,0.06,0.07,-0.02,0.17,139.44,163.78,-57.61,383.22
LFLL,LPPT,1,76,6.36,24.89,-27.72,44.88,0.13,0.1,-0.02,0.28,284.47,232.77,-37.95,674.2
LFLL,LTFJ,0,61,-22.42,19.47,-47.1,18.1,-0.03,0.11,-0.14,0.17,-63.0,261.99,-340.3,416.7
LFLL,LTFM,0,64,-21.69,22.92,-41.47,8.46,0.0,0.09,-0.08,0.15,8.84,250.63,-233.3,407.01
LFLW,LFPO,0,52,-2.56,14.24,-26.84,18.86,-0.01,0.08,-0.13,0.1,-9.52,48.94,-81.31,66.28
LFML,DAAG,0,102,10.65,9.42,1.52,23.88,0.05,0.06,-0.03,0.13,122.67,126.24,-66.4,316.3
LFML,DAAG,1,22,-4.35,6.99,-12.0,10.5,-0.04,0.07,-0.12,0.09,-21.07,96.8,-101.67,198.3
LFML,DABC,0,32,6.28,7.83,0.0,24.88,0.05,0.04,-0.01,0.12,118.73,102.83,-17.02,294.81
LFML,DABC,1,27,11.52,13.02,-13.63,25.54,0.04,0.06,-0.06,0.12,96.56,156.54,-155.17,302.44
LFML,DAOO,0,61,0.95,11.0,-6.9,16.5,0.03,0.07,-0.06,0.18,75.84,172.72,-140.0,424.0
LFML,DTTA,0,106,3.34,17.96,-23.82,32.25,0.03,0.07,-0.08,0.15,72.09,159.11,-184.35,342.02
LFML,EBCI,0,55,-4.85,11.43,-25.4,11.83,0.01,0.05,-0.07,0.09,24.55,119.0,-160.0,208.76
LFML,EDDF,0,74,-53.1,27.86,-105.48,-16.51,-0.21,0.09,-0.36,-0.06,-520.3,223.35,-927.61,-161.21
LFML,EDDM,0,85,2.43,12.6,-13.82,25.32,-0.08,0.08,-0.21,0.06,-188.65,178.75,-462.1,138.62
LFML,EGKK,0,50,13.99,10.7,2.5,34.28,0.17,0.13,0.03,0.43,393.36,302.53,75.79,1035.32
LFML,EGLL,0,118,9.28,11.89,0.5,30.83,0.14,0.1,-0.02,0.32,324.5,228.15,-34.59,722.03
LFML,EGSS,0,68,-0.88,11.59,-26.46,13.17,0.07,0.06,-0.03,0.17,170.42,136.17,-101.14,373.08
LFML,EHAM,0,88,6.33,13.3,-17.75,27.61,0.14,0.08,0.02,0.27,251.68,147.13,31.22,465.75
LFML,LEMD,0,120,-0.75,13.33,-13.34,20.02,0.01,0.07,-0.08,0.12,31.17,162.01,-166.7,292.02
LFML,LEPA,0,65,-1.59,10.0,-14.4,14.82,0.01,0.07,-0.09,0.14,16.34,160.52,-210.92,334.54
LFML,LFBD,0,51,2.3,9.38,-9.3,19.7,0.03,0.06,-0.08,0.12,80.56,152.55,-201.05,278.7
LFML,LFBD,1,37,8.71,9.98,-5.38,25.06,0.02,0.06,-0.07,0.11,57.49,151.01,-183.14,250.3
LFML,LFBD,2,34,-1.29,14.93,-14.47,12.3,-0.01,0.06,-0.07,0.05,-30.21,135.9,-162.93,122.68
LFML,LFBO,0,1,12.3,,12.3,12.3,0.02,,0.02,0.02,85.6,,85.6,85.6
LFML,LFKB,0,119,9.56,11.27,-4.12,24.73,0.04,0.07,-0.06,0.13,87.02,158.75,-161.59,318.1
LFML,LFKC,0,60,-0.56,7.81,-9.8,13.46,-0.03,0.06,-0.1,0.08,-28.61,60.78,-87.12,72.2
LFML,LFKF,0,64,-20.52,12.08,-34.96,0.13,-0.07,0.06,-0.15,0.05,-74.78,102.47,-135.28,53.9
LFML,LFKJ,0,136,-24.43,12.33,-43.55,-2.92,-0.03,0.06,-0.14,0.05,-62.86,147.93,-334.92,128.07
LFML,LFLL,0,69,19.92,11.84,1.14,31.44,0.11,0.05,0.05,0.18,248.62,142.21,100.76,515.94
LFML,LFPG,0,284,-2.17,16.19,-17.2,26.88,0.04,0.08,-0.06,0.2,86.52,166.69,-115.98,392.44
LFML,LFPO,0,94,1.57,11.15,-15.54,19.34,0.0,0.06,-0.08,0.09,10.73,134.76,-195.97,216.91
LFML,LFPO,1,50,9.39,20.32,4.04,22.32,0.01,0.09,-0.07,0.11,29.16,199.78,-174.59,253.97
LFML,LFRS,0,95,-3.82,12.57,-19.19,17.52,0.04,0.06,-0.05,0.13,96.85,152.01,-123.09,306.39
LFML,LFRS,1,15,1.46,14.47,-13.84,28.55,0.04,0.07,-0.03,0.17,100.36,173.32,-80.68,400.01
LFML,LIRF,0,23,-46.03,15.08,-67.7,-28.28,-0.13,0.08,-0.25,-0.02,-390.27,284.01,-864.65,-44.0
LFML,LIRF,1,37,-35.35,11.94,-47.28,-8.82,-0.14,0.06,-0.23,-0.06,-479.98,357.33,-1265.7,-154.26
LFML,LPPT,0,58,5.07,23.79,-16.67,30.5,0.1,0.09,-0.0,0.28,223.75,200.4,-6.0,636.05
LFML,LPPT,1,49,-17.92,17.87,-46.08,8.02,0.07,0.08,-0.04,0.21,155.89,176.35,-99.32,425.36
LFML,LTFM,0,59,-11.71,24.06,-38.77,15.76,0.04,0.08,-0.05,0.15,107.83,211.66,-140.0,420.0
LFMN,DTTA,0,81,11.68,13.28,-2.7,29.6,0.06,0.05,-0.02,0.13,133.95,127.21,-52.0,332.0
LFMN,EBBR,0,72,-4.16,19.6,-40.98,25.46,-0.06,0.07,-0.16,0.06,-135.38,168.43,-375.63,162.49
LFMN,EBBR,1,17,-3.96,18.51,-21.02,24.28,0.01,0.08,-0.05,0.1,25.25,172.0,-118.06,243.36
LFMN,EDDF,0,74,-44.41,27.26,-106.97,-12.66,-0.17,0.09,-0.36,-0.03,-413.11,231.99,-841.5,-79.14
LFMN,EDDF,1,47,-24.22,76.64,-58.27,-6.16,-0.14,0.24,-0.24,-0.05,-328.91,588.88,-597.76,-130.05
LFMN,EDDL,0,40,-25.58,19.65,-72.98,-0.95,-0.1,0.08,-0.22,0.01,-223.5,177.58,-530.24,28.94
LFMN,EDDL,1,21,-18.64,16.31,-37.9,2.1,-0.02,0.07,-0.12,0.05,-53.35,173.2,-293.8,123.6
LFMN,EDDM,0,73,7.94,10.87,-5.9,26.68,-0.08,0.08,-0.19,0.05,-185.88,180.54,-442.04,108.02
LFMN,EDDM,1,44,2.48,10.02,-8.34,19.03,-0.16,0.08,-0.28,-0.02,-388.54,187.78,-637.01,-59.83
LFMN,EGGW,0,65,-51.68,23.39,-77.58,-1.14,-0.09,0.1,-0.23,0.07,-218.01,227.65,-523.9,158.02
LFMN,EGKK,0,214,10.93,9.96,-2.34,26.96,0.16,0.12,0.03,0.34,385.51,297.88,65.02,847.94
LFMN,EGLC,0,50,-2.67,11.74,-13.81,13.34,0.04,0.05,-0.03,0.14,92.99,117.27,-73.4,313.48
LFMN,EGLL,0,205,9.26,14.65,-5.46,35.12,0.15,0.1,0.01,0.33,349.51,237.16,12.5,763.08
LFMN,EHAM,0,127,-0.54,12.04,-23.26,19.17,0.04,0.08,-0.11,0.15,93.61,179.65,-233.44,365.65
LFMN,EHAM,1,53,-1.52,19.2,-31.28,21.32,0.03,0.09,-0.08,0.16,82.27,215.85,-212.66,408.62
LFMN,EIDW,0,65,-12.61,17.0,-34.56,13.88,-0.02,0.09,-0.13,0.1,-55.68,208.49,-314.3,237.46
LFMN,EKCH,0,66,-8.47,11.69,-21.85,7.98,-0.09,0.06,-0.17,-0.01,-198.21,137.59,-406.5,-12.8
LFMN,EKCH,1,39,-11.44,13.99,-32.7,8.13,-0.1,0.06,-0.2,-0.01,-210.86,122.78,-434.13,-13.8
LFMN,ELLX,0,63,-0.98,18.8,-32.0,19.64,-0.02,0.11,-0.21,0.11,-21.5,210.94,-437.91,248.57
LFMN,ENGM,0,27,-21.86,16.0,-50.96,-6.84,-0.06,0.06,-0.14,0.05,-135.6,142.59,-320.1,102.94
LFMN,ENGM,1,42,-17.72,17.9,-39.57,12.3,-0.08,0.07,-0.17,0.03,-193.16,164.32,-415.54,68.72
LFMN,ESSA,0,25,-1.11,14.23,-31.28,17.6,-0.0,0.05,-0.07,0.09,-2.96,129.49,-172.16,213.36
LFMN,ESSA,1,44,6.7,14.93,-16.66,28.05,0.02,0.08,-0.09,0.14,56.08,202.17,-212.78,350.74
LFMN,LEBL,0,94,-18.82,13.2,-33.26,4.64,-0.09,0.07,-0.19,0.05,-219.23,174.66,-437.08,120.34
LFMN,LEMD,0,89,-18.09,12.4,-41.94,0.32,-0.02,0.08,-0.11,0.12,-48.27,172.31,-231.98,297.26
LFMN,LFBD,0,79,-2.35,12.68,-17.35,12.72,0.01,0.04,-0.05,0.08,31.0,106.02,-119.86,180.73
LFMN,LFBD,1,23,-6.2,10.29,-20.96,10.12,0.0,0.04,-0.05,0.06,-0.38,87.51,-121.17,159.25
LFMN,LFKB,0,87,-5.89,8.65,-14.5,9.24,0.03,0.04,-0.02,0.11,23.23,37.1,-20.72,98.86
LFMN,LFKJ,0,89,-30.74,25.52,-45.5,-8.64,-0.06,0.16,-0.15,0.02,-57.85,147.12,-133.48,23.62
LFMN,LFLL,0,67,11.43,12.36,-11.04,28.51,0.04,0.06,-0.05,0.13,108.11,151.11,-132.56,400.97
LFMN,LFPG,0,188,-7.66,25.04,-25.29,6.52,0.03,0.14,-0.05,0.12,81.24,346.17,-138.94,289.19
LFMN,LFPG,1,155,-3.29,13.08,-18.89,25.17,0.04,0.06,-0.05,0.14,92.6,138.92,-130.01,337.99
LFMN,LFPO,0,538,-2.05,10.62,-16.82,16.8,0.02,0.07,-0.08,0.12,44.69,157.74,-188.2,291.21
LFMN,LFQQ,0,33,-22.67,7.67,-32.1,-8.46,-0.09,0.04,-0.15,-0.05,-205.66,95.65,-345.48,-108.34
LFMN,LFQQ,1,20,-17.69,8.59,-31.2,-8.11,-0.08,0.04,-0.16,-0.03,-188.39,86.66,-360.0,-69.9
LFMN,LFQQ,2,54,-17.88,7.72,-29.85,-8.56,-0.09,0.05,-0.16,-0.01,-213.28,114.14,-390.96,-23.78
LFMN,LFRS,0,104,-1.88,13.99,-18.62,26.0,0.01,0.07,-0.09,0.16,30.5,166.47,-205.28,356.45
LFMN,LFSB,0,47,-26.96,8.22,-39.44,-15.99,-0.13,0.05,-0.2,-0.05,-316.04,128.81,-510.85,-117.02
LFMN,LFSB,1,18,-35.72,20.32,-59.93,-3.81,-0.1,0.08,-0.22,-0.01,-248.87,198.97,-534.57,-13.96
LFMN,LIRF,0,37,-35.33,20.22,-72.06,-7.18,-0.1,0.07,-0.23,-0.01,-239.58,160.73,-525.84,-17.76
LFMN,LIRF,1,102,-37.58,57.1,-54.56,-7.26,-0.14,0.1,-0.25,-0.01,-335.88,245.78,-550.0,-31.1
LFMN,LIRN,0,40,-33.82,24.7,-67.71,2.66,-0.11,0.09,-0.22,0.04,-279.4,233.27,-554.42,111.22
LFMN,LIRN,1,15,-18.31,21.7,-41.28,6.84,-0.06,0.1,-0.19,0.06,-129.91,217.25,-420.89,150.02
LFMN,LOWW,0,81,14.78,12.04,2.4,42.1,0.06,0.05,0.0,0.13,137.45,114.04,0.0,291.7
LFMN,LPPT,0,75,-12.18,18.78,-32.58,21.05,0.08,0.1,-0.05,0.26,171.65,216.38,-125.0,635.5
LFMN,LPPT,1,20,-30.79,24.45,-63.46,2.81,0.04,0.09,-0.09,0.14,77.92,201.29,-187.06,311.64
LFMN,LSGG,0,23,-23.78,11.88,-39.51,-5.72,-0.05,0.03,-0.08,-0.0,-104.33,58.33,-186.32,-10.74
LFMN,LSGG,1,65,-14.54,10.3,-30.66,0.5,0.02,0.07,-0.1,0.13,51.5,161.62,-237.7,331.36
LFMN,LSGG,2,36,-15.59,12.49,-33.75,1.48,0.0,0.06,-0.08,0.12,8.01,159.44,-204.52,294.45
LFMN,LSGG,3,31,-16.73,10.01,-30.2,0.5,0.02,0.05,-0.05,0.12,50.92,121.59,-115.95,265.4
LFMN,LSZH,0,22,-31.8,16.04,-54.25,-9.24,0.02,0.1,-0.13,0.16,41.61,210.63,-251.56,349.75
LFMN,LSZH,1,62,-8.25,11.33,-26.15,8.6,-0.0,0.09,-0.1,0.14,-10.77,212.03,-254.48,344.85
LFMN,LSZH,2,10,-3.29,9.52,-14.82,10.02,0.04,0.03,0.01,0.09,95.54,76.49,12.34,218.26
LFMN,LSZH,3,12,-7.87,8.31,-20.68,2.23,-0.04,0.05,-0.1,0.04,-88.12,124.79,-249.56,106.11
LFMN,LTFM,0,59,-20.97,30.55,-42.53,19.21,-0.0,0.1,-0.12,0.15,-4.77,245.82,-291.7,384.17
LFMP,LFPO,0,52,-3.53,13.8,-14.48,25.3,-0.05,0.07,-0.14,0.07,-108.77,164.33,-331.13,158.41
LFMP,LFPO,1,19,-6.23,13.09,-24.75,8.61,-0.02,0.06,-0.1,0.05,-49.36,134.5,-249.33,115.5
LFMT,EGKK,0,61,11.46,12.79,-2.5,34.4,0.16,0.12,-0.0,0.38,361.3,282.54,-1.8,845.1
LFMT,LFPG,0,68,-11.66,12.85,-35.85,8.06,0.02,0.06,-0.06,0.1,54.69,146.71,-151.4,261.17
LFMT,LFPG,1,54,-4.03,14.19,-19.04,24.33,0.03,0.06,-0.07,0.13,64.04,155.9,-202.42,325.73
LFMT,LFPO,0,90,-5.04,11.53,-22.58,7.18,0.01,0.06,-0.07,0.1,32.73,133.66,-171.72,242.9
LFMT,LFRS,0,55,-4.4,12.17,-22.38,18.52,-0.06,0.07,-0.19,0.07,-135.91,161.56,-408.78,145.46
LFOB,EIDW,0,80,-18.21,20.24,-43.21,8.75,-0.06,0.09,-0.17,0.07,-144.01,201.88,-419.64,153.44
LFOB,LIRA,0,60,-5.84,16.73,-28.06,25.24,0.03,0.08,-0.05,0.16,56.37,184.89,-121.0,343.9
LFOB,LPPR,0,94,-1.1,11.32,-21.48,19.07,0.03,0.06,-0.06,0.13,80.37,144.64,-134.0,294.0
LFOB,LPPT,0,56,-4.07,14.19,-24.05,18.12,0.05,0.09,-0.08,0.18,115.61,204.92,-200.0,405.0
LFPG,BIKF,0,31,5.19,10.97,-13.1,20.75,0.07,0.05,-0.01,0.17,190.25,206.96,-54.8,502.65
LFPG,BIKF,1,53,-23.76,228.84,-6.3,27.34,0.01,0.46,-0.04,0.18,-186.25,2986.27,-94.74,718.44
LFPG,CYUL,0,45,2.0,8.7,-7.04,11.52,0.05,0.05,-0.02,0.15,383.5,388.78,-103.9,1033.78
LFPG,CYUL,1,35,0.55,5.01,-7.02,5.75,0.03,0.04,-0.02,0.1,206.52,294.31,-102.62,766.58
LFPG,CYUL,2,54,-0.49,6.51,-9.08,8.45,0.04,0.04,-0.02,0.12,284.89,306.0,-135.07,770.24
LFPG,CYUL,3,58,0.68,6.42,-12.69,9.22,0.04,0.04,-0.02,0.11,317.34,333.05,-138.06,804.94
LFPG,CYYZ,0,16,0.41,3.55,-3.85,5.05,0.02,0.04,-0.05,0.07,195.64,232.51,-193.12,511.85
LFPG,CYYZ,1,37,-0.09,6.28,-13.08,6.3,0.04,0.04,0.0,0.11,206.84,198.37,17.86,510.92
LFPG,CYYZ,2,31,0.38,8.11,-8.1,10.05,0.04,0.03,0.0,0.09,223.85,186.03,15.15,475.7
LFPG,CYYZ,3,23,2.25,4.86,-0.54,7.39,0.05,0.05,-0.0,0.13,281.97,282.98,-17.04,837.95
LFPG,DAAG,0,290,-4.56,15.02,-26.31,17.08,0.02,0.08,-0.08,0.16,62.98,218.72,-248.48,450.02
LFPG,DAOO,0,72,-17.06,15.94,-33.68,10.07,-0.01,0.11,-0.16,0.23,-20.41,265.28,-394.31,544.99
LFPG,DIAP,0,53,-2.34,33.15,-21.6,18.1,0.03,0.07,-0.03,0.09,252.56,565.25,-270.4,675.6
LFPG,DTTA,0,188,1.07,14.67,-20.46,24.91,-0.01,0.07,-0.12,0.1,-19.68,163.89,-305.82,260.93
LFPG,DTTJ,0,75,-12.6,7.84,-25.1,-0.81,-0.02,0.04,-0.08,0.03,-56.12,91.57,-196.7,79.13
LFPG,DTTJ,1,20,-11.34,14.13,-32.06,11.79,0.01,0.05,-0.04,0.07,27.37,124.78,-106.56,183.74
LFPG,EBBR,0,74,18.39,9.3,-1.3,31.26,0.01,0.05,-0.07,0.09,42.19,195.84,-206.7,428.38
LFPG,EBBR,1,15,16.07,10.9,4.07,36.81,0.1,0.05,0.02,0.14,300.77,144.55,51.7,433.53
LFPG,EDDB,0,53,3.02,15.03,-20.36,25.98,0.03,0.05,-0.04,0.1,71.42,102.56,-81.72,220.44
LFPG,EDDB,1,17,-13.13,17.26,-36.52,17.34,-0.01,0.07,-0.1,0.08,-24.74,195.38,-312.6,239.38
LFPG,EDDB,2,35,7.61,13.37,-14.29,23.14,0.04,0.07,-0.07,0.14,92.5,167.77,-166.95,341.92
LFPG,EDDB,3,18,7.64,8.88,-5.57,19.31,0.06,0.04,-0.01,0.11,110.29,81.96,-14.56,212.55
LFPG,EDDB,4,31,0.15,13.0,-15.65,17.85,0.02,0.05,-0.06,0.09,42.22,122.96,-151.75,223.6
LFPG,EDDB,5,20,3.63,15.55,-19.76,25.15,0.04,0.04,-0.04,0.1,81.26,79.83,-78.34,190.79
LFPG,EDDB,6,21,-2.63,15.06,-18.5,21.5,-0.01,0.07,-0.11,0.14,-16.32,161.8,-284.1,335.7
LFPG,EDDB,7,19,2.75,16.12,-30.18,25.54,0.02,0.06,-0.08,0.1,36.2,137.93,-206.51,198.42
LFPG,EDDB,8,27,-0.69,13.93,-18.5,21.37,0.03,0.04,-0.03,0.09,67.62,90.47,-57.9,195.14
LFPG,EDDB,9,21,4.97,12.83,-14.6,21.0,0.03,0.06,-0.03,0.09,71.9,141.2,-66.0,217.8
LFPG,EDDF,0,209,-67.57,21.6,-96.8,-34.24,-0.23,0.13,-0.44,-0.02,-641.92,455.07,-1364.76,-55.66
LFPG,EDDF,1,148,-62.34,24.51,-97.04,-27.64,-0.2,0.14,-0.41,0.02,-553.86,439.55,-1062.68,50.22
LFPG,EDDF,2,21,-50.44,21.54,-97.6,-29.0,-0.32,0.12,-0.52,-0.19,-768.09,282.88,-1196.0,-506.6
LFPG,EDDH,0,64,-39.55,17.35,-68.82,-11.09,-0.1,0.07,-0.21,0.01,-218.66,174.44,-518.76,14.34
LFPG,EDDH,1,80,-36.21,21.75,-70.6,0.63,-0.07,0.11,-0.19,0.07,-134.92,229.01,-406.24,125.7
LFPG,EDDK,0,50,-29.3,17.91,-59.02,-6.06,0.01,0.09,-0.14,0.15,84.63,427.94,-561.59,925.28
LFPG,EDDK,1,45,-7.51,26.09,-32.58,46.6,0.07,0.16,-0.09,0.35,311.75,593.03,-292.58,1415.9
LFPG,EDDL,0,70,-18.27,12.38,-34.06,0.82,0.08,0.06,-0.01,0.18,169.19,121.86,-18.38,396.72
LFPG,EDDL,1,31,-15.7,16.29,-41.35,6.15,0.02,0.06,-0.06,0.12,34.14,135.38,-125.85,268.9
LFPG,EDDL,2,65,-27.01,21.11,-58.68,8.2,0.06,0.09,-0.02,0.15,125.17,194.21,-40.24,326.62
LFPG,EDDM,0,40,-5.12,9.67,-13.24,11.74,-0.04,0.08,-0.15,0.11,-91.39,163.29,-319.2,203.08
LFPG,EDDM,1,78,-1.19,12.79,-14.11,23.16,-0.09,0.09,-0.22,0.07,-212.07,213.09,-541.12,128.65
LFPG,EDDM,2,56,-5.57,17.17,-40.17,24.52,-0.13,0.12,-0.31,0.02,-319.83,292.11,-757.82,54.18
LFPG,EDDM,3,45,1.48,14.33,-17.98,27.08,-0.02,0.06,-0.09,0.08,-40.07,154.67,-232.62,175.38
LFPG,EDDM,4,35,-4.8,8.67,-14.47,10.29,-0.09,0.08,-0.18,0.05,-212.73,187.4,-455.71,95.69
LFPG,EDDM,5,76,1.05,13.44,-22.8,20.38,-0.09,0.11,-0.26,0.07,-217.32,252.22,-640.3,141.8
LFPG,EDDN,0,54,-58.35,21.48,-76.91,-19.36,-0.08,0.06,-0.19,0.0,-191.79,154.1,-426.52,1.25
LFPG,EDDN,1,39,-58.29,26.42,-96.5,-17.79,-0.07,0.08,-0.18,0.04,-182.32,221.69,-542.5,80.99
LFPG,EDDN,2,16,-69.78,19.77,-96.25,-36.2,-0.04,0.07,-0.14,0.06,-84.99,143.05,-288.75,111.7
LFPG,EDDP,0,38,-46.81,24.5,-78.04,-18.07,-0.1,0.08,-0.22,0.03,-470.23,384.88,-1216.5,85.04
LFPG,EDDP,1,20,-36.59,47.07,-89.1,2.23,0.02,0.2,-0.15,0.17,3.09,570.53,-584.93,604.21
LFPG,EDDS,0,30,-26.61,9.64,-36.68,-2.81,0.01,0.07,-0.08,0.13,18.27,142.42,-144.75,290.95
LFPG,EDDS,1,25,-15.4,12.98,-32.5,1.32,0.07,0.05,-0.0,0.14,140.16,95.31,-10.44,270.8
LFPG,EDDS,2,23,-14.69,19.55,-36.05,11.88,0.02,0.13,-0.1,0.31,62.67,363.63,-293.88,953.72
LFPG,EDDV,0,13,-29.82,21.91,-55.7,7.5,0.05,0.06,-0.02,0.14,87.65,117.01,-34.36,272.52
LFPG,EDDV,1,54,-11.15,17.6,-32.0,29.65,-0.01,0.08,-0.13,0.12,-30.31,175.81,-315.29,204.79
LFPG,EDDV,2,51,-14.27,25.28,-51.15,23.15,0.05,0.09,-0.13,0.2,84.13,200.77,-312.35,380.55
LFPG,EDDV,3,26,-26.78,18.79,-54.28,6.48,-0.02,0.07,-0.11,0.08,-101.88,222.06,-425.02,188.5
LFPG,EFHK,0,165,-1.47,10.83,-17.14,14.98,0.04,0.06,-0.05,0.14,94.58,135.95,-120.12,315.96
LFPG,EGBB,0,64,-3.59,12.4,-24.75,13.2,0.09,0.07,-0.04,0.2,185.66,155.17,-104.9,413.59
LFPG,EGBB,1,53,-10.29,13.55,-28.9,7.92,0.07,0.07,-0.02,0.19,151.76,160.97,-56.64,422.9
LFPG,EGCC,0,38,15.8,4.72,9.58,24.63,0.02,0.06,-0.06,0.13,39.59,152.4,-160.33,330.82
LFPG,EGCC,1,17,15.64,4.51,9.46,22.88,0.17,0.09,0.09,0.31,375.96,197.87,205.58,689.56
LFPG,EGCC,2,28,9.49,9.68,-1.86,22.97,0.1,0.07,-0.03,0.21,212.31,161.56,-76.26,471.61
LFPG,EGCC,3,115,16.31,7.82,7.64,26.7,0.06,0.08,-0.05,0.2,136.63,201.41,-117.3,459.61
LFPG,EGGD,0,54,6.41,9.15,-2.3,23.08,-0.02,0.07,-0.13,0.08,-42.9,170.19,-318.62,192.08
LFPG,EGGW,0,92,-51.44,18.14,-73.54,-16.6,-0.15,0.07,-0.27,-0.03,-355.5,172.65,-657.53,-62.64
LFPG,EGKK,0,60,11.82,7.79,2.5,23.0,0.11,0.09,0.01,0.25,251.21,215.61,30.75,611.94
LFPG,EGKK,1,51,6.35,7.89,0.55,20.6,0.08,0.11,-0.04,0.24,176.56,259.92,-100.8,576.3
LFPG,EGLL,0,190,12.97,13.31,0.5,35.4,0.18,0.11,0.05,0.34,382.11,218.91,96.44,769.98
LFPG,EGLL,1,140,4.65,11.12,-8.12,31.13,0.19,0.1,0.05,0.37,420.59,222.86,120.96,842.12
LFPG,EGNT,0,60,11.92,8.22,2.58,19.71,0.1,0.08,-0.01,0.19,211.99,176.09,-12.38,423.01
LFPG,EGNX,0,55,-3.83,9.09,-17.13,13.55,-0.02,0.06,-0.12,0.08,-46.1,202.53,-293.52,321.24
LFPG,EGPF,0,54,11.13,13.19,3.3,18.27,0.03,0.11,-0.05,0.12,71.4,226.59,-120.87,277.67
LFPG,EGPH,0,82,10.03,12.1,-1.2,26.18,0.07,0.07,-0.03,0.2,139.3,130.13,-68.09,446.59
LFPG,EGPH,1,58,9.71,5.7,2.32,17.83,0.03,0.05,-0.04,0.11,71.85,134.84,-94.59,286.91
LFPG,EGPH,2,16,10.61,4.44,3.72,16.42,-0.09,0.07,-0.17,0.02,-79.78,63.62,-156.85,19.15
LFPG,EGSS,0,55,-9.91,15.73,-34.88,16.45,0.05,0.06,-0.05,0.16,327.32,400.74,-257.57,1020.35
LFPG,EHAM,0,277,15.02,10.38,-6.2,30.1,0.09,0.06,-0.02,0.17,234.79,163.68,-49.7,492.22
LFPG,EHAM,1,25,13.86,9.77,-5.66,24.34,0.12,0.06,0.05,0.21,240.2,120.75,95.4,430.8
LFPG,EHAM,2,14,2.91,8.88,-9.94,14.12,0.1,0.04,0.03,0.14,293.46,127.19,80.8,441.09
LFPG,EHAM,3,15,13.62,10.39,-8.73,25.6,0.14,0.05,0.05,0.19,260.11,91.99,89.16,364.38
LFPG,EIDW,0,72,-7.07,15.59,-30.17,26.28,-0.0,0.1,-0.13,0.13,-5.81,227.8,-323.38,334.73
LFPG,EIDW,1,101,-0.31,20.58,-29.7,37.7,0.01,0.09,-0.11,0.15,10.64,208.33,-289.3,376.4
LFPG,EIDW,2,18,-20.45,16.2,-39.17,8.49,0.01,0.1,-0.08,0.24,9.81,222.41,-186.91,517.45
LFPG,EIDW,3,19,-13.5,18.64,-38.37,15.89,-0.04,0.14,-0.19,0.21,-98.23,352.9,-480.21,535.98
LFPG,EIDW,4,21,-6.77,32.35,-62.0,44.2,0.06,0.22,-0.21,0.27,140.91,558.94,-526.4,682.6
LFPG,EKBI,0,76,11.54,10.01,-3.38,27.02,0.08,0.06,0.01,0.18,168.5,125.35,16.62,405.95
LFPG,EKCH,0,298,-11.63,10.92,-31.99,2.33,-0.08,0.05,-0.16,-0.0,-182.14,123.34,-370.36,-2.81
LFPG,ELLX,0,86,5.02,11.65,-9.1,27.0,0.0,0.05,-0.07,0.09,0.84,52.29,-77.28,99.02
LFPG,ENGM,0,33,-13.92,14.52,-33.56,13.3,-0.03,0.06,-0.12,0.08,-76.18,151.02,-292.64,176.98
LFPG,ENGM,1,29,-10.35,14.48,-36.48,7.58,0.01,0.06,-0.07,0.11,31.57,127.83,-183.9,245.1
LFPG,ENGM,2,12,-13.4,16.45,-41.78,5.38,-0.02,0.04,-0.07,0.04,-44.75,81.2,-164.36,80.34
LFPG,ENGM,3,42,-12.2,13.79,-38.35,3.85,-0.02,0.05,-0.08,0.05,-48.12,115.06,-209.7,96.6
LFPG,ENGM,4,72,-23.83,17.11,-49.6,0.19,-0.05,0.07,-0.16,0.05,-124.59,178.19,-386.66,108.07
LFPG,EPKK,0,61,-24.24,44.87,-171.3,12.9,-0.1,0.16,-0.6,0.07,-233.7,386.78,-1320.0,166.6
LFPG,EPWA,0,127,-42.38,20.28,-72.03,-10.29,-0.08,0.08,-0.18,0.07,-170.45,175.01,-435.81,153.27
LFPG,EPWA,1,81,-34.69,27.16,-76.7,1.9,-0.06,0.1,-0.17,0.08,-136.01,218.56,-529.6,155.7
LFPG,ESGG,0,65,1.19,9.1,-19.44,13.2,0.04,0.06,-0.06,0.13,82.39,133.88,-138.84,295.14
LFPG,ESGG,1,15,-2.55,12.75,-28.94,10.65,0.01,0.04,-0.04,0.06,13.85,81.87,-98.14,138.94
LFPG,ESSA,0,173,2.5,12.05,-22.32,17.84,0.05,0.06,-0.03,0.14,125.03,146.32,-79.8,352.92
LFPG,ESSA,1,15,3.05,16.99,-18.16,33.14,0.0,0.07,-0.08,0.11,12.68,216.91,-248.52,329.79
LFPG,FMEE,0,27,-25.51,13.41,-49.67,-7.38,-0.05,0.08,-0.18,0.08,-421.21,635.83,-1409.86,627.91
LFPG,FMEE,1,25,-25.6,15.17,-42.58,0.64,-0.06,0.05,-0.13,0.01,-442.06,361.73,-987.1,41.72
LFPG,GMME,0,43,-7.89,17.75,-29.89,11.19,0.0,0.12,-0.11,0.14,-0.04,300.58,-282.74,341.35
LFPG,GMME,1,32,-4.54,38.15,-24.96,11.13,0.03,0.22,-0.1,0.16,83.27,601.85,-258.23,415.5
LFPG,GMMN,0,17,20.48,12.33,4.76,35.46,0.08,0.07,0.0,0.18,216.31,234.09,0.38,700.34
LFPG,GMMN,1,58,0.75,16.2,-17.8,30.42,0.0,0.07,-0.09,0.13,7.47,197.09,-242.57,384.36
LFPG,GMMN,2,27,14.89,14.68,-15.85,30.37,0.09,0.07,0.01,0.21,273.16,207.16,24.72,668.63
LFPG,GMMN,3,48,-3.15,17.53,-29.58,24.09,0.01,0.07,-0.11,0.15,33.12,198.6,-259.79,408.85
LFPG,GMMX,0,24,-1.85,39.26,-31.66,19.95,0.0,0.18,-0.13,0.14,8.31,458.65,-321.94,362.47
LFPG,GMMX,1,41,-19.34,10.98,-36.6,-5.1,-0.04,0.05,-0.12,0.04,-94.16,122.76,-297.3,109.8
LFPG,GMMX,2,20,-7.68,8.49,-17.18,2.48,0.03,0.08,-0.08,0.14,74.93,193.34,-209.1,358.14
LFPG,GMMX,3,37,-20.99,16.6,-40.04,-0.2,-0.04,0.07,-0.13,0.11,-87.16,181.32,-333.72,283.76
LFPG,GOBD,0,27,11.73,21.36,-15.94,43.62,0.23,0.16,-0.02,0.44,1357.45,919.77,-123.74,2639.13
LFPG,GOBD,1,34,16.19,22.43,-10.42,49.05,0.09,0.14,-0.1,0.24,611.46,848.34,-585.93,1840.8
LFPG,HECA,0,15,4.25,23.28,-30.23,33.66,0.06,0.09,-0.09,0.17,334.05,454.55,-348.62,1013.4
LFPG,HECA,1,70,19.01,12.94,-1.25,38.55,0.13,0.11,-0.02,0.27,755.74,718.64,-58.03,2023.02
LFPG,HKJK,0,15,-17.31,7.74,-29.53,-8.0,-0.01,0.04,-0.08,0.03,-38.85,221.57,-432.72,177.66
LFPG,HKJK,1,29,-31.75,13.74,-52.7,-9.16,-0.1,0.1,-0.23,0.04,-517.38,564.04,-1178.98,213.3
LFPG,HKJK,2,15,-20.01,9.88,-32.69,-2.43,-0.04,0.08,-0.19,0.05,-225.53,433.53,-980.8,258.74
LFPG,KATL,0,17,0.99,7.29,-9.72,9.5,0.06,0.07,-0.05,0.15,334.48,407.48,-291.58,867.76
LFPG,KATL,1,38,-1.34,7.64,-10.17,10.19,0.05,0.08,-0.05,0.15,300.41,476.01,-285.02,792.91
LFPG,KATL,2,29,0.35,7.25,-15.92,7.82,0.06,0.06,-0.02,0.17,344.89,347.81,-111.06,903.56
LFPG,KATL,3,23,-3.47,6.48,-12.53,5.27,0.06,0.04,0.01,0.09,335.55,236.3,52.23,502.38
LFPG,KATL,4,29,2.02,4.93,-3.6,7.98,0.03,0.07,-0.1,0.13,204.12,370.25,-556.9,743.58
LFPG,KATL,5,15,5.45,8.64,-0.61,21.87,0.07,0.07,0.0,0.17,416.57,429.69,26.55,1072.94
LFPG,KBOS,0,42,3.07,7.62,-6.04,18.39,0.08,0.05,-0.01,0.15,428.6,269.44,-58.68,814.27
LFPG,KBOS,1,38,-0.09,9.89,-13.68,9.26,0.08,0.08,-0.01,0.21,448.72,425.49,-59.81,1152.97
LFPG,KDFW,0,28,1.1,9.23,-15.23,10.99,0.02,0.07,-0.06,0.12,98.81,373.55,-332.5,634.21
LFPG,KDFW,1,35,-1.51,5.53,-8.72,7.64,0.01,0.04,-0.07,0.05,36.92,246.95,-353.22,318.18
LFPG,KDTW,0,26,-3.23,9.62,-20.47,8.0,0.05,0.06,-0.01,0.14,299.45,351.61,-88.55,846.9
LFPG,KDTW,1,17,-2.66,7.61,-15.14,6.36,0.13,0.07,0.06,0.23,821.5,412.62,353.12,1449.1
LFPG,KDTW,2,16,-3.54,9.06,-16.68,6.72,0.05,0.06,-0.04,0.13,279.62,350.69,-222.6,785.35
LFPG,KEWR,0,28,-0.79,6.75,-14.58,6.7,0.16,0.07,0.08,0.3,1069.85,439.44,496.38,1965.02
LFPG,KEWR,1,38,-1.41,6.98,-15.54,5.28,0.0,0.06,-0.1,0.08,1.72,405.74,-629.47,537.74
LFPG,KEWR,2,30,-2.1,5.76,-12.04,4.63,0.1,0.06,0.01,0.17,637.86,348.4,86.34,1121.83
LFPG,KEWR,3,9,-6.71,9.03,-19.2,2.48,0.14,0.09,0.03,0.27,831.32,486.74,218.9,1501.5
LFPG,KIAD,0,31,5.87,27.48,-7.45,23.4,0.03,0.09,-0.05,0.1,211.26,538.07,-307.4,786.5
LFPG,KIAD,1,18,2.54,7.84,-8.62,19.47,0.02,0.07,-0.06,0.1,148.85,498.16,-445.18,710.77
LFPG,KIAD,2,24,-2.55,6.35,-13.4,4.7,0.03,0.06,-0.06,0.09,188.32,378.93,-358.24,537.17
LFPG,KIAD,3,23,1.25,4.46,-5.81,8.83,0.0,0.09,-0.17,0.12,80.06,593.95,-1101.23,897.9
LFPG,KIAD,4,21,-3.43,6.87,-16.6,2.4,0.02,0.1,-0.1,0.19,186.96,685.61,-562.3,1226.5
LFPG,KJFK,0,89,-0.82,5.67,-13.22,6.5,0.11,0.08,-0.02,0.23,688.8,527.54,-44.86,1547.64
LFPG,KJFK,1,75,2.51,6.85,-9.54,13.54,0.04,0.05,-0.05,0.12,276.15,337.28,-286.34,826.13
LFPG,KJFK,2,26,0.97,8.97,-14.0,10.02,0.03,0.07,-0.08,0.13,293.69,486.97,-287.52,1037.3
LFPG,KJFK,3,16,-0.45,6.84,-12.9,6.78,0.02,0.04,-0.05,0.07,129.82,279.08,-337.8,556.3
LFPG,KJFK,4,33,2.21,5.52,-2.66,10.66,0.05,0.06,-0.04,0.15,320.31,393.97,-232.7,1028.04
LFPG,KJFK,5,46,0.23,6.53,-12.8,7.48,0.11,0.1,-0.08,0.27,711.19,670.12,-421.33,1933.28
LFPG,KJFK,6,21,-3.04,6.48,-14.1,5.6,0.12,0.09,-0.01,0.28,841.66,671.3,-75.2,1921.8
LFPG,KJFK,7,25,2.84,13.2,-14.62,22.02,0.05,0.08,-0.08,0.15,295.71,434.78,-457.72,859.42
LFPG,KJFK,8,15,0.82,4.92,-4.66,9.05,0.01,0.04,-0.05,0.07,81.23,322.73,-375.4,539.91
LFPG,KLAX,0,16,-2.79,7.55,-17.32,5.35,0.04,0.04,0.0,0.11,260.19,233.21,11.8,608.62
LFPG,KLAX,1,67,0.44,6.71,-7.45,10.52,0.07,0.36,-0.07,0.11,531.08,2802.12,-409.47,806.41
LFPG,KLAX,2,36,-0.39,9.09,-9.98,15.18,0.01,0.08,-0.11,0.12,110.36,451.72,-589.72,740.45
LFPG,KLAX,3,10,-2.73,10.45,-16.22,12.96,0.06,0.05,-0.0,0.14,405.1,288.04,-0.96,772.11
LFPG,KLAX,4,27,-2.4,6.97,-10.48,10.28,0.04,0.05,-0.03,0.12,309.66,315.67,-188.77,803.1
LFPG,KMEM,0,26,-4.72,8.4,-18.7,4.05,0.07,0.07,-0.02,0.18,543.56,526.61,-166.32,1425.65
LFPG,KMEM,1,23,-4.49,10.41,-26.37,6.53,0.05,0.07,-0.07,0.2,378.03,584.96,-523.93,1541.15
LFPG,KMSP,0,15,-3.49,9.07,-18.46,6.56,0.02,0.05,-0.06,0.09,107.37,263.43,-329.43,461.7
LFPG,KMSP,1,19,-2.58,9.27,-18.55,8.26,0.08,0.05,-0.0,0.14,462.56,295.09,-11.47,849.19
LFPG,KMSP,2,27,-4.57,7.99,-21.28,3.29,0.02,0.04,-0.03,0.08,102.83,206.63,-170.14,482.78
LFPG,KORD,0,30,0.96,6.8,-5.58,9.23,0.02,0.05,-0.07,0.1,104.78,335.06,-385.88,586.26
LFPG,KORD,1,24,-2.88,6.15,-12.95,4.64,0.0,0.06,-0.08,0.07,22.82,318.26,-431.24,525.3
LFPG,KORD,2,19,-0.63,6.22,-10.15,12.02,0.03,0.05,-0.03,0.08,208.48,284.12,-161.22,585.33
LFPG,KORD,3,17,-2.22,8.54,-15.58,6.86,0.04,0.04,-0.03,0.09,255.19,295.71,-143.24,731.88
LFPG,KORD,4,17,-1.91,4.93,-12.2,2.78,0.01,0.06,-0.05,0.11,65.97,360.01,-285.92,800.68
LFPG,KSFO,0,40,-0.09,5.91,-11.26,10.62,0.01,0.05,-0.08,0.09,117.02,379.07,-504.5,716.48
LFPG,KSFO,1,24,0.05,6.86,-9.77,9.46,0.03,0.05,-0.04,0.1,235.89,346.19,-298.5,739.27
LFPG,KSFO,2,17,-0.56,8.1,-14.28,11.16,0.03,0.05,-0.05,0.08,202.99,338.38,-315.7,656.5
LFPG,LDZA,0,15,-10.1,8.79,-19.97,4.25,0.07,0.07,-0.03,0.18,149.52,162.82,-55.35,391.25
LFPG,LDZA,1,45,1.84,12.23,-16.52,22.94,0.07,0.06,-0.02,0.15,149.23,127.8,-53.68,326.52
LFPG,LEBB,0,18,-6.62,16.41,-27.3,18.91,-0.05,0.06,-0.16,0.02,-128.06,152.1,-361.52,62.06
LFPG,LEBB,1,44,-23.87,30.49,-64.7,17.91,0.05,0.09,-0.09,0.21,104.67,208.04,-190.18,463.1
LFPG,LEBB,2,33,-19.75,26.46,-43.5,10.56,0.05,0.15,-0.07,0.19,110.68,334.9,-153.04,428.82
LFPG,LEBB,3,12,-20.22,10.88,-38.31,-7.86,-0.05,0.08,-0.14,0.06,-130.68,189.04,-350.02,155.97
LFPG,LEBL,0,104,-5.48,11.16,-14.76,19.87,-0.02,0.08,-0.12,0.11,-49.4,183.19,-305.64,272.94
LFPG,LEBL,1,53,-4.88,16.66,-29.84,22.74,-0.02,0.07,-0.11,0.1,-57.33,204.51,-312.7,261.34
LFPG,LEBL,2,82,0.16,9.04,-10.98,17.74,-0.03,0.08,-0.11,0.12,-73.94,195.82,-288.54,300.7
LFPG,LEBL,3,31,-3.2,14.68,-26.2,19.25,-0.0,0.07,-0.1,0.11,-16.22,178.17,-284.8,251.3
LFPG,LEBL,4,30,1.64,10.47,-10.06,21.0,-0.01,0.09,-0.11,0.16,-15.58,184.92,-241.74,299.05
LFPG,LEMD,0,168,-7.37,19.2,-31.6,25.48,0.03,0.09,-0.08,0.18,86.93,270.19,-234.7,621.59
LFPG,LEMD,1,120,-13.92,14.68,-30.31,2.72,0.01,0.07,-0.11,0.11,12.81,230.71,-291.68,333.3
LFPG,LEMG,0,17,-22.21,10.05,-37.62,-7.54,0.02,0.05,-0.05,0.09,37.81,116.45,-113.32,207.78
LFPG,LEMG,1,52,-1.25,12.26,-17.89,18.66,0.06,0.08,-0.04,0.2,151.01,199.4,-92.66,475.82
LFPG,LEMG,2,33,-3.25,19.3,-24.68,37.64,0.06,0.08,-0.05,0.19,158.77,206.98,-119.42,486.3
LFPG,LEVC,0,49,-6.82,10.2,-19.26,2.58,0.03,0.06,-0.06,0.11,84.22,140.35,-157.16,263.04
LFPG,LEVC,1,33,-12.97,6.86,-20.58,-0.32,0.01,0.05,-0.07,0.08,13.18,116.76,-181.22,195.32
LFPG,LEZL,0,32,-5.83,10.05,-18.27,9.19,0.02,0.06,-0.09,0.09,48.57,151.57,-232.76,234.92
LFPG,LEZL,1,26,-2.22,8.04,-14.52,8.48,0.07,0.07,-0.08,0.18,151.97,164.78,-168.52,393.78
LFPG,LFBD,0,72,-6.82,14.46,-27.54,23.38,0.07,0.08,-0.03,0.18,149.09,169.39,-79.99,390.97
LFPG,LFBD,1,100,-16.98,11.0,-27.71,4.17,0.04,0.08,-0.05,0.16,113.79,200.57,-135.85,391.72
LFPG,LFBD,2,63,-6.77,11.63,-22.22,16.88,0.03,0.05,-0.06,0.1,90.91,163.34,-155.92,322.86
LFPG,LFBO,0,283,-8.55,33.87,-39.95,10.08,0.01,0.1,-0.12,0.13,18.02,252.23,-290.69,280.38
LFPG,LFBP,0,52,-17.86,10.54,-29.77,-6.64,0.07,0.06,0.02,0.17,145.53,101.24,39.54,345.91
LFPG,LFBP,1,38,-25.26,6.88,-37.29,-15.54,0.05,0.03,-0.0,0.1,113.39,64.96,-11.03,225.17
LFPG,LFBZ,0,76,-5.45,8.93,-16.68,9.68,0.1,0.09,-0.1,0.22,192.69,179.01,-236.42,398.58
LFPG,LFBZ,1,49,-13.41,7.78,-21.56,3.06,0.09,0.09,-0.06,0.17,165.32,176.0,-134.56,292.02
LFPG,LFLC,0,85,-3.72,6.86,-12.22,3.56,0.12,0.06,0.02,0.18,233.86,110.03,36.6,395.28
LFPG,LFLL,0,160,-1.79,14.68,-18.92,17.0,-0.06,0.06,-0.15,0.04,-169.42,161.4,-365.62,94.37
LFPG,LFML,0,143,-4.51,13.54,-22.4,19.52,-0.02,0.09,-0.14,0.11,-49.83,204.07,-340.79,250.67
LFPG,LFML,1,121,0.02,12.95,-21.0,23.6,0.04,0.09,-0.08,0.16,74.04,192.21,-232.8,357.0
LFPG,LFML,2,15,-14.23,11.07,-30.17,0.45,-0.1,0.09,-0.23,0.03,-85.63,83.88,-204.8,25.41
LFPG,LFMN,0,351,-1.45,13.88,-18.0,22.45,0.05,0.07,-0.04,0.17,123.88,202.33,-117.45,475.6
LFPG,LFMT,0,51,-4.12,11.38,-20.95,16.75,-0.08,0.07,-0.16,-0.01,-222.5,181.32,-413.75,-32.65
LFPG,LFMT,1,53,-5.07,23.84,-21.86,11.72,-0.07,0.12,-0.15,0.02,-174.62,314.72,-414.28,55.98
LFPG,LFMT,2,19,-6.16,8.44,-18.61,4.74,-0.07,0.04,-0.13,-0.01,-156.44,94.24,-298.44,-13.49
LFPG,LFRB,0,107,2.25,7.12,-3.67,20.81,0.04,0.08,-0.06,0.19,77.7,159.45,-157.73,343.3
LFPG,LFRS,0,148,8.6,13.22,-7.7,33.03,0.09,0.09,-0.05,0.25,209.85,206.16,-117.4,552.61
LFPG,LFSB,0,51,6.93,4.94,0.5,14.05,0.08,0.04,0.03,0.13,190.64,79.78,83.2,304.85
LFPG,LFSB,1,41,1.22,11.23,-17.1,21.1,0.06,0.06,-0.01,0.14,151.47,136.23,-42.3,341.1
LFPG,LGAV,0,53,-5.09,11.28,-20.14,11.34,-0.03,0.07,-0.14,0.07,-77.73,184.24,-362.26,184.86
LFPG,LGAV,1,22,-2.4,13.5,-16.78,19.04,0.02,0.07,-0.06,0.13,42.38,172.36,-159.98,289.8
LFPG,LGAV,2,93,-5.22,21.41,-34.34,19.04,0.0,0.08,-0.12,0.11,9.22,224.33,-339.54,300.46
LFPG,LGAV,3,46,-3.97,10.23,-23.82,11.78,-0.02,0.11,-0.09,0.08,-53.41,293.75,-244.95,235.48
LFPG,LGAV,4,25,-8.85,20.25,-31.42,22.66,-0.05,0.1,-0.2,0.1,-114.84,254.41,-493.26,247.72
LFPG,LGIR,0,20,-12.1,9.92,-25.17,2.62,-0.03,0.05,-0.11,0.03,-70.12,118.33,-272.63,70.0
LFPG,LGIR,1,30,-19.47,16.11,-47.61,3.65,-0.06,0.07,-0.16,0.04,-160.01,176.77,-397.41,100.73
LFPG,LHBP,0,43,-24.36,15.63,-54.34,1.75,-0.05,0.08,-0.16,0.07,-118.8,198.1,-394.07,184.36
LFPG,LHBP,1,51,-15.85,13.73,-31.95,11.0,-0.02,0.08,-0.14,0.09,-36.06,169.08,-329.15,213.3
LFPG,LIMC,0,326,-50.01,22.93,-79.25,-8.2,-0.21,0.1,-0.34,-0.06,-552.37,275.02,-957.62,-158.3
LFPG,LIMF,0,46,15.93,10.87,-1.17,34.55,0.11,0.05,0.05,0.2,231.17,106.38,110.0,430.85
LFPG,LIMF,1,38,13.39,16.52,-1.61,33.84,0.12,0.08,0.05,0.21,249.26,177.92,110.0,368.7
LFPG,LIML,0,134,30.81,16.18,16.49,47.93,-0.01,0.07,-0.13,0.09,-29.83,163.57,-293.33,197.08
LFPG,LIML,1,113,21.0,18.55,-9.14,47.84,-0.0,0.1,-0.13,0.14,-8.32,226.26,-317.56,278.44
LFPG,LIPE,0,106,-7.47,15.82,-32.83,20.12,-0.02,0.07,-0.13,0.1,-33.56,163.37,-253.38,258.3
LFPG,LIPZ,0,163,-26.48,16.47,-51.58,0.0,-0.13,0.08,-0.27,0.0,-304.43,200.28,-625.0,0.0
LFPG,LIPZ,1,30,-34.27,15.73,-54.34,-7.67,-0.14,0.08,-0.23,-0.05,-328.98,212.36,-592.48,-98.33
LFPG,LIPZ,2,24,-52.61,20.03,-77.14,-11.57,-0.19,0.09,-0.3,-0.07,-454.26,220.42,-722.8,-135.7
LFPG,LIPZ,3,27,-36.53,14.7,-52.35,-7.0,-0.15,0.09,-0.27,-0.02,-374.16,239.12,-705.88,-42.92
LFPG,LIRF,0,37,-30.59,18.39,-56.8,-4.16,-0.08,0.07,-0.17,0.05,-211.04,173.66,-417.28,125.34
LFPG,LIRF,1,49,-37.18,18.66,-59.26,-4.42,-0.11,0.07,-0.21,0.01,-280.95,174.68,-564.86,29.3
LFPG,LIRF,2,28,-49.42,18.14,-78.65,-26.12,-0.07,0.07,-0.19,0.01,-184.22,180.42,-558.46,34.06
LFPG,LIRF,3,195,-46.13,16.4,-69.39,-7.97,-0.12,0.06,-0.22,-0.02,-286.07,174.54,-575.53,-36.32
LFPG,LIRN,0,65,-24.83,21.07,-55.9,3.22,-0.08,0.09,-0.2,0.08,-195.88,219.33,-505.98,214.08
LFPG,LIRN,1,62,-28.73,18.92,-54.05,-2.75,-0.06,0.07,-0.15,0.07,-155.36,179.39,-375.0,174.87
LFPG,LIRQ,0,43,-14.28,12.63,-35.05,0.0,-0.06,0.05,-0.15,0.02,-141.88,120.91,-330.0,34.74
LFPG,LKPR,0,114,-17.45,12.93,-33.94,1.37,-0.06,0.07,-0.16,0.07,-142.92,171.47,-369.54,140.7
LFPG,LKPR,1,49,-12.89,15.01,-39.22,1.46,-0.03,0.06,-0.13,0.06,-64.3,151.15,-309.36,146.0
LFPG,LLBG,0,45,6.89,19.34,-22.08,30.24,0.06,0.1,-0.08,0.2,337.11,507.23,-343.48,1148.0
LFPG,LLBG,1,76,1.49,19.74,-21.95,29.82,0.0,0.08,-0.13,0.13,29.56,335.65,-390.58,455.0
LFPG,LLBG,2,47,0.02,12.46,-20.52,19.42,0.04,0.07,-0.05,0.14,216.37,323.31,-270.0,744.32
LFPG,LOWW,0,61,3.14,11.77,-8.4,24.2,0.01,0.06,-0.07,0.1,27.04,146.6,-166.7,250.0
LFPG,LOWW,1,19,-8.39,32.53,-52.5,13.81,0.02,0.12,-0.18,0.16,44.47,300.12,-449.32,387.43
LFPG,LOWW,2,115,6.29,16.06,-12.42,36.26,0.02,0.07,-0.08,0.15,54.38,192.43,-208.33,369.19
LFPG,LOWW,3,45,2.51,13.3,-17.12,28.48,0.04,0.06,-0.05,0.13,96.49,156.14,-119.0,316.46
LFPG,LOWW,4,25,-11.04,14.92,-32.22,9.88,0.01,0.04,-0.05,0.08,13.95,86.81,-92.68,165.02
LFPG,LPPR,0,105,-7.32,12.46,-29.38,9.76,0.02,0.07,-0.08,0.12,50.05,158.35,-206.72,280.0
LFPG,LPPR,1,2,-2.85,19.3,-15.14,9.43,-0.04,0.08,-0.09,0.01,-79.15,156.77,-178.92,20.61
LFPG,LPPT,0,66,-8.9,15.73,-31.9,15.2,0.05,0.08,-0.07,0.17,108.12,197.91,-161.7,437.48
LFPG,LPPT,1,16,-20.09,17.56,-43.75,1.2,-0.05,0.07,-0.13,0.1,-106.67,181.83,-328.3,257.5
LFPG,LPPT,2,51,-4.08,16.21,-30.4,24.65,0.02,0.08,-0.12,0.16,51.7,206.75,-267.5,418.3
LFPG,LPPT,3,27,-8.07,18.93,-29.81,18.21,0.0,0.11,-0.14,0.13,-3.33,285.29,-425.49,331.32
LFPG,LPPT,4,37,-12.19,20.72,-50.32,7.96,-0.0,0.1,-0.14,0.15,-5.87,281.04,-379.32,423.98
LFPG,LROP,0,17,-41.85,12.84,-57.4,-23.22,-0.1,0.06,-0.18,-0.02,-223.34,142.38,-440.0,-40.0
LFPG,LROP,1,31,-47.28,9.13,-64.65,-34.4,-0.09,0.05,-0.18,-0.02,-202.02,123.7,-401.7,-35.8
LFPG,LROP,2,35,-35.77,14.38,-41.44,-16.68,-0.07,0.06,-0.17,0.03,-145.09,134.83,-400.99,60.2
LFPG,LROP,3,31,-45.72,18.54,-66.3,-22.25,-0.06,0.08,-0.18,0.12,-119.54,175.92,-377.5,237.45
LFPG,LROP,4,30,-33.81,15.72,-59.54,-7.75,-0.05,0.08,-0.14,0.1,-106.64,170.26,-307.98,227.33
LFPG,LSGG,0,84,-29.17,9.54,-44.8,-13.12,0.1,0.07,-0.07,0.2,183.71,150.36,-177.7,385.44
LFPG,LSGG,1,29,-23.2,9.93,-42.42,-9.82,-0.08,0.07,-0.18,-0.0,-201.58,163.22,-436.76,-2.12
LFPG,LSGG,2,126,-22.91,10.91,-36.95,-2.82,-0.01,0.08,-0.14,0.12,-23.42,169.73,-312.42,231.98
LFPG,LSZH,0,188,10.79,13.15,-5.33,36.67,0.08,0.08,-0.02,0.21,178.18,167.86,-52.38,463.39
LFPG,LTFJ,0,117,-5.71,27.42,-29.92,33.58,0.06,0.15,-0.12,0.32,155.27,366.57,-299.0,877.34
LFPG,LTFM,0,36,-28.88,23.15,-59.25,20.72,-0.07,0.12,-0.22,0.14,-371.6,633.31,-1225.0,771.72
LFPG,LTFM,1,124,-24.93,32.4,-48.12,7.54,-0.03,0.13,-0.15,0.11,-151.73,623.43,-826.68,305.99
LFPG,LTFM,2,6,-34.18,9.3,-42.82,-21.3,-0.08,0.05,-0.12,-0.01,-335.0,301.61,-729.18,16.67
LFPG,LTFM,3,64,-21.88,16.81,-45.26,3.86,-0.05,0.08,-0.15,0.06,-228.75,468.35,-930.0,183.68
LFPG,LTFM,4,27,-15.4,27.59,-38.8,40.88,0.0,0.21,-0.21,0.37,-73.78,1195.14,-1259.0,1033.43
LFPG,LYBE,0,60,-9.6,15.51,-32.8,12.98,0.02,0.05,-0.05,0.07,45.62,108.51,-117.39,184.5
LFPG,MMMX,0,32,0.08,5.91,-10.9,9.73,0.06,0.05,-0.01,0.15,371.67,301.92,-72.12,856.74
LFPG,MMMX,1,40,-0.43,5.62,-10.16,7.9,0.05,0.05,-0.02,0.1,287.1,307.91,-95.02,746.27
LFPG,MMMX,2,17,-2.95,5.89,-12.14,4.78,0.04,0.03,-0.01,0.08,264.72,211.73,-80.4,561.16
LFPG,OLBA,0,28,-1.84,12.69,-16.23,19.02,-0.0,0.07,-0.11,0.12,40.43,331.31,-364.4,704.65
LFPG,OLBA,1,44,-6.0,14.01,-25.31,17.36,0.0,0.12,-0.14,0.16,96.52,524.4,-579.66,1173.9
LFPG,OLBA,2,25,1.88,9.99,-12.74,21.38,0.05,0.07,-0.03,0.18,331.05,395.05,-154.36,1071.0
LFPG,OMDB,0,27,38.53,22.44,10.91,67.71,0.26,0.09,0.13,0.41,1980.98,723.64,858.93,3195.17
LFPG,OMDB,1,42,17.93,19.94,-6.5,46.77,0.24,0.15,0.07,0.45,2835.55,1749.55,868.03,5370.66
LFPG,OMDB,2,52,12.59,19.09,-14.88,40.49,0.21,0.09,0.05,0.33,2460.18,1128.81,628.31,3959.8
LFPG,OMDB,3,25,15.81,18.72,-8.8,45.92,0.29,0.1,0.14,0.41,2271.76,780.46,1107.16,3205.82
LFPG,OTHH,0,30,35.72,28.27,3.14,81.79,0.18,0.1,0.03,0.35,1494.84,1043.29,148.03,3367.5
LFPG,OTHH,1,19,28.92,36.72,-7.64,65.95,0.15,0.1,0.02,0.28,1199.43,921.79,85.88,2312.72
LFPG,OTHH,2,17,36.29,33.59,-1.96,95.12,0.16,0.09,0.04,0.29,1269.76,745.69,250.34,2330.96
LFPG,OTHH,3,19,26.98,13.47,3.78,48.16,0.14,0.09,0.0,0.25,1054.62,725.78,22.32,2280.96
LFPG,OTHH,4,27,16.6,17.73,-8.12,40.16,0.12,0.09,0.01,0.23,824.52,627.5,81.84,2004.04
LFPG,RJTT,0,33,-28.29,25.34,-64.76,15.1,-0.14,0.07,-0.27,-0.06,-1069.87,534.35,-2084.3,-481.04
LFPG,RJTT,1,57,-4.73,34.09,-47.72,49.82,0.02,0.09,-0.13,0.14,212.3,610.35,-693.86,1108.04
LFPG,RKSI,0,17,-8.98,18.95,-41.08,17.02,0.04,0.1,-0.12,0.17,218.42,649.7,-903.52,970.84
LFPG,RKSI,1,7,-9.09,10.35,-20.05,5.68,-0.05,0.06,-0.13,0.04,-370.8,502.93,-994.25,309.63
LFPG,RKSI,2,15,-0.67,11.25,-16.04,15.97,0.09,0.06,0.01,0.17,535.31,324.09,50.77,1000.61
LFPG,RKSI,3,30,-9.18,8.9,-23.04,1.49,0.02,0.05,-0.05,0.09,145.7,347.54,-309.66,718.48
LFPG,SBGR,0,28,-5.3,6.62,-14.12,3.72,0.03,0.06,-0.04,0.13,185.79,335.63,-252.01,687.57
LFPG,SBGR,1,42,-2.11,12.39,-14.19,31.68,0.03,0.06,-0.07,0.15,193.4,346.8,-382.56,768.26
LFPG,SBGR,2,19,-4.48,7.01,-17.77,2.17,0.03,0.05,-0.03,0.1,187.09,305.45,-225.22,639.82
LFPG,VHHH,0,22,-8.86,12.42,-22.4,2.97,-0.01,0.06,-0.08,0.08,-87.71,484.82,-619.31,624.03
LFPG,VHHH,1,26,-5.39,12.3,-24.17,13.08,0.03,0.06,-0.04,0.12,170.1,390.96,-203.6,651.2
LFPG,VHHH,2,16,2.47,11.52,-12.12,18.75,0.04,0.05,-0.02,0.1,279.37,368.58,-183.08,810.88
LFPG,VHHH,3,15,-3.78,16.75,-38.12,11.51,-0.01,0.04,-0.06,0.04,-81.65,292.12,-491.64,294.46
LFPG,VIDP,0,20,-4.87,8.64,-19.84,5.07,-0.03,0.05,-0.11,0.03,-135.7,260.92,-552.09,134.29
LFPG,VIDP,1,18,-3.16,10.7,-14.5,5.64,0.01,0.07,-0.13,0.07,60.27,375.79,-701.05,423.85
LFPG,VIDP,2,26,-7.43,9.46,-23.12,5.22,0.02,0.05,-0.05,0.09,86.28,277.31,-285.0,513.02
LFPG,VIDP,3,22,-7.51,7.8,-16.63,0.06,0.05,0.05,-0.03,0.1,370.89,389.1,-221.84,772.99
LFPG,VIDP,4,18,1.03,14.17,-18.25,16.97,0.03,0.05,-0.04,0.13,176.58,319.0,-219.44,784.81
LFPG,WSSS,0,32,-2.84,8.12,-23.19,5.24,0.1,0.07,-0.0,0.21,591.1,438.77,-6.76,1389.81
LFPG,WSSS,1,44,-4.14,17.98,-24.97,27.99,0.1,0.08,0.01,0.23,729.78,569.47,53.95,1822.19
LFPG,WSSS,2,32,-17.13,15.27,-38.92,4.56,0.11,0.04,0.05,0.18,828.67,363.44,355.21,1402.27
LFPG,ZBAA,0,30,0.25,12.65,-15.16,24.29,0.07,0.06,-0.01,0.18,383.42,329.91,-42.17,970.53
LFPG,ZBAA,1,30,-12.99,12.5,-38.52,4.84,0.04,0.04,-0.01,0.1,325.22,283.68,-105.3,791.03
LFPG,ZSPD,0,46,-5.16,13.42,-26.5,16.6,0.03,0.07,-0.04,0.15,201.85,515.86,-299.75,1020.15
LFPG,ZSPD,1,30,0.62,7.94,-9.92,15.52,0.04,0.05,-0.03,0.14,333.74,421.51,-254.04,1061.68
LFPO,DAAG,0,226,1.03,8.72,-8.9,17.8,0.04,0.07,-0.06,0.14,110.21,190.02,-196.08,390.5
LFPO,DAOO,0,58,-4.13,14.7,-18.47,9.44,0.03,0.07,-0.05,0.13,73.1,165.06,-129.6,317.0
LFPO,DTMB,0,35,-6.4,8.99,-24.93,4.25,0.02,0.03,-0.02,0.07,55.21,79.98,-53.32,175.29
LFPO,DTMB,1,18,-1.99,15.04,-21.93,15.31,0.04,0.08,-0.05,0.13,101.78,183.78,-127.6,325.92
LFPO,DTMB,2,15,-7.43,25.1,-28.76,39.41,0.01,0.06,-0.06,0.14,23.37,158.29,-144.52,329.68
LFPO,DTTA,0,223,6.02,16.05,-16.79,30.42,0.03,0.08,-0.06,0.13,98.14,208.89,-153.87,414.57
LFPO,DTTJ,0,82,-10.85,7.84,-20.18,0.96,-0.0,0.05,-0.07,0.08,-9.54,126.29,-173.52,187.3
LFPO,DTTJ,1,30,-17.15,12.97,-37.06,-0.71,-0.02,0.05,-0.1,0.06,-42.23,128.88,-248.82,149.3
LFPO,EDDB,0,40,1.85,17.31,-20.34,28.97,0.05,0.07,-0.06,0.15,127.43,164.11,-136.88,373.78
LFPO,EDDB,1,43,5.29,14.55,-13.77,29.22,0.06,0.08,-0.04,0.15,148.32,185.8,-94.31,383.47
LFPO,EDDM,0,31,-3.14,11.38,-18.45,14.2,-0.03,0.06,-0.09,0.08,-58.03,109.8,-163.75,138.25
LFPO,EDDM,1,29,-4.35,12.49,-21.96,14.6,-0.1,0.06,-0.17,0.03,-174.76,116.15,-298.7,61.6
LFPO,EGKK,0,37,6.26,14.25,-6.72,23.88,0.16,0.1,0.03,0.35,422.64,266.39,79.66,974.06
LFPO,EGKK,1,30,-1.93,10.36,-12.3,10.89,0.14,0.11,0.01,0.36,378.02,307.03,27.32,1015.06
LFPO,EIDW,0,15,-26.43,20.38,-60.89,-0.64,-0.03,0.06,-0.12,0.06,-71.61,161.76,-319.21,149.0
LFPO,EIDW,1,38,-11.93,14.7,-39.16,7.17,0.05,0.14,-0.1,0.28,127.08,358.86,-283.93,681.98
LFPO,FMEE,0,28,-20.76,8.21,-32.96,-5.44,-0.0,0.06,-0.09,0.1,28.13,393.24,-463.5,736.13
LFPO,FMEE,1,22,-23.86,10.76,-38.88,-8.22,-0.01,0.06,-0.09,0.07,-50.46,407.87,-490.95,548.24
LFPO,FMEE,2,29,-21.56,14.58,-43.7,0.12,-0.02,0.04,-0.07,0.04,-138.74,251.29,-450.2,344.06
LFPO,FMEE,3,25,-15.98,13.27,-31.02,4.08,-0.03,0.04,-0.1,0.03,-160.52,234.48,-518.4,186.9
LFPO,GMAD,0,34,-13.8,12.19,-29.14,8.24,-0.01,0.08,-0.13,0.1,-30.56,188.9,-305.14,236.8
LFPO,GMAD,1,91,-14.35,15.8,-31.8,2.15,-0.07,0.07,-0.17,0.03,-160.47,166.47,-412.35,65.25
LFPO,GMFO,0,87,-20.77,17.24,-46.33,7.49,0.01,0.09,-0.09,0.15,37.34,217.51,-206.42,379.58
LFPO,GMME,0,36,-3.46,14.98,-17.9,13.27,0.03,0.07,-0.06,0.14,69.68,160.51,-148.65,345.32
LFPO,GMME,1,37,-4.13,8.17,-19.14,6.84,0.01,0.05,-0.06,0.08,29.77,126.43,-135.52,198.42
LFPO,GMMN,0,35,6.03,20.87,-16.79,44.35,0.06,0.07,-0.07,0.16,170.22,207.3,-149.44,526.9
LFPO,GMMN,1,182,-4.51,15.93,-22.1,27.57,0.01,0.08,-0.1,0.15,49.42,224.88,-245.0,415.26
LFPO,GMMX,0,57,-4.09,20.45,-19.84,13.84,0.03,0.14,-0.07,0.11,75.07,325.15,-167.78,258.94
LFPO,GMMX,1,23,-14.6,12.45,-32.59,7.09,0.04,0.08,-0.08,0.14,91.89,183.58,-189.9,336.23
LFPO,GMMX,2,56,-4.21,11.41,-20.05,15.52,0.05,0.08,-0.09,0.18,129.99,195.6,-209.38,433.82
LFPO,GMMX,3,18,-22.74,12.57,-40.25,-7.3,-0.06,0.09,-0.16,0.03,-127.91,201.12,-351.5,80.79
LFPO,GMMX,4,28,-2.53,19.35,-22.53,40.48,0.03,0.07,-0.04,0.16,70.09,163.99,-90.56,389.9
LFPO,KEWR,0,15,-0.43,12.94,-17.1,15.3,0.16,0.05,0.11,0.24,632.05,270.05,295.05,1037.18
LFPO,KEWR,1,27,3.26,5.23,-2.26,11.55,0.02,0.05,-0.05,0.1,118.79,218.86,-189.31,545.06
LFPO,KEWR,2,20,-4.93,10.35,-26.16,8.21,0.16,0.05,0.1,0.25,709.1,440.79,242.07,1447.06
LFPO,LEAL,0,49,-3.82,7.5,-10.64,11.26,0.11,0.07,0.03,0.18,284.75,173.12,77.74,508.06
LFPO,LEAL,1,42,-3.19,6.92,-10.44,9.47,0.06,0.05,-0.04,0.15,152.53,130.28,-114.22,354.44
LFPO,LEBL,0,228,0.29,10.55,-11.79,22.33,0.01,0.07,-0.09,0.13,17.82,187.22,-242.62,365.06
LFPO,LEIB,0,58,-24.0,19.8,-53.98,12.56,-0.03,0.08,-0.15,0.08,-81.97,188.63,-377.06,199.0
LFPO,LEIB,1,40,-23.64,23.12,-44.37,31.25,-0.07,0.08,-0.17,0.05,-171.4,195.25,-414.06,109.57
LFPO,LEMD,0,205,-10.34,17.8,-34.78,14.76,0.05,0.1,-0.07,0.23,129.18,332.88,-186.7,599.46
LFPO,LEMD,1,170,-3.24,16.42,-19.95,26.79,0.02,0.08,-0.1,0.15,37.83,241.45,-326.6,414.06
LFPO,LEMG,0,58,5.96,18.19,-12.48,39.89,0.09,0.09,-0.01,0.27,212.36,210.03,-32.99,628.55
LFPO,LEMG,1,79,-6.84,44.01,-20.89,25.64,0.08,0.13,-0.04,0.27,204.91,307.55,-99.53,660.8
LFPO,LEPA,0,61,-0.62,7.57,-8.7,15.8,0.03,0.05,-0.06,0.13,63.55,127.91,-150.7,305.4
LFPO,LEPA,1,48,-9.13,13.97,-23.12,5.0,0.07,0.07,-0.01,0.19,180.76,181.94,-12.19,455.37
LFPO,LEPA,2,52,-0.46,8.48,-10.62,14.12,0.04,0.07,-0.03,0.15,100.6,163.82,-69.9,359.01
LFPO,LEVC,0,64,-7.71,7.41,-15.27,-1.87,0.03,0.06,-0.05,0.1,71.06,146.27,-116.64,236.61
LFPO,LEVC,1,61,-4.31,17.85,-16.8,6.0,0.02,0.1,-0.08,0.13,39.77,243.07,-172.5,321.3
LFPO,LEZL,0,72,-2.47,10.8,-14.01,18.92,0.05,0.06,-0.04,0.15,128.65,145.87,-97.47,355.8
LFPO,LFBO,0,253,-11.65,18.34,-35.44,14.36,-0.04,0.08,-0.16,0.07,-95.34,192.37,-362.1,177.6
LFPO,LFBO,1,226,-0.17,16.5,-33.17,12.0,-0.0,0.07,-0.11,0.08,-6.48,159.47,-242.12,195.38
LFPO,LFBP,0,28,-6.18,7.9,-17.74,6.51,0.0,0.06,-0.07,0.1,6.14,140.38,-160.26,244.34
LFPO,LFBP,1,27,-15.55,14.41,-27.03,-5.26,-0.05,0.08,-0.16,0.06,-117.32,195.13,-390.12,144.08
LFPO,LFBT,0,60,-31.51,15.25,-44.91,-1.7,-0.05,0.05,-0.14,0.02,-116.64,119.43,-318.92,36.41
LFPO,LFBZ,0,45,-6.96,10.58,-17.36,14.46,0.01,0.05,-0.07,0.1,24.9,122.87,-177.7,228.66
LFPO,LFBZ,1,41,-6.32,7.13,-15.0,4.6,-0.0,0.07,-0.13,0.09,-8.92,163.35,-315.3,226.0
LFPO,LFKB,0,79,0.56,8.13,-13.34,12.91,0.01,0.05,-0.07,0.08,26.23,146.03,-166.74,223.75
LFPO,LFKB,1,64,3.08,18.23,-11.23,12.64,0.01,0.07,-0.06,0.08,31.78,156.85,-133.24,206.56
LFPO,LFKC,0,55,-3.53,9.2,-12.17,5.77,0.03,0.07,-0.05,0.11,74.18,166.2,-128.75,278.57
LFPO,LFKF,0,34,-19.71,6.55,-26.66,-4.18,-0.0,0.04,-0.06,0.06,-2.71,106.58,-160.22,150.73
LFPO,LFKF,1,22,-13.96,11.14,-24.84,6.49,0.02,0.08,-0.05,0.14,62.38,190.93,-128.8,344.1
LFPO,LFKJ,0,62,-16.49,18.59,-39.22,9.8,-0.02,0.07,-0.11,0.09,-57.96,170.26,-278.96,197.78
LFPO,LFKJ,1,46,-18.67,40.68,-39.48,4.45,0.0,0.24,-0.1,0.09,10.44,599.58,-244.78,205.12
LFPO,LFKJ,2,51,-33.75,5.53,-40.45,-24.65,-0.06,0.04,-0.11,0.01,-137.29,86.63,-245.65,23.0
LFPO,LFLW,0,27,-6.73,12.02,-16.2,21.31,-0.01,0.06,-0.07,0.08,-3.26,36.79,-44.49,51.0
LFPO,LFLW,1,25,-3.68,23.35,-20.48,51.32,0.03,0.09,-0.04,0.25,20.73,59.55,-27.0,160.4
LFPO,LFML,0,16,2.26,10.73,-13.38,16.5,-0.04,0.05,-0.1,0.05,-100.74,120.19,-252.75,117.88
LFPO,LFML,1,46,8.2,23.01,-11.7,34.33,-0.02,0.13,-0.13,0.12,-33.76,306.4,-282.32,262.6
LFPO,LFML,2,29,2.2,11.28,-10.98,18.9,-0.03,0.08,-0.15,0.11,-67.61,183.36,-321.0,250.22
LFPO,LFML,3,27,5.67,14.28,-12.87,28.19,-0.05,0.07,-0.15,0.06,-126.99,186.32,-386.1,153.71
LFPO,LFML,4,28,1.7,10.19,-6.14,24.96,-0.03,0.06,-0.1,0.09,-64.82,135.86,-249.9,196.38
LFPO,LFMN,0,281,0.44,9.21,-10.6,19.3,0.04,0.05,-0.03,0.14,104.54,131.07,-85.5,319.0
LFPO,LFMN,1,254,5.52,13.13,-10.24,29.28,0.05,0.07,-0.05,0.17,122.07,164.18,-119.86,416.07
LFPO,LFMP,0,35,-8.58,8.54,-21.16,3.72,0.0,0.09,-0.1,0.09,7.73,209.66,-246.49,206.0
LFPO,LFMP,1,36,-5.8,8.8,-18.23,10.62,0.0,0.07,-0.1,0.1,7.17,159.08,-240.65,235.85
LFPO,LFMT,0,89,-1.48,12.08,-16.28,19.38,-0.07,0.08,-0.16,0.02,-159.64,182.42,-391.22,53.98
LFPO,LFTH,0,41,-9.53,11.81,-27.5,9.4,0.05,0.06,-0.04,0.12,109.24,143.35,-107.3,276.7
LFPO,LFTH,1,38,-9.22,10.83,-24.48,7.54,0.05,0.06,-0.02,0.14,115.89,153.75,-54.5,330.6
LFPO,LGAV,0,64,-9.68,14.23,-25.64,8.77,-0.0,0.06,-0.08,0.09,-4.46,132.85,-186.49,219.7
LFPO,LGAV,1,25,-3.66,25.65,-31.22,31.0,0.06,0.16,-0.09,0.21,142.84,395.6,-224.08,516.0
LFPO,LGIR,0,50,-13.06,10.5,-27.4,5.81,0.01,0.07,-0.06,0.09,12.31,168.12,-147.7,216.88
LFPO,LGIR,1,41,-5.63,31.53,-24.6,5.4,0.03,0.12,-0.06,0.15,64.37,308.48,-132.0,365.3
LFPO,LICJ,0,62,2.92,17.65,-31.68,25.94,0.04,0.09,-0.15,0.18,104.66,231.16,-372.92,453.38
LFPO,LIMC,0,52,-40.76,23.34,-71.89,-2.62,-0.13,0.09,-0.23,0.01,-359.18,238.42,-648.68,20.97
LFPO,LIMC,1,21,-71.01,17.98,-92.3,-34.8,-0.21,0.1,-0.33,-0.03,-576.45,285.14,-933.3,-83.3
LFPO,LIML,0,35,27.37,14.38,4.78,46.75,0.02,0.08,-0.11,0.13,43.15,198.61,-276.55,334.99
LFPO,LIML,1,35,-1.63,10.64,-15.05,12.51,0.0,0.08,-0.08,0.1,2.6,208.21,-210.82,259.93
LFPO,LIML,2,60,-4.24,8.35,-15.27,9.0,-0.01,0.05,-0.09,0.09,-31.06,123.59,-218.26,185.49
LFPO,LIPZ,0,95,-30.9,17.46,-56.63,-1.48,-0.13,0.08,-0.25,-0.0,-304.62,199.69,-623.81,-12.08
LFPO,LIPZ,1,16,-47.28,23.27,-83.32,-6.07,-0.2,0.07,-0.32,-0.12,-464.56,158.72,-747.88,-283.0
LFPO,LIRF,0,30,-46.29,20.1,-77.11,-20.95,-0.17,0.08,-0.32,-0.08,-412.77,196.1,-779.23,-187.95
LFPO,LIRF,1,16,-36.56,22.95,-68.75,-2.97,-0.11,0.08,-0.22,0.0,-273.64,195.21,-541.62,0.0
LFPO,LIRF,2,104,-44.25,12.63,-57.0,-17.77,-0.1,0.06,-0.18,0.01,-234.51,142.54,-458.3,32.55
LFPO,LIRF,3,81,-41.64,24.21,-77.8,-3.3,-0.08,0.07,-0.2,0.03,-197.54,183.03,-502.1,83.4
LFPO,LIRF,4,53,-38.45,14.04,-52.96,-10.88,-0.09,0.06,-0.17,0.0,-218.96,135.89,-433.38,0.0
LFPO,LIRN,0,115,-23.44,22.41,-52.22,11.06,-0.02,0.12,-0.14,0.17,-49.83,295.15,-339.22,416.63
LFPO,LIRQ,0,53,-13.14,9.54,-31.88,-1.38,-0.01,0.07,-0.1,0.12,-12.43,147.05,-220.24,256.7
LFPO,LLBG,0,39,2.66,15.18,-13.47,23.86,0.09,0.08,-0.0,0.21,220.04,182.33,-8.0,504.83
LFPO,LLBG,1,21,4.4,13.23,-12.6,26.5,0.08,0.07,0.0,0.18,200.7,163.0,0.0,440.0
LFPO,LLBG,2,17,-2.0,13.79,-17.96,23.0,0.06,0.11,-0.11,0.2,146.62,266.51,-274.82,480.0
LFPO,LMML,0,63,18.9,13.88,-9.37,39.46,0.05,0.1,-0.05,0.13,124.87,252.15,-134.95,325.9
LFPO,LPFR,0,41,-3.79,20.91,-26.7,13.6,0.06,0.08,-0.05,0.18,134.84,203.87,-120.0,440.0
LFPO,LPFR,1,35,-11.52,10.41,-24.51,1.23,0.05,0.07,-0.08,0.18,116.43,180.66,-202.49,447.62
LFPO,LPFR,2,27,-6.91,10.45,-27.38,5.93,0.01,0.04,-0.05,0.06,19.45,86.67,-120.0,148.0
LFPO,LPPR,0,52,-9.72,9.73,-29.42,3.44,0.04,0.06,-0.04,0.13,99.6,142.34,-94.0,344.03
LFPO,LPPR,1,287,-11.62,12.15,-34.84,9.38,0.05,0.07,-0.03,0.15,126.15,161.31,-83.37,345.0
LFPO,LPPR,2,16,-21.08,50.73,-66.92,12.3,0.01,0.11,-0.15,0.11,21.04,267.87,-360.0,260.0
LFPO,LPPT,0,383,-11.56,17.93,-46.07,20.47,0.08,0.09,-0.05,0.23,193.69,226.15,-120.0,583.3
LFPO,LPPT,1,42,-13.71,15.7,-37.68,17.6,0.05,0.08,-0.05,0.2,126.11,200.58,-125.0,511.73
LFPO,LPPT,2,35,-11.41,15.83,-35.94,10.88,0.01,0.06,-0.07,0.1,18.24,172.81,-179.11,252.0
LFPO,LSGG,0,32,-20.79,9.82,-37.82,-8.33,-0.08,0.07,-0.19,0.03,-204.79,170.95,-487.12,84.9
LFPO,LSGG,1,18,-28.51,8.58,-39.2,-15.04,-0.07,0.05,-0.13,0.01,-178.32,129.72,-321.71,15.97
LFPO,TFFF,0,22,4.25,5.56,-0.48,15.52,0.11,0.08,0.04,0.17,655.75,494.15,253.08,1056.82
LFPO,TFFF,1,36,-4.39,5.79,-11.8,9.75,0.07,0.09,-0.07,0.21,382.14,521.11,-387.9,1118.62
LFPO,TFFF,2,20,0.61,7.75,-7.14,16.02,0.06,0.1,-0.15,0.18,373.92,576.55,-872.02,953.18
LFPO,TFFR,0,22,3.08,5.67,-3.76,15.1,0.09,0.04,0.02,0.14,501.01,216.05,143.04,732.68
LFPO,TFFR,1,21,-0.6,8.62,-10.8,15.3,0.08,0.08,-0.0,0.23,515.94,591.56,-25.8,1222.5
LFPO,TFFR,2,43,-6.11,4.92,-12.57,1.4,0.08,0.08,-0.03,0.21,450.21,446.37,-187.83,1128.18
LFQQ,LFBD,0,59,-10.54,10.12,-24.32,5.21,-0.01,0.05,-0.08,0.07,-18.83,116.2,-190.89,161.37
LFQQ,LFBO,0,69,-5.26,16.34,-31.5,14.6,-0.07,0.08,-0.21,0.04,-156.13,178.87,-452.2,84.78
LFQQ,LFMN,0,93,4.11,12.62,-12.6,28.0,-0.03,0.08,-0.16,0.1,-76.99,184.03,-388.76,239.08
LFQQ,LFMN,1,15,6.02,14.64,-20.31,24.96,0.03,0.05,-0.04,0.11,61.37,113.82,-97.76,244.18
LFRB,LFLL,0,50,-2.6,9.19,-16.24,13.86,0.04,0.06,-0.04,0.14,70.99,105.71,-66.48,238.5
LFRB,LFLL,1,23,4.9,15.84,-13.82,22.05,-0.07,0.08,-0.19,0.05,-166.62,173.79,-429.99,81.16
LFRB,LFPG,0,60,1.91,12.76,-23.08,18.9,0.06,0.13,-0.14,0.25,75.48,249.41,-326.53,431.18
LFRB,LFPG,1,34,1.33,13.91,-16.45,21.94,-0.01,0.07,-0.09,0.13,-27.19,173.31,-236.71,327.16
LFRB,LFPG,2,12,-10.69,13.51,-30.22,3.37,0.01,0.12,-0.14,0.15,-4.25,239.47,-331.96,251.48
LFRK,LFLL,0,63,4.65,16.7,-9.27,23.36,-0.01,0.1,-0.16,0.1,-33.59,182.96,-385.71,164.28
LFRN,LFLL,0,55,-12.02,10.63,-27.33,7.36,0.03,0.05,-0.03,0.1,48.98,88.55,-53.27,162.99
LFRS,EHAM,0,83,21.86,11.54,0.91,39.13,0.09,0.07,-0.04,0.18,208.19,181.29,-99.78,452.85
LFRS,EIDW,0,29,-29.71,19.43,-56.54,-1.26,-0.08,0.15,-0.24,0.23,-187.03,356.91,-573.12,560.92
LFRS,EIDW,1,33,-24.41,14.42,-45.24,-3.84,-0.07,0.08,-0.21,0.05,-172.24,198.04,-503.34,116.3
LFRS,GMMX,0,35,-3.51,13.47,-19.5,13.43,0.06,0.07,-0.02,0.17,149.0,160.27,-61.75,381.56
LFRS,GMMX,1,28,-18.84,11.86,-38.7,-7.61,0.01,0.05,-0.07,0.09,26.48,107.21,-143.61,199.35
LFRS,LEBL,0,27,-15.41,17.86,-40.48,9.56,-0.02,0.08,-0.12,0.14,-58.14,199.75,-300.16,322.64
LFRS,LEBL,1,34,-5.03,8.17,-15.9,7.54,-0.05,0.06,-0.15,0.05,-117.9,146.49,-372.26,126.68
LFRS,LEBL,2,32,-14.08,7.53,-26.74,-2.43,-0.09,0.06,-0.18,0.01,-195.2,142.07,-386.79,12.13
LFRS,LEMD,0,49,-17.67,15.77,-39.54,1.32,0.02,0.08,-0.05,0.16,32.62,167.27,-106.0,316.62
LFRS,LEMD,1,16,-7.06,13.44,-22.02,8.58,0.03,0.08,-0.07,0.15,70.79,167.65,-174.4,341.6
LFRS,LEMD,2,19,-28.26,18.96,-57.19,-10.36,-0.1,0.05,-0.19,-0.03,-199.14,102.78,-385.06,-64.11
LFRS,LEMD,3,20,-13.68,17.82,-28.33,2.11,-0.0,0.06,-0.07,0.08,-0.96,119.83,-138.4,166.58
LFRS,LEPA,0,20,-13.38,14.39,-27.42,20.22,0.06,0.07,-0.05,0.16,137.5,175.87,-111.13,389.69
LFRS,LEPA,1,28,-13.57,28.93,-18.49,11.0,0.01,0.07,-0.05,0.1,27.89,159.15,-126.36,226.76
LFRS,LEPA,2,15,-4.95,8.41,-15.34,7.09,0.01,0.04,-0.04,0.06,16.11,85.08,-93.4,153.83
LFRS,LFBO,0,53,-8.32,7.74,-14.14,-1.44,-0.01,0.07,-0.09,0.03,-26.39,172.42,-208.14,63.2
LFRS,LFBO,1,30,-6.63,12.03,-34.15,4.62,-0.04,0.06,-0.15,0.05,-97.15,149.52,-360.03,112.96
LFRS,LFLL,0,112,-3.29,10.17,-15.84,13.6,-0.08,0.08,-0.17,0.08,-171.33,175.46,-388.66,181.09
LFRS,LFLL,1,29,-0.36,7.8,-10.32,13.2,0.03,0.04,-0.04,0.09,56.45,91.13,-78.38,193.74
LFRS,LFML,0,111,-3.49,23.17,-48.55,33.3,0.01,0.08,-0.11,0.14,19.82,190.48,-271.0,325.65
LFRS,LFMN,0,27,3.58,12.08,-11.47,25.15,0.05,0.05,-0.01,0.13,120.36,114.31,-27.97,317.15
LFRS,LFMN,1,76,-0.35,14.22,-16.8,24.9,0.03,0.06,-0.07,0.12,60.13,137.28,-149.78,282.05
LFRS,LFMT,0,56,-6.9,13.79,-27.1,11.12,-0.13,0.12,-0.25,-0.05,-283.44,260.93,-547.0,-100.5
LFRS,LFPG,0,149,-4.72,15.75,-28.88,15.36,0.04,0.1,-0.08,0.21,99.19,252.42,-207.72,467.08
LFRS,LGIR,0,51,-12.33,11.83,-27.2,5.7,-0.01,0.06,-0.09,0.08,-34.07,133.51,-219.4,182.0
LFRS,LPPR,0,62,-5.53,12.83,-29.7,16.44,0.05,0.07,-0.07,0.17,128.89,176.78,-166.7,415.93
LFRS,LPPT,0,61,-2.37,22.93,-37.2,35.1,0.08,0.09,-0.03,0.25,203.07,225.52,-80.0,625.0
LFRS,LSGG,0,24,-18.78,7.8,-30.42,-10.7,-0.17,0.07,-0.31,-0.07,-413.88,180.52,-768.34,-185.81
LFRS,LSGG,1,49,-14.91,11.82,-35.26,1.82,0.07,0.08,-0.06,0.2,180.22,202.44,-151.52,487.32
LFSB,BKPR,0,44,-9.9,19.01,-40.07,17.54,0.02,0.07,-0.1,0.11,43.85,172.18,-250.0,265.56
LFSB,BKPR,1,30,-10.85,20.36,-53.56,17.85,0.02,0.07,-0.11,0.13,33.45,192.29,-299.22,315.5
LFSB,BKPR,2,20,-14.51,15.38,-38.26,11.79,0.02,0.04,-0.03,0.08,54.94,99.75,-83.3,204.0
LFSB,BKPR,3,10,-16.42,21.78,-45.34,18.58,-0.02,0.07,-0.13,0.08,-37.51,178.37,-314.64,193.75
LFSB,EDDB,0,61,-8.34,13.14,-29.8,14.1,-0.0,0.06,-0.09,0.08,-1.32,147.16,-219.4,192.9
LFSB,EDDF,0,142,-53.17,20.17,-88.39,-21.92,-0.22,0.05,-0.31,-0.13,-310.75,75.01,-429.52,-187.32
LFSB,EGKK,0,55,9.44,30.66,-8.56,24.81,0.13,0.17,-0.02,0.36,302.09,384.6,-39.32,854.56
LFSB,EGLL,0,74,1.9,13.87,-14.54,27.84,0.15,0.09,0.05,0.29,359.32,204.53,122.38,732.38
LFSB,EHAM,0,19,-24.12,19.69,-56.34,-2.18,-0.02,0.1,-0.15,0.11,-48.68,213.11,-345.03,232.15
LFSB,EHAM,1,162,-11.93,14.34,-38.46,9.18,0.07,0.1,-0.12,0.18,142.56,226.67,-266.87,391.64
LFSB,LEBL,0,62,-7.63,14.71,-24.38,11.42,-0.09,0.06,-0.2,0.01,-199.82,140.46,-449.06,18.14
LFSB,LEBL,1,22,-12.87,6.94,-21.56,-3.01,-0.03,0.05,-0.1,0.05,-68.94,123.26,-245.82,127.02
LFSB,LEPA,0,29,-6.16,10.5,-18.64,12.98,0.06,0.06,-0.04,0.14,141.01,150.95,-94.94,348.74
LFSB,LEPA,1,75,-8.45,11.55,-24.51,9.27,-0.02,0.05,-0.09,0.07,-44.21,127.73,-223.08,178.01
LFSB,LFMN,0,65,-52.26,16.84,-79.08,-27.12,-0.21,0.06,-0.31,-0.12,-533.92,146.62,-781.44,-306.0
LFSB,LFPG,0,26,-4.82,19.68,-21.95,10.7,0.09,0.07,0.0,0.17,346.67,277.07,13.9,682.22
LFSB,LFPG,1,65,9.85,15.32,-5.14,32.92,0.11,0.09,0.03,0.18,228.63,205.23,48.66,424.6
LFSB,LHBP,0,17,-15.75,14.65,-33.02,0.4,-0.03,0.05,-0.09,0.05,-68.27,117.23,-235.24,118.06
LFSB,LHBP,1,33,-17.39,12.04,-30.24,2.3,0.02,0.05,-0.06,0.13,52.04,128.64,-153.88,308.02
LFSB,LPPR,0,59,2.09,17.01,-8.5,28.12,0.03,0.09,-0.08,0.14,77.69,224.3,-212.47,341.64
LFSB,LTAI,0,32,4.96,19.67,-19.17,40.49,0.1,0.12,-0.07,0.29,218.13,279.71,-166.7,658.06
LFSB,LTAI,1,19,4.85,22.63,-18.86,30.75,0.11,0.1,-0.02,0.29,242.11,235.21,-38.5,696.0
LFSB,LTAI,2,16,10.55,17.03,-8.25,35.33,0.05,0.12,-0.08,0.25,107.18,264.52,-197.95,533.75
LFSB,LTAI,3,20,2.42,11.96,-13.6,19.12,0.06,0.06,-0.05,0.15,134.83,148.12,-126.75,325.25
LFSB,LTAI,4,18,-11.92,19.03,-37.94,20.99,0.04,0.09,-0.09,0.2,86.02,218.58,-218.0,495.49
LFSB,LTFJ,0,75,-6.76,24.59,-33.8,35.1,0.07,0.16,-0.12,0.32,161.24,387.31,-291.63,804.11
LFSB,LTFJ,1,2,22.75,52.26,-10.5,56.0,0.22,0.05,0.19,0.25,541.65,117.87,466.64,616.66
LFSB,LTFM,0,45,-23.8,14.7,-40.82,0.16,0.01,0.08,-0.07,0.16,18.76,248.0,-300.0,432.0
LFSB,LTFM,1,23,-13.95,15.72,-33.87,14.29,0.02,0.08,-0.08,0.15,17.76,265.61,-490.0,359.0
LFST,LFLL,0,54,-2.69,16.51,-13.18,22.31,0.11,0.1,0.05,0.22,186.99,173.89,80.56,372.93
LFTH,LFPO,0,77,0.15,8.23,-12.7,19.52,0.04,0.06,-0.04,0.12,93.74,132.55,-105.84,299.1
LGAL,LGAV,0,62,3.31,16.18,-16.3,27.98,0.03,0.11,-0.06,0.18,24.46,88.73,-50.78,159.11
LGAL,LGAV,1,60,-3.36,10.53,-17.28,12.65,0.02,0.04,-0.04,0.1,59.08,109.3,-103.51,236.76
LGAV,EBBR,0,48,-5.74,17.65,-26.22,26.13,-0.05,0.11,-0.17,0.06,-123.95,255.19,-383.3,139.95
LGAV,EBBR,1,18,-7.64,20.39,-35.11,24.28,-0.0,0.1,-0.16,0.12,-7.7,249.0,-394.1,284.3
LGAV,EBBR,2,23,-13.42,18.21,-37.42,20.09,-0.09,0.11,-0.28,0.03,-218.03,265.59,-704.13,82.64
LGAV,EBBR,3,25,-20.82,24.09,-43.16,21.36,-0.05,0.09,-0.19,0.09,-116.96,228.5,-485.6,230.66
LGAV,EDDB,0,25,-22.65,14.44,-37.5,4.38,-0.01,0.07,-0.14,0.06,-31.56,165.62,-327.72,170.74
LGAV,EDDB,1,35,-18.05,16.95,-36.02,10.36,-0.01,0.06,-0.11,0.08,-35.15,156.23,-261.96,216.37
LGAV,EDDF,0,38,-44.32,19.24,-70.5,-16.94,-0.18,0.08,-0.32,-0.08,-470.36,196.04,-862.44,-231.22
LGAV,EDDF,1,53,-19.25,22.52,-47.68,20.16,-0.17,0.1,-0.32,-0.06,-458.13,283.71,-814.68,-149.62
LGAV,EDDF,2,19,-13.93,24.58,-43.94,11.91,-0.12,0.08,-0.24,-0.02,-301.28,193.3,-590.36,-48.55
LGAV,EDDF,3,19,-33.27,23.39,-55.87,6.63,-0.22,0.07,-0.31,-0.12,-562.99,179.85,-776.43,-304.29
LGAV,EDDL,0,37,-16.53,26.3,-46.06,33.56,0.0,0.09,-0.13,0.18,3.52,218.71,-292.42,451.38
LGAV,EDDL,1,37,-8.5,15.98,-29.66,11.86,-0.05,0.1,-0.23,0.09,-111.7,249.37,-580.54,237.08
LGAV,EDDM,0,131,7.37,15.5,-16.75,35.35,-0.04,0.08,-0.17,0.09,-124.3,244.46,-472.15,257.5
LGAV,EDDM,1,25,-13.97,14.45,-38.18,6.62,-0.04,0.07,-0.14,0.08,-89.02,167.21,-347.18,178.92
LGAV,EDDM,2,18,-6.32,18.28,-28.72,23.51,-0.09,0.08,-0.18,0.03,-240.47,211.59,-467.18,77.52
LGAV,EDDM,3,16,-8.27,13.5,-24.9,11.62,-0.11,0.08,-0.2,0.02,-276.27,187.99,-504.2,48.42
LGAV,EDDM,4,37,15.32,15.01,-7.2,40.44,-0.07,0.08,-0.2,0.06,-166.51,210.61,-498.6,127.9
LGAV,EGKK,0,53,16.01,14.82,-4.88,41.56,0.11,0.14,-0.07,0.37,266.14,346.59,-167.5,932.08
LGAV,EGKK,1,67,3.12,15.48,-23.16,22.62,0.05,0.13,-0.14,0.24,122.9,322.37,-341.56,594.98
LGAV,EGKK,2,21,12.34,25.78,-18.0,39.5,0.07,0.15,-0.08,0.42,194.18,418.81,-233.4,1179.1
LGAV,EGLL,0,146,6.31,14.9,-17.03,31.15,0.09,0.12,-0.08,0.27,217.2,287.78,-175.18,668.9
LGAV,EGLL,1,50,15.15,17.57,-5.38,46.38,0.12,0.12,-0.05,0.34,306.42,295.53,-129.21,858.72
LGAV,EGLL,2,30,11.7,25.07,-24.64,45.85,0.12,0.08,-0.02,0.22,288.57,185.98,-55.82,547.72
LGAV,EHAM,0,27,13.99,25.57,-10.28,52.2,0.04,0.09,-0.05,0.16,93.81,215.4,-124.32,378.39
LGAV,EHAM,1,62,-12.78,13.53,-31.55,7.46,0.02,0.06,-0.09,0.12,52.59,155.75,-210.57,293.22
LGAV,EHAM,2,19,8.08,13.29,-11.61,27.55,0.02,0.06,-0.08,0.11,51.68,156.46,-192.93,255.24
LGAV,EHAM,3,23,13.27,12.52,-8.78,31.41,0.05,0.06,-0.07,0.15,109.7,145.78,-176.23,338.54
LGAV,EHAM,4,26,-5.15,18.44,-36.7,22.0,0.03,0.09,-0.11,0.18,82.81,233.99,-270.42,432.85
LGAV,EKCH,0,25,-65.54,63.08,-198.7,-26.9,-0.22,0.14,-0.5,-0.08,-510.13,325.89,-1209.94,-188.76
LGAV,EKCH,1,29,-19.86,23.37,-57.04,15.9,-0.15,0.09,-0.27,-0.0,-347.14,197.55,-613.84,1.38
LGAV,EKCH,2,31,-46.25,13.05,-67.85,-24.55,-0.17,0.05,-0.24,-0.09,-402.29,124.43,-579.0,-201.55
LGAV,ESSA,0,22,-5.93,14.37,-30.22,10.99,-0.04,0.09,-0.15,0.11,-91.16,210.42,-368.1,249.74
LGAV,ESSA,1,29,-12.34,19.53,-41.28,14.12,-0.02,0.07,-0.11,0.09,-53.58,160.65,-267.52,224.94
LGAV,HECA,0,137,10.5,13.93,-9.7,33.72,0.1,0.09,-0.01,0.26,230.47,206.03,-13.36,618.26
LGAV,KEWR,0,32,10.98,26.07,-14.6,30.62,0.07,0.13,-0.11,0.21,518.31,954.89,-730.09,1618.91
LGAV,KEWR,1,27,-7.48,32.53,-44.45,35.45,0.11,0.13,-0.04,0.29,807.76,927.6,-263.47,2271.34
LGAV,KJFK,0,53,10.06,14.19,-8.12,37.7,0.02,0.1,-0.13,0.15,98.87,581.29,-848.84,838.96
LGAV,KJFK,1,31,-7.21,28.4,-60.5,23.0,0.04,0.12,-0.14,0.19,202.19,706.39,-831.3,1082.9
LGAV,LATI,0,70,9.88,22.99,-20.13,44.78,0.04,0.07,-0.06,0.16,99.5,181.44,-155.56,408.16
LGAV,LBSF,0,42,-49.6,19.41,-70.32,-14.3,-0.07,0.04,-0.12,0.0,-168.21,102.64,-310.16,4.46
LGAV,LBSF,1,23,-74.6,14.78,-89.25,-47.02,-0.33,0.09,-0.45,-0.17,-295.13,87.25,-402.03,-141.27
LGAV,LCLK,0,363,4.52,9.25,-11.36,19.48,0.05,0.05,-0.03,0.13,104.43,107.18,-68.04,304.03
LGAV,LCLK,1,15,1.42,8.09,-4.91,16.4,0.06,0.05,-0.01,0.15,155.83,137.66,-12.51,370.83
LGAV,LEBL,0,36,3.42,21.27,-16.85,49.18,0.0,0.11,-0.12,0.22,4.59,266.75,-318.0,531.22
LGAV,LEBL,1,30,3.46,22.43,-32.26,34.84,-0.01,0.07,-0.08,0.08,-23.46,175.56,-196.72,200.03
LGAV,LEBL,2,31,15.01,12.47,0.05,35.8,0.0,0.06,-0.09,0.11,2.44,166.31,-265.6,257.95
LGAV,LEMD,0,111,16.05,18.57,-7.95,51.75,-0.01,0.09,-0.13,0.16,-14.08,219.31,-308.95,380.8
LGAV,LEMD,1,23,12.9,26.15,-2.27,70.84,-0.03,0.13,-0.2,0.12,-71.52,300.49,-460.0,285.53
LGAV,LFPG,0,32,12.92,16.16,-7.32,41.29,0.05,0.09,-0.06,0.17,131.02,215.88,-163.54,422.1
LGAV,LFPG,1,41,18.95,20.71,-13.4,54.0,0.04,0.09,-0.1,0.17,103.95,232.4,-253.4,470.6
LGAV,LFPG,2,29,16.82,18.6,-3.7,49.86,0.04,0.09,-0.08,0.19,139.82,330.31,-200.84,527.94
LGAV,LFPG,3,52,13.47,12.05,1.36,41.79,0.05,0.08,-0.06,0.17,120.78,207.27,-169.5,467.1
LGAV,LFPG,4,34,0.18,15.92,-24.83,21.57,-0.0,0.09,-0.11,0.15,-4.94,227.95,-305.23,385.66
LGAV,LFPG,5,26,20.52,24.29,0.3,64.12,0.06,0.07,-0.04,0.18,149.46,192.55,-92.92,480.88
LGAV,LFPO,0,90,8.0,11.87,-12.38,26.5,0.02,0.09,-0.12,0.16,56.68,206.57,-290.2,394.01
LGAV,LGAL,0,44,-7.45,5.89,-11.7,-0.11,0.0,0.04,-0.05,0.08,10.49,92.15,-123.34,194.03
LGAV,LGAL,1,16,-8.84,9.85,-18.48,4.08,0.0,0.04,-0.07,0.06,-0.06,103.0,-160.55,143.88
LGAV,LGAL,2,62,-7.71,15.13,-11.9,-0.06,-0.02,0.12,-0.1,0.09,-21.38,84.8,-86.74,58.08
LGAV,LGHI,0,181,-3.47,5.07,-7.6,2.4,-0.0,0.06,-0.09,0.1,-1.24,56.68,-84.0,87.8
LGAV,LGIK,0,56,-32.5,5.76,-40.9,-21.92,-0.17,0.07,-0.28,-0.09,-149.78,60.49,-247.73,-77.85
LGAV,LGIO,0,56,2.12,15.58,-29.45,17.95,-0.01,0.09,-0.13,0.13,-9.88,79.86,-118.12,121.38
LGAV,LGIR,0,333,-9.72,10.26,-27.7,4.24,-0.02,0.06,-0.14,0.08,-52.12,157.51,-308.94,201.46
LGAV,LGKF,0,101,19.29,16.93,-12.8,38.8,0.08,0.11,-0.06,0.26,106.66,146.56,-66.2,391.7
LGAV,LGKO,0,71,-9.5,11.92,-29.1,9.55,-0.05,0.05,-0.12,0.02,-45.41,48.05,-106.75,15.65
LGAV,LGKO,1,26,-21.31,7.86,-33.55,-7.72,-0.14,0.04,-0.2,-0.07,-122.8,37.31,-181.05,-66.6
LGAV,LGKO,2,34,-14.85,8.2,-24.98,-2.31,-0.0,0.06,-0.09,0.07,18.58,102.94,-141.87,173.21
LGAV,LGKO,3,26,-21.37,9.03,-33.72,-6.78,-0.03,0.04,-0.1,0.03,-76.73,103.88,-235.08,72.93
LGAV,LGKP,0,64,-10.73,10.56,-26.48,6.54,-0.08,0.1,-0.23,0.06,-63.08,102.68,-193.67,47.16
LGAV,LGKR,0,85,0.85,14.33,-15.5,14.76,0.05,0.06,-0.01,0.13,117.85,150.92,-27.3,302.86
LGAV,LGKR,1,28,-6.61,13.93,-34.59,7.07,0.03,0.06,-0.04,0.13,88.66,169.77,-109.15,310.02
LGAV,LGKR,2,55,8.09,9.89,1.35,20.89,0.07,0.05,0.01,0.15,57.5,41.87,8.14,134.69
LGAV,LGLM,0,65,-11.12,5.36,-14.08,-5.68,-0.07,0.12,-0.25,0.05,-66.82,110.45,-227.52,45.0
LGAV,LGMK,0,368,-7.66,15.51,-29.85,11.56,-0.0,0.09,-0.11,0.12,29.42,184.63,-173.86,295.56
LGAV,LGML,0,74,-8.11,5.87,-17.32,4.84,-0.05,0.05,-0.1,0.02,-33.33,29.79,-66.86,15.38
LGAV,LGMT,0,19,-5.74,4.24,-11.89,-0.82,0.05,0.04,-0.01,0.11,130.53,103.09,-19.91,280.52
LGAV,LGMT,1,143,-6.16,7.4,-13.39,-0.61,-0.0,0.06,-0.1,0.09,18.15,90.57,-94.78,207.41
LGAV,LGNX,0,150,-15.3,6.3,-23.6,-4.4,-0.06,0.06,-0.2,0.01,-46.1,54.22,-179.28,7.1
LGAV,LGPA,0,300,-10.06,7.19,-17.0,0.0,-0.05,0.05,-0.12,0.04,-44.95,43.75,-108.62,34.33
LGAV,LGPL,0,52,-23.32,6.6,-31.99,-12.12,0.0,0.04,-0.04,0.05,1.61,23.79,-28.17,32.5
LGAV,LGRP,0,219,-3.75,10.12,-24.0,14.88,-0.03,0.07,-0.13,0.06,-71.56,136.93,-273.39,159.84
LGAV,LGSA,0,227,-3.62,16.04,-30.87,18.13,-0.03,0.1,-0.19,0.11,6.16,161.74,-193.85,268.31
LGAV,LGSA,1,19,1.24,20.38,-19.63,17.67,0.03,0.07,-0.04,0.09,65.46,161.83,-102.82,216.08
LGAV,LGSA,2,18,10.44,13.67,-6.76,32.13,0.09,0.09,-0.04,0.22,217.78,235.11,-100.78,544.21
LGAV,LGSK,0,86,-5.08,24.99,-41.82,13.2,0.05,0.14,-0.11,0.22,46.07,124.02,-100.85,196.15
LGAV,LGSM,0,121,-44.5,10.76,-56.8,-25.5,-0.23,0.09,-0.32,-0.04,-205.91,78.85,-291.0,-52.4
LGAV,LGSR,0,587,0.31,11.18,-16.7,18.94,0.01,0.07,-0.09,0.11,40.53,138.04,-137.74,274.42
LGAV,LGSR,1,15,-0.42,15.17,-17.43,23.6,0.0,0.11,-0.09,0.23,14.44,244.58,-199.1,520.79
LGAV,LGSR,2,41,0.64,10.95,-13.7,16.5,0.03,0.07,-0.09,0.14,67.49,166.3,-199.9,345.8
LGAV,LGTS,0,395,-42.49,24.19,-72.73,-1.61,-0.09,0.08,-0.2,0.06,-221.17,195.89,-484.21,147.76
LGAV,LGTS,1,55,-23.01,28.9,-47.37,13.32,-0.07,0.13,-0.27,0.09,-51.23,202.13,-299.3,202.59
LGAV,LGZA,0,86,19.08,11.39,5.4,38.33,-0.02,0.09,-0.17,0.14,-6.9,126.36,-161.8,235.1
LGAV,LIMC,0,105,-34.04,26.15,-60.8,14.62,-0.18,0.09,-0.32,-0.02,-453.58,237.18,-763.36,-42.7
LGAV,LIMC,1,63,-46.23,29.3,-76.69,-8.1,-0.23,0.12,-0.37,-0.07,-530.52,271.62,-875.0,-160.14
LGAV,LIRF,0,268,-31.11,21.42,-57.4,9.26,-0.09,0.08,-0.21,0.02,-222.87,185.16,-527.1,46.7
LGAV,LLBG,0,229,-1.82,12.86,-21.52,21.6,0.02,0.07,-0.08,0.13,61.68,185.47,-204.98,360.0
LGAV,LOWW,0,59,1.54,93.35,-36.12,37.99,0.05,0.35,-0.08,0.14,110.66,834.3,-208.31,378.06
LGAV,LOWW,1,39,23.27,16.86,-2.4,48.5,0.04,0.05,-0.03,0.13,106.81,125.34,-70.46,321.33
LGAV,LOWW,2,21,-0.35,16.94,-30.0,24.0,0.02,0.05,-0.05,0.1,62.01,117.7,-115.0,233.4
LGAV,LPPT,0,52,12.7,20.59,-10.78,49.73,0.04,0.08,-0.07,0.2,96.92,189.85,-159.38,460.0
LGAV,LROP,0,97,-39.33,13.16,-57.14,-16.9,-0.07,0.07,-0.15,0.03,-155.74,124.94,-300.72,65.28
LGAV,LSGG,0,22,22.24,19.24,-20.31,40.25,-0.01,0.08,-0.1,0.13,5.77,174.9,-191.5,308.22
LGAV,LSGG,1,40,-0.45,14.9,-22.43,21.09,0.04,0.06,-0.09,0.12,92.31,146.91,-177.3,309.14
LGAV,LSZH,0,30,-9.95,22.29,-36.82,25.15,-0.1,0.11,-0.24,0.03,-239.99,294.96,-590.22,96.9
LGAV,LSZH,1,34,2.99,16.32,-24.64,27.69,-0.01,0.07,-0.13,0.07,-15.51,143.08,-285.26,154.77
LGAV,LSZH,2,45,-8.03,56.67,-22.68,20.38,-0.03,0.18,-0.17,0.14,-82.69,452.28,-469.98,360.48
LGAV,LSZH,3,23,11.03,15.54,-14.25,31.58,-0.01,0.09,-0.13,0.13,-24.42,221.06,-307.69,332.69
LGAV,LTFM,0,206,-24.03,17.02,-47.4,0.88,-0.02,0.07,-0.13,0.1,-95.79,280.74,-640.83,291.7
LGAV,LYBE,0,32,-35.52,26.11,-86.72,-4.3,-0.06,0.09,-0.2,0.05,-145.05,194.05,-470.64,127.92
LGAV,LYBE,1,26,-27.47,24.43,-59.35,13.45,-0.03,0.07,-0.14,0.07,-81.09,170.79,-341.35,170.95
LGAV,LYBE,2,19,-30.5,33.45,-67.55,15.65,-0.04,0.11,-0.15,0.16,-90.01,191.32,-326.6,294.3
LGAV,OLBA,0,43,-7.93,10.66,-22.71,6.12,0.0,0.04,-0.04,0.08,8.75,102.64,-97.55,211.7
LGAV,OLBA,1,20,-3.34,6.82,-10.63,6.25,0.01,0.03,-0.03,0.05,34.29,67.99,-71.34,140.88
LGAV,OMDB,0,60,13.51,26.66,-18.6,52.82,0.18,0.11,0.01,0.37,1366.26,825.47,62.48,2881.12
LGAV,OTHH,0,21,9.45,22.42,-18.1,36.0,0.05,0.09,-0.04,0.18,165.7,371.75,-208.0,654.2
LGAV,OTHH,1,34,20.99,15.33,-0.09,46.91,0.1,0.07,0.01,0.23,244.98,181.62,15.03,583.19
LGAV,OTHH,2,36,21.66,18.8,-1.0,60.53,0.11,0.09,-0.01,0.27,419.92,339.5,-30.22,901.3
LGHI,LGAV,0,182,-3.87,12.76,-21.48,16.29,-0.03,0.11,-0.13,0.08,-22.9,101.5,-114.11,73.47
LGIK,LGAV,0,56,13.37,40.03,-4.1,31.58,0.07,0.46,-0.13,0.17,60.78,413.61,-116.35,155.73
LGIO,LGAV,0,56,-11.5,11.94,-23.68,7.25,-0.2,0.09,-0.33,-0.05,-184.4,85.12,-315.83,-83.45
LGIR,EBBR,0,18,5.19,14.37,-8.96,32.15,-0.02,0.11,-0.16,0.18,-49.36,275.88,-393.75,439.0
LGIR,EBBR,1,15,-6.66,13.79,-22.58,15.34,-0.04,0.06,-0.1,0.05,-101.87,144.35,-262.48,128.0
LGIR,EBBR,2,44,-7.75,10.57,-18.11,12.98,-0.07,0.11,-0.2,0.05,-179.7,267.16,-500.0,126.55
LGIR,EDDB,0,29,6.44,7.66,-1.9,19.74,0.01,0.06,-0.1,0.09,13.46,140.48,-259.22,215.26
LGIR,EDDB,1,24,5.41,15.01,-7.87,15.99,-0.01,0.08,-0.11,0.13,-21.76,202.27,-269.0,332.84
LGIR,EDDF,0,56,-15.28,18.32,-41.53,10.6,-0.09,0.08,-0.24,0.04,-219.45,209.23,-584.15,88.0
LGIR,EDDF,1,38,-31.42,18.63,-62.12,-1.14,-0.12,0.08,-0.25,0.01,-307.51,207.31,-604.14,19.84
LGIR,EDDF,2,28,-18.86,27.97,-51.28,22.04,-0.09,0.12,-0.22,0.01,-242.88,303.77,-577.63,29.49
LGIR,EDDF,3,16,-21.96,19.55,-50.18,4.03,-0.1,0.09,-0.23,0.02,-251.54,221.7,-577.12,38.33
LGIR,EDDH,0,40,-41.06,13.03,-55.04,-17.95,-0.13,0.09,-0.25,-0.01,-309.8,213.97,-618.47,-32.92
LGIR,EDDH,1,23,-38.15,13.24,-54.06,-16.95,-0.1,0.08,-0.2,0.02,-244.08,210.05,-542.09,46.88
LGIR,EDDL,0,63,-6.15,12.63,-24.85,18.22,0.0,0.09,-0.13,0.12,13.67,212.66,-324.38,338.01
LGIR,EDDL,1,18,-9.32,14.63,-28.86,12.56,0.01,0.1,-0.15,0.13,19.59,246.37,-377.37,324.87
LGIR,EDDL,2,34,-7.04,10.86,-19.21,12.76,-0.01,0.08,-0.12,0.08,-34.73,188.73,-286.74,207.89
LGIR,EDDL,3,18,-5.61,12.29,-20.4,13.32,0.0,0.09,-0.08,0.13,1.38,217.67,-206.32,325.49
LGIR,EDDM,0,30,4.71,59.83,-7.34,36.67,-0.03,0.17,-0.12,0.12,-63.88,386.89,-292.24,289.19
LGIR,EDDM,1,84,12.54,12.68,-4.92,32.41,-0.01,0.07,-0.13,0.1,-22.82,180.83,-302.91,255.67
LGIR,EDDM,2,22,13.0,13.53,-3.18,28.22,-0.02,0.1,-0.14,0.11,-58.89,252.53,-348.68,283.67
LGIR,EDDS,0,18,7.38,16.46,-12.91,30.02,0.03,0.1,-0.09,0.19,85.89,246.87,-227.2,468.02
LGIR,EDDS,1,17,14.89,14.26,-1.14,38.86,0.07,0.08,-0.03,0.2,167.13,204.08,-65.9,497.8
LGIR,EDDS,2,54,-7.32,13.77,-24.48,14.9,-0.0,0.11,-0.15,0.22,-4.47,266.71,-362.59,547.1
LGIR,EGCC,0,37,7.77,12.1,-10.2,24.46,-0.02,0.08,-0.14,0.1,-52.69,218.83,-383.44,288.46
LGIR,EGCC,1,46,10.58,11.05,-3.9,27.12,-0.03,0.11,-0.2,0.1,-77.63,305.65,-664.45,388.92
LGIR,EGKK,0,112,11.99,12.05,-2.79,34.32,0.11,0.12,-0.04,0.37,273.37,302.67,-89.56,916.19
LGIR,EHAM,0,30,14.66,12.52,-1.28,35.55,0.06,0.08,-0.06,0.2,155.91,206.72,-137.87,483.6
LGIR,EHAM,1,35,17.43,12.62,0.81,34.73,0.06,0.07,-0.04,0.19,150.21,215.4,-146.94,535.37
LGIR,LFPG,0,23,3.75,13.87,-15.57,24.73,0.09,0.07,-0.01,0.17,214.39,178.18,-30.75,386.26
LGIR,LFPG,1,27,3.54,24.04,-20.52,25.1,0.08,0.07,-0.03,0.17,189.31,173.59,-66.62,418.16
LGIR,LFPO,0,36,4.85,11.21,-6.32,23.95,0.08,0.07,-0.02,0.2,189.24,162.07,-47.82,500.6
LGIR,LFPO,1,26,1.18,11.69,-17.45,14.95,0.07,0.06,-0.03,0.15,158.25,151.19,-63.0,361.65
LGIR,LFPO,2,28,4.74,9.25,-4.64,22.38,0.07,0.06,-0.04,0.15,177.74,137.98,-96.8,358.58
LGIR,LFRS,0,52,1.41,18.66,-19.44,30.17,0.03,0.11,-0.13,0.21,80.24,266.63,-316.88,506.43
LGIR,LGAV,0,144,9.82,8.66,-3.08,22.46,0.02,0.05,-0.06,0.1,55.5,125.85,-147.08,245.27
LGIR,LGAV,1,135,2.69,6.95,-5.0,17.82,0.05,0.05,-0.02,0.14,142.76,128.63,-35.19,371.4
LGIR,LGAV,2,16,4.15,31.19,-28.38,44.08,0.01,0.07,-0.09,0.14,16.33,207.3,-252.4,404.42
LGIR,LGAV,3,41,13.47,14.31,-0.3,32.2,0.06,0.09,-0.04,0.14,152.25,205.75,-97.8,385.8
LGIR,LGTS,0,84,-2.79,14.44,-18.03,21.24,0.03,0.05,-0.06,0.11,62.97,129.73,-142.73,252.27
LGIR,LLBG,0,138,13.6,14.23,-6.4,36.5,0.03,0.07,-0.07,0.15,69.32,171.98,-167.3,367.86
LGIR,LOWW,0,44,18.5,13.42,-1.11,41.01,0.07,0.06,-0.03,0.13,180.71,147.18,-77.06,374.67
LGIR,LOWW,1,34,-1.76,23.04,-27.43,43.5,0.02,0.07,-0.09,0.12,43.78,173.11,-222.9,291.64
LGIR,LOWW,2,22,4.81,11.34,-8.52,19.24,0.04,0.06,-0.03,0.13,96.33,132.64,-81.46,297.5
LGIR,LSZH,0,18,-15.43,10.27,-27.46,1.49,-0.0,0.13,-0.19,0.18,3.24,330.49,-454.7,461.98
LGIR,LSZH,1,40,13.7,10.67,-3.37,31.21,0.04,0.1,-0.1,0.22,88.15,250.89,-259.05,545.12
LGIR,LSZH,2,39,-16.58,16.92,-37.69,12.14,-0.07,0.12,-0.28,0.12,-167.8,312.04,-690.83,294.48
LGIR,LSZH,3,15,12.31,14.62,-3.4,33.22,-0.04,0.14,-0.18,0.16,-88.73,334.09,-422.22,390.62
LGKF,EGCC,0,33,9.15,16.21,-10.84,32.92,-0.05,0.08,-0.15,0.08,-115.06,190.36,-372.96,263.62
LGKF,EGCC,1,21,16.02,13.46,-2.9,44.3,0.01,0.12,-0.11,0.23,12.27,294.45,-426.7,522.6
LGKF,EGKK,0,69,13.09,14.18,-6.6,40.1,0.13,0.13,-0.06,0.34,303.11,303.42,-130.48,812.82
LGKF,LGAV,0,85,5.14,12.93,-13.56,25.6,-0.06,0.08,-0.21,0.07,-49.09,78.5,-186.9,63.8
LGKF,LGAV,1,16,4.78,11.92,-8.6,23.6,-0.04,0.08,-0.17,0.09,-93.15,204.46,-381.22,226.92
LGKO,EDDL,0,29,-17.19,13.87,-37.38,6.22,-0.01,0.09,-0.16,0.12,-14.48,225.04,-392.08,306.46
LGKO,EDDL,1,30,-11.88,11.18,-24.4,8.89,0.0,0.09,-0.11,0.09,1.47,208.52,-281.63,227.51
LGKO,EGCC,0,22,4.34,15.07,-10.7,38.16,-0.03,0.08,-0.14,0.1,-73.55,228.12,-341.84,430.95
LGKO,EGCC,1,27,-5.51,20.56,-41.4,20.07,-0.02,0.13,-0.18,0.15,-107.3,487.36,-455.33,352.59
LGKO,EGCC,2,15,-7.59,9.94,-25.45,5.47,-0.04,0.08,-0.14,0.07,-114.23,230.56,-465.01,160.86
LGKO,EGCC,3,15,1.24,7.41,-9.03,11.85,-0.07,0.04,-0.13,-0.02,-208.31,110.57,-383.33,-59.6
LGKO,EGKK,0,42,-2.26,13.9,-20.88,20.19,0.04,0.11,-0.09,0.22,117.08,304.04,-224.17,573.5
LGKO,EGKK,1,37,-1.62,14.88,-19.18,23.66,0.04,0.1,-0.1,0.18,107.9,264.93,-250.54,489.44
LGKO,LGAV,0,118,16.02,10.47,4.67,37.45,0.02,0.07,-0.07,0.13,20.34,74.53,-75.82,125.76
LGKO,LGAV,1,39,12.67,7.41,4.99,29.9,0.06,0.04,0.0,0.16,154.49,110.41,11.53,391.53
LGKO,LSZH,0,22,-23.73,19.86,-50.12,2.43,-0.1,0.17,-0.27,0.29,-252.38,421.88,-676.78,730.98
LGKO,LSZH,1,30,3.1,10.85,-11.14,20.67,-0.08,0.07,-0.17,0.03,-210.63,179.43,-436.66,62.72
LGKP,LGAV,0,64,14.52,10.32,2.34,32.29,-0.04,0.09,-0.17,0.08,-27.29,111.9,-149.24,73.6
LGKR,EDDL,0,32,-17.75,16.99,-48.84,4.8,-0.03,0.06,-0.12,0.07,-71.92,152.19,-289.08,187.48
LGKR,EDDL,1,11,-15.89,14.76,-40.55,0.3,0.03,0.1,-0.05,0.2,88.39,260.14,-115.9,512.15
LGKR,EGCC,0,57,7.3,9.7,-6.44,20.38,-0.0,0.08,-0.13,0.15,-18.98,221.9,-425.86,353.34
LGKR,EGCC,1,34,10.88,12.18,-4.3,35.08,-0.02,0.09,-0.15,0.07,-45.89,339.87,-386.04,181.87
LGKR,EGCC,2,18,2.99,17.27,-31.35,22.62,0.01,0.11,-0.11,0.15,44.93,301.36,-282.79,663.69
LGKR,EGKK,0,125,11.55,15.06,-7.32,38.66,0.12,0.13,-0.04,0.35,292.37,328.88,-98.6,847.78
LGKR,EGLL,0,69,7.07,12.46,-8.6,32.56,0.09,0.09,-0.06,0.24,227.91,223.05,-144.62,595.44
LGKR,EGSS,0,54,5.33,16.05,-11.3,25.41,0.03,0.1,-0.11,0.16,69.42,245.65,-272.39,364.64
LGKR,LGAV,0,56,-5.94,11.69,-19.25,10.8,-0.04,0.06,-0.11,0.06,-32.14,50.41,-102.45,48.85
LGKR,LGAV,1,74,-2.97,9.49,-17.18,12.37,-0.02,0.05,-0.09,0.06,-53.88,129.09,-249.28,162.32
LGKR,LGAV,2,34,-10.34,11.35,-21.54,3.14,-0.05,0.05,-0.12,0.05,-108.88,125.07,-297.35,113.34
LGLM,LGAV,0,65,-0.58,15.0,-16.76,19.24,-0.05,0.09,-0.17,0.1,-46.23,81.12,-160.2,90.68
LGMK,LGAV,0,379,10.39,15.7,0.5,24.88,0.06,0.1,-0.07,0.16,109.5,222.44,-162.09,336.37
LGMK,LIMC,0,51,-54.44,20.8,-80.1,-13.0,-0.25,0.07,-0.34,-0.13,-603.54,157.72,-801.8,-326.65
LGMK,LIRN,0,33,-18.04,28.27,-50.6,25.32,-0.06,0.09,-0.17,0.08,-149.14,208.57,-412.1,195.38
LGMK,LIRN,1,17,-27.74,25.0,-54.68,13.38,-0.08,0.1,-0.2,0.09,-196.08,231.41,-481.36,216.0
LGML,LGAV,0,73,6.24,8.25,-5.94,21.74,0.04,0.07,-0.08,0.14,26.57,43.92,-45.44,90.2
LGMT,LGAV,0,56,-5.46,14.83,-20.68,10.35,0.03,0.07,-0.04,0.09,86.74,175.6,-110.75,223.15
LGMT,LGAV,1,107,-0.29,32.95,-20.68,20.68,0.01,0.2,-0.17,0.13,10.42,185.41,-156.94,115.04
LGNX,LGAV,0,151,19.18,17.68,8.65,37.3,0.05,0.12,-0.1,0.21,34.52,82.49,-64.5,152.7
LGPA,LGAV,0,302,16.6,8.94,8.1,30.19,0.04,0.08,-0.04,0.19,36.4,70.85,-35.76,173.98
LGPL,LGAV,0,52,11.27,10.01,1.3,31.44,0.13,0.04,0.07,0.22,82.39,29.05,43.4,140.76
LGRP,EDDF,0,12,-27.58,17.72,-48.34,-4.11,-0.15,0.14,-0.36,0.02,-380.22,356.35,-933.98,51.59
LGRP,EDDF,1,20,-27.1,16.34,-49.54,-3.75,-0.11,0.1,-0.22,0.03,-269.04,247.97,-540.62,69.98
LGRP,EDDF,2,20,-21.43,18.7,-48.56,1.38,-0.11,0.08,-0.24,-0.02,-281.88,206.64,-599.06,-46.04
LGRP,EDDL,0,36,-8.6,11.95,-26.12,12.4,0.0,0.08,-0.12,0.14,5.78,217.07,-295.35,357.28
LGRP,EDDL,1,18,-9.64,10.28,-21.6,7.39,0.02,0.07,-0.06,0.14,51.57,187.51,-157.85,403.5
LGRP,EFHK,0,73,-2.8,11.34,-19.12,9.2,0.01,0.07,-0.11,0.12,22.18,181.84,-276.5,325.38
LGRP,EGBB,0,66,-17.74,21.4,-39.08,13.32,-0.1,0.14,-0.25,0.12,-238.68,318.76,-607.33,296.5
LGRP,EGCC,0,38,-4.04,16.6,-31.16,14.94,-0.06,0.1,-0.21,0.09,-179.61,281.22,-688.14,194.58
LGRP,EGCC,1,29,3.39,11.43,-15.3,21.14,0.02,0.08,-0.07,0.15,57.64,201.62,-181.34,391.88
LGRP,EGCC,2,53,2.67,11.14,-10.52,20.24,-0.06,0.08,-0.2,0.06,-199.81,303.19,-803.3,159.86
LGRP,EGGD,0,31,6.07,16.09,-11.1,24.65,0.02,0.08,-0.1,0.11,34.7,196.51,-230.65,242.8
LGRP,EGGD,1,26,8.25,20.85,-21.62,39.0,-0.01,0.16,-0.21,0.19,-33.8,367.87,-531.28,483.0
LGRP,EGKK,0,75,0.73,14.47,-18.35,24.49,0.05,0.13,-0.11,0.24,134.61,319.83,-277.79,604.16
LGRP,EGKK,1,65,7.76,13.1,-12.66,30.78,0.09,0.14,-0.09,0.3,238.88,385.85,-219.62,892.36
LGRP,EGSS,0,63,-1.48,13.67,-20.15,22.99,0.0,0.1,-0.17,0.16,3.72,238.1,-399.63,332.79
LGRP,LGAV,0,220,16.34,14.69,7.39,35.03,0.07,0.08,-0.02,0.16,170.6,170.5,-45.69,391.86
LGRP,LKPR,0,59,-21.11,8.57,-33.03,-5.69,-0.1,0.09,-0.22,0.05,-245.83,205.76,-514.06,111.5
LGRP,LLBG,0,95,28.27,12.8,10.63,51.03,0.06,0.07,-0.03,0.17,154.41,182.69,-81.02,470.6
LGRP,LLBG,1,27,-26.53,10.68,-40.31,-9.42,-0.08,0.07,-0.18,-0.0,-190.97,165.53,-428.0,0.0
LGRP,LOWW,0,41,3.12,19.84,-20.4,36.9,0.04,0.07,-0.07,0.17,104.34,185.38,-186.7,428.5
LGRP,LOWW,1,18,10.96,20.31,-12.57,48.93,0.03,0.06,-0.04,0.13,73.54,153.46,-95.9,317.2
LGSA,EFHK,0,56,-14.89,8.41,-32.57,-3.47,-0.04,0.07,-0.15,0.06,-97.46,166.88,-359.42,128.68
LGSA,EFHK,1,21,-11.51,15.43,-34.4,12.6,-0.03,0.06,-0.13,0.05,-69.14,153.37,-309.3,127.6
LGSA,EGKK,0,64,13.59,18.51,-12.53,48.12,0.12,0.13,-0.07,0.39,284.81,330.63,-164.53,939.67
LGSA,LGAV,0,118,-13.82,21.17,-25.38,3.11,-0.05,0.09,-0.13,0.04,-62.12,189.7,-317.82,43.52
LGSA,LGAV,1,92,-16.07,9.04,-25.27,0.45,-0.11,0.05,-0.18,-0.02,-280.74,129.23,-437.9,-52.87
LGSA,LGAV,2,54,-36.52,11.15,-47.9,-12.9,-0.12,0.05,-0.18,-0.02,-296.94,130.28,-438.2,-56.52
LGSK,LGAV,0,84,-2.88,20.81,-27.78,32.11,-0.04,0.1,-0.21,0.11,-34.93,102.2,-190.56,92.3
LGSM,LGAV,0,122,-15.21,11.44,-27.9,5.16,-0.1,0.08,-0.2,0.03,-88.27,92.02,-180.38,29.68
LGSR,EGKK,0,76,14.54,18.99,-7.93,45.45,0.1,0.13,-0.06,0.32,259.89,317.75,-134.35,809.05
LGSR,LGAV,0,633,5.59,15.54,-12.6,29.24,0.06,0.09,-0.06,0.17,108.65,174.69,-90.28,344.52
LGSR,LGAV,1,15,1.83,9.11,-9.22,16.39,-0.01,0.05,-0.07,0.06,-22.08,108.02,-158.95,129.13
LGTS,EDDB,0,34,-0.01,7.75,-12.06,12.3,0.01,0.05,-0.06,0.08,25.79,120.75,-160.18,184.38
LGTS,EDDB,1,23,1.85,11.02,-13.78,17.33,0.05,0.06,-0.04,0.14,109.55,145.0,-84.56,293.48
LGTS,EDDF,0,31,-20.03,22.28,-49.7,6.35,-0.09,0.11,-0.21,0.11,-215.88,280.05,-533.3,282.0
LGTS,EDDF,1,28,-11.4,24.26,-43.52,16.47,-0.15,0.07,-0.26,-0.06,-376.12,172.69,-667.9,-142.45
LGTS,EDDL,0,27,-10.16,14.84,-23.62,21.22,0.03,0.06,-0.08,0.11,70.37,142.06,-166.21,267.01
LGTS,EDDL,1,39,-13.8,22.98,-33.7,14.5,0.01,0.09,-0.06,0.15,30.74,222.08,-150.91,407.06
LGTS,EDDM,0,90,4.32,12.12,-12.72,23.61,-0.04,0.06,-0.13,0.07,-87.07,137.67,-281.66,153.36
LGTS,EDDS,0,65,1.29,11.84,-13.94,19.18,0.04,0.07,-0.07,0.16,107.26,178.05,-183.14,392.26
LGTS,EGKK,0,39,0.57,15.83,-19.91,31.81,0.08,0.11,-0.08,0.3,203.52,263.36,-188.6,749.9
LGTS,EGKK,1,15,-5.23,19.49,-33.13,21.32,0.06,0.14,-0.12,0.27,126.31,332.42,-291.02,593.94
LGTS,EGKK,2,32,2.78,14.51,-15.86,27.82,0.12,0.13,-0.06,0.34,315.81,345.73,-151.4,942.95
LGTS,LCLK,0,59,0.02,14.67,-22.61,18.12,0.03,0.06,-0.05,0.12,85.47,135.95,-115.0,298.27
LGTS,LCLK,1,15,-3.97,12.12,-21.87,11.82,0.02,0.04,-0.04,0.08,60.85,104.14,-92.88,204.2
LGTS,LCLK,2,20,-14.85,10.62,-30.97,0.32,0.01,0.06,-0.08,0.09,11.39,136.42,-191.7,198.44
LGTS,LGAV,0,300,-2.37,23.01,-33.52,32.49,-0.05,0.08,-0.18,0.09,-122.49,199.97,-414.28,230.14
LGTS,LGAV,1,20,2.58,28.22,-21.96,46.03,-0.02,0.12,-0.13,0.11,-62.12,275.12,-319.34,279.46
LGTS,LGAV,2,57,12.23,51.32,-14.42,42.08,0.03,0.25,-0.11,0.18,71.99,636.97,-282.68,429.28
LGTS,LGAV,3,16,-1.31,13.63,-19.27,17.78,-0.04,0.07,-0.11,0.09,-101.32,160.72,-250.45,209.4
LGTS,LGAV,4,33,-11.74,16.06,-31.06,16.08,-0.11,0.12,-0.33,0.03,-101.15,105.25,-296.82,27.24
LGTS,LGIR,0,85,-5.44,21.91,-24.94,12.68,-0.06,0.1,-0.21,0.03,-148.82,237.08,-482.34,83.42
LGTS,LLBG,0,46,-3.53,13.9,-26.3,16.5,-0.03,0.06,-0.14,0.07,-62.17,146.9,-342.65,160.0
LGTS,LLBG,1,18,-1.28,17.49,-20.62,28.7,-0.08,0.1,-0.2,0.09,-184.94,250.23,-471.6,231.05
LGTS,LOWW,0,76,7.93,17.11,-15.9,42.4,0.04,0.05,-0.05,0.12,89.18,112.36,-125.0,254.58
LGTS,LSZH,0,20,-2.88,17.58,-30.82,18.02,-0.0,0.11,-0.18,0.16,-28.37,268.79,-421.44,308.2
LGTS,LSZH,1,37,4.28,12.59,-13.9,25.36,0.02,0.09,-0.15,0.15,33.25,203.7,-313.72,334.82
LGTS,LTFM,0,60,-4.84,13.26,-23.48,20.05,-0.03,0.06,-0.1,0.05,-85.53,158.11,-260.0,130.5
LGZA,EGCC,0,36,8.83,10.35,-4.42,30.8,-0.03,0.08,-0.17,0.08,-70.08,221.11,-413.05,187.28
LGZA,EGCC,1,24,22.92,13.41,7.78,39.71,0.01,0.1,-0.15,0.16,49.14,277.91,-365.67,394.31
LGZA,EGKK,0,51,17.29,13.87,-1.5,39.75,0.17,0.12,0.03,0.36,409.42,293.17,67.05,900.0
LGZA,EHAM,0,57,16.51,13.53,-0.68,36.28,0.04,0.06,-0.07,0.14,92.38,147.24,-158.16,324.16
LGZA,LGAV,0,87,-10.41,16.19,-23.97,17.19,-0.07,0.09,-0.17,0.06,-89.33,104.39,-322.17,49.05
LHBP,EBBR,0,50,6.91,15.69,-6.89,24.35,-0.01,0.08,-0.12,0.09,-19.01,166.84,-266.39,201.86
LHBP,EBCI,0,57,-22.6,11.64,-38.8,1.96,-0.02,0.06,-0.1,0.09,-42.05,157.43,-251.74,214.72
LHBP,EDDB,0,65,3.36,10.07,-11.82,19.0,0.01,0.06,-0.06,0.08,26.56,135.26,-145.76,197.46
LHBP,EDDF,0,112,-11.76,16.19,-43.04,6.13,-0.1,0.07,-0.21,0.0,-262.9,198.87,-583.66,2.11
LHBP,EDDF,1,18,-27.67,21.87,-56.57,12.04,-0.24,0.08,-0.39,-0.13,-596.57,191.41,-904.64,-326.45
LHBP,EDDM,0,111,14.34,16.69,-7.25,43.8,-0.04,0.07,-0.15,0.08,-82.05,170.63,-343.7,203.15
LHBP,EFHK,0,37,6.9,6.66,-0.72,22.48,0.04,0.06,-0.05,0.13,94.84,130.32,-112.3,312.42
LHBP,EFHK,1,20,-9.19,8.81,-20.66,10.01,-0.0,0.05,-0.06,0.07,0.53,118.37,-121.68,162.35
LHBP,EGGW,0,51,2.08,13.85,-18.25,25.75,0.09,0.07,-0.03,0.2,221.86,183.27,-68.75,536.7
LHBP,EGGW,1,25,-0.64,16.46,-18.54,23.62,0.07,0.08,-0.05,0.18,170.53,211.2,-117.78,452.06
LHBP,EGGW,2,16,-4.74,16.86,-24.15,20.8,0.07,0.08,-0.07,0.18,171.94,211.78,-168.25,441.48
LHBP,EGLL,0,107,18.06,13.53,1.1,38.34,0.23,0.12,0.05,0.44,506.68,263.42,110.66,970.53
LHBP,EGSS,0,87,10.5,10.02,-2.92,29.04,0.1,0.06,-0.0,0.2,223.89,141.17,-3.15,431.19
LHBP,EGSS,1,32,9.73,10.42,-1.92,29.96,0.09,0.06,0.01,0.19,219.85,132.64,34.37,465.18
LHBP,EHAM,0,144,14.19,9.28,2.42,31.63,0.07,0.07,-0.03,0.17,165.06,158.65,-59.07,410.09
LHBP,EKCH,0,51,-19.96,11.59,-36.55,0.5,-0.11,0.06,-0.21,-0.02,-247.2,130.17,-447.8,-45.35
LHBP,EPWA,0,131,-11.1,15.6,-29.8,16.6,-0.02,0.06,-0.11,0.1,-34.79,120.83,-229.6,190.6
LHBP,EPWA,1,12,-24.26,11.42,-32.67,-8.34,-0.04,0.06,-0.11,0.04,-63.97,103.63,-204.98,77.75
LHBP,LEBL,0,26,-1.69,8.43,-10.1,16.62,0.04,0.08,-0.05,0.12,99.71,192.28,-126.95,323.12
LHBP,LEBL,1,50,-5.16,11.35,-25.4,11.77,-0.0,0.1,-0.11,0.14,-8.17,221.59,-282.12,336.77
LHBP,LEMD,0,37,1.67,12.87,-11.3,19.26,-0.03,0.07,-0.16,0.08,-70.48,169.77,-364.42,193.6
LHBP,LEMD,1,29,0.17,22.68,-17.64,15.22,0.04,0.09,-0.05,0.21,107.74,232.27,-134.54,500.0
LHBP,LFPG,0,89,5.47,14.26,-11.86,33.36,0.06,0.09,-0.11,0.21,134.71,216.36,-273.48,470.3
LHBP,LFSB,0,21,-36.9,9.32,-51.2,-24.3,-0.02,0.06,-0.11,0.05,-62.55,154.28,-279.8,127.8
LHBP,LFSB,1,29,-12.08,10.88,-26.24,7.86,0.05,0.04,-0.0,0.11,119.37,96.68,-7.96,264.92
LHBP,LIMC,0,19,-56.97,12.59,-67.34,-43.33,-0.21,0.06,-0.29,-0.11,-645.65,179.82,-889.78,-332.11
LHBP,LIMC,1,44,-45.96,10.94,-56.83,-33.22,-0.19,0.05,-0.26,-0.07,-465.06,136.53,-688.72,-179.19
LHBP,LIME,0,51,-38.52,20.61,-61.15,-5.05,-0.05,0.08,-0.15,0.05,-123.96,184.32,-335.0,104.0
LHBP,LKPR,0,24,-12.5,10.0,-27.44,2.39,0.01,0.04,-0.06,0.07,37.78,179.28,-220.8,265.61
LHBP,LKPR,1,31,-8.41,11.0,-28.95,6.6,-0.04,0.05,-0.11,0.04,-90.21,119.42,-274.0,120.0
LHBP,LLBG,0,79,-6.96,11.63,-24.11,13.16,0.01,0.07,-0.1,0.12,10.66,160.86,-264.33,274.6
LHBP,LLBG,1,26,-17.35,19.32,-38.5,24.28,0.04,0.09,-0.05,0.25,110.82,242.26,-115.32,603.75
LHBP,LLBG,2,13,-3.58,11.79,-18.1,12.76,0.05,0.08,-0.09,0.16,125.13,203.87,-218.86,397.16
LHBP,LOWW,0,91,20.4,17.61,-1.7,60.15,0.07,0.07,-0.03,0.19,129.84,125.93,-60.0,338.75
LHBP,LSZH,0,42,15.24,11.05,-2.9,28.49,0.04,0.08,-0.09,0.17,79.22,165.42,-218.87,332.17
LHBP,LSZH,1,23,17.33,9.16,2.47,29.57,0.05,0.11,-0.14,0.24,126.49,242.32,-271.81,533.29
LHBP,LTFM,0,129,-43.07,22.27,-69.46,-2.7,-0.03,0.09,-0.13,0.1,-111.19,316.08,-435.04,247.84
LHBP,LYBE,0,63,-7.88,13.34,-26.01,18.97,0.01,0.06,-0.07,0.14,-3.06,112.48,-70.23,122.3
LHBP,OMDB,0,74,1.43,21.62,-31.8,40.41,0.17,0.14,-0.05,0.45,949.77,1100.91,-103.32,3328.31
LIBD,EDDM,0,60,9.79,19.93,-8.92,33.4,0.01,0.08,-0.11,0.11,25.62,141.35,-192.72,204.0
LIBD,EGKK,0,23,18.3,46.04,-9.1,55.01,0.19,0.13,0.03,0.37,476.63,310.4,62.13,1034.36
LIBD,EGKK,1,30,13.6,18.34,-3.78,27.26,0.21,0.17,-0.0,0.53,521.97,446.58,-22.15,1242.38
LIBD,LATI,0,60,-11.97,27.12,-48.21,20.19,0.0,0.11,-0.16,0.13,9.89,293.61,-390.87,377.17
LIBD,LIMC,0,33,-48.58,42.2,-81.06,1.92,-0.17,0.22,-0.32,0.18,-412.04,472.29,-785.94,378.8
LIBD,LIMC,1,52,-58.07,26.56,-95.54,-8.88,-0.21,0.09,-0.33,-0.07,-503.98,212.54,-802.38,-174.86
LIBD,LIMC,2,45,-57.66,31.84,-90.06,-3.2,-0.19,0.15,-0.34,0.04,-463.58,364.49,-839.9,92.86
LIBD,LIME,0,95,-21.24,29.97,-68.53,2.48,-0.04,0.1,-0.18,0.09,-89.94,231.48,-421.39,206.98
LIBD,LIMF,0,50,3.36,26.8,-12.16,11.07,0.02,0.07,-0.04,0.07,47.73,178.45,-100.5,156.28
LIBD,LIML,0,109,-8.72,12.3,-31.94,8.18,-0.01,0.08,-0.1,0.07,-9.16,177.01,-214.46,150.84
LIBD,LIML,1,60,-14.28,13.71,-37.53,7.19,-0.02,0.06,-0.1,0.06,-30.03,119.92,-208.04,120.57
LIBD,LIPE,0,60,-3.4,28.51,-38.41,8.67,0.04,0.19,-0.06,0.13,97.09,453.62,-152.96,280.32
LIBD,LIPZ,0,37,-13.88,15.21,-32.92,9.08,-0.07,0.07,-0.15,0.03,-174.78,166.44,-362.14,82.64
LIBD,LIPZ,1,23,-36.76,15.5,-49.86,-5.8,-0.13,0.04,-0.18,-0.05,-317.88,96.66,-441.84,-126.6
LIBD,LIRF,0,53,-42.24,24.11,-69.96,6.86,-0.1,0.08,-0.23,0.06,-245.37,198.18,-553.82,135.2
LIBD,LIRF,1,148,-34.89,18.63,-60.0,-1.87,-0.11,0.08,-0.23,0.01,-255.14,180.61,-563.52,13.03
LIBP,LIME,0,36,-22.53,9.56,-34.2,-0.38,-0.07,0.05,-0.15,-0.0,-152.7,106.54,-342.7,-3.0
LIBP,LIME,1,16,-25.11,14.71,-41.58,-10.48,-0.07,0.04,-0.13,-0.02,-175.8,95.65,-303.2,-50.0
LIBR,LIMC,0,97,-48.96,19.68,-71.64,0.2,-0.18,0.12,-0.31,-0.03,-429.08,277.6,-721.1,-66.14
LIBR,LIMC,1,10,-33.0,73.09,-81.6,91.21,-0.07,0.34,-0.23,0.48,-157.02,821.9,-561.1,1162.98
LIBR,LIME,0,48,-11.23,14.31,-23.16,2.41,0.0,0.08,-0.1,0.09,5.72,193.39,-227.76,216.36
LIBR,LIME,1,24,-24.73,27.87,-56.51,8.71,-0.06,0.08,-0.15,0.11,-132.52,187.78,-317.95,256.09
LIBR,LIME,2,34,-24.16,24.65,-71.76,1.43,-0.04,0.08,-0.2,0.06,-91.22,193.47,-457.5,144.85
LIBR,LIML,0,41,0.22,11.63,-12.1,22.8,-0.02,0.09,-0.11,0.07,-37.31,175.84,-215.0,142.2
LIBR,LIML,1,46,-1.91,9.0,-18.58,11.05,0.03,0.06,-0.04,0.08,61.64,123.76,-88.18,195.3
LIBR,LIPE,0,72,-8.29,15.98,-37.92,1.96,0.0,0.06,-0.09,0.1,6.09,141.71,-202.52,241.67
LIBR,LIRF,0,145,-37.4,32.15,-64.46,0.28,-0.09,0.1,-0.2,0.02,-225.91,229.66,-479.42,40.36
LIBR,LSZH,0,18,-10.29,14.27,-27.68,10.73,-0.0,0.08,-0.09,0.14,-7.49,185.07,-229.81,345.18
LIBR,LSZH,1,19,6.06,15.55,-15.5,31.03,0.03,0.09,-0.07,0.16,49.37,191.77,-180.64,303.93
LIBR,LSZH,2,24,-8.5,16.18,-26.24,16.25,-0.0,0.06,-0.1,0.12,-10.52,155.47,-266.96,230.6
LICA,LIMC,0,92,-43.49,23.94,-63.14,3.75,-0.22,0.11,-0.35,-0.03,-554.51,277.82,-930.74,-65.26
LICA,LIMC,1,60,-60.69,22.63,-79.5,-13.72,-0.26,0.11,-0.37,-0.11,-592.39,244.38,-808.5,-275.34
LICA,LIME,0,77,-8.29,12.12,-16.84,15.3,-0.0,0.1,-0.09,0.1,-1.96,221.65,-209.0,243.6
LICA,LIML,0,41,3.14,5.5,-2.8,9.7,-0.01,0.04,-0.05,0.05,-19.45,87.65,-110.0,129.9
LICA,LIML,1,23,-5.11,12.19,-15.42,8.98,-0.01,0.1,-0.08,0.22,-28.74,238.01,-208.39,537.72
LICA,LIML,2,25,-0.66,18.15,-13.54,17.84,-0.0,0.09,-0.11,0.15,-2.0,190.07,-242.02,336.3
LICA,LIPE,0,51,-6.26,13.13,-27.2,15.1,0.0,0.06,-0.08,0.11,1.16,147.46,-180.0,237.35
LICA,LIRF,0,90,-43.27,22.78,-68.11,-3.66,-0.12,0.08,-0.21,0.0,-286.06,200.16,-524.38,0.0
LICC,EDDM,0,16,8.36,12.53,-2.28,28.12,-0.09,0.08,-0.21,0.02,-231.89,196.96,-514.8,57.12
LICC,EDDM,1,32,7.3,14.9,-6.91,27.52,-0.1,0.08,-0.22,0.02,-251.57,208.81,-541.16,41.86
LICC,EDDM,2,37,8.71,8.46,-1.0,23.84,-0.02,0.08,-0.12,0.08,-63.84,198.42,-325.62,206.2
LICC,EGKK,0,42,8.36,17.66,-17.8,31.47,0.13,0.12,-0.03,0.31,331.38,300.21,-62.86,856.96
LICC,EGKK,1,48,13.05,16.69,-1.6,34.71,0.15,0.13,-0.01,0.4,390.81,354.85,-37.64,1097.41
LICC,LIMC,0,279,-56.54,22.39,-86.32,-7.4,-0.22,0.1,-0.32,-0.07,-520.78,237.39,-791.61,-144.03
LICC,LIME,0,86,-24.62,14.96,-49.82,-11.0,-0.01,0.09,-0.1,0.1,-19.59,211.36,-240.0,240.98
LICC,LIME,1,19,-9.96,17.19,-17.76,6.85,-0.03,0.13,-0.12,0.05,-72.31,277.35,-278.83,102.61
LICC,LIMF,0,58,-11.96,11.74,-38.3,1.04,-0.04,0.06,-0.12,0.05,-96.84,133.02,-286.0,123.04
LICC,LIMF,1,20,-1.48,5.78,-12.78,4.91,0.02,0.04,-0.07,0.07,53.16,101.35,-168.68,167.29
LICC,LIML,0,221,-1.19,9.81,-13.9,11.5,-0.0,0.06,-0.08,0.1,-1.99,137.31,-190.7,220.0
LICC,LIML,1,43,-3.55,10.12,-11.36,5.15,-0.0,0.1,-0.1,0.08,-4.44,239.68,-245.83,203.3
LICC,LIPE,0,71,-20.94,17.73,-60.65,-1.65,-0.01,0.08,-0.12,0.11,-20.62,182.86,-280.0,260.0
LICC,LIPE,1,31,-20.89,13.59,-48.45,-5.2,-0.04,0.05,-0.12,0.06,-80.12,112.35,-245.0,133.0
LICC,LIPE,2,15,-8.73,23.69,-43.23,20.57,-0.0,0.07,-0.07,0.12,-11.82,180.99,-166.6,323.08
LICC,LIPE,3,30,-9.46,16.18,-39.18,3.36,-0.03,0.07,-0.13,0.07,-77.93,166.69,-333.3,177.7
LICC,LIPX,0,36,-9.65,12.83,-19.68,1.08,-0.01,0.06,-0.07,0.09,-13.67,154.57,-166.62,230.1
LICC,LIPX,1,30,-4.95,11.36,-20.22,8.14,0.01,0.05,-0.05,0.1,23.02,131.81,-125.0,254.17
LICC,LIPX,2,30,-20.72,10.36,-38.65,-6.09,-0.02,0.06,-0.09,0.08,-38.31,135.35,-218.08,211.05
LICC,LIPZ,0,121,-20.74,14.41,-38.5,2.4,-0.07,0.05,-0.15,0.0,-179.21,125.26,-360.0,0.0
LICC,LIRF,0,470,-51.76,21.77,-77.05,-11.58,-0.12,0.08,-0.23,0.0,-305.32,190.92,-583.3,1.74
LICC,LIRN,0,127,-29.11,19.39,-52.48,0.47,-0.08,0.08,-0.19,0.07,-190.33,188.69,-458.3,176.0
LICC,LIRP,0,31,-20.07,10.57,-45.8,-7.8,-0.02,0.05,-0.1,0.06,-34.91,113.9,-202.3,151.7
LICC,LIRP,1,29,-20.48,16.55,-50.08,0.68,-0.01,0.06,-0.09,0.08,-17.98,146.36,-222.14,180.9
LICC,LMML,0,142,12.78,16.96,-14.28,38.04,0.02,0.06,-0.06,0.12,51.82,146.27,-139.24,297.5
LICJ,LFPO,0,44,6.56,12.3,-8.7,35.45,0.06,0.06,-0.01,0.18,156.64,142.7,-14.6,457.44
LICJ,LFPO,1,18,4.13,6.38,-5.84,10.52,0.04,0.04,-0.02,0.11,107.93,108.49,-38.9,264.7
LICJ,LIMC,0,104,-45.99,22.92,-71.48,2.04,-0.23,0.09,-0.35,-0.08,-548.36,216.14,-800.0,-200.0
LICJ,LIMC,1,109,-45.12,23.81,-64.62,-0.44,-0.23,0.11,-0.33,-0.02,-526.79,263.47,-762.0,-38.66
LICJ,LIME,0,28,-14.92,12.88,-27.6,-0.23,-0.02,0.09,-0.11,0.04,-58.79,223.21,-266.0,106.0
LICJ,LIME,1,79,-13.09,7.65,-26.93,0.43,-0.04,0.04,-0.1,0.02,-93.74,92.96,-210.06,43.0
LICJ,LIMF,0,69,5.47,6.72,-4.58,13.62,0.01,0.15,-0.07,0.09,37.34,378.57,-160.0,224.0
LICJ,LIML,0,39,3.71,6.92,-3.35,10.0,-0.02,0.04,-0.1,0.02,-56.93,90.43,-205.0,45.86
LICJ,LIML,1,95,4.09,9.16,-6.53,12.31,-0.02,0.05,-0.07,0.05,-36.28,119.38,-148.71,98.79
LICJ,LIML,2,62,1.94,11.55,-6.78,9.67,-0.01,0.09,-0.08,0.13,-32.49,213.89,-207.68,321.91
LICJ,LIPE,0,23,-4.87,10.55,-14.25,4.93,0.0,0.07,-0.07,0.1,7.51,145.96,-140.0,210.0
LICJ,LIPE,1,41,-6.36,11.17,-26.4,6.0,-0.02,0.05,-0.08,0.05,-49.67,123.19,-200.0,120.0
LICJ,LIPE,2,17,-11.98,11.83,-27.7,0.9,-0.02,0.04,-0.08,0.04,-56.66,94.61,-200.0,88.0
LICJ,LIPX,0,47,-10.54,6.27,-19.73,0.28,-0.03,0.04,-0.08,0.02,-83.04,86.47,-205.88,41.19
LICJ,LIPX,1,39,-7.41,10.7,-17.0,5.61,-0.01,0.08,-0.08,0.06,-20.43,186.01,-200.0,152.0
LICJ,LIPZ,0,67,-17.6,15.49,-32.85,6.49,-0.07,0.07,-0.15,0.05,-161.91,158.97,-352.02,112.49
LICJ,LIPZ,1,36,-21.21,11.63,-32.67,0.0,-0.07,0.07,-0.15,0.05,-170.98,159.84,-360.0,130.0
LICJ,LIRF,0,352,-33.66,20.31,-59.24,3.99,-0.12,0.08,-0.23,0.03,-298.96,204.97,-583.3,80.0
LICJ,LIRF,1,158,-31.29,21.44,-61.56,2.95,-0.14,0.08,-0.27,-0.0,-337.33,188.97,-613.31,-9.09
LICJ,LIRN,0,32,-25.22,28.25,-55.4,12.62,-0.1,0.09,-0.19,0.06,-252.64,231.39,-473.38,158.31
LICJ,LIRN,1,63,-22.13,23.74,-56.1,9.24,-0.08,0.09,-0.2,0.08,-182.07,200.44,-440.0,200.77
LICJ,LIRN,2,15,-28.67,25.03,-54.38,7.77,-0.11,0.06,-0.18,-0.01,-256.15,141.38,-451.65,-28.0
LICJ,LIRP,0,27,-5.59,9.83,-22.79,5.23,0.01,0.05,-0.06,0.09,28.68,115.24,-134.28,226.7
LICJ,LIRP,1,15,-7.18,3.49,-10.86,-1.47,0.01,0.06,-0.05,0.1,23.11,134.4,-105.74,243.68
LICJ,LIRP,2,17,-7.45,6.22,-20.16,-2.16,0.01,0.04,-0.06,0.06,28.77,87.2,-134.98,127.78
LICJ,LSZH,0,51,-4.12,14.09,-25.4,16.45,-0.03,0.07,-0.13,0.09,-79.77,177.91,-339.2,238.9
LICJ,LSZH,1,17,-11.66,17.8,-28.08,22.8,-0.02,0.1,-0.12,0.13,-54.85,210.56,-265.56,300.18
LICR,LIML,0,20,-2.57,5.33,-11.21,5.88,-0.03,0.08,-0.1,0.05,-60.22,180.54,-220.62,115.45
LICR,LIML,1,40,-8.59,5.42,-15.92,-0.94,-0.03,0.1,-0.15,0.08,-59.51,220.05,-330.0,185.7
LICR,LIRF,0,56,-49.19,20.77,-73.2,-9.85,-0.16,0.07,-0.25,-0.04,-361.29,164.26,-583.3,-91.35
LICT,LIPE,0,17,-14.53,10.66,-33.62,-0.8,-0.02,0.05,-0.07,0.05,-41.11,99.02,-154.0,105.0
LICT,LIPE,1,43,-12.81,9.15,-27.12,-2.57,-0.03,0.05,-0.1,0.06,-66.33,128.5,-240.0,156.0
LIEA,LIMC,0,18,-35.09,21.06,-51.32,2.12,-0.18,0.14,-0.29,0.0,-428.98,341.59,-732.71,16.4
LIEA,LIMC,1,39,-56.43,22.38,-80.77,-26.94,-0.23,0.15,-0.33,-0.14,-544.72,368.8,-804.0,-344.0
LIEA,LIML,0,59,3.12,9.39,-4.17,22.82,-0.07,0.06,-0.13,0.04,-166.89,143.59,-333.3,89.99
LIEA,LIML,1,31,-23.28,13.08,-33.4,3.5,-0.08,0.05,-0.15,-0.0,-199.85,119.85,-346.85,-0.75
LIEA,LIPE,0,21,-30.54,20.36,-59.2,6.2,-0.05,0.06,-0.13,0.02,-116.26,137.05,-320.0,40.0
LIEA,LIPE,1,34,-20.04,16.52,-38.99,1.08,-0.07,0.08,-0.17,0.07,-152.33,195.05,-381.0,163.75
LIEA,LIRF,0,89,-23.73,20.56,-47.72,6.9,-0.14,0.06,-0.23,-0.05,-333.74,143.82,-544.0,-120.0
LIEE,LIMC,0,81,-40.53,16.07,-59.9,-8.0,-0.21,0.09,-0.3,-0.07,-528.5,248.12,-791.6,-160.0
LIEE,LIME,0,75,-21.4,7.26,-31.13,-9.29,-0.08,0.05,-0.16,-0.01,-185.05,114.34,-386.0,-32.36
LIEE,LIME,1,25,-13.69,14.21,-35.9,8.36,-0.02,0.14,-0.12,0.06,-37.61,339.18,-273.0,152.0
LIEE,LIMF,0,54,4.81,8.69,-2.84,21.46,-0.01,0.07,-0.08,0.06,-17.48,168.2,-200.0,132.24
LIEE,LIML,0,171,4.13,7.43,-2.9,19.1,-0.01,0.05,-0.08,0.08,-33.1,125.31,-208.3,197.2
LIEE,LIML,1,15,-14.44,16.61,-40.5,1.68,-0.05,0.05,-0.13,0.01,-128.67,122.02,-320.16,12.51
LIEE,LIPE,0,63,-5.02,13.56,-25.25,16.04,-0.01,0.08,-0.1,0.11,-13.8,176.51,-238.87,275.0
LIEE,LIPX,0,26,-10.22,12.27,-32.17,4.22,-0.04,0.07,-0.15,0.08,-105.87,170.7,-360.0,185.0
LIEE,LIPX,1,31,-11.82,9.38,-25.2,2.2,-0.06,0.05,-0.13,0.02,-149.56,126.49,-320.0,43.65
LIEE,LIPX,2,19,1.43,11.58,-21.22,14.89,-0.02,0.03,-0.07,0.03,-50.84,77.94,-170.86,73.97
LIEE,LIPZ,0,56,-21.72,18.46,-45.78,6.12,-0.12,0.07,-0.23,0.0,-288.37,165.38,-556.7,0.0
LIEE,LIRA,0,27,-15.27,9.22,-26.88,0.39,-0.04,0.07,-0.13,0.05,-99.23,164.24,-280.0,120.0
LIEE,LIRA,1,25,-14.57,10.5,-27.86,3.78,0.02,0.07,-0.06,0.15,36.75,155.72,-152.0,360.0
LIEE,LIRF,0,71,-42.28,18.17,-63.3,-8.45,-0.13,0.05,-0.21,-0.04,-317.77,135.36,-520.85,-89.45
LIEE,LIRF,1,92,-36.04,18.46,-58.86,-4.07,-0.11,0.06,-0.19,-0.0,-272.21,151.48,-487.15,-3.46
LIEE,LIRF,2,69,-36.61,23.32,-70.68,1.48,-0.14,0.07,-0.24,-0.03,-369.71,193.03,-648.02,-79.28
LIEE,LIRP,0,25,-20.04,22.83,-51.12,14.08,-0.02,0.08,-0.14,0.09,-56.15,193.67,-329.86,206.64
LIEE,LIRP,1,35,-11.33,18.36,-43.79,11.43,-0.01,0.06,-0.11,0.08,-14.76,136.99,-245.5,192.1
LIEO,EDDM,0,30,-15.62,13.43,-29.0,7.58,-0.12,0.07,-0.22,-0.01,-298.52,169.7,-550.93,-16.51
LIEO,EDDM,1,17,-4.72,7.51,-13.9,6.94,-0.1,0.07,-0.2,0.0,-189.04,152.53,-390.02,10.22
LIEO,EDDM,2,22,-13.01,15.44,-28.28,8.94,-0.09,0.08,-0.19,0.06,-170.29,171.49,-399.34,139.8
LIEO,EGKK,0,52,9.92,13.71,-2.16,33.28,0.13,0.12,0.0,0.32,302.93,264.33,-0.08,757.74
LIEO,LIMC,0,92,-47.52,14.6,-60.84,-8.37,-0.23,0.08,-0.32,-0.11,-571.29,202.94,-791.6,-267.54
LIEO,LIMC,1,24,-71.96,27.97,-95.38,-34.84,-0.27,0.09,-0.4,-0.15,-648.22,226.3,-982.0,-336.75
LIEO,LIME,0,18,-20.51,38.89,-47.38,22.51,-0.1,0.16,-0.25,0.07,-224.45,392.11,-625.0,180.0
LIEO,LIME,1,43,-29.63,13.77,-42.38,-3.66,-0.09,0.12,-0.2,0.01,-214.01,277.67,-476.3,35.35
LIEO,LIML,0,118,-24.83,25.03,-52.34,16.62,-0.12,0.09,-0.23,0.03,-284.17,226.85,-560.0,80.0
LIEO,LIPX,0,86,-22.38,16.23,-41.98,8.75,-0.06,0.05,-0.13,0.03,-139.16,123.96,-333.4,73.22
LIEO,LIRF,0,40,-34.08,25.26,-70.61,13.13,-0.12,0.09,-0.22,-0.02,-300.66,222.73,-541.7,-49.71
LIEO,LIRF,1,119,-26.94,21.59,-52.05,14.57,-0.14,0.06,-0.23,-0.05,-345.98,142.26,-561.44,-108.87
LIEO,LIRF,2,15,-46.6,23.69,-78.27,-9.91,-0.19,0.06,-0.25,-0.07,-468.24,157.12,-634.97,-183.31
LIEO,LIRN,0,53,-40.4,50.72,-80.12,23.04,-0.06,0.18,-0.22,0.22,-156.52,452.08,-558.38,552.74
LIMC,DTTA,0,34,6.55,16.42,-21.52,33.54,0.06,0.06,-0.03,0.15,146.49,153.68,-63.44,372.05
LIMC,DTTA,1,22,7.75,15.15,-17.73,32.19,0.09,0.07,0.01,0.19,206.15,151.52,24.05,441.29
LIMC,EBBR,0,51,-7.75,12.87,-25.45,12.0,-0.04,0.06,-0.14,0.03,-97.02,141.58,-312.3,72.1
LIMC,EBLG,0,23,-83.33,15.27,-97.57,-63.77,-0.43,0.07,-0.52,-0.32,-374.89,71.42,-463.5,-272.03
LIMC,EBLG,1,18,-70.52,12.78,-85.51,-54.39,-0.35,0.1,-0.47,-0.21,-306.96,88.84,-420.0,-181.32
LIMC,EBLG,2,24,-57.0,14.94,-74.3,-30.52,-0.15,0.04,-0.2,-0.09,-365.21,101.46,-477.75,-206.0
LIMC,EDDF,0,153,-62.09,20.34,-90.06,-32.1,-0.29,0.08,-0.38,-0.19,-706.56,184.73,-931.12,-462.18
LIMC,EDDK,0,60,-25.39,15.45,-47.86,1.42,-0.08,0.1,-0.24,0.06,-196.87,236.86,-562.86,126.13
LIMC,EDDL,0,19,-15.61,20.06,-39.91,20.87,-0.03,0.1,-0.19,0.13,-76.42,235.89,-460.3,324.88
LIMC,EDDL,1,44,-42.56,12.86,-56.28,-19.27,-0.08,0.09,-0.2,0.1,-184.12,204.04,-448.62,246.06
LIMC,EDDM,0,130,-7.73,18.04,-40.27,18.83,-0.09,0.06,-0.18,0.01,-171.87,111.79,-330.05,21.3
LIMC,EDDP,0,9,-106.19,23.31,-135.0,-75.44,-0.21,0.02,-0.24,-0.18,-910.68,308.68,-1283.02,-480.7
LIMC,EDDP,1,43,-54.93,19.18,-91.03,-26.37,-0.09,0.08,-0.21,0.04,-466.86,459.56,-1240.05,172.78
LIMC,EDDP,2,11,-43.98,49.62,-87.6,31.55,-0.15,0.2,-0.32,0.19,-901.91,1225.66,-1948.35,1148.9
LIMC,EDDP,3,18,-37.04,16.22,-58.4,-15.92,-0.11,0.08,-0.24,-0.02,-272.08,180.26,-578.8,-43.8
LIMC,EDDP,4,19,-55.38,17.65,-80.75,-35.52,-0.13,0.06,-0.22,-0.05,-331.55,148.31,-527.5,-133.81
LIMC,EFHK,0,34,-11.11,17.33,-40.08,10.42,0.01,0.07,-0.12,0.1,17.15,197.57,-308.4,269.83
LIMC,EFHK,1,25,-15.86,20.16,-48.34,9.7,0.05,0.07,-0.04,0.16,149.28,180.46,-104.0,442.9
LIMC,EGCC,0,25,11.25,13.59,-0.88,28.3,0.06,0.12,-0.05,0.17,140.21,268.94,-136.9,415.92
LIMC,EGCC,1,41,8.99,7.87,0.0,24.0,0.06,0.06,-0.03,0.16,133.41,155.79,-83.3,410.4
LIMC,EGCC,2,21,14.71,14.29,-0.1,27.3,0.05,0.05,-0.02,0.14,131.49,118.5,-40.2,337.3
LIMC,EGKK,0,199,15.24,11.72,-0.01,36.72,0.15,0.13,0.01,0.41,349.81,310.48,13.4,956.27
LIMC,EGLL,0,71,9.42,14.81,-4.1,37.9,0.16,0.11,0.04,0.36,387.16,272.92,87.2,867.05
LIMC,EGLL,1,32,12.72,18.82,-4.02,36.46,0.16,0.08,0.04,0.28,362.59,185.18,98.72,623.23
LIMC,EGSS,0,105,-3.78,17.72,-31.6,22.16,0.08,0.09,-0.07,0.23,167.9,235.28,-256.66,541.5
LIMC,EHAM,0,170,5.05,16.4,-30.11,27.72,0.06,0.07,-0.05,0.16,148.09,158.46,-122.11,395.5
LIMC,EKCH,0,16,-38.99,12.22,-59.18,-18.53,-0.17,0.05,-0.25,-0.09,-374.09,126.4,-570.72,-196.3
LIMC,EKCH,1,65,-36.58,13.69,-57.22,-18.82,-0.15,0.07,-0.24,-0.06,-365.28,177.33,-650.3,-90.18
LIMC,EKCH,2,24,-35.51,13.29,-54.43,-13.16,-0.13,0.07,-0.22,-0.01,-309.95,162.25,-553.46,-28.31
LIMC,EKCH,3,34,-17.16,23.11,-43.86,14.96,-0.11,0.06,-0.19,-0.0,-242.44,143.28,-441.7,-1.33
LIMC,ELLX,0,74,-20.99,13.25,-39.51,0.27,-0.05,0.06,-0.12,0.03,-72.14,105.82,-238.76,82.63
LIMC,ELLX,1,5,-37.28,35.38,-80.02,-1.06,-0.08,0.08,-0.15,0.03,-146.28,165.94,-327.78,32.96
LIMC,ENGM,0,60,-47.29,19.58,-73.58,-19.16,-0.15,0.09,-0.29,0.0,-331.95,212.06,-667.66,11.02
LIMC,EPWA,0,77,-20.74,18.98,-48.14,13.22,-0.0,0.08,-0.13,0.11,-4.29,159.94,-234.5,226.48
LIMC,GMMN,0,51,4.41,14.0,-11.15,30.05,0.06,0.09,-0.06,0.2,135.87,206.45,-145.65,490.7
LIMC,HECA,0,39,23.12,13.9,3.09,44.59,0.14,0.11,0.02,0.25,415.51,343.78,59.29,966.15
LIMC,HECA,1,53,28.06,13.47,12.02,53.52,0.12,0.1,0.0,0.27,329.44,294.68,9.56,824.18
LIMC,HESH,0,45,21.99,19.1,-17.62,45.3,0.1,0.11,-0.05,0.26,245.03,259.89,-108.96,605.82
LIMC,HESH,1,22,19.4,14.65,-6.42,31.98,0.06,0.09,-0.05,0.19,180.84,290.71,-287.35,432.27
LIMC,KJFK,0,22,8.42,16.96,-4.6,47.19,0.17,0.12,0.0,0.39,1292.42,1446.7,21.44,4721.84
LIMC,KJFK,1,20,3.04,16.15,-14.37,15.3,0.07,0.09,-0.04,0.22,586.34,815.97,-263.61,2019.47
LIMC,KJFK,2,55,6.46,7.5,-4.42,20.64,0.06,0.08,-0.04,0.18,437.04,673.3,-232.25,1350.44
LIMC,KJFK,3,31,0.7,18.6,-24.7,27.2,0.03,0.1,-0.11,0.2,331.07,884.44,-748.0,1843.3
LIMC,KJFK,4,38,16.08,22.79,-5.24,68.74,0.15,0.15,-0.01,0.49,1323.99,1860.58,-72.43,5934.49
LIMC,LATI,0,91,-16.27,18.56,-35.1,13.2,-0.0,0.1,-0.18,0.12,-6.19,239.95,-443.45,286.15
LIMC,LATI,1,23,-0.15,15.5,-15.11,29.96,-0.08,0.11,-0.2,0.04,-213.26,272.8,-498.27,103.85
LIMC,LEBL,0,92,-7.08,15.16,-32.25,19.08,-0.03,0.07,-0.13,0.07,-64.78,168.17,-332.23,187.57
LIMC,LEBL,1,218,0.99,14.11,-14.38,26.95,-0.02,0.08,-0.15,0.13,-30.66,242.04,-375.0,360.04
LIMC,LEIB,0,108,-14.77,21.84,-41.3,22.24,-0.04,0.08,-0.16,0.08,-94.34,213.08,-431.72,209.91
LIMC,LEMD,0,205,0.56,11.6,-16.7,16.68,0.02,0.06,-0.08,0.13,55.93,203.09,-224.0,357.32
LIMC,LEMG,0,87,-5.09,12.72,-28.38,15.9,0.07,0.06,-0.03,0.18,159.99,149.28,-69.57,413.22
LIMC,LEPA,0,102,-5.49,12.69,-24.8,16.58,0.01,0.07,-0.09,0.13,22.75,171.05,-205.24,320.35
LIMC,LFPG,0,160,2.8,12.21,-9.26,17.33,0.03,0.07,-0.07,0.15,108.54,271.28,-168.83,475.85
LIMC,LFPG,1,169,10.7,18.39,-5.0,42.1,0.05,0.07,-0.05,0.16,142.41,209.04,-121.66,539.04
LIMC,LFPO,0,36,-0.89,18.23,-16.8,21.3,0.06,0.07,-0.06,0.15,176.92,189.99,-158.8,420.58
LIMC,LFPO,1,41,4.87,11.84,-8.2,28.2,0.08,0.08,-0.02,0.17,216.75,213.51,-53.7,473.6
LIMC,LGAV,0,19,2.24,17.23,-31.74,24.82,0.06,0.07,-0.03,0.14,139.12,161.18,-72.96,346.91
LIMC,LGAV,1,32,-14.37,128.44,-30.76,49.45,0.01,0.32,-0.09,0.13,23.3,802.41,-207.3,337.96
LIMC,LGAV,2,121,0.1,17.61,-17.2,27.1,0.0,0.08,-0.13,0.12,16.66,199.08,-294.4,368.8
LIMC,LGAV,3,19,5.82,28.02,-19.47,55.92,0.05,0.1,-0.03,0.22,114.51,252.08,-68.55,554.18
LIMC,LGMK,0,30,20.72,16.15,-1.56,51.57,0.05,0.09,-0.05,0.16,126.17,203.41,-110.86,395.2
LIMC,LGMK,1,27,-5.37,12.37,-25.32,15.89,-0.02,0.05,-0.09,0.08,-49.47,128.27,-204.5,178.22
LIMC,LHBP,0,30,-19.12,13.21,-40.22,-1.52,0.02,0.05,-0.03,0.06,56.86,121.06,-68.26,154.94
LIMC,LHBP,1,27,-7.81,22.37,-34.84,11.64,0.02,0.08,-0.08,0.09,41.58,237.06,-209.94,230.85
LIMC,LIBD,0,76,-3.67,36.57,-34.12,26.98,-0.02,0.13,-0.15,0.1,-52.05,323.04,-357.52,245.55
LIMC,LIBD,1,29,-4.56,23.69,-41.94,33.8,-0.02,0.11,-0.18,0.12,-48.07,268.88,-428.12,298.62
LIMC,LIBD,2,23,5.02,44.09,-28.32,25.45,0.01,0.2,-0.08,0.06,37.93,473.82,-205.6,129.77
LIMC,LIBR,0,21,11.55,13.7,-12.3,30.0,0.04,0.06,-0.04,0.12,102.95,138.22,-94.4,291.0
LIMC,LIBR,1,18,4.92,14.6,-11.87,30.24,0.05,0.08,-0.05,0.18,120.94,173.9,-114.88,403.16
LIMC,LIBR,2,44,16.21,15.67,-3.92,41.16,0.02,0.08,-0.1,0.14,56.32,185.02,-240.2,332.09
LIMC,LIBR,3,21,13.28,13.51,-7.1,32.8,0.05,0.06,-0.02,0.13,111.31,150.78,-59.3,328.5
LIMC,LICA,0,64,0.66,18.33,-23.88,29.23,-0.02,0.07,-0.12,0.08,-38.3,180.7,-308.19,203.3
LIMC,LICA,1,29,10.17,18.29,-15.64,33.8,0.0,0.07,-0.11,0.09,6.31,158.38,-252.0,209.32
LIMC,LICA,2,58,4.84,25.12,-25.26,34.93,0.01,0.12,-0.11,0.17,30.57,279.69,-265.72,372.19
LIMC,LICC,0,53,-37.94,20.0,-61.22,-1.08,-0.02,0.06,-0.13,0.07,-45.74,150.16,-320.0,176.0
LIMC,LICC,1,72,-56.13,17.94,-78.7,-24.05,-0.02,0.09,-0.16,0.12,-52.75,211.21,-394.15,310.42
LIMC,LICC,2,79,-33.14,17.38,-53.6,1.9,0.01,0.07,-0.08,0.12,12.78,155.85,-200.0,284.0
LIMC,LICC,3,34,-62.49,18.64,-83.26,-29.95,-0.03,0.07,-0.12,0.1,-78.92,171.8,-290.09,242.88
LIMC,LICC,4,36,-29.52,25.84,-62.6,1.65,-0.01,0.08,-0.12,0.16,-25.57,201.74,-296.05,396.42
LIMC,LICJ,0,23,-1.43,8.97,-16.86,6.58,-0.08,0.06,-0.17,-0.0,-200.61,137.22,-410.53,-0.98
LIMC,LICJ,1,63,2.14,12.2,-13.76,24.14,-0.01,0.08,-0.12,0.1,-27.86,184.01,-266.06,210.0
LIMC,LICJ,2,41,-3.7,17.69,-30.0,24.7,0.0,0.06,-0.12,0.08,0.75,146.87,-280.0,200.0
LIMC,LICJ,3,52,-18.93,19.38,-40.7,11.03,-0.09,0.07,-0.19,0.02,-225.95,166.17,-448.24,36.65
LIMC,LICJ,4,27,-28.1,21.14,-59.16,13.18,-0.11,0.08,-0.21,0.03,-259.34,188.91,-516.68,73.29
LIMC,LIEA,0,55,-1.53,13.09,-16.39,22.49,-0.03,0.08,-0.12,0.1,-68.39,187.84,-280.21,233.12
LIMC,LIEE,0,64,-7.58,17.44,-35.08,21.64,-0.09,0.07,-0.2,0.03,-226.55,177.2,-500.0,74.25
LIMC,LIEE,1,15,9.27,23.44,-24.32,41.12,-0.0,0.07,-0.1,0.09,-0.44,165.22,-248.0,219.31
LIMC,LIEO,0,91,-65.58,16.58,-83.2,-30.1,-0.26,0.08,-0.37,-0.15,-633.14,189.21,-875.0,-345.0
LIMC,LIEO,1,25,-41.77,23.92,-79.8,-8.26,-0.15,0.09,-0.3,-0.0,-367.61,224.04,-758.28,-8.34
LIMC,LIRN,0,134,-20.26,20.27,-43.8,5.8,-0.08,0.1,-0.2,0.06,-199.81,237.98,-500.0,129.34
LIMC,LIRN,1,69,-23.4,24.86,-51.16,4.44,-0.05,0.16,-0.21,0.17,-126.33,388.3,-500.0,416.44
LIMC,LKPR,0,101,-15.87,14.36,-39.0,7.1,-0.01,0.06,-0.12,0.05,-30.21,137.75,-291.7,125.0
LIMC,LLBG,0,64,13.39,14.7,-6.47,36.42,0.05,0.08,-0.1,0.17,111.31,204.26,-260.2,416.6
LIMC,LLBG,1,39,10.51,14.57,-10.75,31.58,0.03,0.08,-0.09,0.18,65.21,206.61,-231.48,458.31
LIMC,LOWW,0,98,-1.6,13.26,-19.63,21.1,0.08,0.06,-0.0,0.17,152.75,115.4,-4.06,330.0
LIMC,LOWW,1,65,16.97,15.46,-0.64,44.1,0.06,0.06,-0.03,0.18,112.76,125.9,-63.2,332.72
LIMC,LPPR,0,61,-12.94,15.57,-32.0,13.2,-0.01,0.07,-0.1,0.1,-32.49,164.32,-250.0,240.0
LIMC,LPPT,0,156,0.99,15.31,-24.22,29.05,0.05,0.08,-0.07,0.2,128.37,190.22,-177.1,474.38
LIMC,LPPT,1,29,-18.72,25.55,-49.6,37.62,0.03,0.11,-0.09,0.25,63.62,281.15,-233.36,625.04
LIMC,LSZH,0,51,-44.58,22.56,-73.0,-5.45,-0.07,0.14,-0.32,0.14,-174.55,311.6,-733.45,261.8
LIMC,LSZH,1,37,-45.31,20.08,-80.36,-19.5,-0.18,0.08,-0.3,-0.07,-741.7,457.32,-1623.28,-174.34
LIMC,LTFM,0,136,-13.15,21.45,-31.62,12.28,-0.0,0.12,-0.12,0.13,-48.68,445.39,-705.82,537.25
LIMC,OMDB,0,45,27.76,30.05,-1.54,51.64,0.26,0.11,0.09,0.42,3080.22,1361.11,1043.98,5030.0
LIMC,OMDB,1,15,11.6,17.31,-12.35,41.92,0.27,0.06,0.19,0.34,3211.77,734.58,2319.68,4106.69
LIMC,OTHH,0,98,33.93,27.66,1.7,81.14,0.13,0.08,0.01,0.26,851.49,611.26,60.39,1859.07
LIMC,OTHH,1,16,24.91,12.77,3.05,44.48,0.12,0.06,0.03,0.2,789.49,443.24,155.9,1545.4
LIMC,RKSI,0,30,7.24,14.06,-7.16,28.44,0.04,0.06,-0.05,0.13,294.89,450.92,-386.52,1038.8
LIME,EBCI,0,56,-62.81,18.49,-86.6,-31.82,-0.15,0.06,-0.24,-0.05,-343.47,137.13,-564.5,-110.0
LIME,EBCI,1,16,-57.96,16.57,-75.75,-29.72,-0.16,0.06,-0.22,-0.04,-364.98,145.98,-535.03,-92.18
LIME,EDDK,0,69,18.81,20.97,-1.26,49.3,0.1,0.1,-0.01,0.25,402.26,503.55,-32.42,1188.62
LIME,EGSS,0,47,-3.85,8.18,-16.9,8.08,0.08,0.06,0.02,0.2,196.87,149.23,42.31,483.28
LIME,EGSS,1,26,1.31,16.48,-26.88,26.9,0.08,0.08,-0.03,0.18,181.04,183.45,-57.08,393.0
LIME,EGSS,2,28,-1.08,13.4,-15.8,21.61,0.06,0.08,-0.03,0.19,136.99,189.74,-65.96,469.61
LIME,EGSS,3,16,-16.69,19.37,-44.3,14.95,0.0,0.06,-0.1,0.07,6.49,151.44,-251.65,163.7
LIME,EIDW,0,39,-21.68,20.98,-53.14,13.32,-0.07,0.1,-0.2,0.06,-160.25,224.45,-423.76,126.33
LIME,EIDW,1,25,-26.43,13.25,-44.02,-4.92,-0.08,0.1,-0.24,0.06,-175.67,242.92,-578.3,135.3
LIME,EKCH,0,53,9.03,10.62,-10.18,25.12,-0.03,0.05,-0.1,0.06,-56.89,116.31,-212.92,132.42
LIME,LATI,0,27,-21.78,15.75,-35.74,11.96,-0.0,0.05,-0.06,0.07,-5.16,114.93,-154.68,179.82
LIME,LATI,1,48,-27.0,15.7,-41.56,7.94,-0.01,0.08,-0.09,0.16,-18.63,214.94,-236.52,371.34
LIME,LATI,2,21,-5.92,9.99,-16.3,6.5,-0.02,0.03,-0.05,0.01,-67.6,85.75,-169.6,35.3
LIME,LBSF,0,44,-21.27,21.11,-47.18,13.89,-0.04,0.07,-0.14,0.06,-97.18,181.7,-356.9,158.96
LIME,LBSF,1,19,8.32,11.22,-12.96,18.9,0.01,0.02,-0.02,0.04,20.46,49.24,-53.44,91.64
LIME,LEBL,0,86,0.03,13.2,-17.95,25.32,-0.01,0.07,-0.11,0.11,-16.07,169.79,-258.7,261.5
LIME,LEIB,0,72,-15.43,20.47,-50.36,11.51,-0.02,0.09,-0.12,0.08,-55.0,188.49,-265.82,174.36
LIME,LHBP,0,51,-3.26,12.0,-20.15,17.7,0.02,0.06,-0.08,0.1,51.3,133.87,-174.4,226.65
LIME,LIBD,0,25,-20.23,14.35,-39.22,2.08,-0.04,0.05,-0.09,0.01,-84.5,114.68,-191.82,18.42
LIME,LIBD,1,70,-8.98,28.05,-43.8,33.76,-0.02,0.11,-0.16,0.16,-53.42,246.27,-391.22,329.58
LIME,LIBP,0,51,-3.41,6.8,-14.05,6.35,-0.02,0.04,-0.08,0.03,-53.91,83.81,-195.0,68.9
LIME,LIBR,0,106,9.6,27.96,-15.2,36.48,0.02,0.09,-0.08,0.13,50.23,203.28,-195.52,312.7
LIME,LICA,0,77,14.36,16.39,-3.7,41.86,0.03,0.08,-0.08,0.18,57.57,174.54,-177.2,393.28
LIME,LICC,0,105,-32.23,24.38,-57.26,13.32,0.01,0.09,-0.13,0.17,16.09,203.52,-297.6,372.0
LIME,LICJ,0,105,3.14,12.32,-17.82,25.0,-0.01,0.07,-0.1,0.06,-31.34,176.88,-240.0,134.96
LIME,LIEE,0,100,-2.25,18.67,-38.54,32.3,-0.03,0.06,-0.13,0.07,-78.36,144.8,-321.5,141.0
LIME,LIEO,0,28,-30.79,15.66,-57.61,-13.07,-0.12,0.09,-0.27,-0.01,-295.85,212.4,-660.75,-25.66
LIME,LIEO,1,33,-70.6,12.63,-80.98,-48.16,-0.29,0.06,-0.41,-0.18,-671.53,153.63,-894.68,-436.4
LIME,LIRF,0,66,-26.58,21.27,-50.18,2.95,-0.13,0.09,-0.24,-0.02,-111.08,142.24,-217.5,-20.18
LIME,LIRN,0,96,-21.74,17.83,-43.92,3.98,-0.06,0.08,-0.15,0.07,-139.67,182.76,-360.0,145.0
LIME,LOWW,0,60,24.99,10.86,12.56,41.1,0.06,0.04,-0.0,0.12,143.42,95.16,-1.75,291.7
LIME,LPPT,0,65,4.53,13.87,-11.56,36.54,0.07,0.07,-0.02,0.18,157.08,168.58,-41.7,440.0
LIME,LRCL,0,47,9.05,12.48,-4.4,24.99,0.04,0.07,-0.03,0.12,95.03,156.35,-55.25,253.81
LIME,LRCL,1,18,7.48,8.77,-4.51,18.09,0.02,0.03,-0.02,0.05,42.79,73.74,-54.04,135.94
LIME,LROP,0,50,-15.43,14.82,-29.74,10.3,-0.02,0.05,-0.09,0.04,-42.5,128.72,-227.5,89.25
LIME,LROP,1,46,-22.25,11.68,-36.15,1.67,-0.06,0.06,-0.18,0.02,-149.21,152.76,-447.9,41.7
LIME,LTFJ,0,80,7.25,32.6,-28.09,60.36,0.02,0.14,-0.13,0.32,47.6,361.8,-320.0,794.11
LIMF,EDDF,0,66,-32.67,18.06,-64.9,-3.32,-0.19,0.07,-0.27,-0.11,-360.64,130.11,-548.3,-207.12
LIMF,EDDM,0,53,-4.86,12.0,-25.0,10.52,-0.09,0.06,-0.18,0.01,-153.33,104.31,-316.1,12.5
LIMF,EDDM,1,16,-9.93,13.78,-24.88,10.07,-0.12,0.08,-0.2,0.0,-220.66,144.4,-358.88,5.5
LIMF,EHAM,0,50,-2.07,20.26,-31.93,33.31,0.1,0.07,-0.01,0.21,203.35,161.96,-23.37,469.9
LIMF,LEMD,0,54,-15.65,17.09,-40.54,14.16,-0.09,0.08,-0.18,0.06,-189.3,161.46,-440.0,111.65
LIMF,LEMD,1,15,-16.51,16.3,-46.64,0.71,-0.0,0.05,-0.07,0.07,-4.93,107.9,-136.69,132.31
LIMF,LFPG,0,22,-12.72,14.44,-31.2,8.16,0.14,0.05,0.05,0.21,290.35,107.5,106.34,448.93
LIMF,LFPG,1,43,1.78,20.38,-20.19,35.89,0.15,0.07,0.04,0.28,310.44,147.04,97.86,597.42
LIMF,LFPG,2,18,1.38,19.84,-22.42,26.14,0.14,0.06,0.04,0.24,269.52,123.19,78.52,442.45
LIMF,LIBD,0,50,-7.86,24.68,-40.46,20.0,-0.04,0.08,-0.17,0.06,-91.3,195.77,-400.38,138.8
LIMF,LICC,0,58,-25.95,17.76,-46.52,9.09,-0.01,0.08,-0.13,0.15,-30.97,194.22,-320.0,366.0
LIMF,LICC,1,19,-24.49,37.13,-66.99,38.85,0.0,0.08,-0.09,0.12,7.7,198.76,-223.16,308.36
LIMF,LICJ,0,68,15.05,14.75,-8.66,46.98,-0.0,0.07,-0.1,0.12,-4.73,161.23,-240.0,280.0
LIMF,LIEE,0,54,4.45,19.71,-31.7,37.18,-0.07,0.09,-0.19,0.03,-152.08,196.98,-440.0,80.0
LIMF,LIRF,0,65,-34.65,12.13,-44.1,-0.84,-0.09,0.09,-0.23,0.04,-211.35,209.0,-509.46,72.04
LIMF,LIRF,1,24,-28.43,14.96,-47.99,-0.23,-0.06,0.07,-0.15,0.04,-139.12,165.63,-385.62,83.65
LIMF,LIRF,2,18,-32.85,7.6,-44.52,-18.41,-0.13,0.05,-0.19,-0.07,-312.48,116.89,-470.81,-163.93
LIMF,LIRN,0,26,-16.57,19.09,-36.95,13.12,-0.06,0.09,-0.19,0.12,-155.19,238.15,-464.18,291.48
LIMF,LIRN,1,43,-25.03,15.12,-40.26,4.15,-0.12,0.07,-0.2,-0.03,-291.95,177.97,-480.0,-86.34
LIMJ,LIRF,0,61,-30.07,16.6,-43.8,2.9,-0.06,0.09,-0.18,0.12,-139.02,199.94,-458.3,221.7
LIMJ,LIRF,1,25,-25.6,13.83,-35.04,0.28,0.01,0.07,-0.1,0.11,3.87,146.38,-220.0,216.22
LIMJ,LIRF,2,25,-31.89,19.38,-44.2,0.32,-0.02,0.06,-0.1,0.09,-31.4,117.0,-183.66,171.0
LIML,EBBR,0,82,-12.89,14.15,-26.98,17.94,-0.07,0.07,-0.15,0.03,-154.51,155.42,-366.7,72.04
LIML,EBBR,1,22,-23.67,17.58,-47.42,-0.99,-0.07,0.06,-0.15,0.02,-151.45,129.28,-331.64,31.63
LIML,EBBR,2,31,-29.91,35.5,-49.95,-13.6,-0.11,0.12,-0.17,-0.02,-213.84,248.88,-333.35,-47.5
LIML,EBBR,3,15,-27.38,12.98,-40.6,-5.24,-0.07,0.08,-0.16,0.06,-146.86,181.29,-345.39,127.01
LIML,EDDB,0,16,-3.98,9.36,-15.68,12.28,0.02,0.04,-0.05,0.07,42.81,96.83,-106.38,153.55
LIML,EDDB,1,63,12.28,11.53,-3.01,29.73,0.02,0.06,-0.08,0.13,53.53,133.47,-192.76,283.22
LIML,EDDF,0,140,-18.06,32.38,-51.52,43.33,-0.16,0.13,-0.28,0.11,-353.3,298.14,-696.5,246.93
LIML,EDDF,1,5,-46.26,37.33,-96.56,-15.0,-0.26,0.15,-0.47,-0.13,-574.3,339.0,-1028.48,-283.62
LIML,EDDF,2,51,-25.53,23.16,-51.15,21.05,-0.15,0.11,-0.27,0.05,-357.42,270.35,-640.6,118.7
LIML,EDDM,0,58,0.43,12.42,-19.79,19.29,-0.1,0.05,-0.17,-0.02,-173.68,93.27,-311.8,-29.2
LIML,EGLL,0,74,-4.14,15.6,-25.66,22.34,0.13,0.11,-0.04,0.35,320.78,285.56,-90.86,927.21
LIML,EGLL,1,68,4.89,15.84,-12.98,27.72,0.14,0.09,0.01,0.28,327.08,194.75,32.92,607.47
LIML,EGLL,2,47,-6.5,14.06,-23.26,23.3,0.09,0.09,-0.05,0.29,195.85,210.31,-110.18,635.72
LIML,EHAM,0,50,-7.2,17.16,-33.16,18.43,0.02,0.08,-0.1,0.13,40.7,182.57,-212.06,301.02
LIML,EHAM,1,158,2.27,15.33,-17.24,20.38,0.06,0.07,-0.04,0.17,144.46,170.22,-84.8,387.83
LIML,LEMD,0,89,-31.37,13.43,-45.82,-2.22,-0.03,0.07,-0.13,0.08,-79.12,176.24,-306.7,233.3
LIML,LFPG,0,108,-0.27,14.9,-29.5,22.03,0.04,0.07,-0.06,0.15,86.35,147.57,-146.12,326.9
LIML,LFPG,1,70,4.29,12.15,-4.33,30.71,0.04,0.07,-0.05,0.14,94.33,149.81,-115.67,315.48
LIML,LFPG,2,40,-1.61,14.15,-31.88,20.75,0.01,0.05,-0.06,0.09,22.62,119.3,-149.85,231.56
LIML,LFPG,3,33,3.07,13.48,-4.12,26.5,0.08,0.06,0.01,0.18,151.04,108.33,22.9,348.62
LIML,LFPO,0,100,2.55,9.53,-15.76,19.52,0.01,0.07,-0.09,0.13,25.09,160.71,-218.68,312.91
LIML,LFPO,1,27,2.01,14.48,-10.29,19.9,-0.02,0.06,-0.08,0.08,-42.59,133.84,-209.56,182.72
LIML,LIBD,0,78,16.88,11.72,2.2,39.84,0.05,0.06,-0.03,0.14,102.51,110.08,-67.28,282.71
LIML,LIBD,1,66,15.69,12.25,3.02,39.48,0.02,0.05,-0.05,0.11,52.35,112.43,-110.9,252.53
LIML,LIBD,2,25,-1.16,9.3,-10.84,17.4,-0.04,0.06,-0.09,0.06,-101.8,118.72,-220.06,137.92
LIML,LIBR,0,36,3.86,14.25,-12.55,27.78,0.0,0.07,-0.09,0.11,-4.68,147.83,-216.7,221.88
LIML,LIBR,1,51,6.89,16.68,-20.1,27.4,0.04,0.06,-0.07,0.13,84.31,128.82,-136.65,252.5
LIML,LICA,0,89,13.49,13.5,-0.26,32.26,0.02,0.07,-0.08,0.13,35.18,167.12,-198.34,293.36
LIML,LICC,0,108,-28.44,19.93,-45.2,3.5,0.02,0.08,-0.08,0.16,50.73,172.79,-205.64,353.79
LIML,LICC,1,21,-49.99,17.56,-68.3,-17.8,-0.01,0.08,-0.12,0.11,-34.93,192.02,-291.7,280.5
LIML,LICC,2,35,-46.46,17.66,-65.52,-20.81,-0.06,0.07,-0.16,0.02,-152.13,157.56,-384.78,62.49
LIML,LICC,3,42,-35.29,17.64,-64.76,-11.47,-0.01,0.07,-0.12,0.08,-25.07,173.87,-310.54,230.97
LIML,LICC,4,57,-26.71,19.87,-44.82,3.72,0.01,0.07,-0.1,0.13,20.72,154.89,-237.22,293.3
LIML,LICJ,0,38,9.76,10.7,-11.62,26.42,0.04,0.06,-0.07,0.14,99.17,157.21,-166.7,339.55
LIML,LICJ,1,160,10.31,9.55,1.59,28.03,0.07,0.07,-0.03,0.17,157.09,155.31,-83.4,381.16
LIML,LICR,0,60,4.52,13.89,-0.3,8.48,-0.06,0.1,-0.14,0.04,-132.41,210.28,-301.36,78.75
LIML,LIEA,0,91,-20.08,8.73,-24.25,-0.75,-0.08,0.05,-0.16,0.02,-207.86,125.37,-369.8,51.35
LIML,LIEE,0,135,14.7,16.24,-4.49,41.44,0.0,0.07,-0.08,0.11,5.04,168.43,-208.3,283.26
LIML,LIEE,1,48,-4.9,17.36,-23.56,19.79,-0.09,0.06,-0.17,0.01,-215.39,149.9,-416.7,15.34
LIML,LIEO,0,15,-45.99,16.8,-75.99,-27.15,-0.19,0.07,-0.31,-0.12,-456.0,159.14,-744.0,-284.0
LIML,LIEO,1,35,-35.26,41.15,-65.22,-5.46,-0.1,0.15,-0.21,0.01,-235.3,362.15,-504.0,28.31
LIML,LIEO,2,68,-39.33,20.16,-74.39,-5.28,-0.17,0.07,-0.3,-0.05,-403.95,177.35,-731.54,-130.05
LIML,LIRF,0,88,-21.98,15.68,-41.5,3.7,-0.07,0.07,-0.18,0.05,-161.93,158.2,-393.4,104.75
LIML,LIRF,1,261,-27.3,14.4,-39.9,4.3,-0.12,0.06,-0.22,-0.02,-266.93,144.87,-498.3,-31.6
LIML,LIRF,2,23,-10.39,57.27,-39.32,101.02,-0.04,0.24,-0.18,0.54,-123.4,524.28,-458.3,1296.7
LIML,LIRN,0,28,-19.08,19.94,-42.33,4.19,-0.1,0.08,-0.19,0.02,-194.25,153.62,-388.34,48.12
LIML,LIRN,1,123,-20.36,19.52,-42.51,4.82,-0.07,0.09,-0.18,0.08,-165.34,215.79,-415.28,155.49
LIPE,EDDF,0,50,-41.91,18.82,-67.09,-9.46,-0.25,0.06,-0.34,-0.16,-610.97,151.58,-824.74,-394.64
LIPE,EDDF,1,45,-37.52,18.18,-61.6,-6.42,-0.23,0.08,-0.35,-0.09,-571.73,199.83,-879.72,-236.08
LIPE,EDDK,0,5,-5.48,15.92,-23.28,11.2,0.01,0.09,-0.11,0.09,18.48,203.66,-247.86,210.9
LIPE,EDDK,1,36,4.93,9.74,-10.82,19.55,-0.0,0.05,-0.09,0.08,-2.51,123.35,-214.35,178.42
LIPE,EDDM,0,86,10.15,10.62,-3.75,32.88,-0.04,0.07,-0.14,0.09,-72.03,125.39,-249.25,156.5
LIPE,EGLL,0,57,-0.54,27.48,-28.44,35.54,0.13,0.14,-0.02,0.35,309.01,347.32,-53.82,862.32
LIPE,EGSS,0,50,5.0,22.3,-15.95,31.06,0.04,0.08,-0.04,0.13,95.28,180.95,-98.96,318.9
LIPE,EHAM,0,18,-12.06,19.51,-35.12,18.17,-0.02,0.09,-0.14,0.12,-34.82,216.85,-299.61,312.79
LIPE,EHAM,1,29,7.43,8.81,-7.74,18.36,0.03,0.06,-0.06,0.13,72.93,141.18,-139.94,280.9
LIPE,EHAM,2,27,1.99,11.45,-21.66,16.69,0.03,0.07,-0.06,0.15,79.16,150.13,-132.21,324.68
LIPE,EHAM,3,19,-3.86,10.96,-21.88,11.42,0.02,0.05,-0.05,0.1,53.41,118.89,-119.31,210.67
LIPE,EKCH,0,52,2.5,28.67,-16.59,11.09,-0.06,0.09,-0.16,0.05,-116.04,152.52,-311.97,82.05
LIPE,EKCH,1,21,-16.36,21.17,-38.0,5.1,-0.15,0.09,-0.36,-0.05,-292.79,217.87,-781.7,-105.8
LIPE,GMMN,0,21,-14.8,17.86,-29.5,15.6,0.04,0.12,-0.07,0.28,102.51,289.24,-170.7,679.3
LIPE,GMMN,1,44,-2.53,15.98,-22.64,30.63,0.05,0.11,-0.08,0.29,130.73,254.59,-181.21,695.7
LIPE,LATI,0,22,-32.2,13.92,-49.88,-14.7,-0.04,0.05,-0.1,0.01,-111.77,113.89,-256.52,14.78
LIPE,LATI,1,21,-40.9,15.66,-56.4,-19.2,-0.05,0.06,-0.15,0.03,-133.26,150.2,-370.1,75.7
LIPE,LATI,2,19,-10.06,19.58,-30.57,14.91,-0.06,0.08,-0.13,0.03,-168.49,220.02,-393.37,71.32
LIPE,LATI,3,25,-29.14,18.88,-57.14,-2.66,-0.05,0.06,-0.13,0.03,-117.81,149.0,-319.36,65.88
LIPE,LEBL,0,115,-13.39,14.13,-36.38,9.53,-0.04,0.06,-0.13,0.06,-98.85,150.32,-322.27,156.54
LIPE,LEMD,0,110,-1.56,14.48,-19.21,28.01,0.03,0.09,-0.08,0.18,68.43,181.52,-166.7,385.01
LIPE,LEVC,0,52,-30.94,150.08,-26.68,2.44,-0.05,0.34,-0.09,0.06,-128.99,825.41,-215.02,135.49
LIPE,LFPG,0,31,-11.8,14.11,-34.05,5.85,0.03,0.05,-0.04,0.11,63.64,114.81,-84.3,212.45
LIPE,LFPG,1,22,0.19,8.63,-9.54,9.75,0.06,0.06,0.01,0.11,122.19,113.05,23.96,213.85
LIPE,LFPG,2,35,-3.81,17.44,-22.03,31.11,0.05,0.07,-0.05,0.13,108.48,167.07,-117.83,324.73
LIPE,LFPG,3,19,-0.65,14.08,-21.94,24.21,0.04,0.04,-0.01,0.11,89.25,94.54,-39.64,237.59
LIPE,LFPG,4,16,-1.96,22.15,-28.3,38.35,0.04,0.05,-0.03,0.1,108.02,155.89,-108.32,318.83
LIPE,LIBD,0,60,-24.22,37.33,-54.7,14.75,-0.1,0.14,-0.22,0.11,-227.58,335.29,-520.0,228.97
LIPE,LIBR,0,71,-7.03,55.96,-20.4,22.95,-0.01,0.14,-0.09,0.13,-16.94,329.45,-205.0,292.65
LIPE,LICA,0,23,-18.46,6.81,-27.66,-5.36,-0.09,0.05,-0.15,-0.0,-206.07,111.7,-360.0,-6.77
LIPE,LICA,1,28,5.56,21.95,-33.53,40.15,-0.01,0.08,-0.12,0.14,-31.51,190.08,-280.0,332.0
LIPE,LICC,0,37,-65.56,12.05,-79.96,-46.94,-0.03,0.06,-0.12,0.07,-73.56,144.17,-299.94,166.62
LIPE,LICC,1,80,-39.41,17.49,-57.53,-4.7,-0.03,0.06,-0.12,0.07,-75.88,136.87,-290.26,160.75
LIPE,LICC,2,29,-34.98,20.53,-54.46,1.74,-0.04,0.06,-0.13,0.06,-84.04,120.73,-280.0,126.0
LIPE,LICJ,0,25,-8.49,12.48,-29.4,4.18,-0.04,0.04,-0.12,0.01,-102.89,101.26,-273.0,34.1
LIPE,LICJ,1,57,-0.92,16.96,-30.66,27.92,-0.02,0.07,-0.1,0.1,-37.57,173.47,-230.96,240.26
LIPE,LICT,0,18,-6.98,18.52,-22.35,19.09,-0.03,0.12,-0.11,0.09,-62.69,242.42,-224.84,183.31
LIPE,LICT,1,42,-1.86,18.54,-22.5,22.2,-0.05,0.09,-0.15,0.04,-119.14,207.71,-359.6,100.26
LIPE,LIEA,0,54,-29.65,18.83,-61.2,3.65,-0.09,0.05,-0.17,-0.01,-207.2,125.63,-402.34,-26.0
LIPE,LIEE,0,35,-2.83,22.48,-44.68,34.7,-0.04,0.05,-0.14,0.03,-99.98,119.16,-325.19,80.0
LIPE,LIEE,1,28,-29.03,18.89,-60.42,-2.48,-0.13,0.08,-0.24,-0.01,-291.32,185.99,-572.0,-28.0
LIPE,LIRF,0,20,-28.01,15.98,-42.87,0.21,-0.11,0.09,-0.22,0.08,-255.41,197.5,-542.02,158.3
LIPE,LIRF,1,67,-31.79,17.09,-49.3,-1.97,-0.16,0.06,-0.23,-0.04,-374.29,151.98,-573.31,-72.81
LIPE,LOWW,0,56,22.02,13.35,5.2,43.2,0.08,0.07,-0.02,0.17,152.6,120.7,-34.88,307.5
LIPE,LOWW,1,28,23.08,10.22,9.27,39.59,0.07,0.04,0.02,0.11,160.18,87.8,40.56,269.5
LIPE,LPPT,0,57,-0.48,18.14,-20.44,33.46,0.09,0.09,-0.02,0.25,216.03,219.18,-54.92,625.0
LIPE,LROP,0,29,-32.23,9.77,-42.64,-13.56,-0.05,0.04,-0.12,-0.02,-128.94,94.04,-286.96,-40.0
LIPE,LROP,1,27,-33.74,11.72,-42.16,-8.99,-0.09,0.06,-0.18,-0.02,-225.36,137.42,-458.3,-41.7
LIPE,LTFM,0,77,-23.86,23.23,-46.66,24.94,0.01,0.11,-0.1,0.19,14.44,293.89,-264.0,473.34
LIPH,EBCI,0,49,-48.69,9.91,-59.52,-31.66,-0.1,0.04,-0.16,-0.04,-233.07,107.14,-384.0,-96.0
LIPH,EBCI,1,20,-51.64,14.76,-64.46,-42.36,-0.13,0.07,-0.2,-0.06,-308.38,151.15,-485.75,-142.0
LIPH,LROP,0,26,-50.94,13.81,-66.47,-32.02,-0.09,0.04,-0.15,-0.05,-226.8,98.68,-374.6,-125.0
LIPH,LROP,1,42,-46.03,24.29,-70.15,1.31,-0.06,0.09,-0.17,0.15,-146.07,222.22,-413.86,372.25
LIPQ,EDDF,0,34,-16.64,17.54,-43.56,7.91,-0.14,0.07,-0.26,-0.03,-295.4,161.71,-566.11,-63.8
LIPQ,EDDF,1,17,-39.77,20.25,-69.58,-10.68,-0.18,0.09,-0.31,-0.03,-366.96,173.49,-612.32,-60.36
LIPQ,LIRF,0,23,-30.42,17.95,-49.95,-4.58,0.0,0.06,-0.07,0.07,4.36,105.99,-123.53,126.7
LIPQ,LIRF,1,66,-40.4,18.81,-61.2,-7.22,-0.07,0.06,-0.16,0.02,-132.23,123.1,-307.95,32.08
LIPQ,LIRF,2,23,-32.33,17.99,-50.16,-7.38,-0.17,0.12,-0.31,0.06,-394.33,282.3,-756.69,115.55
LIPX,EDDF,0,52,-32.97,18.21,-56.13,8.3,-0.2,0.05,-0.27,-0.11,-372.85,111.62,-557.14,-205.7
LIPX,EDDM,0,56,8.57,12.16,-7.0,27.12,-0.07,0.08,-0.18,0.06,-120.24,136.57,-328.0,111.88
LIPX,EGKK,0,77,4.08,41.17,-32.64,25.62,0.13,0.15,-0.06,0.34,322.0,379.97,-142.62,850.26
LIPX,LATI,0,23,-4.71,8.43,-16.67,6.58,-0.04,0.04,-0.1,0.03,-115.29,133.69,-308.76,84.1
LIPX,LATI,1,45,-12.84,37.08,-35.92,50.5,0.0,0.12,-0.11,0.26,4.39,268.52,-256.72,580.2
LIPX,LICC,0,64,-40.25,22.99,-85.42,1.55,-0.05,0.07,-0.17,0.06,-116.42,168.41,-416.7,154.75
LIPX,LICC,1,32,-66.71,14.68,-84.94,-42.22,-0.04,0.07,-0.15,0.08,-88.59,187.44,-369.9,187.94
LIPX,LICJ,0,52,0.02,31.31,-21.5,21.52,0.0,0.32,-0.14,0.07,6.2,806.15,-338.0,160.0
LIPX,LICJ,1,33,-4.85,14.5,-29.96,12.62,-0.05,0.07,-0.14,0.04,-114.92,166.91,-335.02,100.82
LIPX,LIEE,0,32,-10.51,45.12,-69.97,33.53,-0.08,0.14,-0.22,0.06,-200.99,333.55,-537.46,134.76
LIPX,LIEE,1,45,4.34,60.98,-37.08,32.24,-0.03,0.07,-0.1,0.03,-72.3,162.54,-240.0,82.72
LIPX,LIEO,0,27,-32.13,28.72,-68.68,13.86,-0.11,0.09,-0.23,0.05,-275.0,226.17,-581.65,112.0
LIPX,LIEO,1,19,-21.81,20.04,-57.89,8.45,-0.08,0.06,-0.19,-0.02,-204.31,149.41,-478.13,-57.0
LIPX,LIEO,2,11,-68.03,18.48,-83.5,-38.45,-0.21,0.08,-0.29,-0.08,-517.81,195.62,-729.15,-192.7
LIPX,LIEO,3,28,-47.57,24.25,-84.0,-11.73,-0.17,0.08,-0.27,-0.07,-433.49,201.52,-681.98,-166.7
LIPZ,EDDB,0,62,5.0,15.62,-16.78,24.0,0.02,0.05,-0.06,0.1,56.74,120.67,-121.68,238.33
LIPZ,EDDF,0,31,-37.1,25.96,-69.35,7.95,-0.15,0.09,-0.23,0.03,-369.06,225.29,-566.4,56.75
LIPZ,EDDF,1,50,-23.88,18.55,-48.14,0.15,-0.13,0.07,-0.24,0.01,-314.97,187.34,-608.96,20.6
LIPZ,EDDF,2,36,-30.83,20.26,-60.98,2.8,-0.18,0.06,-0.27,-0.09,-457.05,150.95,-679.88,-255.12
LIPZ,EDDK,0,58,0.2,19.0,-22.02,28.34,0.05,0.1,-0.1,0.22,245.54,416.54,-225.14,1084.97
LIPZ,EDDM,0,111,2.56,10.47,-13.15,22.75,-0.08,0.06,-0.17,0.02,-149.8,107.94,-299.75,31.0
LIPZ,EGCC,0,53,9.6,7.82,0.96,22.84,0.03,0.06,-0.07,0.14,80.48,155.16,-169.66,348.54
LIPZ,EGKK,0,109,7.12,11.2,-9.14,22.58,0.14,0.11,-0.0,0.34,331.86,266.4,-7.84,840.82
LIPZ,EGLL,0,107,-2.12,12.88,-17.64,21.92,0.11,0.12,-0.05,0.31,280.2,297.73,-113.13,777.97
LIPZ,EGSS,0,83,-5.71,13.69,-22.99,14.89,0.06,0.06,-0.02,0.15,132.75,142.11,-55.63,370.88
LIPZ,EHAM,0,57,-5.18,13.46,-28.0,12.2,-0.01,0.06,-0.09,0.08,-24.3,135.85,-198.14,194.14
LIPZ,EHAM,1,70,3.09,9.92,-15.04,18.26,0.02,0.05,-0.07,0.1,51.07,123.24,-155.03,237.99
LIPZ,EIDW,0,65,-16.18,23.0,-42.8,19.72,-0.04,0.16,-0.17,0.18,-90.64,383.49,-397.52,380.82
LIPZ,LEBL,0,100,-6.07,11.54,-22.33,13.8,-0.01,0.06,-0.09,0.1,-31.39,150.89,-228.1,243.21
LIPZ,LEBL,1,41,-12.55,17.86,-42.0,16.3,-0.01,0.06,-0.11,0.1,-16.78,177.65,-297.1,269.9
LIPZ,LEMD,0,142,-5.7,11.29,-21.9,12.6,0.02,0.07,-0.07,0.15,48.89,188.31,-166.7,401.88
LIPZ,LFPG,0,80,6.91,14.5,-4.66,34.1,0.06,0.06,-0.02,0.17,134.65,151.7,-43.9,407.33
LIPZ,LFPG,1,72,-33.88,309.3,-12.48,20.84,-0.03,0.66,-0.05,0.13,-315.2,3580.91,-113.97,318.37
LIPZ,LFPG,2,33,-8.75,20.95,-34.52,24.24,0.0,0.06,-0.08,0.11,-1.26,131.57,-187.74,209.66
LIPZ,LFPG,3,64,3.85,12.9,-14.01,27.26,0.05,0.06,-0.06,0.14,110.9,135.24,-131.22,331.92
LIPZ,LFPO,0,29,-2.32,13.99,-20.5,24.44,0.01,0.07,-0.11,0.11,14.66,166.53,-269.84,244.5
LIPZ,LFPO,1,52,0.78,8.12,-16.11,16.24,0.05,0.06,-0.05,0.15,114.55,140.79,-108.46,360.99
LIPZ,LFPO,2,30,1.33,14.58,-8.98,21.64,0.04,0.08,-0.08,0.13,108.8,206.44,-199.94,332.44
LIPZ,LIBD,0,16,-19.43,17.17,-33.33,17.18,-0.08,0.08,-0.19,0.07,-202.12,200.26,-444.32,170.0
LIPZ,LIBD,1,20,-24.79,19.39,-45.2,5.5,-0.07,0.07,-0.15,0.02,-175.48,159.01,-362.56,49.5
LIPZ,LIBD,2,24,-8.44,21.05,-38.93,22.7,-0.04,0.09,-0.18,0.07,-95.61,205.92,-432.59,169.6
LIPZ,LICC,0,90,-43.45,16.95,-64.63,-9.34,-0.03,0.06,-0.14,0.07,-69.81,151.62,-345.38,160.0
LIPZ,LICC,1,26,-31.27,48.79,-62.9,-5.18,-0.01,0.2,-0.15,0.04,-13.93,563.98,-364.58,102.32
LIPZ,LICJ,0,39,3.56,50.89,-19.37,30.66,0.04,0.19,-0.07,0.16,105.97,452.24,-166.7,407.85
LIPZ,LICJ,1,35,-0.3,11.35,-19.2,18.67,-0.07,0.07,-0.17,0.05,-161.98,166.82,-400.0,113.99
LIPZ,LICJ,2,31,-5.15,16.24,-40.5,12.4,-0.02,0.08,-0.13,0.09,-36.63,182.35,-313.35,220.0
LIPZ,LIEE,0,15,-14.67,19.72,-34.98,15.41,-0.05,0.07,-0.14,0.05,-112.67,161.16,-344.0,107.82
LIPZ,LIEE,1,21,10.84,23.23,-4.1,22.0,0.11,0.44,-0.05,0.09,258.48,1063.21,-120.0,219.3
LIPZ,LIEE,2,20,4.0,13.68,-11.46,28.05,-0.0,0.08,-0.09,0.09,-15.23,184.81,-220.0,188.17
LIPZ,LIRF,0,88,-32.41,13.99,-48.3,0.0,-0.16,0.06,-0.23,-0.05,-390.68,140.86,-583.3,-118.5
LIPZ,LIRF,1,25,-28.64,10.96,-43.92,-5.1,-0.1,0.06,-0.18,-0.01,-251.18,141.28,-449.96,-14.02
LIPZ,LIRN,0,106,-20.9,22.43,-46.4,10.8,-0.06,0.1,-0.18,0.09,-139.73,231.34,-437.48,205.02
LIPZ,LOWW,0,126,12.62,14.42,-4.92,35.17,0.07,0.06,-0.02,0.17,139.2,112.23,-40.0,300.0
LIPZ,LOWW,1,46,14.33,16.87,-5.42,38.12,0.06,0.05,0.0,0.13,137.68,115.97,0.0,323.32
LIPZ,LPPT,0,76,1.83,15.92,-22.68,27.52,0.07,0.08,-0.04,0.21,183.67,204.91,-92.55,516.25
LIPZ,LSZH,0,54,-14.92,16.27,-34.17,9.04,-0.04,0.07,-0.16,0.04,-106.34,159.97,-367.55,83.96
LIPZ,LSZH,1,18,5.69,13.93,-19.31,21.96,0.06,0.11,-0.06,0.26,124.03,246.39,-148.1,570.76
LIPZ,LTFM,0,90,-23.62,18.09,-52.88,5.84,0.02,0.09,-0.08,0.14,41.73,223.99,-222.1,399.03
LIRA,EGSS,0,86,-0.15,10.63,-14.68,16.7,0.07,0.05,-0.01,0.16,175.25,128.53,-13.15,388.18
LIRA,EGSS,1,43,-3.08,8.89,-16.9,13.04,0.05,0.07,-0.03,0.18,128.33,158.02,-81.73,437.73
LIRA,LFOB,0,60,-7.05,8.95,-15.76,6.41,-0.02,0.08,-0.12,0.09,-37.29,189.97,-261.92,183.49
LIRA,LIEE,0,30,-8.37,7.85,-17.14,2.41,-0.04,0.05,-0.12,0.02,-102.0,119.03,-284.0,40.0
LIRA,LIEE,1,22,-7.27,15.97,-44.4,4.46,-0.08,0.05,-0.13,-0.01,-185.32,110.99,-280.0,-12.4
LIRA,LPPT,0,56,1.92,13.72,-20.0,20.9,0.06,0.08,-0.03,0.21,150.05,191.73,-80.0,500.0
LIRF,CYUL,0,21,-2.75,9.31,-13.2,10.0,0.01,0.05,-0.07,0.06,48.34,315.96,-539.5,437.7
LIRF,CYUL,1,17,-8.49,9.18,-23.98,4.18,-0.01,0.06,-0.11,0.07,-69.85,416.08,-835.06,495.32
LIRF,CYUL,2,17,-11.59,7.28,-21.98,-2.62,-0.01,0.07,-0.1,0.1,-93.64,487.37,-645.68,809.0
LIRF,CYYZ,0,26,-12.74,8.33,-26.25,-0.88,-0.03,0.08,-0.17,0.09,-215.23,526.43,-1059.22,660.85
LIRF,CYYZ,1,37,-0.93,29.54,-20.76,9.28,-0.0,0.11,-0.14,0.11,25.23,815.62,-867.46,711.14
LIRF,DAAG,0,56,0.61,20.82,-16.95,31.58,0.04,0.07,-0.04,0.19,107.2,184.06,-105.25,466.65
LIRF,DTTA,0,65,13.05,11.84,-3.0,33.94,0.05,0.06,-0.03,0.16,127.27,136.93,-69.92,375.66
LIRF,DTTA,1,18,0.43,11.15,-11.22,22.18,0.03,0.04,-0.02,0.08,79.47,89.92,-37.23,195.76
LIRF,EBBR,0,124,-10.03,11.79,-24.26,11.06,-0.08,0.08,-0.2,0.06,-202.48,184.51,-473.87,154.75
LIRF,EBBR,1,29,-10.52,14.68,-26.22,15.52,-0.05,0.05,-0.13,0.04,-112.79,116.74,-316.42,95.32
LIRF,EBBR,2,21,-14.71,11.7,-29.1,2.6,-0.1,0.06,-0.2,-0.02,-230.85,149.31,-500.0,-41.6
LIRF,EDDB,0,93,5.16,10.57,-7.14,16.04,0.02,0.05,-0.07,0.08,39.04,123.44,-162.78,184.2
LIRF,EDDF,0,92,-26.67,22.91,-56.87,1.64,-0.16,0.09,-0.28,-0.02,-422.22,209.44,-698.17,-56.38
LIRF,EDDF,1,60,-37.92,14.51,-59.02,-13.19,-0.2,0.07,-0.32,-0.1,-525.35,180.25,-798.81,-264.22
LIRF,EDDF,2,24,-17.47,17.59,-38.98,4.91,-0.09,0.05,-0.16,-0.0,-228.82,115.76,-388.74,-10.1
LIRF,EDDK,0,38,6.9,13.74,-10.56,24.39,-0.0,0.16,-0.16,0.11,-3.07,382.85,-393.7,278.53
LIRF,EDDK,1,33,9.87,10.04,-2.5,26.4,0.07,0.06,-0.01,0.2,149.23,129.81,-15.32,410.56
LIRF,EDDL,0,32,-7.21,25.02,-28.06,12.45,0.03,0.12,-0.06,0.16,56.28,235.34,-134.67,391.83
LIRF,EDDL,1,21,-10.32,11.44,-25.8,9.3,0.03,0.05,-0.04,0.1,71.18,114.8,-97.2,221.5
LIRF,EDDM,0,44,7.86,8.18,-1.64,22.54,-0.1,0.06,-0.17,-0.0,-264.93,148.21,-469.11,-4.07
LIRF,EDDM,1,72,6.74,8.5,-2.04,20.26,-0.06,0.07,-0.19,0.05,-149.35,175.1,-478.9,126.8
LIRF,EDDM,2,24,14.97,14.69,0.05,33.66,-0.08,0.07,-0.19,0.03,-217.56,169.27,-475.66,74.43
LIRF,EDDM,3,34,17.65,12.96,5.38,35.19,-0.07,0.07,-0.16,0.03,-196.86,180.01,-436.3,80.62
LIRF,EFHK,0,20,-4.45,9.65,-19.1,8.17,0.05,0.04,-0.01,0.1,144.68,125.71,-17.3,285.46
LIRF,EFHK,1,40,-6.0,9.84,-22.36,10.61,0.03,0.05,-0.05,0.12,82.11,147.67,-127.71,346.88
LIRF,EGKK,0,151,9.88,10.5,-4.75,28.1,0.15,0.12,-0.03,0.36,351.32,286.03,-60.15,866.7
LIRF,EGKK,1,58,-0.07,17.95,-18.63,22.5,0.16,0.13,-0.01,0.4,383.72,324.33,-13.76,1003.35
LIRF,EGLL,0,91,11.6,14.08,-5.55,34.65,0.1,0.09,-0.05,0.23,248.44,215.13,-110.95,580.2
LIRF,EGLL,1,67,3.17,14.01,-11.25,32.9,0.12,0.11,-0.01,0.27,301.04,260.9,-26.89,636.2
LIRF,EGLL,2,40,-1.36,13.02,-13.53,22.92,0.09,0.08,-0.02,0.25,215.3,202.6,-42.0,585.29
LIRF,EGLL,3,26,6.17,13.13,-7.82,25.25,0.1,0.1,-0.02,0.24,254.97,243.06,-51.28,635.62
LIRF,EHAM,0,29,-8.31,19.93,-45.08,18.7,0.03,0.08,-0.1,0.15,66.23,194.63,-238.9,368.14
LIRF,EHAM,1,119,3.03,12.19,-16.34,24.44,0.04,0.06,-0.04,0.12,92.69,139.04,-96.53,297.07
LIRF,EHAM,2,18,3.48,8.19,-8.04,14.32,0.04,0.05,-0.03,0.1,93.31,127.11,-77.1,240.58
LIRF,EHAM,3,26,10.26,14.12,-6.88,39.4,0.09,0.11,-0.01,0.22,209.48,268.3,-31.15,553.17
LIRF,EHEH,0,19,-12.73,19.05,-37.98,12.82,0.02,0.09,-0.08,0.1,39.73,231.67,-208.2,246.78
LIRF,EHEH,1,39,-19.72,8.11,-31.7,-6.99,-0.03,0.05,-0.1,0.03,-71.72,110.18,-249.39,77.98
LIRF,EIDW,0,112,-15.99,22.27,-51.82,23.77,-0.06,0.13,-0.2,0.09,-138.05,327.02,-471.22,208.73
LIRF,EKCH,0,109,-6.57,12.6,-24.54,9.78,-0.1,0.07,-0.22,0.02,-219.84,166.99,-507.18,47.1
LIRF,ENGM,0,58,-15.69,15.35,-40.13,7.37,-0.07,0.06,-0.17,0.04,-169.95,147.88,-399.0,96.71
LIRF,EPWA,0,55,-32.38,16.74,-55.13,-1.58,-0.04,0.05,-0.11,0.04,-111.7,139.75,-293.03,95.27
LIRF,ESSA,0,47,3.25,12.68,-18.78,24.08,0.02,0.05,-0.07,0.1,56.92,127.22,-171.25,235.61
LIRF,ESSA,1,35,6.52,15.61,-24.56,22.53,0.04,0.07,-0.12,0.11,91.74,169.72,-288.83,275.0
LIRF,HECA,0,49,14.75,11.18,-2.5,32.58,0.1,0.11,-0.02,0.2,239.0,280.65,-39.94,494.96
LIRF,HECA,1,23,8.55,23.86,-25.61,32.28,0.08,0.14,-0.08,0.33,173.86,312.52,-199.04,621.68
LIRF,HECA,2,44,16.89,16.11,-2.88,45.87,0.1,0.08,-0.02,0.24,215.53,179.56,-43.21,537.82
LIRF,KATL,0,27,-7.92,9.72,-21.88,5.4,-0.01,0.05,-0.08,0.07,-59.08,308.41,-516.62,409.53
LIRF,KATL,1,33,-6.38,8.93,-19.4,8.72,-0.01,0.08,-0.13,0.16,-50.42,516.86,-776.06,970.64
LIRF,KBOS,0,22,-10.29,6.8,-20.92,-2.82,-0.01,0.08,-0.11,0.12,-59.73,481.61,-675.04,754.27
LIRF,KBOS,1,29,-8.43,10.01,-23.88,7.78,-0.02,0.06,-0.11,0.06,-135.92,356.06,-664.76,373.38
LIRF,KBOS,2,8,-7.54,9.58,-21.38,0.58,0.0,0.05,-0.07,0.06,13.26,283.6,-390.55,364.5
LIRF,KEWR,0,35,-6.48,9.79,-23.72,7.13,0.07,0.07,-0.03,0.18,459.86,448.83,-229.51,1190.08
LIRF,KEWR,1,22,-3.83,11.65,-23.58,7.03,0.01,0.09,-0.1,0.16,76.89,614.15,-652.08,1037.25
LIRF,KIAD,0,17,-5.27,10.12,-22.94,4.58,-0.02,0.08,-0.15,0.09,-156.44,515.08,-977.9,530.36
LIRF,KIAD,1,26,-7.08,6.4,-15.5,2.65,-0.04,0.05,-0.11,0.03,-267.64,309.47,-737.48,158.18
LIRF,KIAD,2,17,-4.5,10.43,-24.38,7.44,-0.01,0.06,-0.1,0.06,-89.21,378.47,-613.78,417.98
LIRF,KJFK,0,39,-7.19,7.84,-23.07,2.87,0.07,0.09,-0.07,0.21,426.44,507.89,-402.84,1226.28
LIRF,KJFK,1,58,-7.72,9.23,-21.35,7.85,0.06,0.1,-0.1,0.2,344.65,591.18,-563.47,1083.49
LIRF,KJFK,2,21,-7.89,7.58,-16.8,0.9,-0.01,0.05,-0.07,0.06,-71.96,272.58,-405.0,403.0
LIRF,KJFK,3,43,-8.78,7.27,-19.98,2.27,-0.05,0.07,-0.19,0.04,-273.88,410.67,-1046.39,229.47
LIRF,KJFK,4,15,-6.03,7.84,-19.86,2.85,-0.04,0.07,-0.15,0.03,-281.08,421.55,-978.99,160.23
LIRF,KJFK,5,22,-10.96,11.23,-25.08,5.7,-0.03,0.06,-0.14,0.05,-158.95,368.37,-853.23,293.51
LIRF,KJFK,6,40,-0.07,8.36,-12.88,13.3,-0.02,0.07,-0.13,0.1,-107.98,423.13,-828.14,529.11
LIRF,KORD,0,18,-2.82,8.08,-14.36,7.66,-0.05,0.05,-0.11,0.02,-282.56,288.8,-709.36,99.38
LIRF,KORD,1,23,-0.53,8.11,-12.27,9.39,-0.03,0.07,-0.11,0.06,-143.45,437.96,-620.27,360.55
LIRF,KORD,2,19,-3.07,6.82,-14.65,5.71,-0.04,0.05,-0.1,0.03,-241.12,253.91,-540.67,196.1
LIRF,KSFO,0,22,2.78,15.08,-26.08,22.84,-0.01,0.1,-0.13,0.09,-69.31,658.96,-852.65,600.57
LIRF,KSFO,1,28,-10.24,32.87,-20.24,6.77,-0.05,0.08,-0.21,0.02,-329.14,551.79,-1382.15,134.57
LIRF,LATI,0,77,-49.55,11.31,-65.28,-33.0,-0.08,0.05,-0.14,0.01,-181.54,116.51,-351.1,14.02
LIRF,LATI,1,49,-2.0,16.65,-21.36,24.6,0.03,0.05,-0.03,0.11,59.16,113.1,-80.3,259.3
LIRF,LDSP,0,69,-7.0,9.07,-23.3,6.8,0.0,0.05,-0.07,0.08,-4.17,92.72,-152.04,144.28
LIRF,LEBL,0,112,-6.46,14.41,-29.96,23.43,-0.03,0.07,-0.12,0.1,-69.88,166.85,-299.32,240.36
LIRF,LEBL,1,293,2.25,9.85,-4.7,23.38,-0.02,0.07,-0.12,0.09,-44.32,159.67,-280.82,232.66
LIRF,LEIB,0,66,-14.37,17.25,-31.0,20.23,-0.03,0.06,-0.13,0.07,-70.27,146.0,-303.8,184.9
LIRF,LEMD,0,437,-3.65,140.07,-24.28,32.74,0.0,0.35,-0.1,0.17,-62.51,2124.65,-280.0,438.38
LIRF,LEMG,0,97,-8.03,15.77,-32.98,6.82,0.05,0.06,-0.06,0.13,114.8,151.18,-136.96,313.26
LIRF,LEVC,0,107,15.4,24.16,-1.77,38.92,0.06,0.12,-0.05,0.15,135.79,288.45,-110.91,356.26
LIRF,LFLL,0,70,9.3,9.88,-4.8,23.63,0.04,0.04,-0.02,0.11,87.6,103.15,-51.48,286.44
LIRF,LFML,0,60,15.33,17.03,-3.02,49.97,0.09,0.1,-0.05,0.24,248.51,369.64,-294.78,1007.03
LIRF,LFMN,0,23,12.02,12.39,-0.47,30.42,-0.02,0.08,-0.13,0.09,-53.41,180.5,-278.28,205.23
LIRF,LFMN,1,67,8.5,8.37,-2.8,23.13,0.03,0.05,-0.03,0.12,82.51,116.02,-69.99,330.77
LIRF,LFMN,2,49,11.19,12.39,-5.18,30.0,0.03,0.08,-0.09,0.17,75.5,187.5,-196.1,354.54
LIRF,LFPG,0,309,-7.85,154.13,-27.62,27.22,0.02,0.36,-0.06,0.14,-40.66,2344.01,-134.84,358.54
LIRF,LFPO,0,73,0.42,9.6,-16.36,16.72,0.03,0.06,-0.06,0.12,66.27,147.8,-158.74,294.46
LIRF,LFPO,1,20,0.4,9.87,-11.0,21.92,0.04,0.08,-0.09,0.16,105.62,210.38,-221.72,435.1
LIRF,LFPO,2,114,0.51,8.45,-10.48,13.98,0.04,0.05,-0.05,0.12,85.95,130.07,-123.84,298.4
LIRF,LFPO,3,37,2.89,9.8,-16.52,18.76,0.06,0.07,-0.04,0.16,157.29,177.92,-107.22,399.84
LIRF,LFPO,4,21,2.1,9.88,-8.2,21.1,0.06,0.07,-0.04,0.17,157.43,187.26,-100.0,416.7
LIRF,LFPO,5,17,4.26,10.67,-9.2,17.52,0.04,0.06,-0.06,0.14,101.57,164.34,-151.12,340.82
LIRF,LGAV,0,132,-7.63,15.43,-25.62,21.08,-0.03,0.07,-0.12,0.1,-62.92,171.06,-282.41,253.95
LIRF,LGAV,1,117,-19.29,60.46,-41.82,6.14,-0.05,0.15,-0.15,0.08,-119.66,392.01,-356.06,188.24
LIRF,LIBD,0,43,-55.83,18.35,-77.06,-29.95,-0.18,0.07,-0.28,-0.06,-429.67,168.84,-700.74,-137.53
LIRF,LIBD,1,94,-1.49,23.59,-22.18,27.17,-0.03,0.08,-0.12,0.11,-67.17,188.22,-293.48,215.82
LIRF,LIBD,2,37,-26.48,9.85,-39.8,-10.72,-0.07,0.05,-0.15,0.02,-156.95,123.43,-361.46,44.4
LIRF,LIBD,3,27,3.94,31.25,-20.91,23.97,-0.01,0.07,-0.09,0.06,-17.81,170.92,-203.97,144.62
LIRF,LIBR,0,57,-1.05,12.83,-19.18,23.12,-0.03,0.07,-0.12,0.11,-83.31,165.91,-309.06,222.14
LIRF,LIBR,1,62,1.37,13.27,-18.86,19.56,-0.0,0.06,-0.1,0.08,-10.64,135.41,-239.46,201.7
LIRF,LIBR,2,24,9.75,22.37,-9.58,42.92,-0.01,0.08,-0.11,0.13,-14.93,183.09,-261.42,289.13
LIRF,LICA,0,91,-5.04,16.54,-27.5,22.4,-0.11,0.08,-0.21,0.05,-259.91,178.6,-499.2,108.85
LIRF,LICC,0,228,-30.63,29.01,-50.76,0.72,-0.03,0.11,-0.13,0.08,-80.73,243.95,-327.76,183.3
LIRF,LICC,1,215,-35.48,16.5,-51.13,0.0,-0.05,0.07,-0.15,0.05,-116.98,161.51,-367.3,128.58
LIRF,LICC,2,20,-42.43,22.72,-73.32,-11.26,-0.0,0.15,-0.22,0.13,0.64,362.07,-543.36,317.53
LIRF,LICJ,0,507,5.9,10.51,-5.8,26.84,-0.01,0.06,-0.1,0.08,-26.04,136.6,-240.0,200.0
LIRF,LICR,0,56,-19.66,3.29,-24.42,-13.75,-0.17,0.05,-0.24,-0.07,-377.92,112.88,-558.33,-156.0
LIRF,LIEA,0,89,-5.08,7.18,-13.06,7.04,-0.03,0.05,-0.11,0.03,-82.2,128.43,-270.4,80.0
LIRF,LIEE,0,161,-2.17,10.55,-11.7,11.1,-0.03,0.08,-0.12,0.07,-64.93,203.9,-291.7,177.1
LIRF,LIEE,1,60,4.4,22.39,-5.44,4.5,-0.07,0.1,-0.15,0.05,-179.15,255.6,-375.97,156.03
LIRF,LIEE,2,17,-6.56,20.38,-51.14,9.8,-0.08,0.07,-0.17,0.01,-193.54,162.98,-424.5,29.16
LIRF,LIEO,0,176,-21.27,16.52,-43.4,0.5,-0.14,0.08,-0.27,-0.03,-357.32,188.52,-666.7,-78.32
LIRF,LIME,0,67,-27.21,11.01,-47.84,-12.46,-0.08,0.11,-0.2,0.06,-64.6,193.41,-180.0,57.0
LIRF,LIMF,0,81,-0.96,4.01,-4.3,7.4,0.02,0.07,-0.08,0.13,35.21,138.54,-191.6,253.3
LIRF,LIMF,1,25,-0.82,3.51,-4.38,6.26,-0.02,0.05,-0.08,0.07,-52.4,107.59,-186.7,131.0
LIRF,LIMJ,0,111,1.89,10.85,-13.55,19.65,0.04,0.06,-0.07,0.15,65.71,124.42,-156.7,285.0
LIRF,LIML,0,113,-1.57,9.56,-10.76,12.16,-0.04,0.05,-0.1,0.02,-93.22,131.74,-250.0,41.64
LIRF,LIML,1,255,-1.89,8.33,-9.7,7.09,-0.01,0.09,-0.1,0.11,-29.35,189.48,-220.0,222.41
LIRF,LIPE,0,87,-1.57,8.69,-14.89,11.99,-0.01,0.11,-0.08,0.08,-17.55,270.54,-208.3,164.21
LIRF,LIPQ,0,112,-5.99,7.63,-14.94,6.2,0.04,0.04,-0.04,0.1,79.96,85.1,-95.31,190.0
LIRF,LIPZ,0,115,-20.83,11.32,-34.2,0.6,-0.11,0.06,-0.19,-0.02,-250.12,147.86,-470.33,-38.6
LIRF,LIRN,0,93,-24.46,30.46,-64.5,9.2,0.0,0.15,-0.21,0.24,-4.15,342.67,-498.3,527.68
LIRF,LIRN,1,16,-17.98,11.34,-31.02,-2.02,0.03,0.09,-0.12,0.15,38.94,197.57,-295.3,292.9
LIRF,LIRQ,0,110,1.39,7.85,-2.48,7.93,-0.04,0.06,-0.1,0.06,-85.34,121.54,-218.34,122.1
LIRF,LKPR,0,19,-28.38,12.6,-48.22,-12.26,-0.07,0.06,-0.17,0.0,-167.36,145.53,-426.94,12.5
LIRF,LKPR,1,76,-7.37,9.36,-20.48,9.12,-0.01,0.05,-0.07,0.07,-27.99,127.91,-175.02,174.95
LIRF,LKPR,2,21,-8.08,10.66,-22.3,4.9,-0.01,0.04,-0.07,0.07,-15.05,106.87,-160.0,160.0
LIRF,LLBG,0,185,1.64,15.14,-18.72,29.58,0.02,0.07,-0.08,0.13,47.11,192.81,-204.8,373.32
LIRF,LMML,0,25,28.11,12.17,13.36,49.42,0.08,0.07,-0.04,0.17,199.84,167.6,-77.62,380.24
LIRF,LMML,1,73,20.21,12.48,-0.08,36.16,0.05,0.06,-0.04,0.11,120.26,148.06,-108.3,276.54
LIRF,LMML,2,17,22.88,10.22,0.4,33.54,0.0,0.04,-0.05,0.07,8.81,130.57,-153.12,166.7
LIRF,LOWW,0,102,13.17,15.6,-8.97,39.19,0.07,0.05,-0.02,0.15,178.66,122.19,-46.44,375.0
LIRF,LOWW,1,51,9.48,16.61,-14.75,37.1,0.05,0.05,-0.03,0.13,118.53,135.04,-88.3,333.35
LIRF,LPPT,0,119,3.23,17.84,-16.86,35.86,0.07,0.09,-0.03,0.24,185.44,213.29,-83.3,586.26
LIRF,LROP,0,57,-23.79,15.99,-48.8,-1.72,-0.03,0.05,-0.13,0.05,-81.32,124.24,-293.3,125.0
LIRF,LSGG,0,34,17.65,20.1,3.12,30.8,-0.08,0.08,-0.21,0.05,-188.93,198.01,-479.28,104.05
LIRF,LSGG,1,19,-9.2,9.31,-22.67,0.87,0.03,0.09,-0.11,0.15,53.05,191.97,-244.82,316.68
LIRF,LSGG,2,37,-11.64,10.96,-25.48,6.28,-0.02,0.07,-0.11,0.08,-50.3,163.25,-268.34,206.08
LIRF,LSZH,0,59,-8.96,12.12,-27.6,11.96,-0.03,0.08,-0.13,0.07,-67.1,191.27,-296.77,188.0
LIRF,LSZH,1,40,-14.14,19.55,-41.35,17.51,-0.06,0.07,-0.15,0.04,-164.42,168.95,-430.22,111.48
LIRF,LSZH,2,49,-9.4,22.47,-38.84,11.4,-0.02,0.09,-0.11,0.1,-60.58,230.08,-284.52,281.08
LIRF,LSZH,3,15,-13.53,16.73,-30.14,9.74,-0.01,0.09,-0.15,0.12,-22.32,195.54,-314.47,231.7
LIRF,LTFJ,0,54,-39.54,27.87,-73.58,15.18,-0.05,0.11,-0.18,0.16,-126.36,272.41,-458.34,391.64
LIRF,LTFJ,1,16,-28.24,25.7,-51.5,27.02,-0.03,0.1,-0.13,0.15,-83.94,238.34,-314.15,354.58
LIRF,LTFJ,2,19,-35.48,16.15,-60.88,-10.07,-0.05,0.07,-0.15,0.03,-118.66,169.46,-375.0,86.47
LIRF,LTFM,0,98,-37.87,24.84,-65.02,-6.56,-0.06,0.14,-0.17,0.07,-233.88,470.02,-833.2,233.3
LIRF,LTFM,1,22,-39.19,14.84,-62.66,-12.46,-0.05,0.05,-0.13,0.03,-223.86,290.72,-722.56,138.17
LIRF,LYBE,0,63,-4.54,35.39,-30.96,34.3,0.01,0.21,-0.12,0.2,29.81,508.31,-288.28,383.55
LIRF,OMAA,0,41,17.82,18.93,2.6,44.1,0.01,0.07,-0.09,0.1,94.67,324.39,-229.2,541.7
LIRF,OMAA,1,19,3.79,17.06,-26.9,33.14,0.04,0.05,-0.01,0.14,333.99,415.34,-114.65,1092.03
LIRF,OMDB,0,40,9.36,17.8,-14.25,36.13,0.21,0.1,0.09,0.37,1960.35,1036.37,703.77,3956.52
LIRF,OMDB,1,20,19.42,18.67,-12.46,40.65,0.26,0.11,0.11,0.47,2932.95,1367.81,1144.89,5693.97
LIRF,OTHH,0,15,11.08,10.87,1.35,31.15,0.02,0.06,-0.06,0.11,162.95,372.35,-326.85,713.75
LIRF,OTHH,1,62,11.66,22.18,-18.22,42.13,0.07,0.08,-0.05,0.18,394.12,478.17,-273.17,1096.07
LIRF,SAEZ,0,19,3.34,9.88,-11.73,17.47,0.01,0.03,-0.05,0.05,39.65,192.99,-301.4,316.7
LIRF,SAEZ,1,15,-15.07,11.11,-28.72,2.23,0.0,0.13,-0.11,0.2,2.04,745.03,-641.52,1131.01
LIRF,SAEZ,2,18,-4.03,12.72,-19.05,16.44,-0.01,0.06,-0.09,0.07,-61.96,371.86,-509.54,415.69
LIRF,SBGR,0,43,3.98,13.54,-6.26,27.47,-0.0,0.06,-0.08,0.06,-17.81,332.73,-585.46,339.8
LIRF,SBGR,1,15,9.96,26.53,-4.55,45.54,0.01,0.09,-0.08,0.12,8.36,514.77,-558.99,636.21
LIRN,EDDF,0,23,-48.1,18.96,-75.63,-15.78,-0.18,0.08,-0.31,-0.07,-459.43,201.39,-775.19,-195.82
LIRN,EDDF,1,31,-40.67,18.2,-67.0,-12.35,-0.19,0.1,-0.32,-0.08,-485.47,239.47,-798.25,-193.45
LIRN,EDDF,2,20,-32.45,31.74,-61.46,0.83,-0.12,0.11,-0.23,-0.01,-309.49,313.4,-620.71,-20.64
LIRN,EDDM,0,29,-0.89,13.31,-16.2,27.76,-0.03,0.07,-0.14,0.07,-74.12,163.96,-333.72,176.92
LIRN,EDDM,1,31,-12.52,16.21,-37.2,1.65,-0.12,0.06,-0.2,-0.01,-292.58,153.58,-489.55,-12.85
LIRN,EDDM,2,27,-16.36,37.97,-31.78,19.46,-0.09,0.11,-0.17,0.01,-222.52,309.85,-386.78,33.08
LIRN,EDDM,3,21,4.06,16.73,-16.2,26.1,-0.01,0.09,-0.11,0.17,-14.29,214.68,-242.8,433.4
LIRN,EGKK,0,91,-11.36,15.06,-35.25,15.1,0.13,0.13,-0.04,0.35,317.5,325.65,-100.15,865.3
LIRN,EGLL,0,77,-2.38,19.11,-28.58,32.84,0.12,0.11,-0.03,0.3,283.75,263.12,-72.7,685.06
LIRN,EGSS,0,53,-12.99,14.25,-34.72,10.9,0.04,0.06,-0.06,0.16,91.91,142.93,-139.46,346.14
LIRN,EHAM,0,49,-5.17,14.74,-34.0,14.5,0.03,0.07,-0.09,0.16,70.34,172.34,-209.58,388.14
LIRN,EHAM,1,28,-18.47,18.29,-46.16,7.49,0.01,0.08,-0.11,0.12,31.13,195.18,-253.38,278.35
LIRN,EIDW,0,37,-26.47,26.2,-58.86,22.7,-0.05,0.09,-0.16,0.11,-109.3,214.02,-386.74,268.14
LIRN,EIDW,1,21,-18.46,31.87,-51.4,8.2,-0.0,0.21,-0.2,0.05,-9.89,523.33,-489.6,125.7
LIRN,LEBL,0,42,-11.03,16.07,-23.88,22.33,-0.04,0.07,-0.15,0.09,-91.11,180.43,-342.71,223.37
LIRN,LEBL,1,70,-1.48,14.89,-12.96,26.61,-0.01,0.06,-0.1,0.12,-26.02,161.01,-216.82,318.82
LIRN,LEMD,0,65,-0.53,17.73,-15.24,23.02,0.03,0.08,-0.08,0.18,82.93,195.38,-193.32,427.0
LIRN,LFMN,0,55,-5.01,13.96,-21.66,22.67,0.01,0.07,-0.12,0.13,21.19,171.63,-271.89,296.4
LIRN,LFPG,0,61,-5.07,22.12,-29.5,41.9,0.04,0.07,-0.07,0.15,105.16,177.76,-154.0,378.4
LIRN,LFPG,1,68,-6.13,16.01,-29.36,18.08,0.03,0.08,-0.09,0.15,75.45,197.71,-248.16,407.31
LIRN,LFPO,0,115,-13.57,16.61,-30.76,14.06,0.03,0.07,-0.07,0.14,64.05,177.08,-174.62,342.93
LIRN,LGAV,0,50,1.19,31.12,-16.9,25.94,0.02,0.14,-0.08,0.16,43.93,339.7,-211.4,400.69
LIRN,LGMK,0,34,-15.28,14.19,-31.8,12.3,-0.0,0.09,-0.1,0.11,-5.18,207.63,-222.44,266.41
LIRN,LGMK,1,17,-17.96,14.77,-42.36,2.06,-0.02,0.1,-0.17,0.14,-36.64,234.5,-384.5,347.08
LIRN,LICC,0,73,-35.04,19.96,-59.94,2.62,-0.05,0.07,-0.17,0.05,-124.52,177.25,-406.64,112.0
LIRN,LICC,1,55,-66.47,12.02,-82.63,-44.94,-0.11,0.06,-0.22,-0.03,-275.34,152.7,-561.5,-83.3
LIRN,LICJ,0,78,4.45,20.39,-26.8,32.68,-0.01,0.08,-0.14,0.12,-30.37,191.69,-339.64,256.7
LIRN,LICJ,1,22,-10.44,18.79,-26.8,13.58,-0.09,0.08,-0.17,0.03,-230.58,206.73,-375.0,67.55
LIRN,LICJ,2,19,6.93,10.47,-4.48,19.63,-0.06,0.05,-0.15,0.02,-137.59,123.98,-334.5,49.64
LIRN,LIEO,0,53,-25.36,10.9,-45.02,-12.46,-0.12,0.06,-0.22,-0.02,-291.75,144.51,-546.38,-62.46
LIRN,LIMC,0,201,-61.73,24.72,-89.0,-13.9,-0.25,0.1,-0.38,-0.1,-597.25,240.55,-880.0,-250.0
LIRN,LIME,0,96,-26.45,13.81,-45.8,-4.25,-0.05,0.05,-0.12,0.03,-107.27,109.7,-260.92,69.97
LIRN,LIMF,0,70,-12.67,18.06,-31.97,3.58,-0.03,0.09,-0.12,0.03,-75.63,224.31,-291.7,80.0
LIRN,LIML,0,77,-23.32,15.09,-37.66,-4.54,-0.02,0.11,-0.12,0.16,-40.99,241.22,-260.64,315.02
LIRN,LIML,1,26,-20.33,13.63,-37.45,-1.68,-0.11,0.04,-0.16,-0.04,-223.71,77.09,-324.98,-83.38
LIRN,LIML,2,37,-5.96,4.53,-11.98,1.58,-0.06,0.04,-0.13,-0.01,-146.48,100.6,-293.3,-20.94
LIRN,LIML,3,11,-10.63,9.86,-25.55,-1.7,-0.03,0.06,-0.09,0.05,-82.5,128.89,-229.2,100.8
LIRN,LIPZ,0,22,-39.54,22.92,-67.46,-4.26,-0.12,0.07,-0.2,-0.02,-284.09,157.22,-490.16,-57.87
LIRN,LIPZ,1,65,-26.96,17.89,-55.6,0.0,-0.1,0.07,-0.2,-0.0,-237.45,169.57,-480.0,-6.26
LIRN,LIPZ,2,19,-16.91,13.46,-39.71,0.11,-0.09,0.06,-0.15,0.0,-208.17,132.53,-364.0,7.4
LIRN,LIRF,0,100,-66.93,23.93,-110.86,-31.5,-0.16,0.09,-0.3,-0.03,-344.09,223.08,-718.94,-61.72
LIRN,LMML,0,31,18.9,14.8,-4.8,32.35,0.06,0.07,-0.04,0.11,150.47,175.81,-83.75,272.0
LIRN,LMML,1,20,14.24,12.81,-7.28,32.69,0.02,0.07,-0.04,0.16,56.74,177.31,-96.14,389.96
LIRN,LOWW,0,63,10.74,18.44,-14.3,42.74,0.07,0.06,-0.03,0.18,173.28,161.41,-79.14,428.11
LIRN,LOWW,1,19,26.08,17.68,7.19,58.74,0.07,0.06,-0.04,0.17,176.49,158.72,-87.56,425.03
LIRN,LSZH,0,21,-15.7,23.07,-47.3,24.3,0.03,0.1,-0.11,0.17,51.95,183.54,-212.7,319.8
LIRN,LSZH,1,59,-24.75,20.94,-58.14,11.55,-0.0,0.12,-0.12,0.21,-15.68,247.01,-268.5,406.65
LIRN,LTFM,0,52,-25.96,16.3,-45.66,2.9,-0.02,0.06,-0.11,0.1,-55.9,157.51,-242.25,240.0
LIRP,EBCI,0,50,-52.57,20.9,-73.69,-7.84,-0.13,0.07,-0.21,0.02,-290.77,170.21,-486.72,48.99
LIRP,EDDF,0,53,-18.71,27.97,-53.42,27.62,-0.13,0.12,-0.25,0.13,-248.71,226.24,-480.34,231.6
LIRP,EGCC,0,52,7.56,9.59,-2.23,18.71,0.02,0.06,-0.06,0.11,46.92,138.83,-153.72,278.36
LIRP,EGKK,0,69,11.67,11.32,-4.14,25.06,0.14,0.13,-0.02,0.33,325.67,291.89,-45.82,765.52
LIRP,EGLL,0,64,7.77,14.63,-7.45,35.04,0.11,0.11,-0.01,0.29,276.25,277.5,-14.48,708.16
LIRP,EGSS,0,95,2.86,15.35,-18.57,21.5,0.08,0.07,-0.02,0.19,186.37,154.39,-44.88,439.1
LIRP,EHAM,0,15,2.62,17.79,-27.6,21.64,0.03,0.05,-0.06,0.08,59.88,113.85,-152.5,189.72
LIRP,EHAM,1,35,7.09,15.61,-20.15,25.92,0.08,0.08,-0.08,0.16,174.79,182.27,-201.38,363.96
LIRP,LATI,0,11,-2.06,36.19,-39.45,50.5,-0.02,0.1,-0.15,0.11,-59.03,248.62,-402.15,277.45
LIRP,LATI,1,25,-24.15,13.22,-41.52,2.62,-0.07,0.05,-0.12,0.02,-209.84,148.02,-367.34,53.84
LIRP,LATI,2,39,-42.95,18.26,-63.51,-9.83,-0.07,0.06,-0.16,0.03,-173.79,159.13,-438.75,81.88
LIRP,LATI,3,19,-39.1,15.98,-56.9,-17.17,-0.06,0.06,-0.16,0.03,-148.49,138.35,-366.8,66.74
LIRP,LICC,0,36,-23.0,25.93,-46.15,33.25,0.02,0.07,-0.08,0.13,43.39,158.5,-182.02,295.18
LIRP,LICC,1,24,-31.68,15.6,-52.0,-3.55,-0.0,0.08,-0.11,0.15,-4.36,183.96,-268.0,304.5
LIRP,LICJ,0,60,11.89,16.74,-16.77,40.72,0.02,0.07,-0.07,0.12,40.46,177.59,-155.33,294.63
LIRP,LIEE,0,40,2.52,23.09,-36.43,35.26,-0.03,0.09,-0.13,0.09,-60.8,203.0,-320.0,213.13
LIRP,LIEE,1,20,-15.02,16.49,-39.9,2.12,-0.08,0.04,-0.15,-0.02,-194.62,108.44,-364.0,-47.6
LIRQ,EDDF,0,81,-32.85,17.2,-57.9,-5.7,-0.21,0.07,-0.29,-0.1,-384.81,138.67,-562.5,-222.0
LIRQ,EDDF,1,26,-9.78,43.35,-41.25,1.33,-0.03,0.2,-0.15,0.06,-51.87,362.67,-261.25,103.38
LIRQ,EDDM,0,64,6.94,10.55,-4.64,27.45,-0.06,0.07,-0.16,0.05,-112.4,121.89,-280.8,88.72
LIRQ,EDDM,1,21,6.62,7.94,-2.7,21.9,-0.08,0.05,-0.14,-0.02,-140.5,81.57,-243.0,-42.0
LIRQ,EGKK,0,60,-3.23,16.95,-23.71,19.46,0.19,0.15,0.02,0.47,427.56,329.36,52.49,1025.79
LIRQ,EGLC,0,55,-5.34,9.36,-17.97,11.43,0.02,0.05,-0.06,0.1,54.32,118.58,-130.36,223.3
LIRQ,EHAM,0,44,-2.01,15.05,-25.35,17.41,0.05,0.08,-0.09,0.15,122.32,184.17,-231.95,346.95
LIRQ,EHAM,1,87,5.72,8.87,-8.29,23.37,0.04,0.06,-0.05,0.14,98.88,141.21,-139.14,331.58
LIRQ,EHAM,2,18,3.44,10.64,-7.0,25.32,0.04,0.06,-0.05,0.12,85.13,136.59,-105.88,266.57
LIRQ,LEBL,0,75,-9.48,16.91,-36.35,18.26,-0.03,0.06,-0.12,0.08,-56.14,141.97,-269.53,168.72
LIRQ,LEMD,0,53,-4.65,8.02,-14.06,11.0,0.05,0.09,-0.06,0.25,104.28,202.47,-136.04,550.0
LIRQ,LFPG,0,8,-2.3,12.88,-21.64,6.56,0.07,0.07,-0.01,0.16,163.26,147.57,-28.14,359.68
LIRQ,LFPG,1,14,7.14,10.51,0.3,25.94,0.09,0.09,-0.02,0.21,189.3,194.86,-52.8,462.51
LIRQ,LFPG,2,17,4.35,7.47,-0.18,18.38,0.08,0.05,0.03,0.17,181.5,100.54,73.48,381.46
LIRQ,LFPO,0,53,-0.79,6.12,-4.4,10.06,0.06,0.05,-0.0,0.15,141.8,111.17,-8.12,330.34
LIRQ,LIRF,0,52,-37.74,14.25,-51.84,-3.0,-0.15,0.05,-0.22,-0.06,-322.67,108.26,-493.22,-136.62
LIRQ,LIRF,1,27,-30.65,14.45,-55.66,-4.58,-0.11,0.05,-0.18,-0.03,-237.12,113.96,-392.32,-73.3
LIRQ,LIRF,2,30,-35.8,17.86,-53.62,-1.35,-0.18,0.05,-0.24,-0.08,-392.1,114.19,-525.52,-179.63
LIRQ,LOWW,0,58,20.24,13.47,2.14,41.5,0.07,0.05,-0.0,0.17,119.06,94.37,-4.5,304.5
LIRQ,LSZH,0,40,-8.12,22.0,-27.44,9.45,-0.01,0.09,-0.09,0.11,-13.61,237.13,-227.76,278.41
LJLJ,EDDF,0,61,-50.16,18.15,-79.9,-28.1,-0.21,0.06,-0.29,-0.12,-309.51,127.2,-503.0,-170.3
LJLJ,EDDF,1,20,-55.06,19.45,-80.33,-30.4,-0.19,0.07,-0.27,-0.11,-279.06,111.05,-410.46,-153.99
LJLJ,LTFM,0,52,-29.04,20.64,-51.39,15.7,0.0,0.08,-0.08,0.14,8.22,220.61,-233.3,368.68
LJLJ,LYBE,0,59,-21.52,14.62,-40.8,1.53,-0.05,0.06,-0.12,0.06,-44.37,78.1,-117.6,102.74
LKPR,EBBR,0,77,-8.78,12.74,-24.32,14.78,-0.02,0.07,-0.11,0.08,-53.26,155.69,-254.6,154.26
LKPR,EDDF,0,90,-40.31,16.7,-62.22,-8.97,-0.22,0.08,-0.32,-0.08,-540.72,202.2,-806.78,-201.64
LKPR,EDDF,1,39,-32.69,17.2,-57.09,-6.21,-0.19,0.07,-0.28,-0.09,-457.91,164.39,-661.09,-226.58
LKPR,EDDL,0,15,-20.88,7.64,-31.33,-9.47,-0.07,0.06,-0.16,0.02,-164.37,153.03,-391.13,42.89
LKPR,EDDL,1,38,-14.67,23.09,-39.36,13.49,0.02,0.1,-0.1,0.2,44.39,243.73,-254.61,453.94
LKPR,EDDM,0,83,-18.43,14.06,-40.01,3.07,-0.13,0.06,-0.21,-0.04,-292.07,137.01,-493.45,-80.15
LKPR,EFHK,0,16,-15.9,13.0,-31.98,1.6,-0.0,0.05,-0.06,0.09,-8.12,120.7,-139.3,201.78
LKPR,EFHK,1,27,-14.63,12.86,-32.73,-0.08,0.01,0.06,-0.05,0.09,16.2,149.17,-115.6,250.37
LKPR,EFHK,2,20,-21.56,11.28,-35.02,0.44,-0.02,0.06,-0.11,0.07,-42.03,151.77,-244.58,160.13
LKPR,EFHK,3,15,-12.29,9.6,-24.52,1.46,0.03,0.04,-0.04,0.08,71.46,95.47,-82.58,190.98
LKPR,EGCC,0,35,-19.6,20.97,-48.03,15.66,0.02,0.11,-0.12,0.22,38.16,268.39,-283.69,477.29
LKPR,EGCC,1,24,-13.86,22.77,-48.22,12.26,-0.02,0.07,-0.09,0.1,-44.87,148.75,-204.4,207.16
LKPR,EGLL,0,83,-5.3,12.52,-25.75,13.87,0.17,0.11,0.01,0.37,381.44,248.77,34.28,813.14
LKPR,EGLL,1,45,-16.05,19.1,-48.18,11.9,0.16,0.12,0.0,0.37,361.55,269.42,5.38,818.4
LKPR,EGSS,0,74,-17.28,13.91,-40.99,8.47,0.05,0.06,-0.03,0.13,108.64,139.24,-79.5,310.51
LKPR,EHAM,0,187,-2.79,11.32,-22.17,13.89,0.04,0.06,-0.07,0.12,79.95,144.38,-174.47,273.54
LKPR,EKCH,0,34,-17.94,11.8,-33.09,-2.93,-0.09,0.05,-0.16,-0.02,-200.86,113.79,-327.6,-40.5
LKPR,EKCH,1,16,-20.79,7.23,-31.83,-11.62,-0.08,0.06,-0.16,0.01,-173.19,126.58,-336.25,28.25
LKPR,EKCH,2,63,-19.67,9.9,-34.17,-3.13,-0.11,0.06,-0.21,-0.05,-251.94,128.81,-478.62,-86.33
LKPR,ENGM,0,28,-18.22,13.98,-39.42,1.76,-0.03,0.06,-0.11,0.06,-66.22,133.74,-260.18,155.74
LKPR,ENGM,1,28,-12.87,13.43,-31.86,6.25,-0.04,0.06,-0.12,0.06,-87.32,149.99,-276.08,137.41
LKPR,EPWA,0,121,-47.01,14.95,-65.6,-23.1,-0.07,0.06,-0.16,0.03,-131.56,106.25,-305.0,56.0
LKPR,ESSA,0,26,-4.35,15.44,-31.85,16.6,0.05,0.07,-0.03,0.13,114.78,158.98,-79.97,311.77
LKPR,ESSA,1,16,-6.63,22.5,-51.35,21.82,0.04,0.07,-0.03,0.16,105.89,169.0,-86.8,380.62
LKPR,ESSA,2,18,-9.07,13.05,-30.76,8.24,0.04,0.06,-0.05,0.14,103.36,153.87,-125.7,330.7
LKPR,LCLK,0,20,2.45,17.39,-12.6,28.62,0.05,0.07,-0.04,0.14,119.33,174.07,-86.0,336.0
LKPR,LCLK,1,19,-2.75,10.93,-19.24,13.46,0.04,0.08,-0.04,0.16,98.91,186.48,-100.0,402.78
LKPR,LCLK,2,17,7.0,15.38,-14.94,23.14,0.05,0.08,-0.04,0.14,117.16,190.64,-104.0,350.06
LKPR,LEBL,0,91,-15.62,28.11,-48.9,21.6,-0.02,0.1,-0.14,0.11,-43.55,246.15,-345.65,266.1
LKPR,LEMD,0,28,-16.74,16.46,-45.06,4.24,-0.03,0.07,-0.13,0.07,-69.89,159.4,-323.96,157.5
LKPR,LEMD,1,28,-9.57,16.79,-32.58,16.89,-0.03,0.1,-0.17,0.1,-65.67,255.56,-436.59,246.5
LKPR,LEPA,0,50,-20.88,16.27,-42.94,1.37,-0.01,0.1,-0.15,0.15,-34.39,230.33,-353.24,369.21
LKPR,LFPG,0,84,-2.29,13.79,-23.17,25.23,0.04,0.08,-0.08,0.16,90.12,178.29,-172.87,378.1
LKPR,LFPG,1,83,-15.25,11.26,-34.1,-3.4,0.02,0.06,-0.1,0.13,46.44,154.58,-225.95,278.59
LKPR,LGIR,0,27,-3.29,9.15,-15.16,11.58,-0.01,0.04,-0.07,0.07,-22.52,105.5,-159.8,179.89
LKPR,LGIR,1,23,-7.56,5.43,-17.35,-0.53,-0.03,0.05,-0.12,0.04,-74.98,117.38,-249.44,89.44
LKPR,LGRP,0,34,8.35,9.19,-2.8,24.77,-0.02,0.06,-0.09,0.09,-55.7,139.04,-213.4,208.34
LKPR,LGRP,1,26,4.11,10.3,-10.75,22.2,0.0,0.05,-0.07,0.07,10.26,113.24,-187.3,162.62
LKPR,LHBP,0,53,-21.69,13.88,-38.5,1.2,-0.01,0.06,-0.11,0.07,-41.47,227.98,-265.46,272.68
LKPR,LIMC,0,62,-55.02,22.33,-91.85,-7.89,-0.22,0.11,-0.37,-0.07,-541.89,280.96,-915.0,-166.6
LKPR,LIMC,1,18,-52.88,23.5,-82.6,-16.87,-0.21,0.18,-0.36,0.03,-464.62,429.75,-802.83,76.95
LKPR,LIMC,2,22,-47.04,21.77,-67.37,-12.24,-0.15,0.07,-0.24,-0.03,-367.1,174.47,-558.14,-86.15
LKPR,LIRF,0,51,-43.3,13.84,-65.1,-23.65,-0.14,0.07,-0.25,-0.01,-342.83,169.36,-625.0,-35.35
LKPR,LIRF,1,65,-51.04,21.31,-88.0,-15.6,-0.14,0.08,-0.29,-0.02,-344.68,200.11,-706.28,-40.34
LKPR,LLBG,0,25,-13.45,15.96,-35.92,7.56,-0.04,0.07,-0.13,0.05,-108.65,168.09,-301.04,116.68
LKPR,LLBG,1,22,-8.6,7.16,-17.78,0.94,-0.09,0.05,-0.17,-0.02,-219.05,123.27,-433.4,-42.34
LKPR,LLBG,2,19,-5.82,15.01,-23.95,19.67,-0.0,0.07,-0.09,0.11,-1.87,163.65,-233.6,266.66
LKPR,LOWW,0,90,8.38,16.22,-9.1,35.51,0.07,0.07,-0.01,0.2,134.19,131.95,-16.5,363.0
LKPR,LSZH,0,90,-31.47,12.34,-48.51,-14.3,-0.05,0.09,-0.17,0.11,-112.81,215.58,-417.62,222.98
LKPR,LTAI,0,30,-7.24,13.27,-29.74,12.08,0.04,0.09,-0.08,0.18,101.55,206.55,-175.0,463.38
LKPR,LTAI,1,54,-0.79,21.11,-22.2,32.84,0.04,0.09,-0.07,0.19,84.78,211.83,-169.54,464.19
LKPR,LTFM,0,91,-17.92,17.94,-38.4,7.4,-0.01,0.07,-0.11,0.12,-30.36,247.49,-416.65,326.7
LKPR,OMDB,0,68,20.7,21.5,-7.31,55.6,0.19,0.13,0.03,0.41,1123.1,1123.42,59.28,3170.95
LKPR,OTHH,0,31,49.76,61.72,-2.45,202.0,0.12,0.1,-0.02,0.28,309.8,251.43,-40.95,695.8
LKPR,OTHH,1,17,35.19,34.33,7.78,110.12,0.12,0.06,0.03,0.2,564.85,541.88,73.08,1513.66
LLBG,EBBR,0,8,2.94,10.15,-8.67,17.81,-0.16,0.07,-0.25,-0.08,-408.59,165.78,-633.04,-210.49
LLBG,EBBR,1,44,4.25,13.91,-8.06,27.11,-0.15,0.12,-0.32,0.06,-370.32,307.29,-791.68,144.18
LLBG,EDDB,0,46,2.26,20.11,-20.98,23.55,0.03,0.16,-0.12,0.13,66.61,386.67,-302.85,283.15
LLBG,EDDB,1,31,5.45,9.2,-6.35,20.5,0.04,0.1,-0.07,0.2,92.19,237.15,-174.05,470.65
LLBG,EDDF,0,37,-26.68,19.99,-56.4,2.42,-0.15,0.11,-0.35,0.01,-373.01,268.65,-863.38,35.44
LLBG,EDDF,1,78,-13.45,27.75,-47.6,9.15,-0.12,0.22,-0.32,-0.01,-302.43,581.26,-788.71,-27.62
LLBG,EDDM,0,33,13.36,24.25,-10.02,48.34,-0.07,0.1,-0.26,0.06,-172.84,247.8,-646.84,152.22
LLBG,EDDM,1,53,11.9,18.25,-3.28,27.34,-0.05,0.12,-0.18,0.06,-118.34,307.1,-452.62,150.46
LLBG,EGGW,0,27,-17.36,14.67,-39.67,5.58,-0.01,0.08,-0.15,0.1,-21.08,201.24,-366.19,247.3
LLBG,EGGW,1,80,-15.36,18.7,-41.4,7.81,-0.0,0.21,-0.19,0.12,-5.86,493.15,-463.6,286.05
LLBG,EGLL,0,77,5.44,14.93,-11.38,30.82,0.16,0.14,-0.02,0.37,909.96,793.18,-130.88,2022.86
LLBG,EGLL,1,34,8.68,13.05,-7.54,25.62,0.18,0.14,-0.02,0.41,1111.03,846.54,-102.61,2455.4
LLBG,EGLL,2,41,16.51,32.28,-6.2,41.0,0.23,0.15,-0.03,0.41,1314.06,835.44,-199.8,2267.3
LLBG,EHAM,0,32,18.81,21.62,-2.69,44.99,0.11,0.22,-0.06,0.23,305.65,530.45,-141.62,800.76
LLBG,EHAM,1,32,9.65,9.3,-1.23,29.64,0.07,0.06,-0.02,0.16,385.45,396.8,-118.07,1040.23
LLBG,EHAM,2,15,38.14,133.7,-5.73,173.76,0.22,0.61,-0.01,0.87,641.63,1448.58,-30.37,2530.73
LLBG,EHAM,3,19,15.75,26.19,-1.78,32.17,0.1,0.13,0.01,0.21,310.69,366.16,32.17,964.75
LLBG,EHAM,4,26,13.07,10.01,2.48,29.55,0.04,0.09,-0.12,0.18,148.27,321.37,-274.42,554.38
LLBG,EPWA,0,78,-29.38,23.31,-55.56,2.88,-0.01,0.11,-0.11,0.1,-18.51,270.43,-256.42,214.57
LLBG,EPWA,1,21,-21.78,22.11,-49.3,11.3,-0.04,0.09,-0.14,0.11,-96.97,239.42,-396.7,221.1
LLBG,HAAB,0,57,-17.95,13.06,-41.14,0.0,-0.05,0.06,-0.14,0.04,-148.61,218.99,-580.94,76.86
LLBG,KEWR,0,38,3.51,34.11,-19.86,18.04,0.11,0.45,-0.1,0.18,694.11,2905.82,-643.19,1111.26
LLBG,KEWR,1,34,0.65,7.36,-10.47,12.79,0.16,0.14,0.0,0.29,967.36,763.3,19.47,1734.13
LLBG,KEWR,2,27,-12.21,10.11,-26.27,4.69,0.21,0.1,0.06,0.38,1260.89,617.73,381.78,2356.59
LLBG,KJFK,0,16,2.04,12.99,-12.82,24.12,0.14,0.11,-0.02,0.29,821.8,654.67,-114.92,1718.3
LLBG,KJFK,1,22,-0.25,11.52,-20.68,15.79,0.04,0.13,-0.11,0.21,215.63,817.45,-622.08,1136.64
LLBG,KJFK,2,32,0.21,8.32,-12.42,15.76,0.09,0.1,-0.02,0.26,517.16,585.6,-120.72,1509.68
LLBG,KJFK,3,20,-13.04,9.71,-26.01,4.77,0.15,0.11,0.03,0.3,867.94,681.85,144.87,1957.33
LLBG,KJFK,4,17,-3.05,6.67,-13.92,3.58,0.11,0.14,-0.05,0.28,655.35,836.74,-257.94,1838.46
LLBG,LBSF,0,18,-51.37,26.99,-77.53,-3.48,-0.09,0.08,-0.19,0.02,-231.9,196.04,-463.56,51.26
LLBG,LBSF,1,57,-16.64,86.48,-53.3,1.42,-0.04,0.06,-0.13,0.04,-90.09,166.23,-319.6,110.96
LLBG,LCLK,0,186,-8.19,13.66,-21.05,3.78,0.06,0.11,-0.02,0.13,151.12,284.67,-41.7,330.35
LLBG,LCLK,1,67,-7.21,15.5,-18.87,5.41,0.07,0.1,-0.02,0.16,178.43,239.85,-36.6,404.12
LLBG,LCPH,0,75,-10.59,11.9,-26.23,9.28,0.01,0.06,-0.07,0.1,15.78,135.77,-168.78,252.98
LLBG,LCPH,1,23,-14.13,15.39,-29.1,5.79,0.0,0.07,-0.05,0.04,12.63,171.91,-103.28,93.5
LLBG,LCPH,2,22,-9.18,12.3,-24.44,11.88,-0.02,0.07,-0.12,0.09,-39.2,160.25,-252.64,223.66
LLBG,LEBL,0,101,0.29,15.24,-33.7,25.3,0.13,0.17,-0.1,0.41,374.78,553.43,-253.3,1164.2
LLBG,LEMD,0,99,1.18,16.81,-29.9,28.19,0.02,0.09,-0.1,0.15,73.98,273.88,-276.66,476.73
LLBG,LEMD,1,20,-2.95,24.24,-34.88,29.53,0.01,0.08,-0.15,0.12,20.82,201.74,-375.75,306.98
LLBG,LFPG,0,43,2.45,14.61,-22.66,28.17,0.05,0.1,-0.12,0.16,269.7,491.71,-324.45,776.25
LLBG,LFPG,1,20,0.33,17.17,-33.61,21.81,0.07,0.09,-0.07,0.18,434.58,454.77,-178.96,1039.98
LLBG,LFPG,2,32,0.14,11.28,-19.76,20.29,0.07,0.1,-0.05,0.23,316.96,436.64,-203.02,1160.22
LLBG,LFPG,3,72,-6.22,16.65,-32.11,17.44,0.05,0.13,-0.07,0.16,285.82,707.52,-268.25,901.31
LLBG,LFPO,0,19,5.2,18.42,-15.7,21.21,0.15,0.28,-0.01,0.31,354.31,672.05,-15.03,745.57
LLBG,LFPO,1,22,1.6,13.2,-18.23,18.01,0.07,0.05,-0.01,0.13,161.24,124.56,-23.7,322.87
LLBG,LFPO,2,35,5.29,11.06,-12.39,23.33,0.07,0.1,-0.12,0.18,173.91,237.72,-290.08,441.52
LLBG,LGAV,0,226,17.48,18.37,4.08,46.25,0.1,0.08,0.0,0.22,267.29,256.16,9.4,707.8
LLBG,LGIR,0,142,3.48,15.99,-3.18,20.17,0.04,0.08,-0.04,0.14,107.07,180.3,-91.56,324.93
LLBG,LGRP,0,43,-10.79,27.05,-47.74,30.44,-0.02,0.07,-0.14,0.08,-31.94,187.75,-332.77,276.53
LLBG,LGRP,1,57,-0.73,6.41,-7.1,9.28,0.02,0.05,-0.04,0.11,52.72,125.03,-94.96,277.52
LLBG,LGRP,2,25,13.35,23.81,-20.82,39.36,0.04,0.09,-0.07,0.19,104.4,226.29,-164.26,461.86
LLBG,LGTS,0,43,-9.98,39.75,-37.79,11.54,-0.02,0.1,-0.14,0.07,-54.53,255.21,-334.12,174.44
LLBG,LGTS,1,22,-9.23,28.5,-55.61,30.41,-0.01,0.11,-0.18,0.18,-30.71,263.16,-427.02,433.9
LLBG,LHBP,0,34,-20.69,19.28,-47.84,-0.61,0.02,0.07,-0.09,0.12,54.76,172.76,-209.04,300.79
LLBG,LHBP,1,34,-30.29,14.86,-47.61,-6.16,-0.05,0.06,-0.13,0.05,-111.72,157.28,-319.35,129.5
LLBG,LHBP,2,27,-23.84,22.49,-47.39,21.26,-0.02,0.06,-0.09,0.09,-55.09,146.53,-224.79,210.4
LLBG,LHBP,3,23,-25.31,48.86,-53.59,14.0,0.0,0.17,-0.12,0.06,-5.88,367.13,-295.65,142.6
LLBG,LIMC,0,36,-43.28,24.4,-68.32,7.32,-0.18,0.13,-0.35,0.04,-464.81,448.8,-913.75,91.78
LLBG,LIMC,1,38,-42.65,21.11,-64.66,-11.96,-0.19,0.08,-0.32,-0.06,-481.67,206.68,-815.74,-154.11
LLBG,LIMC,2,30,-50.95,20.14,-74.24,-10.6,-0.21,0.07,-0.29,-0.1,-585.28,274.13,-1101.85,-255.72
LLBG,LIRF,0,187,-30.91,24.61,-57.88,1.31,-0.05,0.09,-0.17,0.1,-133.62,245.78,-427.34,244.36
LLBG,LKPR,0,17,-19.73,10.74,-32.9,-4.26,-0.07,0.06,-0.17,0.0,-186.28,148.12,-424.0,8.66
LLBG,LKPR,1,30,-15.63,6.37,-22.83,-6.73,-0.05,0.07,-0.14,0.06,-118.07,173.78,-360.4,145.68
LLBG,LKPR,2,19,-16.27,7.18,-27.67,-7.37,-0.05,0.06,-0.11,0.05,-128.57,140.72,-265.41,137.5
LLBG,LLER,0,250,-14.31,12.82,-34.76,7.8,-0.0,0.1,-0.08,0.07,-6.02,233.48,-180.0,129.67
LLBG,LOWW,0,51,-4.99,76.59,-16.0,36.35,-0.0,0.13,-0.1,0.13,16.7,356.59,-279.95,440.0
LLBG,LOWW,1,49,10.33,34.15,-16.12,51.88,0.03,0.22,-0.11,0.17,91.45,566.83,-286.96,536.0
LLBG,LOWW,2,55,7.23,18.67,-19.34,43.59,0.03,0.08,-0.07,0.2,93.99,288.62,-200.68,679.98
LLBG,LOWW,3,30,12.19,28.96,-12.11,53.74,0.01,0.09,-0.11,0.13,31.75,224.11,-277.44,332.86
LLBG,LPPT,0,53,-44.06,360.7,-22.94,37.02,-0.02,0.77,-0.06,0.24,-351.15,4080.72,-144.68,618.2
LLBG,LROP,0,136,-23.52,18.66,-48.58,11.18,-0.06,0.06,-0.15,0.05,-141.47,150.26,-375.0,125.0
LLBG,LSZH,0,58,15.58,16.57,-2.86,36.35,0.04,0.16,-0.14,0.18,98.1,385.46,-315.09,463.09
LLBG,LSZH,1,28,-9.12,23.11,-43.95,23.82,-0.04,0.11,-0.26,0.11,-168.97,416.73,-929.68,274.54
LLBG,LTAI,0,121,1.19,27.33,-32.1,45.3,0.1,0.13,-0.03,0.28,234.39,292.65,-80.0,651.7
LLBG,LTAI,1,61,6.8,24.1,-25.4,45.1,0.1,0.08,-0.03,0.23,228.42,204.6,-80.0,608.3
LLBG,LTFJ,0,185,-22.89,28.47,-52.68,33.78,0.01,0.15,-0.13,0.31,17.13,378.88,-333.3,733.34
LLBG,LTFJ,1,20,-21.49,16.79,-48.24,8.5,-0.07,0.09,-0.2,0.07,-168.29,222.66,-502.08,166.6
LLBG,LTFM,0,14,-18.27,18.39,-47.69,9.72,0.01,0.07,-0.08,0.1,95.01,265.38,-219.36,503.13
LLBG,LTFM,1,193,-20.95,23.33,-52.32,8.54,-0.02,0.12,-0.17,0.11,-121.23,507.89,-1040.0,469.5
LLBG,LTFM,2,90,-12.65,33.65,-45.65,19.28,-0.01,0.15,-0.17,0.19,-43.48,675.03,-690.32,877.5
LLBG,LTFM,3,16,-27.07,18.12,-51.2,2.82,-0.04,0.06,-0.14,0.06,-96.81,241.36,-393.5,343.75
LLBG,LUKK,0,55,-17.92,12.22,-32.39,2.96,-0.06,0.07,-0.16,0.05,-130.95,163.78,-369.4,120.0
LLBG,LUKK,1,3,-32.63,3.76,-35.88,-29.13,-0.09,0.03,-0.12,-0.06,-218.9,85.33,-286.53,-136.5
LLBG,OJAI,0,63,14.03,12.13,-1.53,36.22,0.17,0.08,0.07,0.28,421.45,250.38,141.7,866.83
LLBG,OMAA,0,37,23.68,13.28,1.28,42.2,0.05,0.14,-0.08,0.15,130.78,334.18,-212.24,411.94
LLBG,OMAA,1,23,26.37,8.59,15.01,41.98,0.05,0.07,-0.02,0.15,304.7,392.9,-96.02,968.03
LLBG,OMDB,0,115,12.68,21.67,-17.03,47.71,0.14,0.13,-0.05,0.39,998.96,948.13,-214.95,2720.26
LLBG,OMDB,1,115,11.56,13.85,-6.01,33.97,0.06,0.14,-0.05,0.2,128.66,288.63,-113.73,418.22
LLBG,UGTB,0,65,-24.81,19.65,-49.72,-5.66,-0.03,0.12,-0.15,0.03,-73.6,277.25,-320.84,83.4
LLBG,UGTB,1,15,-20.54,12.53,-35.71,-1.94,-0.04,0.05,-0.1,0.04,-96.49,113.25,-230.98,104.0
LLER,LLBG,0,255,-28.81,9.7,-42.56,-1.89,-0.13,0.1,-0.3,0.02,-295.85,270.48,-753.54,30.0
LMML,EDDF,0,48,-26.24,27.79,-44.62,1.36,-0.19,0.11,-0.34,-0.07,-507.92,290.72,-812.12,-165.16
LMML,EDDF,1,25,-26.44,12.14,-46.44,-10.82,-0.21,0.08,-0.31,-0.08,-542.4,200.69,-774.2,-217.18
LMML,EDDM,0,53,3.26,12.43,-11.78,22.88,-0.04,0.07,-0.15,0.06,-87.43,176.85,-334.14,139.56
LMML,EDDM,1,27,13.07,10.2,-1.68,25.74,-0.05,0.07,-0.14,0.06,-116.24,163.17,-345.85,136.53
LMML,EGCC,0,57,19.77,15.5,-2.28,46.96,0.04,0.1,-0.13,0.18,97.12,230.66,-304.38,488.78
LMML,EGCC,1,14,15.79,7.09,7.41,26.72,0.01,0.06,-0.08,0.08,21.39,135.23,-183.26,174.15
LMML,EGKK,0,132,13.51,12.77,0.12,33.69,0.13,0.12,-0.03,0.33,318.41,307.8,-72.91,815.07
LMML,EGLL,0,65,10.37,12.35,0.24,31.74,0.18,0.1,0.06,0.36,418.44,241.96,140.48,830.74
LMML,LFPO,0,28,1.16,20.95,-13.23,18.56,0.04,0.09,-0.06,0.15,100.93,233.63,-150.3,349.49
LMML,LFPO,1,35,6.2,15.33,-16.96,27.59,0.06,0.07,-0.03,0.17,142.38,156.58,-73.34,434.74
LMML,LICC,0,142,-13.95,13.92,-33.88,7.76,-0.04,0.07,-0.13,0.08,-81.15,170.06,-305.36,190.18
LMML,LIPE,0,69,-3.35,10.38,-18.34,14.24,0.01,0.1,-0.1,0.13,26.87,261.04,-302.38,317.92
LMML,LIRF,0,95,-38.79,49.78,-65.03,0.7,-0.15,0.12,-0.23,-0.02,-363.01,270.49,-575.0,-41.67
LMML,LIRN,0,35,-20.99,20.29,-45.89,3.6,-0.06,0.07,-0.16,0.04,-142.11,166.54,-382.5,105.23
LMML,LIRN,1,16,-38.73,21.04,-59.5,-4.38,-0.06,0.14,-0.22,0.17,-154.63,333.71,-527.38,402.52
LMML,LOWW,0,37,13.98,18.85,-8.58,32.68,0.08,0.06,-0.01,0.14,197.88,159.41,-33.84,354.46
LMML,LOWW,1,15,19.0,10.85,3.82,33.31,0.09,0.05,0.02,0.16,227.45,120.29,41.6,387.51
LMML,LSZH,0,51,-2.31,15.52,-30.75,21.3,0.03,0.07,-0.07,0.15,59.73,159.93,-142.15,332.6
LMML,LTFM,0,59,-10.97,19.81,-39.27,17.23,-0.01,0.08,-0.12,0.1,-16.37,184.66,-303.4,248.0
LOWG,EDDF,0,98,-13.43,17.68,-40.06,6.7,-0.15,0.08,-0.27,-0.03,-324.62,173.04,-656.26,-64.93
LOWG,EDDM,0,74,14.3,13.57,-2.87,39.78,-0.0,0.08,-0.1,0.15,9.26,140.95,-144.16,296.69
LOWG,LOWW,0,73,20.39,13.3,4.06,43.1,0.13,0.04,0.07,0.2,235.45,74.46,120.0,360.0
LOWI,EDDF,0,72,-34.62,17.33,-64.2,-15.91,-0.16,0.05,-0.25,-0.07,-288.41,98.02,-444.68,-128.4
LOWI,LOWW,0,79,5.86,12.84,-7.64,27.2,0.05,0.06,-0.07,0.13,90.23,113.34,-120.0,240.0
LOWK,LOWW,0,53,16.4,9.32,3.86,34.78,0.1,0.04,0.05,0.17,171.77,66.74,90.0,302.8
LOWL,EDDF,0,52,-15.76,17.42,-40.16,7.51,-0.15,0.05,-0.23,-0.06,-273.09,104.44,-432.18,-109.0
LOWS,EDDF,0,99,-27.13,18.37,-51.5,-4.7,-0.2,0.06,-0.29,-0.12,-466.02,133.51,-702.84,-281.09
LOWS,EDDL,0,50,-17.44,10.57,-31.37,0.25,0.0,0.09,-0.09,0.08,2.47,204.58,-205.54,187.38
LOWW,BKPR,0,65,-23.13,19.79,-57.0,10.08,-0.01,0.06,-0.13,0.08,-30.05,150.21,-327.06,166.7
LOWW,EBBR,0,155,5.44,9.68,-2.3,24.0,0.0,0.07,-0.1,0.13,7.22,167.84,-250.0,292.18
LOWW,EBBR,1,18,-2.34,2.36,-5.16,1.33,-0.0,0.05,-0.07,0.07,-4.56,119.55,-157.7,166.61
LOWW,EBBR,2,16,-20.62,26.3,-61.75,6.02,0.0,0.11,-0.16,0.13,118.68,475.28,-481.22,831.25
LOWW,EDDB,0,221,5.07,7.08,-5.4,16.8,0.03,0.05,-0.05,0.12,83.85,134.48,-133.4,290.3
LOWW,EDDF,0,355,-17.23,20.33,-42.12,0.8,-0.1,0.09,-0.22,0.02,-244.26,211.35,-529.82,41.04
LOWW,EDDH,0,193,-36.25,13.6,-52.5,-2.16,-0.09,0.07,-0.19,0.03,-212.49,170.07,-485.42,66.58
LOWW,EDDK,0,53,-1.63,13.13,-23.76,15.6,0.03,0.08,-0.08,0.17,147.14,367.8,-208.3,927.94
LOWW,EDDK,1,117,-1.88,12.87,-19.42,16.36,-0.01,0.08,-0.12,0.09,-7.89,255.43,-295.34,249.86
LOWW,EDDL,0,67,-7.58,8.71,-21.73,4.31,-0.01,0.06,-0.1,0.09,-17.5,133.39,-231.68,197.37
LOWW,EDDL,1,78,-7.49,21.09,-20.4,7.32,0.03,0.1,-0.05,0.12,71.19,243.59,-118.45,273.17
LOWW,EDDL,2,30,-11.48,13.38,-31.46,11.66,0.02,0.08,-0.06,0.13,55.85,179.68,-145.26,273.2
LOWW,EDDL,3,30,-9.2,8.38,-22.68,6.3,0.02,0.06,-0.07,0.1,35.36,145.79,-174.63,221.3
LOWW,EDDM,0,171,10.86,14.78,-5.6,40.4,-0.03,0.06,-0.11,0.07,-49.48,131.5,-249.15,139.95
LOWW,EDDP,0,68,-59.01,24.11,-92.66,-22.97,-0.06,0.07,-0.14,0.05,-111.01,130.65,-302.0,81.2
LOWW,EDDS,0,141,6.37,9.0,-6.9,20.2,0.05,0.06,-0.07,0.14,88.85,127.57,-147.9,275.5
LOWW,EDDV,0,45,0.18,12.34,-22.64,25.66,-0.0,0.04,-0.07,0.07,-9.48,101.99,-176.16,152.02
LOWW,EDDV,1,32,-2.81,12.23,-13.04,24.9,-0.01,0.05,-0.07,0.07,-16.37,111.1,-168.09,167.96
LOWW,EFHK,0,74,-1.65,8.02,-15.56,8.61,0.05,0.06,-0.04,0.15,116.88,158.88,-88.99,393.66
LOWW,EGKK,0,60,12.46,11.84,-1.32,30.78,0.15,0.11,0.01,0.32,369.29,277.74,34.53,803.17
LOWW,EGLL,0,48,8.13,15.49,-9.96,38.11,0.18,0.13,0.03,0.42,412.52,312.95,75.36,939.87
LOWW,EGLL,1,150,11.83,11.8,0.2,33.52,0.18,0.11,0.02,0.37,412.36,251.38,42.54,836.48
LOWW,EGSS,0,31,10.24,10.34,-2.75,25.3,0.09,0.06,0.01,0.21,220.06,157.96,18.4,521.15
LOWW,EGSS,1,28,2.38,8.95,-7.37,16.83,0.09,0.06,0.01,0.19,217.22,143.02,26.82,467.59
LOWW,EHAM,0,225,8.14,7.92,-3.16,21.7,0.08,0.06,-0.01,0.17,181.44,139.0,-34.84,416.3
LOWW,EHAM,1,30,11.24,10.12,-7.6,28.85,0.07,0.09,-0.03,0.2,164.99,237.77,-63.8,493.95
LOWW,EIDW,0,51,-8.15,18.51,-33.55,21.7,-0.01,0.13,-0.15,0.14,-21.8,293.0,-336.1,343.7
LOWW,EKCH,0,168,-13.65,12.48,-37.31,0.06,-0.06,0.05,-0.15,0.03,-185.82,187.41,-462.88,73.36
LOWW,ELLX,0,65,-19.78,10.85,-35.82,-3.62,-0.11,0.1,-0.2,-0.01,-130.76,120.07,-244.9,-19.7
LOWW,ENGM,0,15,-11.94,10.47,-25.8,0.03,0.01,0.06,-0.08,0.11,13.67,114.78,-167.09,189.1
LOWW,ENGM,1,43,-12.16,16.18,-38.36,7.98,-0.02,0.08,-0.13,0.1,-106.71,351.53,-941.45,271.12
LOWW,EPKK,0,90,-27.08,37.16,-45.53,-0.1,-0.07,0.13,-0.17,0.03,-132.52,252.29,-337.05,76.98
LOWW,EPWA,0,132,-26.14,11.14,-41.24,-2.35,-0.02,0.06,-0.11,0.08,-38.29,110.44,-218.06,150.22
LOWW,EPWA,1,53,-34.04,11.76,-47.8,-10.86,-0.03,0.06,-0.13,0.05,-66.15,128.93,-283.3,100.76
LOWW,ESSA,0,37,-9.98,16.36,-34.32,9.9,0.06,0.08,-0.03,0.16,158.71,204.44,-82.5,401.88
LOWW,ESSA,1,96,4.35,20.47,-19.85,21.82,0.07,0.07,-0.01,0.17,175.83,179.49,-20.18,394.3
LOWW,EVRA,0,51,0.46,13.35,-16.25,22.4,0.04,0.08,-0.05,0.18,86.97,152.34,-119.2,357.85
LOWW,HECA,0,37,9.91,9.46,-3.58,28.04,0.1,0.1,0.0,0.2,258.53,265.59,3.02,528.64
LOWW,HECA,1,24,4.97,10.16,-9.7,20.25,0.08,0.07,-0.03,0.19,198.39,183.13,-83.2,420.26
LOWW,LATI,0,65,-26.09,12.32,-34.98,-2.52,-0.0,0.06,-0.09,0.11,-6.2,158.6,-223.2,267.4
LOWW,LATI,1,17,-25.16,14.08,-37.18,0.32,0.01,0.1,-0.07,0.16,34.92,249.93,-192.98,402.12
LOWW,LBSF,0,97,-43.5,61.91,-62.82,-12.14,-0.06,0.15,-0.14,0.05,-143.9,364.18,-322.8,88.2
LOWW,LBSF,1,33,-19.05,14.52,-44.22,0.8,-0.01,0.08,-0.09,0.06,-21.81,195.75,-233.46,151.9
LOWW,LCLK,0,16,4.01,5.56,-3.1,11.12,0.04,0.05,-0.03,0.09,99.77,122.76,-87.05,253.75
LOWW,LCLK,1,62,-3.59,12.52,-17.07,20.14,0.04,0.08,-0.05,0.15,115.48,210.11,-110.38,378.9
LOWW,LDDU,0,33,-0.65,6.23,-6.84,11.54,0.03,0.05,-0.03,0.12,66.82,110.38,-72.98,282.78
LOWW,LDDU,1,24,-0.63,8.16,-7.7,13.53,0.01,0.04,-0.04,0.06,27.97,84.66,-100.24,141.8
LOWW,LDSP,0,31,0.69,9.2,-12.05,16.2,0.05,0.05,-0.02,0.14,61.46,70.89,-23.3,193.75
LOWW,LDSP,1,42,10.24,14.77,-6.41,34.63,0.08,0.05,0.03,0.18,216.1,134.72,83.51,515.77
LOWW,LDZA,0,72,-4.51,13.71,-25.2,17.31,0.02,0.05,-0.06,0.1,37.84,81.45,-85.12,166.9
LOWW,LEBL,0,158,-4.69,9.7,-17.74,15.46,-0.0,0.07,-0.11,0.13,-3.75,178.71,-266.02,323.95
LOWW,LEMD,0,120,-0.98,12.47,-15.98,19.92,-0.01,0.09,-0.15,0.15,-18.91,220.57,-346.92,346.5
LOWW,LEMG,0,75,-6.06,10.25,-20.74,9.18,0.07,0.05,-0.02,0.16,176.19,135.39,-43.88,403.4
LOWW,LEPA,0,150,-3.57,11.88,-17.22,22.22,0.04,0.06,-0.04,0.16,101.73,155.15,-98.08,408.26
LOWW,LEPA,1,43,-1.61,15.32,-25.02,31.88,0.04,0.07,-0.07,0.18,94.81,181.48,-185.48,442.33
LOWW,LFMN,0,49,-49.09,14.0,-66.24,-29.0,-0.14,0.06,-0.24,-0.04,-354.83,148.56,-588.62,-100.18
LOWW,LFMN,1,16,-8.65,14.02,-25.25,20.42,0.03,0.05,-0.05,0.1,72.92,121.24,-105.1,254.85
LOWW,LFMN,2,16,-44.8,14.11,-56.58,-16.0,-0.09,0.11,-0.19,0.14,-175.13,278.21,-446.4,371.08
LOWW,LFPG,0,115,-1.91,11.64,-15.78,12.05,0.04,0.08,-0.08,0.15,103.43,221.02,-196.43,376.7
LOWW,LFPG,1,113,3.44,12.68,-12.98,29.8,0.06,0.06,-0.03,0.14,149.47,161.88,-61.42,402.84
LOWW,LFPG,2,40,-6.7,13.07,-21.07,18.41,0.02,0.06,-0.09,0.1,37.47,147.22,-230.46,243.89
LOWW,LGAV,0,54,-1.82,15.42,-17.74,22.91,0.03,0.06,-0.05,0.12,69.99,151.98,-136.66,264.34
LOWW,LGAV,1,42,-6.28,18.23,-30.16,23.7,0.04,0.09,-0.07,0.19,99.45,225.96,-165.58,464.81
LOWW,LGAV,2,21,-11.16,44.48,-64.2,104.2,0.07,0.24,-0.12,0.52,160.32,573.33,-300.0,1242.0
LOWW,LGIR,0,59,-8.35,7.54,-18.81,5.67,-0.0,0.04,-0.06,0.07,-1.76,101.65,-164.14,193.98
LOWW,LGIR,1,25,-3.99,10.79,-15.16,17.94,0.01,0.06,-0.09,0.07,22.41,138.37,-205.6,193.6
LOWW,LGIR,2,16,-4.41,8.68,-11.72,12.58,-0.0,0.04,-0.06,0.06,-5.86,107.93,-146.7,153.65
LOWW,LGRP,0,59,0.33,8.7,-13.87,16.43,0.01,0.05,-0.07,0.08,26.74,135.09,-176.43,220.1
LOWW,LGTS,0,16,-25.97,19.69,-47.8,-2.33,-0.05,0.11,-0.15,0.1,-109.53,286.89,-363.18,262.38
LOWW,LGTS,1,60,-14.74,21.69,-42.42,17.4,-0.01,0.09,-0.1,0.08,-31.74,227.86,-244.56,188.05
LOWW,LHBP,0,90,-15.62,13.3,-28.7,1.7,-0.01,0.05,-0.08,0.07,-18.77,90.72,-152.48,127.55
LOWW,LIMC,0,107,-38.85,16.81,-56.58,-5.63,-0.14,0.11,-0.27,0.06,-247.05,205.34,-480.0,115.65
LOWW,LIMC,1,66,-41.01,17.34,-58.22,-7.75,-0.15,0.09,-0.26,-0.05,-449.94,300.15,-1022.12,-121.25
LOWW,LIME,0,60,-40.58,19.12,-63.2,-1.28,-0.08,0.08,-0.18,0.03,-204.68,197.09,-421.0,83.3
LOWW,LIPE,0,84,-5.0,17.3,-23.62,19.72,-0.01,0.12,-0.12,0.13,-31.92,227.78,-236.3,239.4
LOWW,LIPZ,0,172,-34.89,19.0,-59.34,-3.07,-0.08,0.09,-0.22,0.06,-174.38,210.24,-541.7,103.5
LOWW,LIRF,0,152,-30.95,20.27,-58.58,2.31,-0.08,0.07,-0.18,0.05,-206.12,180.02,-465.86,102.51
LOWW,LIRN,0,15,-18.69,16.4,-38.0,5.11,-0.07,0.07,-0.16,0.05,-167.14,160.16,-306.0,133.38
LOWW,LIRN,1,45,-25.16,18.27,-50.48,3.02,-0.06,0.09,-0.16,0.08,-137.04,191.04,-402.38,145.0
LOWW,LIRN,2,22,-21.54,18.48,-44.44,4.4,-0.05,0.08,-0.13,0.06,-136.32,219.26,-352.87,116.08
LOWW,LIRQ,0,58,19.14,5.74,11.6,29.37,0.02,0.04,-0.04,0.09,32.13,76.42,-70.88,154.5
LOWW,LKPR,0,91,-11.24,7.39,-23.15,-0.25,0.01,0.05,-0.05,0.1,26.43,82.61,-90.0,180.0
LOWW,LLBG,0,93,-4.21,11.97,-16.92,19.24,0.01,0.07,-0.09,0.14,37.68,180.78,-235.98,365.32
LOWW,LLBG,1,37,0.68,16.42,-20.14,27.7,0.05,0.06,-0.05,0.15,131.74,196.13,-140.0,382.08
LOWW,LLBG,2,34,9.72,18.24,-9.24,50.58,0.05,0.09,-0.09,0.17,132.21,266.47,-253.46,510.3
LOWW,LLBG,3,17,-3.4,11.16,-17.52,15.84,0.01,0.1,-0.09,0.14,43.16,342.95,-221.58,440.0
LOWW,LMML,0,52,15.18,12.62,-4.08,38.79,0.05,0.07,-0.04,0.17,112.07,168.15,-96.48,418.53
LOWW,LOWG,0,73,0.5,5.48,-7.78,10.44,0.1,0.03,0.05,0.14,186.12,56.36,90.0,259.5
LOWW,LOWI,0,51,-2.71,3.9,-6.1,0.85,0.01,0.04,-0.05,0.08,16.76,78.76,-90.0,150.0
LOWW,LOWI,1,28,6.44,29.02,-6.39,61.15,0.09,0.07,0.02,0.27,170.86,131.54,30.0,478.5
LOWW,LOWK,0,53,-2.94,2.75,-4.9,0.0,0.05,0.04,-0.01,0.11,89.04,70.34,-12.0,192.0
LOWW,LPPT,0,65,1.18,16.64,-22.88,32.72,0.06,0.09,-0.05,0.23,158.67,218.9,-125.0,578.64
LOWW,LQSA,0,59,1.72,1.85,0.78,6.81,0.06,0.13,-0.02,0.1,147.18,327.57,-41.61,250.0
LOWW,LROP,0,152,-39.96,8.8,-47.8,-27.64,-0.05,0.05,-0.12,0.05,-116.96,121.33,-318.5,90.0
LOWW,LSGG,0,24,-5.22,17.93,-35.69,17.65,0.01,0.06,-0.07,0.13,22.24,117.78,-141.38,241.15
LOWW,LSGG,1,41,-1.08,10.34,-18.3,4.0,0.01,0.04,-0.04,0.1,14.1,79.6,-79.7,192.1
LOWW,LSZH,0,230,14.93,10.33,0.7,28.73,0.07,0.06,-0.02,0.18,180.67,165.22,-57.04,464.11
LOWW,LTAI,0,44,-3.48,11.11,-20.41,13.96,0.07,0.06,0.0,0.2,161.85,135.03,0.0,420.0
LOWW,LTAI,1,120,-13.2,14.07,-34.21,6.86,0.04,0.07,-0.05,0.2,99.66,172.97,-126.75,480.0
LOWW,LTFJ,0,67,-14.52,17.78,-34.55,17.86,-0.03,0.1,-0.17,0.14,-81.56,244.19,-406.64,329.01
LOWW,LTFJ,1,32,-28.8,31.82,-58.47,11.12,-0.02,0.13,-0.15,0.22,-49.28,311.37,-366.75,545.25
LOWW,LTFM,0,78,-34.51,17.97,-54.34,-3.66,-0.03,0.1,-0.13,0.09,-133.32,378.6,-642.86,443.22
LOWW,LTFM,1,42,-25.18,12.24,-39.29,0.35,-0.04,0.05,-0.12,0.03,-161.27,185.69,-418.5,91.44
LOWW,LWSK,0,21,11.16,5.48,3.6,19.3,0.05,0.03,0.0,0.1,117.07,78.64,0.0,250.0
LOWW,LWSK,1,17,16.67,7.44,2.0,26.16,0.09,0.03,0.04,0.14,215.27,85.82,106.94,349.96
LOWW,LWSK,2,22,8.15,14.55,-17.85,23.32,0.06,0.04,0.02,0.12,107.48,73.53,30.0,210.0
LOWW,LYBE,0,111,-16.33,17.19,-41.65,18.15,-0.01,0.08,-0.15,0.12,10.81,108.69,-128.45,220.25
LOWW,LYBE,1,45,-23.73,18.25,-40.14,17.0,0.02,0.06,-0.07,0.14,27.6,126.37,-163.3,255.9
LOWW,LYPG,0,70,-15.14,6.77,-23.52,-2.07,0.02,0.05,-0.06,0.1,45.08,137.63,-154.01,249.55
LOWW,OJAI,0,18,16.24,14.72,-3.96,38.76,0.07,0.06,0.01,0.17,175.49,137.62,21.05,383.32
LOWW,OJAI,1,43,12.33,10.68,-0.57,31.93,0.09,0.08,-0.02,0.22,226.87,183.12,-38.3,537.53
LOWW,OMDB,0,30,21.38,14.96,-1.99,47.02,0.26,0.1,0.13,0.42,2059.7,805.38,986.38,3257.14
LOWW,OMDB,1,30,22.34,18.73,-4.95,47.29,0.26,0.11,0.13,0.41,2061.51,864.36,992.62,3220.42
LOWW,OTHH,0,60,28.82,20.62,-1.6,59.8,0.1,0.08,-0.04,0.24,390.26,348.29,-110.53,1047.06
LOWW,UDYZ,0,50,5.38,15.41,-5.07,40.57,0.06,0.07,-0.03,0.17,159.77,171.43,-66.84,433.09
LPAZ,LPPD,0,133,-4.87,5.81,-9.0,10.46,-0.05,0.05,-0.11,0.05,-47.64,52.01,-122.52,35.36
LPFL,LPPD,0,55,6.33,6.26,0.0,21.12,0.01,0.06,-0.07,0.14,5.27,69.66,-82.43,159.06
LPFR,EBBR,0,43,21.97,15.34,0.03,39.33,-0.02,0.11,-0.18,0.13,-41.46,259.97,-452.26,318.13
LPFR,EBBR,1,16,26.93,15.67,4.78,52.3,-0.01,0.08,-0.11,0.11,-26.63,202.39,-267.5,281.62
LPFR,EDDF,0,27,-47.84,16.33,-76.82,-30.22,-0.2,0.07,-0.31,-0.12,-527.13,173.33,-773.31,-333.08
LPFR,EDDF,1,15,-34.27,25.45,-64.58,10.24,-0.15,0.1,-0.3,-0.01,-395.32,250.87,-728.91,-16.36
LPFR,EDDF,2,21,-74.98,18.05,-95.4,-39.5,-0.27,0.07,-0.36,-0.18,-693.74,167.63,-906.1,-459.7
LPFR,EDDL,0,30,-3.85,19.82,-31.18,28.02,0.02,0.09,-0.11,0.17,62.83,247.54,-302.38,487.06
LPFR,EDDL,1,21,-10.52,20.69,-39.4,22.5,0.01,0.09,-0.12,0.14,38.03,249.32,-295.1,359.0
LPFR,EGAA,0,56,21.63,10.71,7.88,39.62,0.07,0.06,-0.04,0.15,171.69,147.66,-91.43,377.08
LPFR,EGAA,1,38,21.32,9.88,8.1,35.82,0.05,0.08,-0.08,0.12,114.34,171.28,-185.8,291.94
LPFR,EGBB,0,39,-5.91,32.0,-83.74,23.27,-0.01,0.1,-0.2,0.12,-20.23,241.98,-474.44,277.53
LPFR,EGBB,1,21,5.32,24.89,-37.0,33.3,-0.06,0.08,-0.16,0.04,-160.04,198.03,-446.4,108.0
LPFR,EGBB,2,41,4.29,13.61,-20.7,27.7,-0.01,0.09,-0.14,0.12,-31.71,211.11,-355.3,266.0
LPFR,EGCC,0,144,14.77,14.15,-11.45,37.12,0.07,0.09,-0.11,0.19,213.87,315.0,-273.1,831.54
LPFR,EGCC,1,19,23.3,12.37,6.28,38.6,0.07,0.1,-0.17,0.17,178.97,256.71,-414.82,523.6
LPFR,EGGD,0,130,19.86,16.53,-3.88,38.46,0.01,0.08,-0.08,0.13,33.82,182.19,-204.02,333.36
LPFR,EGGP,0,60,17.38,14.7,7.81,43.1,0.03,0.06,-0.06,0.12,74.41,142.39,-133.7,305.89
LPFR,EGGP,1,21,6.36,12.44,-9.7,26.6,0.05,0.06,-0.04,0.14,123.26,141.17,-101.3,324.0
LPFR,EGGW,0,91,-43.55,32.2,-68.55,-4.5,-0.13,0.13,-0.27,0.02,-289.18,308.66,-607.35,56.35
LPFR,EGGW,1,18,-41.39,24.29,-66.9,-5.91,-0.09,0.09,-0.22,0.04,-212.47,194.18,-488.89,87.6
LPFR,EGKK,0,248,22.31,16.36,-3.9,42.4,0.16,0.14,-0.03,0.39,396.13,346.53,-79.13,961.1
LPFR,EGKK,1,57,21.31,11.59,0.26,41.36,0.15,0.15,-0.04,0.43,374.29,379.06,-108.7,1074.34
LPFR,EGLL,0,55,22.12,9.0,4.09,33.26,0.1,0.11,-0.05,0.27,238.2,263.9,-129.87,663.5
LPFR,EGNM,0,45,17.44,9.88,4.14,33.66,0.02,0.07,-0.09,0.11,38.32,165.87,-222.38,268.42
LPFR,EGNX,0,34,-1.54,18.36,-43.1,18.79,0.01,0.07,-0.09,0.11,15.02,176.76,-217.0,260.0
LPFR,EGNX,1,38,3.75,12.03,-17.5,24.54,0.04,0.06,-0.05,0.11,83.71,125.21,-107.4,269.69
LPFR,EGNX,2,22,8.54,9.4,-1.86,24.62,-0.03,0.08,-0.16,0.1,-76.82,190.46,-390.1,211.23
LPFR,EGPH,0,21,19.85,11.96,-0.8,36.0,0.03,0.09,-0.09,0.14,64.46,205.99,-209.3,333.3
LPFR,EGPH,1,37,15.09,15.53,-10.1,37.92,0.04,0.06,-0.08,0.14,80.03,140.68,-161.96,327.54
LPFR,EGSS,0,106,12.19,9.84,2.45,30.78,0.07,0.06,-0.01,0.18,163.62,146.86,-29.68,409.18
LPFR,EGSS,1,24,5.99,9.17,-2.71,21.99,0.07,0.05,-0.02,0.12,150.81,116.01,-53.0,331.46
LPFR,EHAM,0,76,18.64,16.5,-11.18,41.8,0.06,0.06,-0.05,0.14,130.78,153.89,-130.5,338.2
LPFR,EHEH,0,73,5.03,19.18,-9.6,24.42,-0.06,0.07,-0.16,0.01,-139.96,161.32,-383.46,28.8
LPFR,EIDW,0,51,-22.7,37.62,-52.3,22.9,-0.09,0.16,-0.24,0.12,-203.01,371.46,-566.0,270.95
LPFR,EIDW,1,84,-8.78,24.35,-39.36,24.06,-0.04,0.16,-0.18,0.14,-168.2,795.36,-1101.59,321.94
LPFR,EIDW,2,56,-3.09,10.59,-22.85,9.3,-0.14,0.09,-0.29,-0.01,-377.17,293.59,-733.5,-17.52
LPFR,EIDW,3,31,-23.96,24.07,-51.55,6.15,-0.09,0.1,-0.23,0.08,-245.16,313.29,-583.95,194.3
LPFR,LFPO,0,55,1.85,13.59,-20.72,26.48,-0.03,0.07,-0.12,0.08,-63.32,167.92,-307.73,190.7
LPFR,LFPO,1,17,-27.82,23.69,-75.86,3.94,-0.07,0.11,-0.23,0.08,-156.43,272.38,-555.22,182.82
LPFR,LFPO,2,31,-17.94,14.95,-33.6,8.4,-0.06,0.06,-0.16,0.04,-147.96,153.84,-379.0,95.3
LPFR,LPPR,0,91,1.45,67.29,-4.25,30.3,0.03,0.16,-0.05,0.16,70.08,399.96,-112.5,360.0
LPFR,LPPT,0,118,-22.93,25.99,-75.74,6.34,-0.04,0.09,-0.2,0.1,-84.2,215.47,-476.6,250.0
LPGR,LPLA,0,61,0.0,0.0,0.0,0.0,0.01,0.0,0.0,0.02,9.56,4.39,2.7,15.0
LPHR,LPLA,0,65,0.0,0.0,0.0,0.0,0.01,0.0,0.0,0.02,9.29,5.63,1.6,18.5
LPHR,LPPD,0,110,5.54,7.52,0.05,21.98,0.02,0.05,-0.06,0.12,16.59,55.72,-68.0,115.0
LPLA,LPGR,0,62,0.0,0.0,0.0,0.0,0.03,0.04,-0.03,0.08,28.39,36.6,-19.1,94.84
LPLA,LPHR,0,65,0.0,0.0,0.0,0.0,-0.02,0.06,-0.07,0.07,-17.87,75.3,-76.6,76.7
LPLA,LPPD,0,201,8.21,8.7,0.5,24.5,0.04,0.05,-0.02,0.13,45.8,56.31,-19.2,153.4
LPLA,LPPI,0,72,0.0,0.0,0.0,0.0,-0.02,0.03,-0.07,0.03,-23.09,35.87,-76.7,38.34
LPLA,LPPT,0,106,-13.4,19.61,-51.4,5.22,0.04,0.13,-0.1,0.15,93.47,334.47,-237.5,371.25
LPLA,LPSJ,0,55,0.0,0.0,0.0,0.0,-0.04,0.03,-0.09,0.02,-40.95,38.44,-101.63,19.1
LPMA,EGKK,0,50,13.23,12.49,-8.53,31.48,0.14,0.14,-0.06,0.42,326.22,328.23,-141.96,932.95
LPMA,LPPR,0,175,-5.54,11.02,-24.46,16.88,0.03,0.06,-0.05,0.14,84.61,155.31,-125.0,345.81
LPMA,LPPS,0,60,-0.34,3.77,-4.0,7.72,0.01,0.03,-0.02,0.07,11.71,27.23,-14.9,59.58
LPMA,LPPT,0,360,-8.28,17.99,-43.82,13.08,0.06,0.07,-0.03,0.18,144.32,172.29,-84.98,440.0
LPPD,LPAZ,0,132,-7.97,7.43,-14.7,2.94,-0.07,0.03,-0.1,-0.03,-61.71,36.06,-115.0,-16.7
LPPD,LPFL,0,58,2.28,14.61,-1.6,6.37,-0.11,0.09,-0.22,0.0,-122.27,108.48,-249.2,0.0
LPPD,LPHR,0,112,0.06,3.64,-2.18,6.92,-0.1,0.04,-0.17,-0.03,-101.71,56.15,-191.7,-25.0
LPPD,LPLA,0,198,1.67,3.43,0.0,6.2,-0.04,0.04,-0.09,0.01,-39.55,37.04,-97.29,10.47
LPPD,LPPI,0,112,-0.05,2.52,-1.6,4.4,-0.09,0.03,-0.13,-0.03,-91.23,43.9,-153.4,-16.66
LPPD,LPPR,0,99,-10.8,17.17,-43.63,13.01,-0.05,0.06,-0.15,0.05,-119.19,160.31,-375.0,125.0
LPPD,LPPT,0,255,-14.82,28.04,-62.42,15.71,0.03,0.16,-0.13,0.26,84.91,413.19,-333.3,679.21
LPPD,LPSJ,0,56,0.28,2.55,-1.7,5.6,-0.13,0.07,-0.21,-0.05,-134.34,80.37,-230.0,-25.0
LPPI,LPLA,0,71,0.66,5.59,0.0,0.0,0.01,0.03,0.0,0.02,12.79,31.7,0.3,17.75
LPPI,LPPD,0,112,5.72,7.97,0.1,23.59,0.03,0.06,-0.04,0.13,27.52,63.21,-48.2,142.79
LPPR,EBBR,0,62,12.82,12.79,-11.64,28.66,-0.01,0.09,-0.17,0.13,-17.37,215.38,-416.7,308.8
LPPR,EBBR,1,22,-6.69,13.29,-28.54,7.78,-0.05,0.12,-0.25,0.08,-94.88,347.93,-547.5,331.45
LPPR,EDDF,0,46,-84.17,23.11,-112.82,-38.98,-0.27,0.08,-0.39,-0.13,-711.7,204.04,-999.5,-343.75
LPPR,EDDF,1,30,-50.73,26.97,-81.46,-11.39,-0.18,0.09,-0.3,-0.05,-488.79,236.13,-785.48,-150.17
LPPR,EDDM,0,58,1.56,15.48,-14.12,26.46,-0.12,0.1,-0.29,0.05,-292.52,246.86,-710.1,112.15
LPPR,EGKK,0,114,14.25,15.59,-7.33,35.79,0.15,0.15,-0.04,0.43,367.44,369.96,-94.45,1022.66
LPPR,EGLL,0,45,12.72,11.28,-7.34,31.38,0.15,0.11,-0.02,0.36,370.62,279.35,-62.34,884.96
LPPR,EGSS,0,85,-3.06,14.56,-29.3,17.26,0.07,0.07,-0.01,0.2,167.25,155.16,-28.42,421.6
LPPR,EHAM,0,118,7.89,13.44,-12.66,26.34,0.07,0.06,-0.03,0.17,158.2,137.96,-59.8,408.35
LPPR,ELLX,0,71,4.87,15.49,-17.65,28.05,0.05,0.07,-0.07,0.16,113.02,164.6,-156.7,380.0
LPPR,ELLX,1,31,-7.38,28.57,-36.7,28.0,-0.0,0.07,-0.09,0.12,-7.86,163.7,-225.0,248.8
LPPR,ELLX,2,32,-6.01,19.12,-33.57,17.79,-0.07,0.05,-0.16,0.02,-178.32,133.85,-400.98,41.63
LPPR,KEWR,0,19,-5.9,11.44,-20.0,12.34,0.15,0.09,0.01,0.33,548.14,298.58,34.4,874.98
LPPR,KEWR,1,25,-8.78,7.57,-20.38,0.0,-0.01,0.04,-0.07,0.05,-53.71,153.06,-360.38,143.06
LPPR,KEWR,2,15,-8.47,7.17,-18.73,1.93,-0.0,0.06,-0.06,0.09,-13.0,197.41,-225.66,333.76
LPPR,LEBL,0,172,-6.41,19.42,-27.64,19.91,-0.03,0.09,-0.13,0.1,-67.55,215.78,-321.65,246.47
LPPR,LEMD,0,329,-9.6,11.95,-24.72,2.88,0.02,0.08,-0.1,0.15,40.94,194.75,-250.0,371.68
LPPR,LFBD,0,70,8.36,13.21,-12.68,25.94,0.02,0.07,-0.08,0.1,42.07,161.85,-212.18,248.9
LPPR,LFLL,0,75,9.11,12.05,-8.47,26.07,0.01,0.05,-0.06,0.1,26.71,119.59,-135.55,236.71
LPPR,LFOB,0,94,-19.07,13.72,-42.08,7.01,-0.08,0.06,-0.17,0.02,-196.56,145.38,-398.32,47.0
LPPR,LFPG,0,109,-7.68,21.79,-41.28,21.26,-0.02,0.11,-0.2,0.14,-57.72,256.16,-478.94,289.76
LPPR,LFPO,0,166,-22.47,16.07,-49.52,8.75,-0.06,0.08,-0.19,0.08,-137.54,198.09,-453.15,196.82
LPPR,LFPO,1,107,-9.37,21.88,-52.04,23.33,-0.04,0.09,-0.2,0.11,-102.06,227.49,-487.82,272.39
LPPR,LFPO,2,67,-32.22,17.28,-66.31,-9.83,-0.12,0.09,-0.25,0.03,-304.12,220.54,-603.74,70.71
LPPR,LFPO,3,10,-39.64,16.92,-64.74,-17.26,-0.11,0.04,-0.17,-0.05,-271.96,93.53,-401.38,-129.24
LPPR,LFRS,0,61,6.09,13.86,-17.2,28.1,0.05,0.07,-0.06,0.14,109.65,155.38,-127.7,354.1
LPPR,LFSB,0,60,-6.08,14.31,-29.88,16.38,-0.06,0.06,-0.17,0.05,-147.8,158.23,-420.65,133.5
LPPR,LIMC,0,34,-46.39,28.73,-73.97,5.38,-0.22,0.11,-0.34,-0.03,-531.93,278.25,-847.96,-64.37
LPPR,LIMC,1,28,-50.31,16.15,-67.76,-13.35,-0.19,0.07,-0.29,-0.09,-460.59,161.11,-725.5,-208.33
LPPR,LPFR,0,91,-4.57,11.8,-26.5,13.5,0.02,0.06,-0.08,0.1,40.63,134.96,-200.0,240.0
LPPR,LPMA,0,175,-8.11,10.16,-19.33,4.29,0.07,0.1,-0.02,0.18,169.86,250.03,-41.63,445.49
LPPR,LPPD,0,100,-9.51,14.87,-19.75,8.63,-0.01,0.08,-0.13,0.12,-16.01,189.67,-333.4,293.02
LPPR,LPPT,0,295,-12.88,20.97,-47.3,26.23,0.01,0.1,-0.13,0.17,18.23,223.74,-333.3,397.91
LPPR,LSGG,0,87,-4.23,8.54,-13.23,8.59,-0.13,0.06,-0.23,-0.05,-302.87,126.51,-497.65,-101.64
LPPR,LSGG,1,145,-5.09,12.06,-22.08,11.14,0.06,0.09,-0.1,0.18,152.4,197.54,-183.86,458.86
LPPR,LSZH,0,52,-0.82,10.87,-15.62,17.01,-0.01,0.09,-0.13,0.16,-25.37,205.19,-295.64,410.76
LPPR,LSZH,1,32,-2.68,9.9,-16.64,9.61,-0.01,0.12,-0.17,0.15,-20.38,290.04,-405.85,381.32
LPPR,LSZH,2,37,-8.84,21.45,-39.62,24.28,-0.03,0.09,-0.15,0.14,-67.35,214.64,-372.06,286.36
LPPS,LPMA,0,67,5.71,13.39,0.0,15.5,0.1,0.17,0.02,0.21,135.17,329.06,17.06,520.13
LPPT,CYUL,0,23,-20.89,13.16,-44.52,-8.91,-0.03,0.08,-0.15,0.07,-112.49,411.71,-719.66,449.37
LPPT,CYUL,1,15,-13.02,9.56,-26.31,0.0,-0.01,0.05,-0.07,0.06,0.47,248.46,-259.23,283.95
LPPT,CYUL,2,29,-11.08,8.61,-23.18,0.0,0.0,0.04,-0.07,0.07,15.87,165.04,-247.12,294.86
LPPT,CYYZ,0,16,-20.28,18.5,-46.5,10.5,-0.02,0.08,-0.17,0.1,-108.39,510.28,-1002.88,622.52
LPPT,CYYZ,1,37,-10.89,7.67,-22.66,-1.04,-0.0,0.07,-0.07,0.06,30.84,384.24,-265.94,352.0
LPPT,CYYZ,2,17,-28.53,15.52,-44.88,-3.12,-0.04,0.07,-0.14,0.07,-138.81,327.31,-558.72,374.72
LPPT,CYYZ,3,23,-12.29,12.29,-26.34,0.0,0.0,0.04,-0.05,0.07,33.77,207.41,-135.49,352.61
LPPT,EBBR,0,128,8.07,13.04,-19.48,25.33,0.02,0.08,-0.13,0.12,28.85,187.52,-332.14,256.7
LPPT,EBBR,1,51,9.11,14.96,-20.0,28.75,0.02,0.08,-0.13,0.12,55.68,208.37,-331.95,291.7
LPPT,EDDB,0,75,-3.65,17.55,-30.78,20.07,0.03,0.08,-0.1,0.13,60.93,188.17,-237.39,325.81
LPPT,EDDB,1,15,0.89,30.06,-33.73,42.15,0.02,0.08,-0.06,0.15,55.99,175.71,-141.57,340.31
LPPT,EDDF,0,71,-43.29,105.81,-87.95,-4.55,-0.17,0.29,-0.33,0.03,-415.64,768.41,-826.2,51.0
LPPT,EDDF,1,16,-45.52,9.84,-62.78,-32.93,-0.25,0.05,-0.31,-0.18,-653.03,123.51,-832.6,-477.42
LPPT,EDDF,2,108,-80.1,23.56,-114.68,-36.01,-0.26,0.07,-0.37,-0.14,-677.72,204.96,-1041.68,-342.85
LPPT,EDDH,0,54,-47.62,17.07,-81.84,-23.14,-0.09,0.07,-0.21,0.04,-166.18,154.6,-397.49,73.89
LPPT,EDDH,1,19,-54.26,22.92,-90.34,-30.54,-0.15,0.08,-0.27,-0.04,-332.75,220.58,-696.3,-77.39
LPPT,EDDL,0,49,-20.48,21.58,-48.04,18.46,0.01,0.11,-0.16,0.23,14.92,249.24,-415.0,470.52
LPPT,EDDL,1,43,-20.95,21.08,-49.85,12.95,0.02,0.09,-0.07,0.19,47.8,182.99,-169.03,358.92
LPPT,EDDM,0,133,-6.33,14.35,-28.88,14.68,-0.07,0.08,-0.18,0.07,-171.12,212.08,-476.52,164.18
LPPT,EDDM,1,16,5.65,11.6,-12.32,22.35,-0.11,0.07,-0.22,0.0,-269.11,184.84,-548.3,1.7
LPPT,EGCC,0,93,-11.47,18.29,-46.46,11.74,0.06,0.09,-0.09,0.18,129.67,214.54,-224.98,427.96
LPPT,EGCC,1,23,-2.24,23.41,-33.58,32.96,0.05,0.1,-0.12,0.17,107.41,202.38,-263.11,371.75
LPPT,EGGW,0,34,-60.82,40.75,-94.48,-7.31,-0.15,0.13,-0.36,0.03,-352.29,292.8,-804.74,69.7
LPPT,EGGW,1,67,-67.34,20.6,-91.19,-30.45,-0.17,0.08,-0.3,-0.03,-399.5,193.83,-694.74,-67.06
LPPT,EGGW,2,19,-64.16,22.43,-91.94,-29.22,-0.14,0.1,-0.23,0.01,-350.83,237.55,-582.91,29.77
LPPT,EGKK,0,138,6.92,17.17,-19.5,31.19,0.15,0.15,-0.05,0.43,343.48,369.06,-117.1,1062.82
LPPT,EGLL,0,169,7.23,12.99,-13.6,25.72,0.11,0.1,-0.04,0.26,266.4,234.58,-89.76,617.12
LPPT,EGLL,1,135,6.8,11.6,-16.49,27.22,0.13,0.12,-0.05,0.32,313.25,283.75,-129.97,806.94
LPPT,EGSS,0,57,-4.1,11.4,-20.22,14.2,0.09,0.07,-0.01,0.24,229.85,209.89,-13.22,577.74
LPPT,EGSS,1,51,-3.74,11.59,-20.9,18.45,0.08,0.06,-0.01,0.18,176.99,139.88,-32.05,425.95
LPPT,EHAM,0,324,3.36,13.65,-20.34,22.48,0.05,0.07,-0.07,0.16,120.05,177.03,-166.05,376.38
LPPT,EIDW,0,30,-37.77,24.02,-67.18,0.45,-0.1,0.08,-0.2,0.06,-231.03,192.81,-490.42,125.52
LPPT,EIDW,1,60,-35.32,20.55,-71.72,-2.37,-0.08,0.09,-0.2,0.09,-175.88,210.35,-467.16,170.1
LPPT,EIDW,2,28,-31.81,14.67,-55.61,-9.19,-0.06,0.06,-0.15,0.02,-157.28,141.06,-368.92,59.84
LPPT,EIDW,3,23,-26.28,13.98,-48.86,-4.89,-0.02,0.07,-0.1,0.09,-39.38,177.2,-244.37,215.1
LPPT,EIDW,4,16,-51.62,20.49,-81.98,-25.78,-0.12,0.1,-0.25,0.03,-243.91,196.37,-505.98,44.85
LPPT,EIDW,5,15,-42.16,20.91,-65.68,-17.01,-0.19,0.14,-0.33,0.0,-371.84,259.46,-587.15,-27.85
LPPT,EKCH,0,65,-22.46,16.23,-49.56,-5.5,-0.12,0.07,-0.25,-0.03,-282.17,160.82,-549.5,-63.42
LPPT,ELLX,0,79,-0.39,16.37,-27.93,26.52,0.01,0.09,-0.13,0.18,16.74,217.1,-329.47,397.04
LPPT,FNLU,0,29,-1.69,22.27,-17.54,47.98,0.01,0.06,-0.06,0.14,88.78,371.39,-364.68,814.32
LPPT,FNLU,1,35,-9.07,7.75,-21.12,2.9,0.0,0.05,-0.04,0.05,34.17,397.58,-312.25,402.35
LPPT,FNLU,2,26,-8.33,8.63,-17.9,2.78,0.01,0.03,-0.04,0.06,70.83,181.52,-195.75,348.75
LPPT,GMMN,0,112,21.09,13.94,-0.48,41.86,0.11,0.08,0.02,0.22,262.23,188.67,43.86,576.69
LPPT,GMMX,0,57,-0.23,8.77,-9.74,10.72,0.08,0.06,0.0,0.17,166.0,121.66,5.66,316.86
LPPT,GMMX,1,15,-0.07,7.02,-8.86,11.16,0.05,0.04,0.0,0.11,123.28,88.29,12.21,270.94
LPPT,GVNP,0,77,18.33,49.3,-17.76,30.32,0.12,0.21,-0.04,0.19,288.38,497.99,-77.08,467.1
LPPT,KBOS,0,49,-14.57,12.73,-34.72,0.0,0.01,0.06,-0.08,0.14,83.72,274.61,-207.78,693.34
LPPT,KBOS,1,39,-9.4,8.34,-22.62,0.33,-0.0,0.04,-0.06,0.04,-7.95,110.02,-152.24,116.25
LPPT,KEWR,0,48,12.93,143.16,-22.32,3.13,0.06,0.32,-0.04,0.11,340.11,1715.29,-175.14,643.76
LPPT,KEWR,1,21,-11.76,8.21,-26.0,0.0,-0.0,0.03,-0.05,0.04,-35.41,162.46,-332.2,147.9
LPPT,KEWR,2,21,-18.98,11.33,-36.6,-4.8,0.14,0.15,0.01,0.34,820.69,900.98,70.4,2179.3
LPPT,KIAD,0,60,-9.34,7.9,-23.34,0.0,-0.01,0.05,-0.1,0.04,-45.88,169.46,-305.11,114.92
LPPT,KIAD,1,11,-26.7,14.8,-44.55,-5.1,-0.05,0.09,-0.18,0.08,-254.4,449.58,-964.0,239.9
LPPT,KJFK,0,29,-16.87,11.09,-31.2,-2.34,0.0,0.05,-0.07,0.09,26.21,269.0,-374.64,491.66
LPPT,KJFK,1,23,-7.14,8.93,-23.52,0.99,0.02,0.05,-0.04,0.12,129.35,286.09,-206.22,634.65
LPPT,KJFK,2,8,-19.79,16.06,-41.34,-1.65,0.08,0.06,0.02,0.16,462.67,300.7,97.57,864.23
LPPT,LEBB,0,36,-25.43,15.54,-52.8,-3.18,-0.09,0.06,-0.19,0.01,-81.43,56.44,-173.23,9.65
LPPT,LEBB,1,17,-43.59,21.53,-74.72,-11.04,-0.15,0.11,-0.28,0.02,-135.59,97.79,-248.74,14.44
LPPT,LEBB,2,25,-22.48,18.68,-57.16,0.72,0.0,0.07,-0.11,0.14,6.82,174.85,-259.28,340.58
LPPT,LEBL,0,333,5.85,33.19,-13.18,31.48,-0.02,0.09,-0.12,0.1,-43.81,228.77,-286.24,206.26
LPPT,LEIB,0,59,-26.59,29.59,-61.7,11.12,-0.1,0.07,-0.19,0.0,-244.18,178.62,-473.71,4.05
LPPT,LEMD,0,557,0.87,26.14,-20.2,31.32,0.01,0.09,-0.12,0.15,21.47,227.53,-282.32,360.0
LPPT,LEMG,0,90,-9.4,13.99,-24.88,20.21,0.03,0.06,-0.04,0.13,62.87,133.95,-87.83,278.44
LPPT,LEPA,0,15,-36.59,37.84,-95.28,8.65,-0.14,0.08,-0.26,-0.03,-343.71,190.48,-594.86,-60.89
LPPT,LEPA,1,20,-34.96,22.66,-61.04,-6.96,-0.1,0.09,-0.27,0.03,-249.14,221.05,-663.61,64.54
LPPT,LEPA,2,20,2.75,17.83,-19.66,28.16,0.01,0.07,-0.1,0.1,19.12,179.32,-258.56,250.84
LPPT,LEVC,0,34,1.36,22.45,-19.6,49.07,0.04,0.07,-0.06,0.16,94.3,150.58,-113.36,342.23
LPPT,LEVC,1,24,-20.81,16.18,-42.96,7.4,-0.02,0.09,-0.14,0.1,-31.32,192.45,-302.23,224.96
LPPT,LEVC,2,26,12.66,17.11,-9.52,40.28,0.06,0.05,-0.0,0.14,135.16,114.58,-5.78,322.18
LPPT,LEZL,0,61,-1.8,13.46,-18.9,18.6,0.04,0.05,-0.03,0.1,85.52,113.63,-73.9,227.3
LPPT,LEZL,1,32,7.57,17.31,-15.43,33.84,0.09,0.07,-0.01,0.2,112.02,79.73,-2.96,199.82
LPPT,LFBD,0,31,7.15,10.16,-6.8,25.35,0.02,0.06,-0.06,0.13,43.07,144.56,-146.55,330.6
LPPT,LFBD,1,27,9.26,22.15,-22.86,29.9,0.02,0.1,-0.12,0.15,54.6,237.25,-284.16,364.72
LPPT,LFBO,0,107,-9.41,17.07,-34.55,14.92,0.0,0.06,-0.09,0.08,3.51,128.68,-214.27,187.94
LPPT,LFLL,0,109,4.95,12.54,-11.36,25.64,-0.0,0.07,-0.1,0.11,-10.53,152.23,-231.12,228.38
LPPT,LFML,0,105,21.71,31.24,-0.24,53.88,0.08,0.14,-0.08,0.23,188.25,306.67,-192.9,460.34
LPPT,LFMN,0,34,5.77,15.68,-20.35,29.29,0.05,0.09,-0.05,0.17,124.14,226.58,-126.64,406.81
LPPT,LFMN,1,27,8.17,20.37,-14.49,39.23,0.02,0.07,-0.05,0.1,50.29,142.7,-103.49,193.29
LPPT,LFMN,2,34,-17.42,13.0,-33.35,3.04,0.04,0.08,-0.07,0.13,83.28,172.79,-151.93,287.65
LPPT,LFOB,0,56,-24.95,11.34,-45.0,-4.97,-0.08,0.08,-0.17,0.06,-195.34,191.08,-413.2,135.65
LPPT,LFPG,0,24,-11.68,9.7,-23.98,2.55,-0.12,0.05,-0.2,-0.04,-281.42,129.39,-489.09,-109.84
LPPT,LFPG,1,52,-12.21,17.82,-44.03,10.53,0.0,0.09,-0.15,0.13,7.82,236.56,-375.68,308.35
LPPT,LFPG,2,86,-13.47,14.54,-30.38,19.23,-0.04,0.09,-0.15,0.07,-97.17,240.7,-443.0,203.4
LPPT,LFPG,3,17,-21.38,21.67,-56.96,12.88,-0.07,0.11,-0.25,0.06,-184.18,261.08,-595.6,143.64
LPPT,LFPG,4,15,-14.71,16.81,-37.6,9.35,-0.02,0.07,-0.09,0.09,-57.18,163.53,-251.87,192.45
LPPT,LFPO,0,111,-31.35,25.85,-65.4,-2.15,-0.07,0.1,-0.23,0.05,-181.14,244.18,-563.2,126.0
LPPT,LFPO,1,127,-8.83,20.37,-46.0,26.28,-0.02,0.09,-0.16,0.13,-50.53,230.76,-379.88,312.94
LPPT,LFPO,2,221,-10.95,19.17,-40.0,21.4,-0.04,0.09,-0.17,0.12,-93.58,225.31,-409.7,265.1
LPPT,LFRS,0,62,3.76,15.84,-17.28,39.74,0.04,0.08,-0.08,0.2,86.62,204.99,-178.78,481.45
LPPT,LGAV,0,53,-10.78,67.9,-34.86,26.54,-0.07,0.17,-0.19,0.07,-162.49,399.16,-467.54,162.6
LPPT,LIMC,0,95,-53.31,21.21,-80.22,-7.71,-0.21,0.13,-0.37,-0.01,-504.55,316.59,-892.87,-31.39
LPPT,LIMC,1,32,-53.54,18.88,-76.98,-26.15,-0.24,0.08,-0.35,-0.13,-584.99,186.4,-878.15,-333.36
LPPT,LIMC,2,60,-54.52,19.81,-84.25,-17.07,-0.26,0.1,-0.38,-0.12,-626.54,246.56,-920.49,-290.07
LPPT,LIME,0,65,-23.15,30.64,-49.44,-1.44,-0.04,0.14,-0.16,0.04,-100.48,324.45,-369.76,96.56
LPPT,LIPE,0,58,-4.78,26.79,-67.93,20.96,-0.02,0.09,-0.18,0.09,-49.04,214.51,-454.26,203.94
LPPT,LIPZ,0,76,-13.72,20.0,-40.1,15.02,-0.08,0.08,-0.23,0.07,-192.54,206.85,-583.32,170.18
LPPT,LIRA,0,56,5.45,16.47,-17.73,30.15,0.03,0.07,-0.07,0.17,65.55,172.04,-170.0,367.0
LPPT,LIRF,0,119,-19.66,22.68,-49.96,23.15,-0.1,0.1,-0.22,0.04,-259.56,249.29,-560.0,111.95
LPPT,LLBG,0,50,17.92,21.02,-10.56,51.07,0.04,0.09,-0.1,0.17,87.0,228.42,-249.2,416.6
LPPT,LOWW,0,44,-6.32,16.33,-23.07,23.75,0.04,0.07,-0.06,0.19,90.99,185.11,-178.0,447.25
LPPT,LOWW,1,21,14.58,20.29,-10.1,41.3,0.01,0.06,-0.07,0.1,16.19,143.82,-166.7,250.7
LPPT,LPFR,0,118,-5.43,12.23,-25.64,19.2,-0.02,0.04,-0.08,0.07,-44.46,103.24,-184.56,146.7
LPPT,LPLA,0,109,-8.3,13.18,-31.44,7.32,-0.01,0.05,-0.08,0.08,-9.46,145.7,-181.34,237.06
LPPT,LPMA,0,360,0.51,5.39,-4.5,8.93,0.08,0.07,0.0,0.18,189.33,172.25,0.0,458.3
LPPT,LPPD,0,159,-2.83,9.69,-15.58,17.5,0.03,0.06,-0.08,0.1,71.75,170.75,-208.3,291.7
LPPT,LPPD,1,94,-7.27,10.56,-23.38,10.87,0.03,0.06,-0.06,0.13,73.17,145.73,-137.25,333.34
LPPT,LPPR,0,305,-22.48,57.07,-50.12,6.4,-0.05,0.14,-0.17,0.08,-119.45,352.84,-375.0,154.68
LPPT,LSGG,0,79,-4.88,12.21,-20.04,20.87,-0.13,0.06,-0.24,-0.03,-296.26,147.51,-541.69,-72.06
LPPT,LSGG,1,123,-8.76,11.51,-27.02,8.79,0.04,0.09,-0.14,0.17,105.86,216.43,-264.52,422.99
LPPT,LSZH,0,113,-4.28,17.75,-28.94,22.6,-0.02,0.08,-0.17,0.11,-58.83,205.96,-420.14,264.6
LPPT,LSZH,1,37,-2.95,12.13,-19.08,18.74,-0.02,0.11,-0.16,0.22,-49.25,274.92,-397.26,531.76
LPPT,LSZH,2,22,-11.42,13.4,-27.4,9.27,-0.03,0.08,-0.13,0.08,-79.79,204.99,-316.73,190.65
LPPT,LTFM,0,60,-26.78,27.16,-67.68,25.97,-0.08,0.09,-0.2,0.04,-207.69,219.22,-502.08,98.06
LPPT,OMDB,0,60,1.7,21.06,-23.79,30.37,0.14,0.12,-0.01,0.33,1121.72,908.07,-70.34,2561.51
LPPT,SBGR,0,42,-2.39,9.95,-25.37,8.38,-0.0,0.06,-0.08,0.08,-20.85,308.24,-428.78,420.94
LPPT,SBGR,1,32,-1.39,4.88,-7.27,8.2,0.03,0.05,-0.04,0.12,174.82,262.05,-194.02,641.92
LPPT,SBGR,2,23,2.24,10.29,-3.94,3.3,0.01,0.05,-0.04,0.06,53.08,248.66,-221.4,328.35
LPPT,SBGR,3,18,-3.53,8.72,-21.86,4.63,-0.01,0.1,-0.12,0.13,-29.56,569.77,-667.22,730.99
LPPT,SBKP,0,40,0.99,4.25,-1.26,9.19,0.04,0.04,-0.03,0.1,233.12,219.86,-208.76,550.58
LPPT,SBKP,1,16,-2.64,3.98,-10.25,1.62,0.06,0.05,-0.03,0.12,347.81,277.16,-169.5,622.88
LPSJ,LPLA,0,59,0.0,0.0,0.0,0.0,0.01,0.0,0.01,0.01,10.45,2.61,8.27,16.03
LPSJ,LPPD,0,55,6.12,6.87,-0.03,22.34,0.02,0.05,-0.05,0.11,22.04,48.57,-52.25,99.58
LQSA,LDZA,0,53,1.9,11.77,-13.9,13.92,0.04,0.08,-0.02,0.14,48.77,97.29,-25.54,174.18
LQSA,LOWW,0,59,16.17,12.64,-1.32,39.69,0.06,0.04,0.0,0.12,153.35,102.08,9.99,295.86
LQSA,LTFJ,0,16,-5.26,22.49,-29.9,33.92,0.06,0.11,-0.07,0.22,134.79,262.04,-174.95,497.05
LQSA,LTFJ,1,44,-15.85,22.55,-63.04,19.77,-0.04,0.1,-0.17,0.11,-96.85,236.64,-411.7,256.81
LQSA,LTFM,0,86,-21.76,14.66,-37.67,3.25,0.02,0.07,-0.08,0.15,49.59,194.42,-179.15,379.65
LRCL,EDDM,0,25,-0.62,13.1,-14.0,22.74,0.0,0.06,-0.09,0.09,0.04,109.83,-154.8,163.4
LRCL,EDDM,1,34,7.85,16.6,-15.86,33.95,-0.05,0.08,-0.16,0.08,-93.5,141.49,-284.2,140.27
LRCL,EGGW,0,46,-1.73,15.36,-17.02,27.95,0.09,0.07,0.0,0.23,237.84,187.09,10.95,639.5
LRCL,EGGW,1,22,6.94,19.87,-29.42,34.67,0.09,0.11,-0.02,0.3,228.02,272.94,-40.16,758.83
LRCL,LIME,0,21,-26.12,26.65,-60.4,18.8,-0.05,0.07,-0.13,0.07,-133.5,178.27,-333.3,166.7
LRCL,LIME,1,44,-38.77,20.58,-61.1,1.53,-0.06,0.05,-0.13,0.03,-149.47,125.44,-320.8,82.8
LRCL,LROP,0,135,-51.51,10.98,-62.36,-31.42,-0.25,0.15,-0.48,-0.03,-351.92,133.29,-560.0,-83.37
LRIA,EGGW,0,68,-3.42,13.19,-21.36,21.2,0.07,0.08,-0.05,0.21,183.55,190.51,-115.31,524.37
LRIA,LROP,0,100,-43.48,10.28,-54.91,-16.4,-0.29,0.07,-0.38,-0.18,-259.4,56.26,-345.0,-169.75
LROD,LROP,0,51,-48.63,17.25,-59.6,-40.3,-0.31,0.07,-0.38,-0.23,-280.66,63.69,-337.5,-210.0
LROP,EBCI,0,41,-22.4,19.5,-35.8,6.0,-0.04,0.07,-0.15,0.05,-92.2,173.72,-360.0,140.0
LROP,EBCI,1,19,-28.74,6.61,-34.0,-16.88,-0.03,0.05,-0.11,0.03,-71.72,123.05,-262.5,80.16
LROP,EDDF,0,78,-14.78,19.46,-42.18,11.36,-0.15,0.09,-0.28,-0.02,-379.11,214.98,-657.96,-53.87
LROP,EDDF,1,36,-25.6,17.55,-50.08,3.92,-0.17,0.08,-0.29,-0.05,-403.58,197.86,-698.08,-119.5
LROP,EDDM,0,85,13.61,13.79,-9.82,34.4,-0.05,0.07,-0.17,0.05,-135.34,171.07,-389.2,131.26
LROP,EGGW,0,42,-9.86,17.65,-28.28,18.14,0.06,0.08,-0.04,0.21,160.71,189.58,-101.62,516.5
LROP,EGGW,1,37,-7.59,14.22,-30.28,15.64,0.05,0.1,-0.14,0.21,115.77,261.93,-344.62,521.66
LROP,EGGW,2,32,-8.86,13.12,-23.02,8.01,0.06,0.09,-0.06,0.13,138.55,224.14,-138.72,317.37
LROP,EGLL,0,49,9.48,14.71,-3.02,33.12,0.16,0.14,-0.02,0.38,391.44,344.85,-54.7,940.24
LROP,EGLL,1,11,4.54,8.52,-4.95,18.25,0.16,0.12,0.03,0.35,410.75,289.3,79.15,869.45
LROP,EGSS,0,64,7.47,12.04,-6.71,28.66,0.09,0.07,-0.01,0.2,215.23,175.33,-25.74,432.89
LROP,EGSS,1,21,7.78,21.77,-10.5,22.8,0.1,0.06,0.03,0.21,231.88,148.78,82.7,436.9
LROP,EGSS,2,16,18.22,32.82,-6.05,57.5,0.11,0.09,0.01,0.28,254.4,217.68,22.45,620.35
LROP,EHAM,0,65,8.39,7.35,-3.58,21.18,0.08,0.06,-0.0,0.19,194.01,143.36,-2.84,454.9
LROP,EHAM,1,34,0.65,18.01,-37.01,18.44,0.05,0.07,-0.06,0.15,125.86,160.71,-154.31,351.82
LROP,EPWA,0,90,-13.35,17.97,-36.48,19.66,-0.03,0.07,-0.12,0.1,-59.75,130.51,-236.14,215.58
LROP,LBSF,0,52,-40.16,23.28,-75.99,-3.03,-0.13,0.1,-0.32,0.02,-177.97,127.58,-381.98,46.5
LROP,LEBL,0,64,-12.6,20.75,-40.38,19.98,-0.04,0.07,-0.14,0.08,-93.15,169.7,-340.49,188.77
LROP,LEMD,0,67,-16.78,17.53,-34.34,18.62,0.0,0.07,-0.08,0.13,6.8,163.73,-200.0,294.92
LROP,LEMD,1,18,1.32,11.37,-7.6,23.72,0.05,0.08,-0.05,0.15,111.21,190.56,-129.1,379.39
LROP,LFPG,0,140,0.25,14.99,-22.04,28.61,0.03,0.08,-0.08,0.15,73.08,170.01,-183.61,328.42
LROP,LGAV,0,54,-28.94,20.01,-56.06,4.0,-0.01,0.07,-0.1,0.15,-11.03,178.18,-231.34,368.06
LROP,LGAV,1,43,-30.03,27.04,-66.21,9.86,-0.03,0.14,-0.2,0.13,-54.67,309.75,-369.02,315.19
LROP,LIME,0,69,-59.82,26.99,-98.96,-16.78,-0.13,0.09,-0.27,0.0,-304.41,207.93,-590.32,0.0
LROP,LIME,1,27,-42.29,26.14,-65.87,-5.3,-0.07,0.08,-0.19,0.08,-167.86,195.95,-418.98,199.99
LROP,LIPE,0,56,-25.36,16.21,-48.03,3.22,-0.01,0.07,-0.1,0.14,-34.9,167.16,-250.0,331.15
LROP,LIPH,0,18,8.01,25.91,-34.04,47.9,0.06,0.1,-0.08,0.19,146.39,238.87,-195.69,468.31
LROP,LIPH,1,49,-20.94,14.28,-39.02,5.44,-0.0,0.07,-0.07,0.12,-2.0,165.75,-178.66,306.22
LROP,LIRF,0,58,-59.82,21.81,-82.68,-20.96,-0.17,0.07,-0.27,-0.03,-414.59,169.05,-626.56,-80.61
LROP,LLBG,0,135,-15.07,18.24,-40.39,18.7,-0.02,0.08,-0.15,0.09,-48.07,201.17,-377.28,243.0
LROP,LOWW,0,153,16.67,18.23,-3.4,53.46,0.04,0.06,-0.05,0.15,104.99,140.75,-102.0,375.0
LROP,LRCL,0,135,-51.82,13.47,-69.04,-25.92,-0.19,0.13,-0.35,-0.07,-266.31,205.21,-405.05,-90.63
LROP,LRIA,0,100,7.48,8.84,-6.4,20.93,-0.04,0.05,-0.1,0.05,-33.8,45.91,-90.85,54.07
LROP,LROD,0,51,10.58,11.89,-3.0,24.65,-0.0,0.1,-0.11,0.07,-2.17,86.62,-97.6,60.15
LROP,LRTR,0,128,-1.52,16.68,-12.26,29.4,-0.02,0.09,-0.14,0.12,-12.67,118.96,-138.43,239.54
LROP,LSZH,0,24,18.22,15.3,7.56,36.46,0.04,0.13,-0.1,0.19,110.28,334.05,-241.82,482.56
LROP,LSZH,1,10,20.55,5.72,13.38,28.72,0.05,0.06,-0.03,0.13,145.16,152.31,-59.64,337.18
LROP,LTFM,0,22,-35.98,13.46,-52.02,-15.53,-0.1,0.05,-0.17,-0.02,-226.97,120.42,-364.86,-74.9
LROP,LTFM,1,131,-47.19,20.14,-72.35,-15.85,-0.11,0.14,-0.34,0.08,-256.71,368.48,-900.0,364.15
LROP,LUKK,0,66,-15.63,8.05,-31.6,-5.85,-0.06,0.05,-0.13,0.03,-51.83,45.39,-118.32,24.75
LROP,LUKK,1,20,-6.83,8.01,-23.68,1.08,-0.07,0.05,-0.17,0.0,-63.55,48.16,-143.61,1.83
LROP,LYBE,0,52,-9.78,24.39,-44.03,27.22,-0.03,0.12,-0.17,0.15,-19.84,130.71,-234.3,201.55
LROP,OTHH,0,60,2.57,29.78,-28.7,69.03,0.04,0.06,-0.07,0.13,95.63,148.82,-164.94,324.71
LRSB,EDDM,0,61,1.86,15.25,-14.9,29.1,-0.11,0.06,-0.21,-0.01,-157.84,84.63,-287.8,-17.1
LRTR,EDDM,0,103,12.61,17.49,-7.11,44.29,-0.02,0.07,-0.12,0.09,-32.54,145.06,-269.97,201.57
LRTR,LROP,0,128,-33.13,14.14,-40.5,0.06,-0.14,0.1,-0.3,0.02,-179.15,103.95,-318.25,36.5
LSGG,BKPR,0,35,-4.38,15.21,-36.7,18.4,0.03,0.1,-0.07,0.12,67.63,237.43,-160.79,275.29
LSGG,BKPR,1,33,-10.11,15.07,-31.82,16.42,-0.0,0.07,-0.08,0.09,3.54,150.15,-198.34,191.7
LSGG,EBBR,0,54,-9.51,12.59,-23.79,18.5,-0.06,0.05,-0.16,0.03,-146.67,122.89,-366.64,66.8
LSGG,EBBR,1,111,-9.57,12.8,-23.35,18.0,-0.06,0.07,-0.15,0.05,-131.4,153.32,-361.5,121.6
LSGG,EDDF,0,115,-37.61,20.82,-72.04,-5.78,-0.21,0.09,-0.32,-0.08,-341.38,150.32,-561.6,-142.73
LSGG,EDDF,1,32,-40.94,18.3,-68.47,-6.28,-0.21,0.06,-0.3,-0.14,-470.42,123.78,-657.5,-311.58
LSGG,EDDF,2,23,-80.33,62.6,-121.88,-38.94,-0.25,0.18,-0.42,-0.07,-444.26,379.21,-898.95,-128.04
LSGG,EDDM,0,52,3.3,11.84,-11.18,27.52,-0.07,0.06,-0.15,0.02,-110.26,117.39,-264.8,40.84
LSGG,EDDM,1,16,-1.83,9.44,-12.35,11.95,-0.09,0.06,-0.16,0.02,-123.25,93.48,-217.92,44.3
LSGG,EDDM,2,55,-3.45,12.88,-21.2,19.23,-0.15,0.08,-0.27,-0.01,-273.81,153.48,-486.15,-15.35
LSGG,EGCC,0,21,26.49,9.02,16.0,37.7,0.08,0.08,-0.03,0.2,269.88,364.4,-82.7,781.4
LSGG,EGCC,1,36,14.53,6.32,4.65,26.62,0.07,0.08,-0.02,0.2,174.04,183.33,-50.0,466.12
LSGG,EGCC,2,23,15.12,6.2,5.17,22.17,0.04,0.07,-0.07,0.18,192.99,416.12,-381.87,1063.64
LSGG,EGGW,0,54,-54.19,16.13,-73.73,-23.38,-0.13,0.09,-0.26,0.01,-287.06,197.76,-580.88,20.13
LSGG,EGKK,0,21,13.0,6.76,2.2,20.7,0.22,0.16,0.05,0.35,519.2,402.76,110.5,884.1
LSGG,EGKK,1,89,13.4,11.47,1.54,29.24,0.14,0.11,0.01,0.36,329.74,265.21,35.44,888.2
LSGG,EGKK,2,34,21.17,9.58,10.06,36.6,0.17,0.12,0.04,0.4,423.0,297.23,111.0,1002.55
LSGG,EGLC,0,3,-13.9,5.63,-19.44,-9.9,-0.02,0.06,-0.06,0.04,-36.63,132.17,-139.27,91.67
LSGG,EGLC,1,6,-4.83,4.54,-9.62,1.12,0.03,0.05,-0.01,0.1,57.23,104.17,-27.52,210.85
LSGG,EGLL,0,179,9.77,12.83,-4.42,30.11,0.17,0.1,0.04,0.36,406.96,236.38,85.29,907.05
LSGG,EGLL,1,72,7.23,10.99,-2.34,31.42,0.11,0.1,-0.02,0.29,213.58,199.1,-36.66,542.05
LSGG,EGLL,2,43,19.58,14.68,4.17,47.18,0.12,0.09,0.01,0.28,244.87,194.18,20.24,692.14
LSGG,EHAM,0,21,5.39,14.15,-20.5,24.5,0.05,0.08,-0.08,0.14,114.05,194.05,-202.3,319.9
LSGG,EHAM,1,141,-1.55,12.83,-22.9,16.9,0.05,0.07,-0.07,0.15,122.45,175.76,-186.8,400.1
LSGG,EHAM,2,70,3.45,16.34,-21.76,23.06,0.07,0.07,-0.04,0.19,171.98,165.75,-100.81,458.16
LSGG,EKCH,0,26,-10.6,8.26,-25.55,2.52,-0.06,0.05,-0.14,0.02,-102.98,97.36,-247.18,28.75
LSGG,EKCH,1,30,2.07,14.23,-19.1,22.63,0.05,0.07,-0.06,0.14,63.02,98.98,-82.97,190.43
LSGG,EKCH,2,30,-13.71,10.77,-33.56,0.36,-0.05,0.05,-0.11,0.02,-113.71,109.07,-264.82,36.94
LSGG,EPWA,0,25,-39.6,13.6,-52.66,-10.1,-0.05,0.1,-0.17,0.13,-100.24,203.97,-357.02,284.78
LSGG,EPWA,1,33,-50.19,15.37,-68.72,-28.66,-0.07,0.07,-0.17,0.04,-137.1,134.98,-326.0,86.84
LSGG,GMMX,0,23,2.74,14.95,-15.74,17.87,0.03,0.07,-0.08,0.12,64.9,153.5,-154.04,256.29
LSGG,GMMX,1,35,-3.07,19.53,-43.72,17.43,0.01,0.06,-0.12,0.09,26.75,137.25,-225.15,207.61
LSGG,KJFK,0,11,7.31,9.47,-7.05,16.85,-0.0,0.07,-0.12,0.06,-26.26,385.24,-687.2,352.3
LSGG,KJFK,1,26,4.48,10.49,-10.05,19.55,0.1,0.08,-0.0,0.23,578.85,445.22,-5.55,1331.5
LSGG,KJFK,2,22,2.01,7.7,-10.22,15.01,-0.02,0.06,-0.14,0.07,-131.62,345.23,-748.71,388.26
LSGG,LEBL,0,155,0.18,10.74,-11.0,21.39,-0.0,0.07,-0.11,0.13,-6.75,169.31,-251.91,302.74
LSGG,LEMD,0,155,-1.06,12.46,-21.31,13.62,-0.0,0.09,-0.12,0.17,-3.59,208.12,-291.7,418.17
LSGG,LEMG,0,16,0.79,18.05,-18.12,30.48,0.05,0.1,-0.07,0.22,124.11,235.55,-137.82,509.88
LSGG,LEMG,1,15,-2.15,7.7,-14.68,7.62,0.11,0.06,0.04,0.19,240.88,121.88,105.3,420.13
LSGG,LEMG,2,34,-3.36,9.6,-19.15,11.21,0.08,0.05,0.01,0.16,180.91,120.64,22.83,411.8
LSGG,LEPA,0,32,-5.52,11.29,-21.57,17.1,0.04,0.09,-0.07,0.14,88.66,186.0,-159.07,306.65
LSGG,LEPA,1,53,-3.59,10.2,-15.0,10.46,0.02,0.06,-0.05,0.12,49.25,141.39,-122.2,301.84
LSGG,LFBD,0,70,-4.73,9.33,-13.86,11.36,0.01,0.05,-0.07,0.1,26.73,121.04,-169.32,245.86
LSGG,LFMN,0,157,-28.88,19.48,-54.76,3.84,-0.16,0.07,-0.28,-0.04,-394.74,175.93,-694.88,-79.04
LSGG,LFPG,0,56,8.68,9.26,-0.25,24.72,0.12,0.07,-0.02,0.22,228.55,142.13,-53.78,418.28
LSGG,LFPG,1,36,1.76,6.25,-3.1,17.15,0.09,0.04,0.04,0.16,168.05,75.46,82.75,304.0
LSGG,LFPG,2,54,4.09,10.55,-4.3,29.6,0.09,0.04,0.04,0.17,172.73,72.89,83.22,315.81
LSGG,LFPG,3,39,2.77,8.19,-2.71,22.14,-0.02,0.05,-0.08,0.05,-52.65,111.4,-184.06,120.76
LSGG,LFPG,4,13,-7.08,10.71,-27.32,0.4,-0.02,0.06,-0.12,0.05,-54.75,142.59,-287.1,111.42
LSGG,LFPG,5,38,-0.66,6.27,-7.03,14.82,0.08,0.06,-0.01,0.17,145.15,106.72,-28.84,327.49
LSGG,LFPO,0,16,12.82,10.69,-6.07,28.12,0.02,0.05,-0.06,0.08,51.52,125.18,-157.15,203.95
LSGG,LFPO,1,35,4.11,9.2,-2.67,23.78,-0.03,0.06,-0.12,0.05,-65.95,154.03,-307.01,128.92
LSGG,LFRS,0,73,-2.63,11.57,-17.96,14.76,-0.04,0.06,-0.11,0.05,-110.06,137.22,-282.24,132.36
LSGG,LGAV,0,63,-18.02,100.57,-28.08,12.02,-0.02,0.22,-0.1,0.1,-30.52,433.95,-218.54,258.97
LSGG,LIRF,0,17,-30.01,14.71,-41.18,-3.28,-0.06,0.07,-0.15,0.03,-146.15,157.05,-349.04,62.76
LSGG,LIRF,1,21,-28.6,17.97,-65.0,-0.1,-0.02,0.07,-0.12,0.08,-59.25,160.9,-291.7,158.3
LSGG,LIRF,2,33,-27.72,18.63,-43.2,0.8,-0.05,0.05,-0.13,0.04,-121.37,129.75,-317.32,87.98
LSGG,LIRF,3,19,-31.94,16.41,-44.69,0.07,-0.08,0.05,-0.16,0.0,-203.68,135.61,-388.53,4.17
LSGG,LOWW,0,11,-8.24,16.48,-28.0,16.1,0.04,0.09,-0.06,0.18,68.9,161.99,-116.9,332.5
LSGG,LOWW,1,54,0.01,9.45,-11.74,15.58,0.03,0.04,-0.03,0.1,62.42,84.48,-63.3,190.0
LSGG,LPPR,0,52,5.15,11.58,-7.48,24.75,0.06,0.08,-0.03,0.17,143.57,186.72,-72.35,416.64
LSGG,LPPR,1,180,8.73,12.58,-4.93,31.96,0.05,0.07,-0.05,0.15,128.58,162.99,-125.0,375.0
LSGG,LPPT,0,185,-2.14,18.16,-32.94,25.12,0.07,0.09,-0.07,0.23,173.03,217.09,-147.98,583.3
LSGG,LPPT,1,17,7.84,23.18,-15.54,47.36,0.08,0.08,-0.03,0.24,201.29,208.03,-63.96,589.32
LSGG,LSZH,0,119,-1.59,6.94,-12.72,9.74,0.02,0.06,-0.06,0.13,58.95,163.17,-149.15,390.35
LSGG,LSZH,1,22,-3.52,6.62,-14.74,3.2,0.0,0.07,-0.06,0.14,53.8,296.5,-171.12,489.99
LSGG,LTFM,0,75,-17.75,26.52,-47.63,41.06,0.03,0.11,-0.09,0.28,78.16,300.02,-235.31,711.81
LSGG,LTFM,1,29,-28.58,18.76,-48.56,-10.66,0.02,0.08,-0.08,0.16,46.2,225.98,-233.36,418.68
LSGG,OMDB,0,19,29.48,22.71,-6.78,61.81,0.27,0.11,0.09,0.45,2120.83,880.88,662.97,3471.43
LSGG,OMDB,1,40,19.4,28.54,-12.71,69.46,0.26,0.13,0.09,0.48,2004.06,983.84,694.78,3743.0
LSZH,BKPR,0,89,-21.71,21.41,-52.62,6.52,-0.07,0.12,-0.2,0.03,-175.54,289.77,-500.0,83.4
LSZH,BKPR,1,10,-32.11,17.0,-54.86,-11.55,-0.05,0.03,-0.09,-0.01,-127.92,69.5,-231.24,-37.49
LSZH,BKPR,2,20,-38.87,24.36,-71.77,-4.24,-0.08,0.11,-0.2,0.1,-202.59,263.03,-506.25,255.17
LSZH,EBBR,0,38,-20.14,18.15,-38.76,19.48,-0.06,0.1,-0.17,0.12,-143.16,253.12,-422.94,270.45
LSZH,EBBR,1,67,-22.03,16.65,-42.03,9.81,-0.01,0.09,-0.16,0.15,-11.64,180.45,-333.33,290.88
LSZH,EDDB,0,118,-18.21,14.06,-37.96,5.85,-0.03,0.06,-0.13,0.07,-77.54,141.18,-304.71,163.56
LSZH,EDDB,1,107,-15.62,13.88,-36.02,6.11,-0.04,0.07,-0.15,0.09,-91.21,172.0,-385.36,216.45
LSZH,EDDF,0,186,-61.46,17.56,-86.25,-28.38,-0.26,0.07,-0.36,-0.12,-568.95,179.36,-824.82,-269.8
LSZH,EDDF,1,45,-56.28,25.66,-85.92,-12.98,-0.23,0.14,-0.37,0.16,-562.74,349.24,-904.12,395.7
LSZH,EDDF,2,11,-57.56,17.04,-80.75,-36.25,-0.26,0.08,-0.37,-0.14,-599.47,232.59,-913.9,-265.2
LSZH,EDDH,0,205,-39.51,17.41,-63.88,-5.7,-0.13,0.08,-0.27,-0.02,-297.98,196.76,-623.38,-44.16
LSZH,EDDK,0,69,-21.52,14.47,-45.96,-2.18,-0.06,0.08,-0.19,0.06,-152.32,186.09,-464.2,129.6
LSZH,EDDL,0,68,-26.56,10.89,-39.59,-7.17,-0.1,0.08,-0.23,0.03,-221.53,181.75,-530.01,62.27
LSZH,EDDL,1,86,-42.11,19.92,-72.6,-12.1,-0.07,0.09,-0.23,0.07,-167.6,198.75,-546.17,137.43
LSZH,EDDM,0,96,4.76,11.15,-11.15,22.45,-0.04,0.07,-0.15,0.06,-68.65,122.59,-222.95,137.32
LSZH,EDDM,1,49,-3.07,9.46,-12.72,12.94,-0.11,0.07,-0.2,0.0,-176.51,118.33,-301.52,10.22
LSZH,EDDM,2,15,0.22,9.49,-11.41,16.48,-0.06,0.07,-0.16,0.03,-128.01,157.61,-377.6,77.64
LSZH,EDDN,0,40,-52.52,20.67,-76.58,-22.88,-0.18,0.11,-0.38,-0.07,-406.79,275.38,-869.73,-148.95
LSZH,EDDS,0,59,-14.94,10.18,-29.45,1.09,-0.02,0.06,-0.11,0.06,-60.17,149.21,-261.58,123.82
LSZH,EDDV,0,27,-10.58,18.05,-39.95,10.05,-0.04,0.12,-0.15,0.1,-79.53,291.2,-334.28,216.13
LSZH,EDDV,1,27,-16.5,18.63,-58.89,-0.73,-0.0,0.07,-0.11,0.07,-2.65,143.11,-268.95,150.71
LSZH,EFHK,0,15,-21.98,12.65,-42.37,-7.31,-0.02,0.06,-0.1,0.07,-47.4,164.07,-242.22,207.69
LSZH,EFHK,1,44,-23.78,11.16,-39.96,-5.6,-0.04,0.05,-0.14,0.02,-101.62,135.91,-337.98,64.68
LSZH,EGCC,0,49,8.89,11.65,-16.22,23.48,0.06,0.07,-0.06,0.18,130.92,150.9,-104.86,364.34
LSZH,EGKK,0,23,9.36,9.35,-1.23,23.65,0.17,0.11,0.03,0.38,381.14,253.31,64.49,832.57
LSZH,EGKK,1,30,-0.3,12.18,-19.06,18.05,0.08,0.11,-0.07,0.23,185.65,256.9,-151.61,506.79
LSZH,EGLC,0,58,-5.66,9.95,-22.36,8.37,0.02,0.04,-0.04,0.09,45.57,98.18,-94.96,198.78
LSZH,EGLC,1,6,-21.25,20.02,-48.12,-1.52,-0.04,0.03,-0.07,-0.0,-85.13,66.27,-145.07,-0.92
LSZH,EGLL,0,77,8.25,15.87,-7.3,34.1,0.12,0.1,-0.02,0.3,308.84,259.96,-42.98,747.8
LSZH,EGLL,1,224,3.25,12.71,-14.08,29.72,0.09,0.1,-0.06,0.27,203.31,230.65,-130.33,598.01
LSZH,EGLL,2,15,-10.37,12.12,-31.29,6.54,0.08,0.09,-0.02,0.24,180.59,210.68,-47.6,597.37
LSZH,EHAM,0,190,-13.65,16.52,-44.38,10.88,0.05,0.08,-0.08,0.16,105.03,171.22,-176.66,361.96
LSZH,EHAM,1,31,-19.42,13.42,-43.65,-0.75,-0.01,0.07,-0.1,0.1,-13.99,158.98,-231.35,261.45
LSZH,EIDW,0,22,-6.1,21.17,-40.38,19.75,0.0,0.11,-0.13,0.23,7.48,236.56,-323.27,437.14
LSZH,EIDW,1,25,-19.79,20.12,-45.16,8.28,-0.04,0.07,-0.13,0.1,-88.52,177.78,-308.12,235.98
LSZH,EIDW,2,25,-9.33,14.07,-33.08,8.74,-0.03,0.07,-0.12,0.05,-63.56,165.56,-244.34,120.24
LSZH,EIDW,3,7,-6.39,7.75,-14.8,4.59,0.02,0.05,-0.05,0.07,31.09,88.92,-90.13,127.9
LSZH,EKCH,0,158,-19.04,11.06,-35.3,1.18,-0.1,0.05,-0.18,-0.03,-215.01,124.84,-432.04,-53.95
LSZH,ELLX,0,43,-24.46,53.9,-57.75,-8.8,-0.05,0.2,-0.27,0.08,-106.7,457.27,-610.52,177.73
LSZH,ENGM,0,71,-32.13,13.47,-52.25,-9.7,-0.06,0.08,-0.18,0.07,-138.79,193.51,-396.95,156.1
LSZH,EPWA,0,80,-40.27,12.53,-57.17,-18.28,-0.1,0.06,-0.2,-0.0,-197.68,116.67,-380.53,-2.58
LSZH,EPWA,1,21,-19.05,18.24,-39.6,9.4,-0.02,0.09,-0.15,0.08,-40.14,173.47,-276.6,145.5
LSZH,EPWA,2,19,-74.48,24.33,-105.24,-37.52,-0.18,0.08,-0.26,-0.06,-340.79,154.75,-501.03,-139.79
LSZH,ESGG,0,60,-20.31,12.42,-42.94,-3.68,-0.04,0.04,-0.1,0.01,-71.32,81.7,-185.42,22.85
LSZH,ESSA,0,51,-15.46,16.46,-45.15,-0.2,-0.03,0.05,-0.12,0.04,-70.43,131.88,-289.1,101.6
LSZH,ESSA,1,59,-16.23,11.44,-40.55,4.28,-0.03,0.05,-0.12,0.03,-78.07,127.22,-274.14,81.31
LSZH,HEGN,0,59,4.81,20.56,-20.99,54.38,-0.04,0.1,-0.18,0.13,-97.38,256.43,-453.17,319.99
LSZH,KBOS,0,37,-1.86,6.32,-11.28,8.04,-0.05,0.05,-0.11,0.02,-333.55,281.42,-697.86,148.76
LSZH,KBOS,1,23,-3.2,6.22,-13.97,6.09,-0.08,0.07,-0.17,0.03,-493.17,422.77,-1076.42,195.44
LSZH,KEWR,0,26,0.07,8.41,-9.0,13.95,-0.03,0.07,-0.12,0.1,-164.06,391.48,-691.05,599.75
LSZH,KEWR,1,15,-10.84,19.5,-41.1,16.23,0.07,0.06,-0.05,0.14,392.12,334.21,-279.92,744.68
LSZH,KEWR,2,17,-1.89,7.82,-15.06,9.96,0.09,0.08,-0.02,0.2,538.31,490.49,-143.76,1269.26
LSZH,KJFK,0,35,-0.55,5.03,-7.33,7.9,-0.04,0.05,-0.13,0.04,-232.23,283.17,-726.66,213.31
LSZH,KJFK,1,20,-2.65,3.95,-8.11,2.03,0.06,0.07,-0.05,0.19,383.74,437.43,-295.39,1155.32
LSZH,KJFK,2,17,-4.85,6.63,-16.3,4.06,0.06,0.08,-0.02,0.18,339.74,469.57,-139.14,988.82
LSZH,KJFK,3,17,-3.39,8.25,-12.78,2.76,-0.01,0.03,-0.06,0.03,-91.68,196.35,-350.98,161.02
LSZH,KORD,0,40,-0.5,7.62,-16.36,11.86,-0.05,0.07,-0.16,0.06,-314.0,415.64,-999.86,304.86
LSZH,KORD,1,24,-9.6,19.44,-43.77,6.62,-0.05,0.09,-0.14,0.02,-322.0,510.27,-1107.53,86.46
LSZH,KORD,2,26,1.18,7.08,-6.78,7.72,-0.05,0.04,-0.11,0.03,-316.0,299.14,-858.58,195.95
LSZH,KSFO,0,15,-13.12,13.16,-36.21,4.81,-0.09,0.06,-0.19,-0.02,-682.55,427.92,-1415.56,-100.66
LSZH,KSFO,1,19,-5.37,15.84,-30.35,8.28,-0.07,0.06,-0.14,0.03,-490.15,398.83,-979.64,227.57
LSZH,KSFO,2,22,-10.46,18.37,-40.16,10.14,-0.08,0.07,-0.18,0.01,-554.6,537.06,-1235.84,102.04
LSZH,LCLK,0,46,15.05,8.64,-2.02,25.25,-0.01,0.07,-0.15,0.1,-23.51,179.46,-364.58,250.0
LSZH,LCLK,1,19,3.17,7.15,-5.36,13.52,-0.02,0.08,-0.15,0.09,-57.34,189.71,-375.0,226.28
LSZH,LCLK,2,13,-18.02,9.32,-31.42,-4.7,-0.01,0.04,-0.06,0.06,-18.81,97.71,-141.68,141.68
LSZH,LDZA,0,59,1.89,8.92,-4.38,20.29,-0.02,0.06,-0.09,0.09,-14.31,90.45,-107.27,123.33
LSZH,LEBL,0,179,-2.75,15.67,-22.78,22.13,-0.03,0.08,-0.17,0.1,-80.42,195.4,-428.61,241.9
LSZH,LEIB,0,62,-18.81,19.91,-55.68,10.17,-0.1,0.09,-0.25,0.05,-239.55,224.25,-583.12,124.73
LSZH,LEMD,0,178,-3.09,11.8,-18.14,15.34,0.02,0.07,-0.08,0.14,37.39,176.5,-208.3,335.3
LSZH,LEMG,0,62,-2.35,10.21,-15.69,22.65,0.02,0.08,-0.09,0.17,50.2,195.35,-217.06,340.24
LSZH,LEMG,1,47,-9.97,12.94,-33.7,5.12,-0.01,0.06,-0.11,0.08,-22.07,158.38,-267.15,188.81
LSZH,LEPA,0,66,-6.62,15.2,-32.0,13.95,0.04,0.07,-0.05,0.14,86.04,166.2,-125.02,342.15
LSZH,LEPA,1,173,-8.44,9.73,-19.3,11.46,-0.05,0.06,-0.13,0.06,-126.34,155.79,-350.82,145.26
LSZH,LEPA,2,35,-37.51,31.7,-93.15,-8.02,-0.08,0.11,-0.24,0.06,-206.87,281.11,-610.56,141.69
LSZH,LEVC,0,78,1.89,18.95,-21.46,31.84,-0.03,0.06,-0.15,0.06,-78.71,163.28,-365.53,142.47
LSZH,LFMN,0,76,-74.26,16.11,-93.62,-49.4,-0.21,0.11,-0.34,-0.08,-487.38,249.6,-812.52,-165.75
LSZH,LFMN,1,30,-73.2,17.86,-92.26,-43.38,-0.26,0.07,-0.35,-0.17,-653.49,173.39,-880.73,-417.5
LSZH,LFPG,0,62,-6.78,11.63,-30.5,11.88,0.03,0.06,-0.09,0.12,62.11,132.97,-197.94,248.24
LSZH,LFPG,1,44,-4.95,9.36,-16.28,9.27,0.04,0.06,-0.04,0.13,80.47,119.32,-82.94,252.08
LSZH,LFPG,2,17,-7.95,6.46,-17.42,0.84,-0.01,0.05,-0.09,0.05,-30.96,115.96,-226.52,106.6
LSZH,LFPG,3,17,0.48,17.01,-13.56,32.0,0.03,0.05,-0.04,0.09,81.86,121.43,-108.3,250.14
LSZH,LFPG,4,48,1.26,17.7,-28.9,31.46,0.02,0.09,-0.14,0.14,37.16,207.16,-296.03,289.36
LSZH,LGAV,0,37,-9.17,14.13,-32.04,8.72,-0.03,0.06,-0.13,0.05,-69.13,148.31,-333.66,147.46
LSZH,LGAV,1,44,-20.09,14.2,-41.08,1.26,-0.03,0.06,-0.12,0.04,-75.69,131.76,-267.39,106.44
LSZH,LGAV,2,49,-25.08,17.68,-47.12,-6.38,-0.06,0.09,-0.18,0.06,-158.41,232.03,-477.46,189.16
LSZH,LGIR,0,46,-12.24,13.26,-34.2,11.08,-0.05,0.09,-0.18,0.1,-115.09,214.18,-444.25,238.75
LSZH,LGIR,1,29,-38.35,18.56,-71.74,-10.62,-0.1,0.1,-0.28,0.01,-254.8,232.9,-696.64,33.2
LSZH,LGIR,2,16,-30.31,5.6,-39.48,-23.32,-0.08,0.09,-0.21,0.04,-206.63,213.97,-534.7,88.0
LSZH,LGIR,3,21,-4.13,8.56,-15.3,14.3,-0.05,0.07,-0.13,0.06,-128.5,177.01,-313.9,153.5
LSZH,LGKO,0,28,6.59,11.65,-8.26,20.7,-0.01,0.08,-0.14,0.13,-36.74,197.1,-338.0,324.06
LSZH,LGKO,1,24,-11.47,11.87,-29.49,3.25,-0.02,0.08,-0.14,0.11,-51.58,205.81,-359.03,280.0
LSZH,LGTS,0,40,2.42,11.39,-15.44,24.53,-0.03,0.07,-0.13,0.1,-57.17,158.87,-268.02,240.05
LSZH,LGTS,1,17,-21.1,18.96,-42.2,9.82,-0.03,0.07,-0.11,0.09,-61.03,142.32,-212.18,191.94
LSZH,LHBP,0,65,-16.88,16.42,-36.34,9.24,-0.02,0.07,-0.12,0.09,-43.94,159.41,-231.02,184.32
LSZH,LIBR,0,20,9.39,28.97,-11.11,27.12,0.03,0.16,-0.11,0.16,73.28,393.96,-279.92,324.57
LSZH,LIBR,1,19,-14.01,15.73,-32.9,7.47,-0.03,0.09,-0.17,0.07,-81.97,210.28,-413.14,135.54
LSZH,LIBR,2,23,8.93,14.3,-14.66,27.09,0.01,0.09,-0.1,0.14,8.57,206.85,-290.47,268.31
LSZH,LICJ,0,68,-12.96,11.55,-22.56,5.96,-0.02,0.08,-0.12,0.07,-49.53,197.25,-304.14,184.39
LSZH,LIMC,0,60,-60.72,18.01,-79.7,-24.4,-0.17,0.08,-0.27,-0.07,-599.51,488.77,-1454.83,-156.44
LSZH,LIMC,1,26,-57.76,23.47,-80.4,-24.32,-0.27,0.11,-0.43,-0.09,-661.45,245.81,-977.45,-229.22
LSZH,LIPZ,0,16,-50.13,14.23,-65.58,-29.65,-0.24,0.05,-0.32,-0.17,-611.51,125.16,-791.7,-415.4
LSZH,LIPZ,1,23,-51.94,13.07,-67.08,-30.06,-0.19,0.09,-0.28,-0.06,-406.07,228.4,-649.92,-104.5
LSZH,LIPZ,2,33,-44.29,12.47,-59.94,-22.42,-0.18,0.07,-0.28,-0.09,-410.56,187.97,-683.28,-172.68
LSZH,LIRF,0,164,-49.14,18.91,-68.51,-23.33,-0.14,0.08,-0.23,-0.02,-335.56,199.82,-603.12,-32.45
LSZH,LIRN,0,81,-45.55,22.31,-86.5,-19.1,-0.11,0.1,-0.25,0.03,-228.61,216.32,-606.6,63.4
LSZH,LIRQ,0,40,-24.29,3.81,-28.8,-20.61,-0.03,0.05,-0.1,0.05,-64.95,131.31,-264.33,134.33
LSZH,LKPR,0,89,-12.63,15.8,-27.38,3.64,-0.09,0.07,-0.2,0.0,-208.27,175.25,-490.56,0.0
LSZH,LLBG,0,17,-9.62,10.5,-22.78,9.14,-0.03,0.05,-0.09,0.02,-72.75,102.74,-204.02,47.6
LSZH,LLBG,1,54,2.41,13.12,-18.22,28.62,-0.03,0.07,-0.13,0.07,-82.82,204.23,-316.01,153.54
LSZH,LLBG,2,15,-23.37,12.07,-36.37,-0.89,-0.05,0.09,-0.16,0.06,-162.07,224.48,-402.54,154.1
LSZH,LMML,0,18,-3.87,16.6,-26.72,13.18,0.02,0.06,-0.08,0.09,36.82,128.11,-153.0,201.1
LSZH,LMML,1,15,4.1,9.29,-9.59,15.7,0.02,0.04,-0.04,0.06,44.46,91.93,-90.8,158.26
LSZH,LMML,2,18,2.31,8.83,-7.89,12.19,0.03,0.07,-0.08,0.12,52.53,134.84,-185.55,218.76
LSZH,LOWW,0,228,4.33,14.86,-7.3,27.78,0.0,0.06,-0.08,0.1,2.09,150.53,-208.3,245.87
LSZH,LPPR,0,122,7.05,15.42,-6.53,28.28,0.04,0.07,-0.05,0.17,90.2,174.32,-129.84,416.7
LSZH,LPPT,0,141,-1.95,18.63,-32.6,27.4,0.07,0.1,-0.08,0.23,165.64,263.01,-208.3,541.7
LSZH,LPPT,1,30,0.55,13.77,-21.95,27.75,0.06,0.09,-0.07,0.2,158.24,228.37,-161.68,487.65
LSZH,LROP,0,14,-55.91,18.37,-70.22,-20.23,-0.08,0.1,-0.17,0.08,-212.0,234.49,-433.34,182.14
LSZH,LROP,1,21,-32.66,17.37,-47.8,0.1,-0.06,0.08,-0.13,0.12,-150.32,209.68,-346.7,303.3
LSZH,LSGG,0,49,-5.9,9.92,-19.28,3.7,0.03,0.06,-0.05,0.11,63.54,131.53,-122.1,224.32
LSZH,LSGG,1,92,4.35,28.08,-2.5,18.82,0.05,0.06,-0.02,0.17,120.35,177.42,-56.82,412.96
LSZH,LTAI,0,26,-23.62,13.56,-47.2,-4.25,0.0,0.08,-0.11,0.15,-0.61,175.34,-281.2,315.0
LSZH,LTAI,1,62,3.4,20.64,-21.9,21.65,0.07,0.16,-0.1,0.27,171.1,355.52,-226.83,556.5
LSZH,LTAI,2,53,4.59,12.34,-10.9,23.48,0.02,0.11,-0.12,0.21,48.18,251.35,-291.64,448.0
LSZH,LTAI,3,23,-15.67,22.54,-52.31,10.99,0.02,0.1,-0.11,0.18,49.14,248.88,-266.47,433.5
LSZH,LTFJ,0,31,-35.62,18.97,-66.1,-12.95,-0.05,0.11,-0.18,0.17,-121.47,287.59,-440.0,412.55
LSZH,LTFJ,1,48,-10.7,18.8,-34.59,21.3,0.03,0.12,-0.13,0.24,60.9,300.85,-333.3,602.25
LSZH,LTFM,0,15,-42.12,25.99,-68.34,5.97,-0.04,0.13,-0.24,0.12,-296.79,649.68,-1428.99,328.64
LSZH,LTFM,1,115,-23.09,16.23,-40.38,7.79,-0.02,0.13,-0.17,0.14,-87.26,593.34,-790.0,528.63
LSZH,LYBE,0,22,-14.7,27.08,-60.36,19.07,-0.03,0.09,-0.21,0.07,-85.5,207.37,-505.14,126.78
LSZH,LYBE,1,72,-13.93,25.79,-61.32,22.01,-0.03,0.15,-0.18,0.14,-71.77,332.82,-420.2,308.26
LSZH,LYBE,2,30,-13.43,27.3,-63.72,19.28,-0.02,0.08,-0.18,0.08,-49.75,181.33,-415.4,165.69
LSZH,LYBE,3,15,-40.79,14.38,-57.09,-14.16,-0.06,0.07,-0.15,0.06,-130.46,160.35,-319.66,116.74
LSZH,OMDB,0,37,26.68,21.69,-0.94,64.8,0.29,0.14,0.09,0.55,2986.29,1591.89,717.6,6206.64
LSZH,OMDB,1,23,18.24,18.2,-5.29,40.34,0.24,0.12,0.04,0.46,2353.81,1405.66,342.54,5364.0
LSZH,OMDB,2,30,25.46,25.26,-8.45,71.26,0.06,0.08,-0.08,0.19,379.01,524.8,-508.36,1204.9
LSZH,OTHH,0,20,28.8,15.74,6.37,56.32,0.12,0.07,0.04,0.24,682.79,390.49,241.75,1398.89
LSZH,OTHH,1,15,5.52,22.57,-27.91,37.54,0.09,0.1,-0.07,0.22,506.53,574.13,-378.14,1279.73
LSZH,OTHH,2,25,25.54,16.72,0.62,48.3,0.11,0.08,-0.03,0.21,676.9,456.38,-175.18,1231.22
LSZH,VTBS,0,24,-4.15,14.69,-32.25,11.48,-0.09,0.06,-0.19,-0.01,-675.54,469.5,-1479.8,-76.37
LSZH,VTBS,1,36,1.33,6.33,-6.32,12.65,-0.06,0.06,-0.15,0.06,-472.94,475.59,-1138.55,475.58
LSZH,WSSS,0,32,0.79,9.8,-9.49,5.65,0.01,0.07,-0.1,0.13,114.5,557.75,-780.0,992.46
LSZH,WSSS,1,25,-7.53,9.68,-29.7,2.78,0.01,0.05,-0.06,0.08,107.72,365.34,-491.42,600.14
LTAC,EDDL,0,18,-9.71,7.53,-21.38,2.09,0.05,0.06,-0.03,0.15,103.42,130.81,-72.5,345.28
LTAC,EDDL,1,16,-20.51,10.56,-35.55,-7.8,0.03,0.08,-0.07,0.14,65.21,182.33,-169.45,325.2
LTAC,EDDL,2,23,-5.3,15.51,-19.42,14.28,0.04,0.06,-0.03,0.11,101.7,136.61,-72.17,260.11
LTAC,LTAF,0,85,4.22,5.03,-2.66,12.74,0.05,0.05,0.0,0.12,116.98,117.83,0.0,280.0
LTAC,LTAI,0,256,9.31,18.89,-18.05,44.8,0.08,0.08,-0.03,0.2,190.98,185.7,-76.6,490.0
LTAC,LTAJ,0,84,0.28,4.15,-3.27,4.35,0.09,0.06,0.03,0.17,221.78,138.54,60.0,400.0
LTAC,LTBJ,0,214,-1.65,14.79,-23.78,18.87,0.03,0.06,-0.05,0.13,66.84,140.09,-115.0,319.61
LTAC,LTBS,0,107,20.42,21.01,-18.1,51.31,0.14,0.07,0.05,0.27,324.53,173.5,120.0,598.5
LTAC,LTCA,0,56,13.37,21.74,-9.95,43.32,0.12,0.09,0.01,0.33,294.84,210.03,30.0,718.5
LTAC,LTCB,0,60,29.06,23.71,0.0,54.59,0.16,0.09,0.03,0.25,368.93,206.07,69.7,603.8
LTAC,LTCC,0,90,1.83,6.12,0.0,10.5,0.11,0.09,0.02,0.29,269.17,203.5,40.0,686.6
LTAC,LTCE,0,73,2.22,20.77,-34.42,44.84,0.04,0.07,-0.07,0.17,88.96,159.67,-136.88,400.0
LTAC,LTCG,0,99,4.39,20.23,-4.41,24.3,0.09,0.06,0.01,0.17,224.6,133.32,20.5,407.7
LTAC,LTCI,0,90,7.49,8.98,-1.4,22.84,0.11,0.04,0.07,0.2,268.56,105.56,160.0,484.0
LTAC,LTFE,0,123,-20.88,20.3,-53.0,7.38,0.05,0.07,-0.05,0.13,106.69,165.17,-120.0,306.69
LTAC,LTFJ,0,326,-23.61,20.95,-55.28,2.75,-0.03,0.13,-0.18,0.2,-75.87,319.83,-421.7,499.58
LTAC,LTFM,0,426,-15.97,18.34,-32.08,12.35,-0.01,0.09,-0.1,0.15,-28.23,249.48,-280.0,366.68
LTAC,LTFO,0,60,2.25,15.68,-11.48,31.85,0.07,0.06,-0.0,0.17,171.05,138.86,-2.0,402.0
LTAC,OIIE,0,47,32.07,16.19,0.1,55.83,0.1,0.06,-0.01,0.18,229.59,145.53,-13.44,443.61
LTAC,OJAI,0,60,4.08,24.2,-23.34,27.74,0.04,0.07,-0.05,0.15,101.09,166.94,-116.25,345.0
LTAC,UBBB,0,56,-24.38,45.17,-91.02,49.9,-0.02,0.09,-0.14,0.12,-48.65,215.86,-354.15,271.3
LTAF,LTAC,0,88,9.12,17.34,0.0,45.73,0.0,0.05,-0.05,0.1,10.26,120.05,-120.0,240.0
LTAF,LTAI,0,110,15.17,22.03,0.0,32.8,-0.05,0.07,-0.15,0.06,-107.59,179.14,-353.25,157.75
LTAF,LTBJ,0,34,-11.31,15.29,-39.2,14.58,-0.17,0.07,-0.29,-0.09,-380.89,149.7,-645.75,-219.5
LTAF,LTBJ,1,49,-4.85,8.2,-15.16,8.84,-0.04,0.05,-0.11,0.03,-85.63,112.3,-264.0,58.0
LTAF,LTFJ,0,292,-18.92,22.23,-50.72,14.93,-0.0,0.15,-0.15,0.23,-8.85,358.44,-375.0,566.75
LTAF,LTFM,0,346,-37.21,24.17,-56.7,4.6,-0.04,0.1,-0.15,0.11,-100.69,258.79,-373.3,272.5
LTAI,BKPR,0,51,23.51,20.39,-4.2,55.3,0.08,0.1,-0.08,0.27,190.32,248.73,-180.0,640.0
LTAI,EBBR,0,41,18.23,19.47,-2.3,63.8,0.03,0.1,-0.15,0.17,66.78,252.08,-375.0,416.6
LTAI,EBBR,1,28,11.69,22.88,-11.24,36.98,-0.02,0.13,-0.23,0.12,-42.71,325.71,-580.02,277.48
LTAI,EDDB,0,60,25.24,16.84,5.04,61.62,0.05,0.07,-0.04,0.15,107.34,152.71,-93.52,352.17
LTAI,EDDB,1,62,14.15,21.49,-15.29,52.59,0.04,0.07,-0.07,0.17,109.59,171.11,-165.16,404.06
LTAI,EDDB,2,76,10.78,23.04,-33.42,49.9,0.03,0.07,-0.07,0.17,65.66,178.63,-176.58,398.42
LTAI,EDDB,3,15,0.7,30.44,-35.59,40.63,0.03,0.06,-0.06,0.11,75.65,127.98,-136.02,256.75
LTAI,EDDB,4,20,19.55,18.49,-1.98,47.32,0.08,0.1,-0.06,0.29,194.82,257.78,-145.96,734.1
LTAI,EDDF,0,63,-19.39,29.24,-65.83,33.67,-0.15,0.11,-0.3,0.02,-374.91,268.43,-754.67,44.76
LTAI,EDDF,1,52,-32.78,25.8,-79.61,4.13,-0.15,0.1,-0.29,-0.02,-369.83,247.9,-720.72,-47.81
LTAI,EDDF,2,61,-7.12,21.33,-39.3,20.7,-0.12,0.1,-0.29,0.05,-294.07,241.25,-705.3,100.9
LTAI,EDDF,3,22,-12.62,25.29,-44.6,24.98,-0.11,0.09,-0.27,0.03,-257.26,209.63,-574.26,61.47
LTAI,EDDF,4,18,-16.5,23.4,-39.74,25.43,-0.14,0.1,-0.25,0.01,-342.34,226.79,-603.4,28.1
LTAI,EDDG,0,33,-3.18,16.83,-32.1,20.84,0.04,0.07,-0.08,0.13,94.34,164.06,-198.0,310.9
LTAI,EDDG,1,22,25.4,21.47,3.79,51.34,0.07,0.09,-0.04,0.2,169.42,221.85,-94.08,422.45
LTAI,EDDG,2,32,9.54,20.17,-15.94,45.88,0.1,0.07,-0.02,0.19,234.87,158.89,-44.6,474.11
LTAI,EDDH,0,73,-28.63,21.9,-53.54,5.3,-0.09,0.1,-0.24,0.06,-217.9,235.02,-600.8,142.56
LTAI,EDDH,1,17,-18.76,17.29,-47.0,6.5,-0.02,0.1,-0.16,0.11,-55.61,220.28,-376.3,253.28
LTAI,EDDH,2,82,-34.11,22.02,-64.18,0.52,-0.1,0.09,-0.29,0.0,-242.36,224.91,-693.0,0.5
LTAI,EDDK,0,42,19.87,52.42,-19.48,49.63,0.09,0.22,-0.09,0.19,195.36,477.54,-235.34,455.55
LTAI,EDDK,1,31,11.8,28.56,-49.15,52.35,0.06,0.13,-0.14,0.24,138.62,324.35,-371.8,650.65
LTAI,EDDK,2,35,17.17,21.54,-19.78,61.03,0.08,0.13,-0.1,0.25,190.9,304.14,-246.63,616.17
LTAI,EDDK,3,78,34.05,25.18,1.87,74.61,0.13,0.13,-0.06,0.46,311.87,300.25,-153.9,981.75
LTAI,EDDK,4,22,3.13,13.95,-15.93,13.96,-0.0,0.07,-0.14,0.1,-3.69,180.07,-361.4,248.46
LTAI,EDDK,5,62,15.62,11.81,-0.12,32.67,0.08,0.07,-0.03,0.18,194.81,160.83,-80.12,441.3
LTAI,EDDK,6,19,16.39,7.94,4.63,27.13,0.03,0.09,-0.09,0.17,75.56,220.47,-214.04,439.98
LTAI,EDDL,0,87,2.1,27.41,-21.86,40.51,0.01,0.11,-0.15,0.14,14.21,264.85,-423.01,343.96
LTAI,EDDL,1,130,-5.82,23.93,-40.98,38.07,-0.02,0.09,-0.17,0.11,-54.69,241.39,-479.08,295.07
LTAI,EDDL,2,33,-6.55,20.4,-33.38,33.34,-0.03,0.09,-0.15,0.13,-130.09,381.27,-812.34,385.64
LTAI,EDDL,3,65,5.76,20.46,-22.04,48.12,0.05,0.09,-0.07,0.2,120.32,210.84,-159.0,478.9
LTAI,EDDL,4,50,5.35,19.76,-16.82,44.88,0.05,0.09,-0.09,0.23,108.94,208.12,-222.73,533.29
LTAI,EDDL,5,27,-0.41,18.38,-31.57,22.36,0.04,0.07,-0.07,0.16,93.54,186.82,-179.44,394.38
LTAI,EDDM,0,160,15.75,18.77,-7.52,55.72,0.01,0.08,-0.14,0.13,29.15,198.77,-334.29,306.11
LTAI,EDDM,1,24,10.24,10.88,-6.78,22.8,-0.02,0.07,-0.16,0.06,-42.04,168.61,-391.84,153.04
LTAI,EDDM,2,15,12.51,22.51,-21.38,47.65,0.0,0.08,-0.1,0.1,2.03,190.49,-266.4,228.49
LTAI,EDDN,0,33,9.99,36.15,-48.6,57.14,0.02,0.11,-0.22,0.15,46.06,266.03,-535.22,366.92
LTAI,EDDN,1,22,4.12,22.15,-24.65,39.21,0.02,0.04,-0.06,0.07,36.11,101.87,-126.93,174.72
LTAI,EDDN,2,26,-26.47,38.29,-78.85,31.42,-0.12,0.16,-0.31,0.13,-276.68,379.9,-745.7,301.98
LTAI,EDDN,3,69,4.85,40.29,-79.62,47.58,-0.0,0.16,-0.33,0.15,1.33,346.36,-743.34,327.06
LTAI,EDDN,4,21,-64.06,31.41,-103.6,-19.1,-0.13,0.1,-0.3,0.04,-365.79,411.22,-738.2,105.8
LTAI,EDDP,0,123,-46.98,27.67,-77.26,0.58,-0.12,0.09,-0.24,0.03,-293.73,213.58,-536.14,63.38
LTAI,EDDP,1,18,-50.72,46.98,-94.96,6.88,-0.12,0.13,-0.28,0.06,-282.27,325.87,-694.46,142.79
LTAI,EDDS,0,186,17.65,20.17,-14.05,52.88,0.06,0.07,-0.05,0.18,153.81,166.39,-116.88,404.12
LTAI,EDDS,1,40,10.66,13.84,-6.82,34.37,0.05,0.11,-0.17,0.19,116.57,264.74,-411.7,457.86
LTAI,EDDV,0,95,12.35,28.28,-8.82,38.23,0.04,0.11,-0.14,0.16,80.9,247.78,-355.78,375.52
LTAI,EDDV,1,70,8.09,20.18,-10.46,37.87,-0.03,0.08,-0.16,0.11,-62.49,203.42,-401.02,253.01
LTAI,EDDV,2,37,0.93,19.89,-23.82,27.74,0.02,0.09,-0.15,0.13,44.16,214.99,-382.7,303.32
LTAI,EDDV,3,39,28.39,39.87,-9.76,64.67,0.09,0.13,-0.08,0.21,209.32,299.72,-210.99,490.42
LTAI,EDDW,0,24,-8.81,7.61,-19.75,0.94,0.02,0.09,-0.22,0.12,53.64,214.35,-476.05,288.7
LTAI,EDDW,1,32,3.87,18.25,-16.76,24.8,0.03,0.1,-0.12,0.17,69.59,230.93,-298.48,376.14
LTAI,EDLP,0,25,-14.42,16.77,-48.4,1.26,-0.03,0.07,-0.16,0.05,-77.25,166.15,-392.84,130.88
LTAI,EDLP,1,35,-17.37,11.19,-29.58,-2.81,-0.03,0.06,-0.09,0.04,-59.25,133.76,-216.28,94.75
LTAI,EDLP,2,20,0.08,27.31,-59.47,27.79,-0.03,0.06,-0.12,0.06,-69.55,155.97,-293.15,157.23
LTAI,EDLP,3,16,-13.08,7.21,-20.82,0.1,-0.01,0.05,-0.09,0.05,-28.09,135.73,-225.85,140.6
LTAI,EETN,0,27,0.42,15.75,-21.84,29.86,-0.06,0.1,-0.18,0.13,-139.64,238.31,-445.82,314.1
LTAI,EETN,1,6,-33.78,3.36,-38.35,-30.25,-0.03,0.04,-0.07,0.02,-66.17,86.45,-170.78,41.35
LTAI,EGBB,0,33,-0.17,25.1,-30.22,38.84,-0.05,0.12,-0.21,0.14,-135.18,325.25,-660.32,317.22
LTAI,EGBB,1,65,-10.08,24.67,-56.1,20.56,-0.07,0.11,-0.23,0.1,-207.5,350.66,-707.08,235.46
LTAI,EGCC,0,29,22.56,25.43,-20.88,57.32,0.05,0.1,-0.13,0.18,85.94,299.57,-375.96,404.68
LTAI,EGCC,1,37,6.1,30.9,-32.0,49.92,0.0,0.11,-0.16,0.18,-23.78,354.86,-456.08,458.54
LTAI,EGCC,2,24,-7.78,20.35,-29.41,28.96,-0.0,0.08,-0.11,0.14,-36.36,284.67,-262.08,322.64
LTAI,EGCC,3,23,9.99,18.04,-18.19,34.8,-0.06,0.09,-0.18,0.06,-210.13,322.75,-733.89,149.56
LTAI,EGCC,4,56,0.82,16.25,-32.85,16.38,-0.06,0.09,-0.18,0.09,-212.36,345.18,-887.62,224.08
LTAI,EGCC,5,33,23.43,18.79,-0.32,48.54,0.05,0.1,-0.11,0.24,93.59,295.18,-241.84,568.38
LTAI,EGCC,6,42,25.45,32.47,1.24,62.47,0.06,0.14,-0.13,0.2,102.18,385.75,-519.85,558.22
LTAI,EGGD,0,27,17.06,19.79,-4.03,47.07,-0.02,0.12,-0.21,0.12,-57.29,270.53,-506.99,273.88
LTAI,EGGD,1,19,14.26,24.39,-9.07,49.55,0.02,0.09,-0.08,0.14,51.58,195.52,-204.0,340.5
LTAI,EGGD,2,27,19.14,23.35,-13.23,52.49,0.01,0.12,-0.2,0.15,33.3,285.13,-475.4,375.0
LTAI,EGKK,0,187,17.67,28.24,-30.28,64.03,0.1,0.15,-0.15,0.36,238.57,375.85,-368.76,853.04
LTAI,EGKK,1,31,21.7,24.87,-13.95,65.45,0.1,0.15,-0.06,0.34,282.43,421.18,-148.9,1100.15
LTAI,EGKK,2,25,22.91,20.59,-5.36,60.38,0.16,0.16,-0.07,0.41,430.65,469.02,-168.08,1374.54
LTAI,EGNT,0,34,18.48,40.72,-34.23,87.23,0.0,0.15,-0.22,0.21,10.16,343.36,-536.55,504.71
LTAI,EGNT,1,24,-16.31,17.55,-32.91,2.87,-0.04,0.1,-0.18,0.14,-107.29,249.39,-428.0,340.0
LTAI,EGSS,0,63,8.2,25.52,-15.64,31.48,0.02,0.14,-0.15,0.17,55.33,333.32,-360.4,384.14
LTAI,EGSS,1,21,6.41,11.69,-7.2,29.8,-0.03,0.11,-0.18,0.13,-79.21,266.02,-423.3,307.9
LTAI,EGSS,2,38,15.79,19.94,-5.52,50.42,0.07,0.12,-0.09,0.25,167.29,280.6,-208.1,576.54
LTAI,EHAM,0,34,3.22,33.04,-48.53,34.36,0.02,0.12,-0.14,0.18,30.24,535.69,-631.98,587.98
LTAI,EHAM,1,19,14.35,33.58,-51.14,57.25,0.05,0.12,-0.17,0.22,52.95,433.0,-894.75,529.95
LTAI,EKCH,0,55,-11.51,17.3,-38.0,16.44,-0.06,0.06,-0.15,0.03,-127.56,141.64,-341.61,70.18
LTAI,ESSA,0,50,11.99,24.88,-22.14,62.98,0.04,0.12,-0.09,0.22,106.54,289.13,-193.33,508.93
LTAI,LFSB,0,63,-2.87,19.56,-26.47,30.41,0.06,0.07,-0.08,0.17,127.28,161.68,-187.33,380.44
LTAI,LFSB,1,22,-30.61,40.41,-100.56,9.78,-0.01,0.12,-0.24,0.17,-29.48,287.0,-591.66,359.37
LTAI,LFSB,2,20,-15.97,12.87,-34.08,1.55,0.02,0.08,-0.08,0.15,50.46,188.34,-167.23,377.74
LTAI,LKPR,0,32,-10.77,18.88,-38.4,20.64,-0.08,0.09,-0.23,0.03,-197.31,213.51,-542.8,74.5
LTAI,LKPR,1,52,-1.13,19.16,-21.64,29.38,-0.09,0.11,-0.23,0.03,-215.44,262.68,-593.88,74.5
LTAI,LLBG,0,184,-6.52,13.01,-25.94,17.57,0.04,0.13,-0.07,0.14,83.95,300.87,-160.0,332.1
LTAI,LOWW,0,32,24.22,26.69,-28.92,66.91,0.08,0.11,-0.12,0.17,187.42,259.83,-280.0,390.82
LTAI,LOWW,1,46,25.93,26.07,-11.62,72.18,0.04,0.07,-0.07,0.15,108.98,178.12,-165.02,360.0
LTAI,LOWW,2,86,27.27,24.82,-9.52,72.25,0.07,0.07,-0.06,0.15,153.15,157.88,-150.0,371.25
LTAI,LSZH,0,33,22.81,20.28,-6.64,54.02,-0.0,0.12,-0.22,0.15,-11.68,298.33,-568.78,310.08
LTAI,LSZH,1,89,22.16,20.34,-0.34,56.4,0.05,0.1,-0.11,0.18,104.68,235.92,-286.24,433.0
LTAI,LSZH,2,19,-7.87,31.07,-59.97,43.46,-0.06,0.13,-0.25,0.14,-157.34,317.52,-625.32,352.95
LTAI,LSZH,3,21,20.98,11.18,7.4,34.2,0.05,0.1,-0.14,0.13,121.23,244.25,-291.1,290.0
LTAI,LTAC,0,254,9.42,22.06,-6.4,60.74,0.09,0.08,-0.02,0.22,214.89,179.45,-38.3,525.84
LTAI,LTAF,0,109,-6.84,4.4,-9.4,0.4,-0.06,0.04,-0.12,0.03,-139.83,106.78,-275.32,77.14
LTAI,LTAU,0,50,-4.31,15.6,-20.3,25.7,-0.0,0.06,-0.09,0.09,-0.33,130.07,-180.28,212.71
LTAI,LTBJ,0,89,3.38,24.47,-31.5,44.98,-0.04,0.09,-0.2,0.09,-84.69,203.41,-469.06,206.0
LTAI,LTFJ,0,572,-11.76,44.95,-38.6,31.65,0.01,0.15,-0.13,0.26,34.26,367.31,-333.3,605.98
LTAI,LTFM,0,484,-4.78,56.6,-35.34,48.48,0.04,0.16,-0.07,0.23,130.81,440.51,-207.05,757.99
LTAI,LUKK,0,21,-18.94,18.12,-55.5,0.3,0.01,0.08,-0.07,0.15,21.06,190.03,-153.3,345.0
LTAI,LUKK,1,61,-29.71,25.04,-80.7,2.3,-0.06,0.08,-0.18,0.07,-141.15,191.54,-458.3,186.6
LTAI,OLBA,0,60,-5.1,9.1,-14.31,16.78,0.05,0.04,-0.02,0.14,106.65,102.63,-37.16,332.16
LTAI,OLBA,1,25,-23.25,8.29,-32.86,-9.54,-0.0,0.16,-0.08,0.03,-11.49,394.91,-203.02,77.74
LTAI,UAAA,0,1,-155.8,,-155.8,-155.8,-0.27,,-0.27,-0.27,-676.4,,-676.4,-676.4
LTAI,UAAA,1,24,-25.3,17.07,-48.03,6.8,-0.05,0.09,-0.13,0.07,-116.65,211.91,-330.65,182.49
LTAI,UAAA,2,20,-63.95,30.51,-93.81,-11.58,-0.02,0.05,-0.1,0.03,-113.82,226.55,-575.57,72.92
LTAI,UACC,0,12,-14.36,10.15,-24.52,-0.14,0.05,0.03,0.02,0.09,115.25,69.7,41.66,212.42
LTAI,UACC,1,25,-12.07,19.6,-36.84,12.94,0.1,0.09,-0.01,0.28,266.34,263.36,-66.64,765.66
LTAI,ULLI,0,13,7.1,29.0,-10.56,52.66,-0.02,0.15,-0.15,0.2,71.22,961.28,-667.22,1413.58
LTAI,ULLI,1,118,13.42,18.06,-8.91,46.62,0.01,0.08,-0.11,0.15,72.19,409.96,-399.76,776.18
LTAI,ULLI,2,60,-70.39,30.4,-112.2,-12.27,-0.22,0.11,-0.41,-0.06,-537.21,263.28,-977.14,-139.34
LTAI,UNNT,0,58,-22.43,11.72,-40.71,-3.44,-0.04,0.06,-0.15,0.05,-186.64,274.11,-563.7,162.22
LTAI,URMM,0,67,35.27,81.9,-23.96,224.04,0.08,0.25,-0.08,0.21,181.38,588.48,-191.7,475.32
LTAI,URSS,0,66,-18.58,21.77,-43.48,4.45,-0.06,0.05,-0.13,0.02,-146.69,111.87,-298.53,51.8
LTAI,USSS,0,46,-30.03,16.69,-46.68,2.45,0.01,0.1,-0.1,0.1,135.08,598.85,-362.05,666.88
LTAI,USSS,1,29,-35.25,11.74,-51.0,-17.44,-0.14,0.06,-0.24,-0.06,-347.8,142.61,-584.9,-151.3
LTAI,USSS,2,17,-20.15,12.82,-43.04,-3.54,-0.02,0.05,-0.09,0.06,-34.5,98.44,-198.04,116.2
LTAI,USSS,3,15,-18.37,17.52,-41.35,1.91,-0.1,0.08,-0.2,0.01,-413.3,382.96,-1109.37,18.77
LTAI,USSS,4,23,-12.63,11.29,-30.41,1.67,-0.03,0.07,-0.17,0.05,-134.44,301.2,-529.39,111.08
LTAI,UUDD,0,32,0.04,6.19,-12.2,7.44,-0.02,0.05,-0.07,0.05,-55.12,147.99,-244.58,121.31
LTAI,UUDD,1,35,8.47,16.09,-6.28,36.22,-0.07,0.06,-0.15,0.02,-150.88,139.2,-310.44,46.72
LTAI,UUDD,2,73,-65.72,61.15,-115.86,0.0,-0.13,0.09,-0.27,0.01,-311.0,219.88,-630.0,29.22
LTAI,UUEE,0,96,-71.49,36.19,-115.18,-9.28,-0.11,0.22,-0.38,0.22,-700.47,1433.4,-2376.62,1300.0
LTAI,UUEE,1,53,29.91,50.37,-14.24,68.56,0.13,0.19,-0.04,0.27,813.23,1317.48,-220.0,1850.0
LTAI,UUEE,2,31,2.65,12.08,-2.65,16.1,0.03,0.13,-0.1,0.18,54.94,285.19,-240.0,385.0
LTAI,UUEE,3,56,-73.94,30.93,-114.72,-9.25,0.01,0.14,-0.2,0.24,94.46,1000.91,-1291.68,1852.5
LTAI,UUWW,0,66,-17.77,10.99,-32.8,0.27,-0.05,0.05,-0.14,0.02,-158.23,215.85,-575.78,48.78
LTAI,UUWW,1,188,4.43,12.47,-7.23,31.08,-0.04,0.05,-0.11,0.05,-197.77,272.97,-615.3,228.93
LTAI,UWKD,0,44,-64.76,19.26,-89.04,-36.92,-0.15,0.1,-0.3,0.04,-345.59,257.58,-711.7,87.97
LTAI,UWKD,1,18,-25.79,18.83,-52.4,-2.81,0.02,0.06,-0.05,0.11,36.63,131.15,-124.1,242.22
LTAI,UWKD,2,79,-10.51,25.45,-35.83,35.72,0.01,0.07,-0.08,0.14,33.78,173.1,-201.0,334.7
LTAI,UWUU,0,37,-26.97,14.9,-45.72,-12.14,-0.04,0.11,-0.21,0.14,-200.2,448.1,-1260.0,294.0
LTAI,UWUU,1,39,-35.88,16.73,-57.2,-5.76,-0.11,0.08,-0.24,0.04,-266.19,202.06,-564.0,84.0
LTAI,UWUU,2,24,-27.86,11.29,-44.95,-13.41,-0.03,0.08,-0.12,0.09,-96.74,201.27,-326.7,199.5
LTAI,UWWW,0,30,-81.99,24.53,-110.26,-44.94,-0.23,0.07,-0.33,-0.14,-548.02,167.15,-800.0,-338.0
LTAI,UWWW,1,27,-36.9,11.83,-51.4,-23.45,-0.05,0.07,-0.14,0.05,-179.63,319.25,-616.0,97.5
LTAI,UWWW,2,16,-27.32,15.97,-44.2,-4.12,-0.02,0.07,-0.15,0.07,-49.75,178.05,-431.68,151.25
LTAJ,LTAC,0,83,6.92,12.36,0.0,27.58,0.1,0.07,0.03,0.2,239.72,167.93,80.0,472.33
LTAJ,LTBJ,0,45,-13.89,11.43,-34.5,1.12,-0.06,0.07,-0.23,0.03,-129.88,162.87,-483.0,72.0
LTAJ,LTBJ,1,17,-23.38,16.14,-43.02,-0.44,-0.2,0.08,-0.38,-0.11,-425.89,172.74,-791.0,-231.0
LTAJ,LTFJ,0,169,-19.63,26.12,-52.2,8.84,-0.03,0.12,-0.17,0.17,-64.82,286.77,-416.7,395.84
LTAJ,LTFM,0,267,-37.74,34.38,-57.5,8.18,-0.06,0.15,-0.17,0.11,-156.1,357.54,-416.7,265.22
LTAN,LTFJ,0,94,-24.96,24.34,-43.2,5.09,-0.05,0.17,-0.23,0.18,-114.91,407.61,-548.1,432.75
LTAN,LTFM,0,119,-14.82,17.66,-45.5,12.87,0.01,0.13,-0.15,0.21,29.39,331.21,-373.3,503.5
LTAR,LTFJ,0,56,-22.8,23.27,-54.28,18.05,-0.02,0.13,-0.15,0.22,-39.94,304.2,-336.58,531.02
LTAR,LTFM,0,75,-44.73,19.62,-60.81,-5.67,-0.06,0.1,-0.16,0.13,-161.23,249.59,-409.87,368.83
LTAT,LTFJ,0,60,-14.78,36.78,-48.72,10.76,0.0,0.19,-0.13,0.28,12.55,474.1,-315.64,648.14
LTAT,LTFM,0,79,-39.54,14.74,-52.21,-12.37,-0.07,0.06,-0.15,0.04,-183.3,150.46,-394.75,86.5
LTAU,LTAI,0,50,-9.53,17.53,-36.66,19.37,0.07,0.1,-0.06,0.23,163.95,236.22,-142.25,524.54
LTAU,LTFJ,0,209,-21.04,22.74,-52.4,12.8,-0.02,0.12,-0.17,0.21,-47.92,288.18,-410.72,488.64
LTAU,LTFM,0,60,-39.11,23.84,-57.43,0.09,-0.06,0.1,-0.15,0.04,-148.26,252.63,-369.52,124.61
LTAU,LTFM,1,205,-42.22,17.8,-57.58,0.0,-0.06,0.08,-0.16,0.1,-150.93,203.28,-386.78,254.34
LTAY,LTFM,0,79,-26.1,14.15,-51.05,-3.87,-0.03,0.05,-0.1,0.05,-66.82,133.07,-281.17,140.0
LTAZ,LTFM,0,97,-37.02,22.13,-57.2,4.76,-0.04,0.15,-0.17,0.26,-107.79,423.36,-464.9,632.94
LTAZ,LTFM,1,28,-41.99,16.83,-57.06,-5.95,-0.04,0.14,-0.15,0.21,-102.38,399.77,-419.24,580.13
LTBJ,EDDB,0,37,-1.2,7.96,-13.34,12.42,0.01,0.08,-0.09,0.1,26.38,191.28,-215.7,245.46
LTBJ,EDDB,1,15,2.79,12.56,-13.43,23.27,0.01,0.08,-0.09,0.15,19.48,197.13,-202.96,335.63
LTBJ,EDDB,2,23,1.39,9.31,-10.84,17.03,-0.01,0.05,-0.12,0.05,-23.02,127.74,-295.03,121.76
LTBJ,EDDF,0,24,-32.86,21.77,-66.56,-5.14,-0.17,0.07,-0.27,-0.07,-406.39,178.84,-642.64,-167.71
LTBJ,EDDF,1,24,-25.72,18.03,-50.35,7.71,-0.16,0.09,-0.25,-0.02,-385.67,216.29,-608.3,-38.21
LTBJ,EDDF,2,23,-25.66,19.37,-51.68,1.83,-0.13,0.12,-0.27,-0.01,-297.17,255.28,-570.74,-28.96
LTBJ,EDDF,3,16,-34.52,16.72,-53.68,0.2,-0.18,0.08,-0.28,-0.06,-378.99,157.53,-584.05,-117.82
LTBJ,EDDF,4,16,-33.21,15.68,-53.2,-4.8,-0.21,0.08,-0.34,-0.1,-451.04,166.88,-723.65,-228.82
LTBJ,EDDK,0,22,-0.59,13.73,-17.82,19.99,0.02,0.08,-0.08,0.16,42.84,174.58,-165.74,341.57
LTBJ,EDDK,1,27,-8.3,17.08,-32.84,3.81,-0.02,0.07,-0.11,0.08,-39.74,147.49,-238.52,165.56
LTBJ,EDDK,2,30,1.4,18.45,-27.7,30.34,0.06,0.18,-0.11,0.33,131.3,422.95,-261.03,767.06
LTBJ,EDDL,0,31,-14.47,12.57,-30.2,8.0,0.01,0.08,-0.06,0.16,16.33,180.06,-142.8,330.45
LTBJ,EDDL,1,28,-15.58,12.63,-40.25,0.87,-0.02,0.06,-0.1,0.07,-57.65,136.85,-243.03,163.2
LTBJ,EDDL,2,40,-14.77,13.68,-35.62,6.35,-0.0,0.07,-0.08,0.13,-6.87,152.78,-191.8,275.18
LTBJ,EDDL,3,17,-9.34,9.77,-23.94,6.56,-0.01,0.04,-0.06,0.04,-27.25,87.37,-155.58,104.14
LTBJ,EDDM,0,22,7.55,13.96,-13.08,27.91,-0.02,0.07,-0.16,0.06,-40.01,161.77,-357.24,136.6
LTBJ,EDDM,1,51,5.8,11.3,-9.65,23.9,-0.03,0.06,-0.12,0.07,-69.06,151.52,-289.55,152.75
LTBJ,EDDS,0,70,3.33,12.64,-13.64,23.26,0.03,0.07,-0.08,0.15,64.26,175.32,-195.6,333.98
LTBJ,EDDS,1,12,2.38,8.4,-9.32,12.04,0.02,0.06,-0.05,0.1,57.95,139.02,-112.18,250.21
LTBJ,LTAC,0,213,8.68,30.54,-1.7,47.2,0.16,0.11,0.06,0.25,367.22,271.22,139.98,585.0
LTBJ,LTAF,0,84,-0.8,15.52,-22.42,20.19,-0.01,0.07,-0.12,0.08,-17.51,147.69,-245.0,198.08
LTBJ,LTAI,0,88,2.26,20.82,-32.26,34.32,0.03,0.09,-0.08,0.16,65.59,217.29,-200.0,386.0
LTBJ,LTAJ,0,39,6.24,5.9,-4.96,14.9,0.07,0.05,-0.0,0.12,147.06,123.34,-8.0,259.0
LTBJ,LTAJ,1,21,-18.28,15.36,-39.5,0.0,0.04,0.13,-0.22,0.28,90.8,277.2,-455.0,579.2
LTBJ,LTCC,0,21,4.32,8.21,-10.1,13.7,0.03,0.07,-0.07,0.13,60.87,158.48,-160.0,320.0
LTBJ,LTCC,1,41,-3.54,8.15,-13.1,8.5,0.09,0.08,-0.03,0.22,208.93,180.52,-80.0,520.0
LTBJ,LTFJ,0,417,-12.47,22.96,-42.52,23.46,-0.01,0.13,-0.15,0.25,-11.85,304.2,-345.0,605.0
LTBJ,LTFM,0,498,-21.48,17.33,-43.7,2.61,-0.04,0.09,-0.15,0.08,-136.15,329.61,-540.2,251.92
LTBJ,UBBB,0,37,-10.32,32.78,-55.32,38.64,0.02,0.11,-0.11,0.17,51.3,245.73,-246.34,383.64
LTBJ,UBBB,1,15,-39.68,12.02,-56.69,-24.97,-0.1,0.05,-0.17,-0.02,-232.23,125.34,-393.39,-53.69
LTBS,EGBB,0,25,-9.97,17.17,-43.26,10.76,-0.06,0.1,-0.19,0.09,-144.48,320.43,-456.7,307.0
LTBS,EGBB,1,53,-16.88,14.23,-37.98,5.84,-0.07,0.1,-0.23,0.11,-205.27,312.73,-660.16,255.1
LTBS,EGCC,0,6,4.4,12.91,-10.7,17.77,0.04,0.08,-0.07,0.12,119.77,224.96,-163.35,377.92
LTBS,EGCC,1,70,4.08,10.44,-15.81,20.34,0.01,0.09,-0.1,0.12,49.8,236.88,-252.5,336.05
LTBS,EGCC,2,63,4.76,13.8,-20.01,21.91,0.02,0.09,-0.11,0.12,102.88,365.4,-350.33,609.39
LTBS,EGCC,3,19,10.74,18.67,-30.33,34.36,-0.03,0.09,-0.15,0.07,-93.09,254.52,-422.04,170.23
LTBS,EGCC,4,64,6.51,21.44,-15.32,24.27,0.04,0.11,-0.13,0.18,105.15,287.4,-295.88,485.25
LTBS,EGGD,0,28,-0.62,17.15,-21.68,28.42,-0.06,0.07,-0.18,0.06,-146.84,164.55,-433.93,143.46
LTBS,EGGD,1,24,-1.01,16.66,-27.71,22.26,-0.02,0.08,-0.12,0.11,-38.72,183.96,-298.22,263.17
LTBS,EGGD,2,18,10.65,17.84,-3.52,33.33,0.0,0.09,-0.11,0.14,6.56,223.38,-252.61,354.38
LTBS,EGKK,0,173,8.01,17.83,-14.86,32.96,0.11,0.15,-0.09,0.34,278.05,385.21,-223.4,882.72
LTBS,EGKK,1,33,4.83,15.61,-18.34,31.46,0.06,0.18,-0.11,0.39,145.87,427.05,-284.6,947.9
LTBS,EGSS,0,25,5.39,14.01,-15.28,25.18,0.02,0.11,-0.13,0.16,55.54,281.75,-309.34,387.98
LTBS,EGSS,1,20,-1.76,8.54,-10.99,9.3,-0.02,0.07,-0.12,0.09,-35.46,165.72,-295.5,258.24
LTBS,EGSS,2,17,-4.25,8.52,-13.52,10.82,0.03,0.06,-0.07,0.11,66.0,155.14,-157.84,264.12
LTBS,LTAC,0,108,-2.24,20.9,-29.53,39.5,0.1,0.07,-0.01,0.2,230.24,155.23,-22.75,480.0
LTBS,LTFJ,0,295,-35.85,26.8,-73.53,4.81,-0.05,0.14,-0.22,0.23,-113.18,340.21,-536.7,566.62
LTBS,LTFM,0,292,-26.77,26.2,-65.74,13.23,0.0,0.12,-0.12,0.18,9.19,312.62,-333.34,466.7
LTBS,UUWW,0,30,-3.83,27.88,-19.33,26.49,0.01,0.07,-0.05,0.12,20.58,174.78,-128.0,295.09
LTBS,UUWW,1,15,-81.31,30.46,-113.39,-17.24,-0.13,0.07,-0.21,-0.02,-315.69,167.05,-514.79,-50.21
LTBS,UUWW,2,15,-94.91,28.88,-117.36,-57.05,-0.17,0.06,-0.23,-0.09,-406.04,143.68,-547.72,-207.31
LTBS,UUWW,3,38,-15.49,9.21,-32.32,1.14,-0.02,0.04,-0.08,0.02,-165.08,222.65,-491.15,129.32
LTCA,LTAC,0,57,4.04,26.33,-14.02,24.1,0.1,0.05,0.03,0.18,231.6,109.52,80.0,437.7
LTCA,LTFJ,0,67,-15.84,22.04,-47.55,20.24,-0.0,0.12,-0.15,0.26,-7.38,293.76,-366.02,614.86
LTCA,LTFM,0,55,-43.74,17.87,-59.53,1.29,-0.09,0.06,-0.17,0.01,-248.3,172.89,-482.97,20.46
LTCA,LTFM,1,28,-48.26,16.65,-58.68,-2.59,-0.11,0.05,-0.17,-0.05,-304.23,126.96,-477.1,-115.21
LTCB,LTAC,0,61,19.72,24.18,-1.2,65.2,0.12,0.06,0.04,0.21,279.01,152.62,88.7,496.7
LTCB,LTFJ,0,133,-16.21,22.09,-52.92,9.42,0.02,0.14,-0.16,0.29,55.78,342.56,-395.02,664.1
LTCB,LTFM,0,96,-42.12,41.06,-70.82,0.88,-0.1,0.07,-0.19,0.01,-257.06,182.69,-500.32,20.9
LTCB,LTFM,1,16,-33.52,30.51,-70.57,9.42,-0.07,0.1,-0.18,0.1,-179.34,236.7,-427.7,212.6
LTCC,LTAC,0,91,-2.02,30.64,-28.55,24.55,0.09,0.12,0.01,0.2,225.0,276.33,19.35,480.0
LTCC,LTBJ,0,62,-6.26,9.7,-21.29,9.7,-0.11,0.13,-0.23,-0.03,-246.06,298.35,-558.25,-70.5
LTCC,LTFJ,0,120,-12.19,19.57,-40.56,14.22,0.03,0.13,-0.13,0.28,84.85,324.17,-307.12,709.3
LTCC,LTFM,0,181,-40.98,24.01,-57.2,0.0,-0.06,0.11,-0.15,0.07,-146.34,280.61,-373.4,160.0
LTCC,LTFM,1,72,-37.87,24.67,-57.24,14.18,-0.04,0.17,-0.17,0.18,-101.34,453.3,-416.7,436.82
LTCE,LTAC,0,73,29.88,25.78,0.0,74.72,0.17,0.08,0.06,0.32,411.15,201.29,126.0,764.0
LTCE,LTFJ,0,99,-15.02,24.37,-51.77,21.81,0.03,0.15,-0.16,0.3,63.66,349.99,-383.73,688.53
LTCE,LTFM,0,41,-28.38,31.5,-54.5,15.8,-0.01,0.15,-0.13,0.12,-38.8,386.66,-333.4,291.6
LTCE,LTFM,1,38,-34.55,24.41,-58.65,-5.35,-0.03,0.1,-0.12,0.05,-82.23,264.82,-285.25,127.25
LTCF,LTFJ,0,30,-8.36,31.81,-52.16,14.96,-0.03,0.13,-0.2,0.17,-65.89,303.13,-479.22,403.95
LTCF,LTFJ,1,30,-27.47,23.19,-52.55,2.8,-0.07,0.12,-0.19,0.2,-173.9,276.54,-453.12,471.0
LTCG,LTAC,0,99,20.87,24.67,-1.32,66.59,0.14,0.08,0.05,0.28,344.59,188.96,116.0,684.0
LTCG,LTFJ,0,323,-17.22,23.86,-52.09,19.86,0.01,0.13,-0.17,0.25,13.85,317.42,-398.34,583.3
LTCG,LTFJ,1,49,-33.3,29.32,-80.12,12.7,-0.05,0.14,-0.21,0.18,-116.33,342.87,-512.0,426.0
LTCG,LTFM,0,246,-42.12,27.62,-68.38,3.78,-0.08,0.07,-0.18,0.05,-197.01,186.22,-479.18,113.32
LTCG,LTFM,1,70,-16.88,22.83,-58.79,17.67,-0.0,0.11,-0.14,0.2,-11.47,283.47,-352.33,476.75
LTCG,OKKK,0,68,5.41,41.71,-25.14,41.95,0.07,0.15,-0.06,0.23,184.75,374.79,-138.23,701.32
LTCI,LTAC,0,90,1.32,14.89,-15.02,24.98,0.11,0.06,0.04,0.2,259.62,154.67,85.2,486.2
LTCI,LTFJ,0,103,-17.9,22.42,-50.48,21.34,-0.01,0.12,-0.15,0.25,-15.97,280.85,-346.52,580.94
LTCI,LTFM,0,121,-47.46,23.5,-73.3,-1.4,-0.07,0.11,-0.17,0.09,-183.36,304.53,-451.1,245.0
LTCK,LTFM,0,70,-31.44,25.56,-61.14,17.17,-0.03,0.1,-0.15,0.16,-82.11,246.43,-373.36,431.19
LTCN,LTFM,0,54,-34.22,53.0,-56.68,1.95,-0.03,0.1,-0.13,0.18,-72.76,237.32,-331.16,460.45
LTCR,LTFJ,0,60,-27.33,17.82,-51.59,0.0,-0.1,0.08,-0.2,0.03,-237.41,200.73,-488.79,80.0
LTCR,LTFM,0,53,-33.51,37.47,-56.5,52.18,-0.04,0.21,-0.19,0.35,-83.41,549.08,-516.04,913.38
LTCR,LTFM,1,29,-48.08,12.49,-56.98,-24.74,-0.07,0.07,-0.15,0.05,-187.95,176.82,-374.36,110.92
LTCS,LTFJ,0,57,-13.7,23.29,-51.6,18.58,0.02,0.15,-0.15,0.31,39.71,351.11,-360.0,752.0
LTCS,LTFM,0,89,-41.02,20.34,-59.48,-3.1,-0.06,0.1,-0.16,0.05,-171.03,267.11,-420.0,124.8
LTCV,LTFM,0,49,-43.43,14.66,-57.78,-13.04,-0.11,0.07,-0.19,-0.02,-267.82,178.76,-480.68,-44.12
LTCV,LTFM,1,21,-34.23,28.77,-56.3,15.3,-0.08,0.1,-0.2,0.07,-192.16,249.24,-500.0,186.7
LTFD,LTFM,0,50,-15.41,13.07,-37.2,8.42,0.02,0.16,-0.08,0.12,46.35,354.43,-192.48,274.68
LTFE,EGKK,0,62,14.65,16.52,-7.23,41.24,0.1,0.15,-0.11,0.33,238.73,376.38,-281.25,821.37
LTFE,LTAC,0,56,-4.18,20.75,-26.82,45.48,0.1,0.08,0.0,0.24,226.43,184.24,0.0,555.85
LTFE,LTAC,1,67,23.81,25.77,-7.7,73.74,0.15,0.08,0.04,0.28,365.66,197.55,92.0,680.0
LTFE,LTFJ,0,367,-12.44,22.33,-37.37,20.66,-0.02,0.12,-0.15,0.22,-41.27,285.72,-370.5,531.69
LTFE,LTFM,0,326,-16.89,21.43,-42.4,13.05,-0.03,0.12,-0.15,0.1,-97.95,357.83,-419.18,314.27
LTFE,UUWW,0,28,-21.59,14.26,-40.76,0.35,-0.08,0.05,-0.14,0.0,-247.36,155.76,-518.72,7.65
LTFE,UUWW,1,29,-66.34,34.89,-123.3,-21.36,-0.13,0.09,-0.24,0.06,-412.02,295.86,-762.94,189.58
LTFE,UUWW,2,30,-2.57,12.4,-16.72,15.81,-0.05,0.04,-0.11,0.01,-124.83,103.99,-260.15,16.07
LTFG,LTFM,0,103,-24.22,19.69,-54.86,5.49,-0.03,0.08,-0.16,0.08,-70.32,194.6,-391.23,200.0
LTFG,LTFM,1,17,-32.01,16.02,-54.32,-9.7,-0.04,0.05,-0.13,0.04,-92.55,128.45,-304.0,88.0
LTFH,LTFJ,0,172,-20.35,34.07,-64.86,17.14,-0.0,0.17,-0.19,0.24,-4.26,377.83,-453.4,578.73
LTFH,LTFM,0,122,-45.8,30.59,-79.39,1.65,-0.09,0.09,-0.2,0.07,-221.92,211.65,-485.7,158.26
LTFJ,BKPR,0,52,-4.44,12.92,-19.47,20.81,0.02,0.06,-0.05,0.14,47.93,149.47,-122.25,331.84
LTFJ,EBCI,0,54,-25.96,26.3,-46.97,16.49,-0.03,0.08,-0.12,0.1,-60.39,200.5,-279.7,228.1
LTFJ,EDDB,0,57,2.8,33.56,-17.12,23.08,0.08,0.34,-0.08,0.14,178.34,780.95,-195.72,347.2
LTFJ,EDDB,1,15,-3.94,15.47,-21.9,19.91,0.04,0.06,-0.04,0.13,87.43,147.64,-107.32,314.01
LTFJ,EDDB,2,29,-13.61,14.98,-34.06,10.7,-0.0,0.07,-0.07,0.09,-12.31,167.9,-179.04,216.98
LTFJ,EDDF,0,54,-36.23,20.96,-67.14,-4.79,-0.15,0.06,-0.26,-0.04,-363.14,161.36,-642.46,-103.48
LTFJ,EDDF,1,35,3.07,163.51,-51.71,9.37,-0.08,0.1,-0.17,-0.01,-206.99,266.13,-452.99,-11.31
LTFJ,EDDH,0,45,-33.48,16.17,-49.96,-6.16,-0.08,0.06,-0.17,0.03,-200.51,149.22,-403.08,63.48
LTFJ,EDDH,1,32,-38.09,22.78,-60.31,-11.06,-0.09,0.07,-0.18,0.03,-230.99,178.93,-459.03,74.68
LTFJ,EDDK,0,61,-11.64,25.03,-39.5,31.7,0.04,0.12,-0.07,0.22,105.87,291.94,-168.8,545.1
LTFJ,EDDK,1,80,1.63,19.19,-27.04,31.46,0.04,0.09,-0.09,0.16,98.6,224.36,-214.54,442.04
LTFJ,EDDL,0,58,-16.4,12.67,-33.13,5.25,-0.01,0.05,-0.08,0.07,-29.14,124.82,-209.77,163.92
LTFJ,EDDL,1,17,-14.21,14.72,-37.36,9.48,0.02,0.12,-0.1,0.19,45.38,287.78,-253.18,472.24
LTFJ,EDDL,2,26,-10.8,15.28,-29.0,10.52,0.01,0.09,-0.13,0.19,11.93,229.83,-323.02,474.62
LTFJ,EDDL,3,19,-27.85,16.44,-46.7,-0.96,-0.03,0.05,-0.1,0.04,-79.94,125.28,-248.09,105.79
LTFJ,EDDL,4,29,-16.78,12.04,-28.36,-4.16,0.0,0.09,-0.07,0.08,8.81,231.74,-169.3,208.78
LTFJ,EDDM,0,29,1.08,16.06,-24.22,21.98,0.0,0.05,-0.06,0.08,2.43,112.46,-158.62,185.56
LTFJ,EDDM,1,28,3.65,14.08,-16.72,23.23,-0.04,0.06,-0.14,0.05,-98.27,146.18,-338.48,119.33
LTFJ,EDDM,2,18,5.64,13.13,-15.96,24.14,-0.0,0.06,-0.11,0.08,-7.58,133.51,-274.24,177.9
LTFJ,EDDS,0,18,-9.18,14.9,-36.7,11.06,0.0,0.04,-0.04,0.06,4.38,94.43,-94.35,153.5
LTFJ,EDDS,1,35,2.18,13.69,-22.87,22.75,0.05,0.07,-0.06,0.13,113.82,178.87,-152.56,318.05
LTFJ,EDDS,2,24,-0.11,11.79,-15.45,15.97,0.01,0.06,-0.07,0.1,37.45,146.97,-162.99,248.25
LTFJ,EDDS,3,16,-1.24,15.66,-28.32,17.92,0.02,0.04,-0.06,0.06,53.62,104.11,-142.62,140.45
LTFJ,EDDV,0,28,-10.45,12.32,-26.52,13.64,-0.01,0.05,-0.09,0.07,-22.16,131.61,-218.25,165.06
LTFJ,EDDV,1,28,-8.93,16.98,-30.62,20.11,-0.02,0.05,-0.09,0.06,-43.07,133.63,-233.48,152.7
LTFJ,EGSS,0,35,6.16,13.86,-10.93,34.19,0.07,0.07,-0.01,0.17,170.47,169.67,-17.66,432.31
LTFJ,EGSS,1,69,-2.6,13.74,-18.4,25.48,0.03,0.07,-0.07,0.14,74.9,180.61,-174.62,385.58
LTFJ,EGSS,2,31,1.14,16.45,-19.5,18.95,0.07,0.07,-0.04,0.19,184.14,184.0,-105.75,477.8
LTFJ,EGSS,3,44,-6.45,14.34,-28.0,9.18,0.04,0.08,-0.07,0.15,94.57,192.77,-186.26,381.96
LTFJ,EGSS,4,29,3.6,16.7,-11.64,33.16,0.04,0.06,-0.07,0.13,88.18,166.39,-189.02,353.16
LTFJ,EHAM,0,115,3.41,12.03,-12.84,22.97,0.05,0.06,-0.03,0.15,126.99,144.59,-80.29,359.74
LTFJ,EHAM,1,40,8.56,14.07,-7.25,33.43,0.04,0.07,-0.08,0.15,114.96,179.33,-194.35,376.79
LTFJ,EKCH,0,65,-21.52,11.68,-38.72,-6.64,-0.1,0.05,-0.18,-0.01,-250.8,136.63,-440.78,-31.9
LTFJ,GMMN,0,40,-1.8,12.65,-14.04,28.32,0.03,0.07,-0.08,0.14,69.4,160.33,-192.18,348.11
LTFJ,GMMN,1,21,-5.8,17.03,-18.8,2.8,0.02,0.06,-0.05,0.1,44.71,147.86,-134.1,257.6
LTFJ,LFLL,0,61,-2.52,14.2,-19.4,19.9,0.02,0.04,-0.04,0.08,56.67,105.98,-101.9,210.4
LTFJ,LFPG,0,29,-2.07,13.28,-18.52,21.36,0.03,0.06,-0.07,0.1,65.65,145.84,-168.34,251.74
LTFJ,LFPG,1,15,-4.69,20.09,-28.14,23.69,0.0,0.07,-0.11,0.11,3.09,187.3,-282.57,279.78
LTFJ,LFPG,2,46,-17.53,20.3,-53.6,18.58,-0.01,0.08,-0.13,0.1,-15.6,199.08,-319.98,254.27
LTFJ,LFPG,3,27,-1.04,19.45,-32.53,29.73,0.04,0.08,-0.06,0.13,107.16,190.33,-167.74,329.27
LTFJ,LFSB,0,54,-21.46,12.12,-38.31,-3.57,0.02,0.05,-0.05,0.1,43.11,115.15,-119.82,239.56
LTFJ,LFSB,1,23,-36.15,19.64,-67.51,-5.06,-0.07,0.13,-0.27,0.04,-174.0,346.49,-577.09,89.68
LTFJ,LIME,0,21,-25.92,16.26,-47.7,0.6,-0.04,0.07,-0.1,0.02,-94.14,149.83,-280.0,40.0
LTFJ,LIME,1,59,-31.08,40.58,-77.46,36.96,-0.05,0.12,-0.22,0.14,-114.94,292.73,-543.01,405.24
LTFJ,LIRF,0,89,-38.06,22.04,-68.08,0.12,-0.07,0.07,-0.18,0.06,-168.17,173.37,-442.68,156.6
LTFJ,LLBG,0,203,9.63,11.89,-4.2,31.58,0.06,0.06,-0.03,0.15,148.9,146.4,-73.2,375.0
LTFJ,LOWW,0,99,8.34,18.48,-13.55,45.5,0.05,0.05,-0.03,0.13,129.8,118.96,-77.03,308.03
LTFJ,LQSA,0,60,-3.5,16.9,-29.34,30.03,0.07,0.06,-0.03,0.18,173.95,151.09,-83.3,423.43
LTFJ,LSZH,0,43,10.87,9.77,-5.29,23.43,0.07,0.09,-0.02,0.23,177.3,216.94,-51.12,561.18
LTFJ,LSZH,1,36,9.39,20.19,-19.25,34.58,0.05,0.11,-0.06,0.23,134.25,298.9,-160.35,572.52
LTFJ,LTAC,0,325,4.29,12.53,-4.1,30.08,0.04,0.1,-0.03,0.17,96.88,236.41,-83.3,410.02
LTFJ,LTAF,0,287,0.87,9.8,-11.04,15.88,0.02,0.07,-0.05,0.11,47.61,157.98,-120.0,266.06
LTFJ,LTAI,0,577,-0.32,19.89,-25.76,24.56,0.06,0.09,-0.05,0.22,133.94,225.36,-125.0,498.4
LTFJ,LTAJ,0,169,0.05,3.91,-3.6,2.76,0.07,0.05,0.01,0.13,168.77,110.86,19.14,318.0
LTFJ,LTAN,0,96,16.62,11.25,-2.08,33.45,0.14,0.07,0.05,0.24,327.67,169.7,118.75,580.0
LTFJ,LTAR,0,56,2.41,10.53,-8.12,20.72,0.08,0.04,0.03,0.14,191.74,93.61,75.03,329.95
LTFJ,LTAT,0,60,23.45,13.71,14.74,37.82,0.18,0.08,0.09,0.38,431.81,197.57,211.9,920.0
LTFJ,LTAU,0,211,12.93,14.44,-3.75,24.8,0.05,0.06,-0.01,0.12,124.6,132.82,-31.0,288.0
LTFJ,LTBJ,0,415,0.69,16.66,-28.16,22.05,-0.01,0.06,-0.12,0.08,-21.06,151.77,-268.3,202.49
LTFJ,LTBS,0,294,20.52,19.45,-9.44,37.93,0.08,0.1,-0.02,0.17,189.56,242.46,-40.0,401.85
LTFJ,LTCA,0,67,11.51,15.56,-0.14,35.0,0.1,0.08,0.0,0.21,255.45,184.91,0.0,514.0
LTFJ,LTCB,0,132,13.37,22.02,-21.8,49.5,0.1,0.07,-0.01,0.21,247.29,168.94,-15.21,487.11
LTFJ,LTCC,0,123,4.17,106.35,-1.59,18.65,0.14,0.3,-0.01,0.3,336.82,719.22,-15.87,719.55
LTFJ,LTCE,0,68,-0.3,17.7,-42.62,38.36,0.05,0.06,-0.02,0.18,128.33,148.26,-38.25,433.6
LTFJ,LTCE,1,30,5.49,19.24,-12.5,39.06,0.04,0.08,-0.02,0.19,104.69,193.09,-50.22,464.81
LTFJ,LTCF,0,60,2.05,11.14,-7.8,17.09,0.08,0.07,0.02,0.24,190.17,159.05,36.39,564.0
LTFJ,LTCG,0,350,-8.62,23.67,-47.46,29.99,0.07,0.09,-0.07,0.22,157.12,211.7,-166.7,525.85
LTFJ,LTCG,1,22,3.05,23.36,-15.76,40.43,0.13,0.22,0.03,0.18,311.57,553.72,77.03,438.0
LTFJ,LTCI,0,103,4.59,5.67,-1.3,18.46,0.11,0.06,0.04,0.22,250.74,150.59,87.18,485.38
LTFJ,LTCR,0,60,0.38,2.54,-1.32,2.23,0.1,0.04,0.03,0.15,230.38,87.83,83.14,357.14
LTFJ,LTCS,0,56,2.11,19.53,-11.62,20.9,0.09,0.1,-0.01,0.3,223.91,240.15,-27.2,692.53
LTFJ,LTFE,0,369,-6.9,31.63,-55.86,39.62,0.03,0.11,-0.12,0.19,76.71,265.07,-291.7,459.36
LTFJ,LTFH,0,172,9.99,25.4,-13.24,54.9,0.06,0.07,-0.03,0.15,131.97,158.07,-78.18,375.0
LTFJ,LTFO,0,116,2.13,19.1,-22.85,42.7,0.05,0.07,-0.05,0.18,116.19,163.77,-120.0,414.72
LTFJ,OEDF,0,62,13.13,27.58,-25.86,59.66,0.06,0.09,-0.08,0.2,138.21,214.96,-203.93,449.77
LTFJ,OEJN,0,98,17.89,17.98,-5.15,40.2,0.1,0.08,-0.02,0.24,235.4,193.9,-55.99,576.05
LTFJ,OEMA,0,50,25.64,15.2,4.11,53.42,0.13,0.08,0.01,0.22,306.04,183.21,21.42,537.78
LTFJ,OERK,0,104,8.05,22.41,-22.45,43.82,0.04,0.09,-0.09,0.21,102.83,213.36,-227.26,476.73
LTFJ,OIIE,0,68,36.7,21.35,12.6,58.72,0.1,0.05,0.02,0.19,246.28,130.14,59.04,453.36
LTFJ,OKKK,0,155,20.03,23.97,-4.74,55.16,0.04,0.07,-0.06,0.17,106.1,190.28,-165.87,436.88
LTFJ,OLBA,0,60,-0.49,5.79,-9.43,7.15,0.05,0.05,0.0,0.13,121.48,118.24,7.11,333.3
LTFJ,OMDB,0,41,36.99,22.02,0.8,76.4,0.06,0.08,-0.04,0.2,144.36,191.65,-97.3,504.2
LTFJ,OMDB,1,61,23.45,18.75,-1.0,47.3,0.11,0.1,-0.02,0.32,225.32,207.77,-46.1,666.8
LTFJ,OMSJ,0,43,22.63,25.3,-5.64,64.49,0.05,0.07,-0.06,0.16,108.12,178.28,-181.41,378.16
LTFJ,OMSJ,1,39,8.62,16.18,-4.77,28.52,-0.02,0.06,-0.13,0.08,-42.98,164.52,-333.56,218.91
LTFJ,ORBI,0,103,-9.54,25.42,-56.6,21.54,0.04,0.11,-0.08,0.2,95.01,281.46,-201.48,524.72
LTFJ,ORER,0,71,111.28,119.68,-0.2,278.8,0.26,0.27,-0.01,0.71,653.43,657.72,-21.15,1766.35
LTFJ,OTHH,0,81,37.61,25.31,0.5,81.6,0.09,0.09,-0.05,0.22,243.91,272.18,-121.6,652.1
LTFJ,OTHH,1,18,37.44,32.04,17.5,63.28,0.14,0.07,0.04,0.22,348.34,167.43,101.57,547.53
LTFJ,UBBB,0,96,-22.87,31.9,-54.42,27.5,-0.02,0.1,-0.2,0.1,-59.48,250.87,-462.98,259.2
LTFJ,UBBB,1,41,-7.22,32.47,-67.7,32.0,0.02,0.1,-0.15,0.17,43.08,244.7,-345.0,400.0
LTFJ,UCFM,0,36,2.39,7.29,-4.2,13.6,0.06,0.06,-0.03,0.15,136.63,138.97,-79.72,354.58
LTFJ,UCFM,1,24,-8.95,5.39,-15.81,-0.36,0.02,0.06,-0.05,0.11,48.73,129.04,-124.18,262.55
LTFJ,UGTB,0,99,-9.35,12.57,-27.49,10.17,0.02,0.04,-0.03,0.08,51.64,105.06,-96.47,208.31
LTFJ,UUWW,0,60,-9.89,16.49,-26.02,13.44,-0.03,0.05,-0.1,0.03,-68.53,120.84,-235.96,69.77
LTFM,DAAG,0,146,9.86,19.4,-17.5,49.8,0.04,0.09,-0.07,0.23,142.38,334.64,-267.52,663.3
LTFM,DAAG,1,30,7.68,16.34,-8.48,33.84,0.07,0.09,-0.01,0.21,264.35,308.25,-57.9,828.14
LTFM,DTTA,0,154,9.15,16.33,-18.84,31.71,0.11,0.09,0.0,0.26,275.4,227.91,4.49,683.87
LTFM,EBBR,0,17,11.04,10.29,-0.7,25.46,0.01,0.07,-0.07,0.13,77.42,440.79,-433.96,815.2
LTFM,EBBR,1,59,5.73,13.94,-4.15,40.1,0.08,0.07,-0.02,0.2,199.61,194.68,-42.2,523.33
LTFM,EBBR,2,25,9.55,16.71,-4.58,35.56,0.07,0.08,-0.04,0.14,179.34,203.98,-101.1,358.28
LTFM,EBBR,3,28,-92.2,571.21,-1.06,50.29,-0.14,1.26,-0.02,0.2,-1217.87,7757.32,-61.59,500.0
LTFM,EDDB,0,107,3.08,20.0,-25.7,33.93,0.05,0.07,-0.07,0.14,197.2,358.61,-252.02,857.88
LTFM,EDDB,1,31,10.46,11.27,-0.85,28.55,0.06,0.06,-0.02,0.15,189.05,187.03,-81.4,500.3
LTFM,EDDF,0,71,-8.92,17.03,-39.9,11.45,-0.1,0.1,-0.23,0.05,-238.18,253.86,-628.5,218.15
LTFM,EDDF,1,128,-14.0,22.77,-42.44,19.57,-0.1,0.1,-0.24,0.06,-568.3,516.81,-1402.05,168.02
LTFM,EDDF,2,18,-29.06,26.86,-55.29,16.98,-0.19,0.08,-0.27,-0.03,-531.44,332.79,-871.9,-90.43
LTFM,EDDF,3,33,-25.35,64.49,-43.66,10.16,-0.11,0.15,-0.22,0.06,-511.66,517.49,-1370.52,231.9
LTFM,EDDH,0,120,-26.27,25.73,-45.62,14.03,-0.04,0.17,-0.17,0.09,-188.85,619.61,-1029.06,252.54
LTFM,EDDK,0,30,-6.97,25.07,-30.73,39.64,0.09,0.12,-0.03,0.27,384.26,628.03,-118.68,1409.17
LTFM,EDDK,1,26,5.82,10.58,-12.42,21.85,0.11,0.06,0.05,0.2,343.33,243.06,130.6,899.58
LTFM,EDDK,2,37,7.4,10.68,-12.48,21.76,0.1,0.05,0.01,0.17,305.91,200.63,24.12,592.5
LTFM,EDDK,3,23,14.62,23.1,0.75,22.36,0.15,0.18,0.04,0.25,590.31,1019.54,93.56,1312.9
LTFM,EDDL,0,100,-7.85,11.36,-19.9,12.91,0.02,0.07,-0.08,0.15,25.18,300.25,-481.62,438.14
LTFM,EDDL,1,20,-4.38,30.61,-28.12,29.88,0.06,0.14,-0.11,0.14,143.18,453.65,-677.83,496.17
LTFM,EDDM,0,119,15.55,12.61,-1.92,40.97,0.04,0.06,-0.05,0.14,130.73,232.64,-315.03,431.9
LTFM,EDDN,0,90,19.17,20.76,-8.81,47.72,0.11,0.06,0.04,0.21,285.95,151.48,117.15,572.28
LTFM,EDDS,0,105,14.66,12.79,-1.78,31.48,0.09,0.07,-0.01,0.2,234.48,189.59,-34.44,547.6
LTFM,EDDS,1,15,9.91,16.67,-3.31,30.49,0.07,0.06,0.01,0.14,194.43,141.08,35.77,380.72
LTFM,EDDV,0,23,0.37,18.69,-26.0,27.11,0.04,0.06,-0.05,0.13,109.71,173.34,-114.9,352.16
LTFM,EDDV,1,81,14.58,13.55,-4.1,37.8,0.06,0.05,-0.01,0.14,176.15,144.79,-29.2,435.5
LTFM,EDDW,0,50,11.72,16.95,-9.41,36.71,0.1,0.06,0.01,0.2,256.8,154.74,36.54,546.24
LTFM,EFHK,0,69,-3.16,11.1,-19.28,14.84,0.05,0.06,-0.03,0.14,153.21,191.71,-116.02,454.56
LTFM,EGBB,0,58,0.69,16.08,-23.22,30.05,0.08,0.07,-0.01,0.17,186.03,150.15,-21.42,473.74
LTFM,EGCC,0,16,17.51,11.97,1.32,37.62,0.06,0.08,-0.02,0.2,180.26,310.53,-112.65,796.9
LTFM,EGCC,1,45,-5.38,22.23,-32.42,30.22,0.06,0.1,-0.06,0.17,177.6,347.87,-196.16,768.3
LTFM,EGCC,2,39,16.69,10.25,2.25,36.79,0.09,0.05,0.01,0.17,312.55,279.4,56.28,629.3
LTFM,EGKK,0,60,14.0,14.29,-3.35,41.62,0.16,0.14,-0.01,0.4,398.16,347.54,-14.38,995.45
LTFM,EGKK,1,38,17.9,11.91,-0.42,36.73,0.18,0.11,0.02,0.36,468.42,272.95,67.12,892.4
LTFM,EGKK,2,17,26.38,29.94,-1.38,60.3,0.2,0.12,0.07,0.37,524.11,326.21,164.58,1034.08
LTFM,EGLL,0,54,17.97,17.59,-3.78,45.23,0.2,0.14,0.04,0.51,898.52,986.7,91.57,3150.21
LTFM,EGLL,1,16,22.81,22.64,0.7,57.15,0.18,0.14,0.02,0.43,782.09,867.02,41.98,2331.3
LTFM,EGLL,2,26,13.16,14.48,-8.48,32.8,0.13,0.13,-0.03,0.29,442.23,414.07,-70.3,1214.47
LTFM,EGLL,3,145,16.99,16.02,0.22,46.04,0.2,0.12,0.06,0.42,1010.39,833.8,158.24,2640.56
LTFM,EGLL,4,50,13.25,15.05,-2.96,40.52,0.14,0.11,0.0,0.33,494.41,621.09,3.4,2186.19
LTFM,EHAM,0,79,13.41,7.11,6.47,27.54,0.09,0.06,0.01,0.19,464.73,339.04,53.4,963.05
LTFM,EHAM,1,87,16.21,12.26,1.7,40.55,0.11,0.07,0.01,0.21,605.92,462.22,43.09,1263.85
LTFM,EIDW,0,58,7.43,16.57,-9.8,44.6,0.05,0.08,-0.04,0.17,166.72,263.03,-143.44,703.7
LTFM,EIDW,1,19,10.94,21.01,-10.16,48.35,0.08,0.09,-0.05,0.23,195.02,213.44,-127.37,584.88
LTFM,EKCH,0,26,-13.19,16.3,-38.72,12.78,-0.07,0.07,-0.21,0.02,-173.19,173.0,-487.98,40.83
LTFM,EKCH,1,31,-10.8,37.09,-35.35,23.65,-0.02,0.17,-0.15,0.17,-53.78,460.99,-379.15,411.65
LTFM,EKCH,2,48,-12.64,10.44,-26.84,4.23,-0.04,0.06,-0.11,0.07,-120.49,148.15,-291.36,162.16
LTFM,ENGM,0,77,-1.42,19.53,-28.76,28.6,0.06,0.06,-0.02,0.19,171.78,198.6,-53.82,478.0
LTFM,EPWA,0,71,-16.2,23.98,-41.15,19.1,-0.04,0.08,-0.15,0.06,-71.27,149.03,-265.0,102.0
LTFM,EPWA,1,43,-14.09,21.06,-40.09,17.41,0.0,0.06,-0.07,0.11,16.0,163.45,-174.27,364.8
LTFM,ESGG,0,50,23.01,12.78,4.22,47.23,0.13,0.06,0.05,0.25,350.43,169.51,129.5,684.35
LTFM,ESSA,0,83,14.19,18.93,-15.37,48.55,0.11,0.09,0.01,0.28,301.13,235.44,31.3,725.66
LTFM,EVRA,0,59,9.18,19.74,-19.83,42.03,0.06,0.12,-0.07,0.16,129.62,283.04,-140.4,350.88
LTFM,EYVI,0,61,1.44,13.53,-17.8,23.6,0.06,0.07,0.0,0.13,155.42,151.38,0.0,300.0
LTFM,GMMN,0,26,-0.49,27.03,-31.9,45.52,0.05,0.12,-0.07,0.29,345.65,716.78,-440.4,1794.52
LTFM,GMMN,1,26,-3.07,15.2,-22.4,25.22,0.08,0.09,-0.06,0.17,424.79,477.22,-354.48,914.62
LTFM,GMMN,2,13,0.41,14.72,-19.42,23.48,0.1,0.06,0.01,0.19,537.22,336.56,75.8,969.5
LTFM,HAAB,0,68,-15.21,12.87,-32.6,5.83,-0.06,0.07,-0.17,0.04,-266.78,377.59,-902.29,207.71
LTFM,HECA,0,202,19.52,13.61,1.2,42.25,0.1,0.08,0.0,0.24,288.29,246.21,2.66,782.5
LTFM,HLLM,0,145,-7.13,21.66,-27.58,13.1,0.03,0.09,-0.07,0.13,85.6,428.27,-262.46,354.94
LTFM,HLLM,1,16,7.18,17.44,-16.48,27.45,0.14,0.08,-0.03,0.23,346.06,200.45,-63.68,574.98
LTFM,KIAD,0,15,5.71,18.51,-19.26,41.63,-0.01,0.08,-0.11,0.09,-29.17,485.23,-629.78,674.06
LTFM,KIAD,1,30,5.65,34.07,-26.58,63.63,0.09,0.16,-0.03,0.35,556.19,930.82,-240.72,2338.17
LTFM,KIAD,2,15,5.39,10.0,-7.13,21.41,0.02,0.06,-0.08,0.08,103.81,377.55,-544.9,611.88
LTFM,KJFK,0,31,1.01,20.25,-21.05,29.05,0.01,0.09,-0.12,0.13,122.94,622.26,-738.9,980.4
LTFM,KJFK,1,53,2.08,28.84,-19.2,19.88,0.15,0.15,-0.01,0.41,1061.69,1095.69,-77.14,3000.4
LTFM,KJFK,2,21,6.54,12.2,-8.3,27.4,0.01,0.06,-0.08,0.1,88.2,428.03,-520.1,595.9
LTFM,KJFK,3,12,5.48,12.15,-6.46,26.1,0.06,0.07,-0.02,0.17,436.01,506.17,-106.76,1294.06
LTFM,KLAX,0,27,-2.27,9.65,-13.68,5.71,0.03,0.06,-0.05,0.09,194.28,459.4,-308.79,592.82
LTFM,KLAX,1,33,-1.82,8.2,-13.72,10.24,-0.01,0.05,-0.07,0.07,-47.82,345.91,-469.72,523.04
LTFM,KMIA,0,18,-3.06,6.42,-11.64,7.26,0.07,0.11,-0.05,0.25,472.26,760.55,-367.8,1959.82
LTFM,KMIA,1,35,5.82,15.14,-12.83,34.36,0.0,0.07,-0.1,0.09,30.35,425.92,-558.1,569.63
LTFM,KORD,0,56,-0.68,11.67,-18.32,9.98,0.09,0.12,-0.02,0.34,618.61,859.55,-171.88,2442.93
LTFM,KORD,1,19,2.41,12.79,-8.49,24.88,0.02,0.06,-0.07,0.11,148.06,449.59,-425.46,821.85
LTFM,KSFO,0,33,-1.9,13.57,-21.46,15.56,0.02,0.07,-0.06,0.12,159.63,508.44,-389.44,685.92
LTFM,KSFO,1,27,-1.94,8.46,-12.78,9.41,0.0,0.05,-0.05,0.09,22.65,292.56,-366.47,564.69
LTFM,LATI,0,66,-4.62,11.74,-22.92,13.32,0.05,0.05,-0.03,0.13,116.15,126.56,-71.22,297.42
LTFM,LBSF,0,90,-33.42,27.78,-66.66,8.61,-0.01,0.08,-0.11,0.1,-30.87,196.93,-274.72,264.61
LTFM,LDZA,0,60,-0.7,16.31,-23.0,29.24,0.04,0.06,-0.03,0.13,121.38,158.26,-74.93,378.54
LTFM,LEBL,0,30,-1.29,14.01,-16.58,21.14,-0.05,0.09,-0.13,0.14,-291.71,397.55,-825.83,360.25
LTFM,LEBL,1,65,5.16,24.95,-29.04,32.38,-0.02,0.1,-0.14,0.1,-191.22,443.17,-878.0,442.14
LTFM,LEBL,2,20,-1.94,13.53,-19.08,19.05,0.0,0.07,-0.1,0.13,-10.6,344.0,-539.82,433.4
LTFM,LEMD,0,49,8.3,21.76,-10.7,39.32,0.04,0.08,-0.05,0.18,143.08,296.12,-306.0,642.7
LTFM,LEMD,1,42,11.27,29.17,-20.78,60.39,0.06,0.1,-0.08,0.25,212.29,406.89,-499.72,797.33
LTFM,LEMD,2,21,16.08,15.86,-1.1,45.2,0.07,0.08,-0.05,0.21,300.04,402.12,-216.7,826.7
LTFM,LEMG,0,27,-12.83,30.09,-66.12,26.61,0.04,0.09,-0.1,0.2,95.19,240.71,-279.94,512.16
LTFM,LEMG,1,33,-2.33,15.13,-19.3,20.14,0.08,0.08,-0.02,0.21,221.36,208.2,-63.44,548.18
LTFM,LEVC,0,38,21.26,23.23,-3.54,45.01,0.12,0.07,0.02,0.21,254.88,155.56,59.73,441.26
LTFM,LEVC,1,20,25.5,19.08,-0.69,43.94,0.14,0.07,0.05,0.24,301.42,145.51,103.95,504.71
LTFM,LFLL,0,64,22.51,21.26,-6.1,53.12,0.11,0.07,0.02,0.24,302.34,200.95,60.92,662.58
LTFM,LFML,0,59,24.34,25.43,-2.0,66.59,0.19,0.16,0.02,0.51,485.65,429.9,47.2,1155.85
LTFM,LFMN,0,60,16.81,15.37,-2.45,37.86,0.11,0.08,0.01,0.26,273.21,219.21,23.43,675.13
LTFM,LFPG,0,25,6.68,16.51,-11.78,44.64,0.08,0.07,-0.02,0.22,261.55,247.21,-62.28,698.72
LTFM,LFPG,1,17,0.46,13.73,-15.76,27.04,0.16,0.44,-0.03,0.5,759.01,2432.79,-161.34,2529.62
LTFM,LFPG,2,52,11.9,16.04,-4.02,42.85,0.07,0.06,-0.02,0.19,278.86,257.39,-142.44,683.4
LTFM,LFPG,3,47,8.77,13.59,-3.51,29.6,0.1,0.07,-0.0,0.2,399.86,342.97,-12.91,968.95
LTFM,LFPG,4,45,13.24,18.36,-6.62,49.78,0.09,0.06,0.01,0.2,456.13,365.66,50.6,1069.22
LTFM,LFPG,5,31,-1.04,15.39,-19.55,27.95,0.06,0.07,-0.04,0.16,250.32,333.72,-228.15,801.7
LTFM,LFPG,6,45,6.58,19.09,-11.62,36.4,0.08,0.1,-0.02,0.21,379.06,528.53,-158.9,1145.86
LTFM,LFSB,0,60,-6.3,18.33,-29.76,10.27,0.09,0.07,0.01,0.17,218.13,176.42,34.18,415.77
LTFM,LGAV,0,150,6.83,16.81,-17.56,34.47,0.08,0.07,-0.01,0.21,214.71,174.87,-18.2,520.34
LTFM,LGAV,1,51,11.64,18.12,-6.9,40.1,0.1,0.07,-0.0,0.21,637.01,514.38,-23.95,1564.35
LTFM,LGTS,0,60,-5.88,16.95,-26.66,16.44,-0.02,0.06,-0.1,0.08,-47.14,139.34,-248.01,181.9
LTFM,LHBP,0,132,-7.84,28.67,-35.44,9.12,0.05,0.13,-0.06,0.13,175.22,564.27,-157.6,597.58
LTFM,LIMC,0,31,-32.88,16.43,-51.0,-1.5,-0.12,0.07,-0.23,-0.03,-492.98,473.48,-1513.35,-98.35
LTFM,LIMC,1,43,-31.47,20.83,-52.94,7.33,-0.08,0.09,-0.18,0.09,-236.17,262.62,-513.39,253.4
LTFM,LIMC,2,25,-31.26,23.15,-59.44,6.86,-0.13,0.12,-0.28,0.11,-678.27,735.5,-1745.28,317.94
LTFM,LIMC,3,31,-42.26,19.78,-64.35,-6.05,-0.16,0.11,-0.28,0.03,-827.44,709.98,-1854.85,40.0
LTFM,LIPE,0,77,-5.03,17.89,-40.0,16.26,0.02,0.08,-0.09,0.12,61.44,197.8,-242.64,333.28
LTFM,LIPZ,0,90,-33.17,12.38,-48.0,-6.87,-0.18,0.1,-0.34,-0.02,-481.66,268.13,-933.3,-63.56
LTFM,LIRF,0,18,-39.65,23.32,-65.1,0.12,-0.08,0.08,-0.17,0.05,-240.83,267.31,-534.2,131.45
LTFM,LIRF,1,102,-46.38,12.98,-59.58,-23.34,-0.14,0.07,-0.25,-0.03,-579.18,475.89,-1550.0,-95.33
LTFM,LIRN,0,32,-22.92,22.86,-52.96,18.56,0.01,0.09,-0.12,0.18,20.96,240.27,-307.58,448.0
LTFM,LIRN,1,20,-25.77,32.39,-53.93,10.11,-0.01,0.11,-0.13,0.17,-28.31,273.25,-325.67,421.17
LTFM,LJLJ,0,53,5.43,7.78,-2.32,16.98,0.06,0.03,0.02,0.12,173.49,83.09,48.04,315.18
LTFM,LKPR,0,38,-8.75,30.13,-23.4,5.62,0.01,0.08,-0.05,0.07,31.06,239.67,-149.0,210.7
LTFM,LKPR,1,53,-14.21,8.55,-24.16,-1.9,-0.01,0.05,-0.09,0.05,-63.83,184.31,-440.0,131.0
LTFM,LLBG,0,310,9.82,13.0,-6.26,32.66,0.03,0.07,-0.06,0.15,139.66,306.72,-166.7,780.0
LTFM,LMML,0,61,-30.81,241.52,-33.8,29.3,-0.02,0.49,-0.1,0.21,-31.17,1039.37,-249.9,512.8
LTFM,LOWW,0,120,21.43,17.83,-1.03,55.16,0.11,0.06,0.03,0.2,445.85,321.47,89.86,1171.08
LTFM,LPPT,0,41,8.43,28.9,-35.3,61.1,0.05,0.11,-0.1,0.27,141.6,296.59,-250.0,666.6
LTFM,LPPT,1,19,13.36,37.24,-19.46,94.53,0.04,0.1,-0.08,0.22,96.31,240.71,-212.47,550.03
LTFM,LQSA,0,86,32.45,15.47,18.35,53.35,0.17,0.08,0.09,0.28,443.0,225.88,216.68,793.92
LTFM,LROP,0,155,-16.87,21.33,-30.38,3.86,-0.0,0.15,-0.18,0.12,82.22,378.34,-326.98,580.0
LTFM,LSGG,0,25,18.7,19.61,-14.16,54.38,0.06,0.07,-0.02,0.16,172.64,183.03,-50.56,413.7
LTFM,LSGG,1,40,8.7,20.03,-15.32,44.74,0.12,0.09,0.01,0.28,317.7,221.67,33.9,708.11
LTFM,LSGG,2,39,-10.49,14.39,-29.12,21.97,0.08,0.06,-0.03,0.19,209.34,163.89,-68.84,541.49
LTFM,LSZH,0,31,18.26,12.98,-4.65,37.8,0.1,0.09,-0.01,0.23,265.99,246.12,-50.95,603.4
LTFM,LSZH,1,91,22.81,11.0,3.7,44.25,0.1,0.08,0.02,0.25,362.38,318.76,42.65,1011.45
LTFM,LTAC,0,419,0.3,16.62,-17.72,27.15,0.05,0.08,-0.02,0.17,141.8,215.14,-41.7,440.0
LTFM,LTAF,0,325,0.71,13.44,-20.1,19.3,0.05,0.08,-0.03,0.16,114.52,200.16,-62.74,390.0
LTFM,LTAF,1,17,-7.44,13.27,-26.64,8.72,0.06,0.07,-0.01,0.22,139.88,155.43,-27.68,484.88
LTFM,LTAI,0,476,0.14,18.44,-26.52,34.3,0.11,0.08,0.02,0.27,342.24,349.68,41.28,942.5
LTFM,LTAJ,0,268,-2.16,11.44,-18.36,12.12,0.1,0.1,0.0,0.19,230.08,226.39,1.3,457.1
LTFM,LTAN,0,119,13.8,13.38,-5.93,30.45,0.2,0.08,0.08,0.32,505.81,204.65,180.97,840.0
LTFM,LTAR,0,73,-0.94,8.54,-12.74,11.72,0.09,0.05,0.05,0.15,230.33,115.07,116.44,377.84
LTFM,LTAT,0,79,20.8,11.28,7.6,35.52,0.16,0.06,0.09,0.32,384.57,164.95,209.0,674.5
LTFM,LTAU,0,264,21.49,15.45,2.74,34.3,0.08,0.07,0.02,0.19,209.59,189.7,59.21,424.81
LTFM,LTAY,0,19,18.88,27.31,-8.95,63.75,0.15,0.14,0.02,0.41,398.77,383.17,46.6,1162.0
LTFM,LTAY,1,59,0.73,18.28,-12.2,41.06,0.15,0.1,0.08,0.3,369.95,228.11,208.39,721.5
LTFM,LTAZ,0,126,-6.0,11.54,-26.1,12.02,0.07,0.08,0.02,0.17,202.6,208.45,46.7,419.68
LTFM,LTBJ,0,498,19.26,13.19,-0.04,37.84,0.07,0.06,-0.02,0.17,222.22,201.69,-40.0,547.9
LTFM,LTBS,0,291,9.6,23.23,-29.0,45.75,0.1,0.08,0.0,0.22,252.1,231.83,0.0,560.0
LTFM,LTCA,0,81,7.64,16.5,-21.2,31.3,0.12,0.07,0.03,0.22,324.72,188.13,63.2,606.6
LTFM,LTCB,0,90,24.7,18.13,0.67,52.77,0.13,0.05,0.07,0.2,338.42,128.13,163.01,535.33
LTFM,LTCB,1,22,19.05,23.28,-14.76,56.54,0.16,0.08,0.11,0.29,407.4,190.51,273.65,610.59
LTFM,LTCC,0,256,2.67,38.36,-17.48,18.18,0.13,0.18,-0.01,0.25,321.33,445.51,-31.22,662.5
LTFM,LTCE,0,59,5.33,23.19,-16.86,50.49,0.06,0.06,-0.0,0.18,146.05,161.93,-1.11,516.14
LTFM,LTCE,1,20,23.08,42.78,-14.42,66.02,0.08,0.07,-0.02,0.17,204.09,181.83,-41.86,475.94
LTFM,LTCG,0,258,0.14,19.02,-21.07,38.0,0.11,0.07,0.01,0.23,270.32,172.53,36.06,560.0
LTFM,LTCG,1,56,-4.27,16.09,-28.15,29.98,0.09,0.06,-0.02,0.17,212.77,158.89,-54.38,417.52
LTFM,LTCI,0,120,6.3,14.07,-10.91,22.8,0.12,0.06,0.07,0.18,318.55,175.32,186.02,466.7
LTFM,LTCK,0,69,20.1,12.56,-0.28,42.82,0.15,0.07,0.07,0.26,378.07,200.42,154.0,660.32
LTFM,LTCN,0,54,11.85,19.08,-12.72,43.57,0.21,0.06,0.13,0.3,494.98,143.45,280.49,715.12
LTFM,LTCR,0,84,-0.81,8.08,-12.61,9.33,0.12,0.09,0.05,0.2,287.05,216.76,108.75,466.26
LTFM,LTCS,0,89,-2.3,14.86,-22.46,19.22,0.11,0.08,-0.0,0.26,285.91,224.1,-0.84,686.68
LTFM,LTCV,0,70,-0.16,6.84,-12.21,9.6,0.0,0.04,-0.04,0.05,12.02,108.36,-99.04,131.09
LTFM,LTFE,0,329,-0.34,37.53,-69.32,49.6,0.09,0.12,-0.09,0.25,241.68,336.37,-250.0,669.96
LTFM,LTFG,0,120,0.28,16.26,-11.51,7.5,0.09,0.05,0.05,0.17,220.6,115.68,120.0,402.0
LTFM,LTFH,0,88,2.73,20.42,-15.85,36.65,0.08,0.1,0.0,0.2,207.39,238.59,0.0,532.0
LTFM,LTFH,1,32,12.04,31.56,-31.44,54.8,0.06,0.05,-0.02,0.14,150.95,133.58,-58.0,351.3
LTFM,LTFO,0,134,4.2,20.3,-19.48,42.7,0.08,0.07,-0.01,0.22,184.88,165.47,-12.84,520.0
LTFM,LTFO,1,20,11.64,33.15,-30.38,52.94,0.08,0.08,-0.01,0.16,192.44,178.54,-15.33,395.27
LTFM,LUKK,0,42,-26.84,16.59,-46.9,0.68,-0.0,0.05,-0.07,0.05,-10.38,127.36,-159.94,139.5
LTFM,LUKK,1,45,-32.68,13.46,-54.0,-8.58,-0.02,0.05,-0.08,0.06,-58.8,122.5,-233.3,156.0
LTFM,LUKK,2,19,-13.84,9.27,-27.28,0.1,-0.03,0.05,-0.12,0.04,-69.63,120.68,-265.06,86.93
LTFM,LWSK,0,60,-24.13,10.82,-41.56,-9.78,-0.07,0.04,-0.13,-0.02,-189.86,113.54,-351.03,-42.19
LTFM,LYBE,0,167,12.07,75.63,-21.98,66.03,0.07,0.17,-0.06,0.2,174.15,456.5,-141.57,525.0
LTFM,LYPG,0,70,-18.75,22.87,-57.64,12.58,0.04,0.13,-0.05,0.12,111.54,316.4,-125.33,294.84
LTFM,LYTV,0,54,-15.5,17.9,-41.46,15.05,0.0,0.13,-0.13,0.17,16.44,296.01,-272.75,397.11
LTFM,OBBI,0,83,25.19,30.28,-2.92,68.56,0.09,0.09,-0.04,0.24,238.71,241.1,-149.77,623.89
LTFM,OEDF,0,54,16.92,33.26,-20.14,79.56,0.02,0.08,-0.09,0.16,85.77,310.15,-230.2,506.17
LTFM,OEJN,0,200,25.58,20.95,-0.04,58.21,0.12,0.1,-0.03,0.28,616.08,568.57,-83.6,1683.89
LTFM,OEMA,0,103,25.51,14.52,5.43,52.86,0.13,0.17,-0.02,0.28,617.57,1036.0,-61.34,1766.62
LTFM,OERK,0,119,24.94,43.84,-13.22,113.94,0.03,0.08,-0.08,0.15,78.64,221.33,-198.49,380.5
LTFM,OERK,1,33,11.74,21.23,-17.34,43.3,0.14,0.13,-0.05,0.39,875.31,802.44,-184.32,2440.02
LTFM,OIIE,0,114,29.13,19.56,2.57,41.83,0.1,0.05,0.04,0.19,283.69,134.58,101.75,525.11
LTFM,OIIE,1,118,13.88,17.92,0.0,46.62,0.05,0.11,-0.0,0.18,137.39,254.14,-5.44,410.13
LTFM,OITT,0,23,65.11,117.51,16.68,76.44,0.32,0.45,0.1,0.67,756.25,1089.81,210.89,1846.46
LTFM,OITT,1,27,0.27,1.39,0.0,0.0,0.01,0.02,0.0,0.02,23.28,32.09,0.91,38.76
LTFM,OJAI,0,166,18.82,13.15,-3.18,41.45,0.02,0.09,-0.11,0.15,21.62,329.67,-572.4,486.05
LTFM,OKKK,0,201,16.42,31.72,-15.6,65.9,0.06,0.09,-0.05,0.22,279.72,441.27,-166.0,1185.2
LTFM,OLBA,0,52,-11.79,9.91,-26.06,4.67,0.0,0.04,-0.06,0.05,11.85,195.0,-282.4,298.61
LTFM,OLBA,1,130,1.8,11.69,-13.6,18.26,0.02,0.04,-0.03,0.1,112.69,238.45,-154.94,586.13
LTFM,OLBA,2,33,-4.68,10.4,-22.46,9.72,0.01,0.05,-0.06,0.09,2.37,154.31,-158.64,226.9
LTFM,OMAA,0,49,19.05,21.96,-8.08,50.88,0.05,0.08,-0.08,0.17,177.86,294.25,-232.24,756.92
LTFM,OMAA,1,34,-19.02,18.56,-38.04,19.36,-0.04,0.08,-0.15,0.1,-87.42,213.27,-377.59,274.66
LTFM,OMDB,0,120,28.18,26.81,-6.06,70.49,0.13,0.11,-0.03,0.3,1121.54,960.27,-196.82,2879.04
LTFM,OMDB,1,80,23.43,22.06,-10.44,54.3,0.14,0.11,-0.06,0.32,1049.09,853.92,-371.58,2485.45
LTFM,OMDB,2,70,16.45,20.45,-8.32,55.39,0.1,0.11,-0.04,0.3,284.1,373.1,-76.64,1074.19
LTFM,OOMS,0,74,-14.15,336.16,-7.35,59.44,-0.03,0.63,-0.07,0.15,-290.85,3630.26,-203.32,567.26
LTFM,ORBI,0,156,-18.05,29.11,-56.7,22.58,0.03,0.14,-0.15,0.33,85.84,410.58,-446.68,913.02
LTFM,ORER,0,112,68.02,93.39,-1.73,271.6,0.16,0.22,-0.05,0.63,444.77,595.01,-133.41,1701.44
LTFM,OTHH,0,136,43.7,31.59,9.52,100.95,0.14,0.11,0.0,0.31,869.26,845.18,22.25,2384.43
LTFM,RKSI,0,96,-6.99,10.2,-26.72,6.15,-0.02,0.05,-0.09,0.07,-187.53,401.82,-740.42,464.75
LTFM,UAAA,0,143,-5.58,10.55,-23.79,11.39,-0.05,0.05,-0.12,0.03,-269.08,312.59,-708.5,157.08
LTFM,UAAA,1,16,-8.82,12.89,-32.25,4.6,-0.02,0.04,-0.09,0.03,-121.04,175.05,-408.42,68.8
LTFM,UAAA,2,41,-4.42,6.71,-17.9,1.9,-0.03,0.04,-0.09,0.04,-84.83,112.67,-245.9,92.4
LTFM,UAAA,3,18,-3.75,11.97,-34.32,5.3,0.02,0.05,-0.05,0.1,50.06,131.56,-128.78,238.8
LTFM,UACC,0,51,-8.23,11.32,-24.1,7.75,0.07,0.08,-0.03,0.21,207.4,301.73,-135.05,757.5
LTFM,UACC,1,31,-12.65,13.05,-32.45,9.6,0.08,0.08,-0.04,0.22,179.49,195.31,-98.2,500.0
LTFM,UACC,2,22,-1.96,18.34,-27.73,10.64,0.07,0.09,-0.02,0.28,172.29,223.29,-47.5,670.0
LTFM,UBBB,0,174,8.57,31.72,-41.9,56.74,0.05,0.11,-0.12,0.23,87.06,375.93,-606.7,667.59
LTFM,UBBB,1,22,-21.72,27.82,-57.28,17.67,-0.06,0.08,-0.17,0.03,-305.42,372.83,-866.7,166.72
LTFM,UCFM,0,110,1.18,13.73,-15.36,24.26,-0.02,0.08,-0.13,0.12,-32.86,322.83,-390.55,520.0
LTFM,UGTB,0,62,-5.41,11.74,-28.48,7.69,0.04,0.06,-0.05,0.12,125.85,309.35,-309.5,325.27
LTFM,UGTB,1,63,-10.71,15.03,-38.04,8.83,0.0,0.05,-0.06,0.07,2.28,201.11,-200.0,229.97
LTFM,ULLI,0,30,-76.75,34.05,-115.62,-14.55,-0.23,0.1,-0.33,-0.05,-555.05,229.79,-797.88,-111.59
LTFM,ULLI,1,90,6.91,16.68,-15.84,33.18,0.09,0.08,-0.01,0.19,238.62,224.62,-38.85,538.28
LTFM,URMM,0,77,9.48,21.24,-6.82,45.4,0.05,0.08,-0.04,0.16,114.4,179.1,-84.36,368.0
LTFM,URSS,0,122,-4.72,14.14,-17.6,0.0,-0.01,0.04,-0.06,0.05,-13.59,88.89,-139.62,121.48
LTFM,UTAA,0,80,-3.6,12.21,-20.02,12.47,0.11,0.1,-0.02,0.22,265.73,239.96,-43.46,520.0
LTFM,UTSS,0,35,0.63,19.63,-22.36,38.0,-0.0,0.08,-0.11,0.1,-16.56,199.53,-267.63,252.81
LTFM,UTSS,1,18,-1.79,12.56,-24.26,11.63,0.02,0.04,-0.05,0.06,40.67,90.72,-116.0,154.91
LTFM,UTTT,0,82,-6.33,10.6,-27.18,7.27,-0.03,0.06,-0.11,0.06,-173.83,322.01,-703.76,350.75
LTFM,UTTT,1,85,-20.35,26.7,-57.68,13.6,-0.01,0.1,-0.15,0.14,-65.28,550.72,-921.3,709.72
LTFM,UUDD,0,55,-68.6,42.1,-114.36,0.0,-0.12,0.09,-0.24,0.02,-283.13,221.93,-574.4,35.31
LTFM,UUEE,0,94,-89.15,27.01,-119.58,-39.26,-0.13,0.14,-0.32,0.13,-319.55,672.92,-1170.0,611.0
LTFM,UUEE,1,25,-66.38,34.89,-103.08,-18.14,-0.05,0.14,-0.26,0.18,-59.46,693.94,-1072.0,780.0
LTFM,UUEE,2,61,-92.95,28.46,-123.9,-41.6,-0.05,0.17,-0.27,0.3,17.53,772.46,-800.0,1690.0
LTFM,UUWW,0,156,0.26,21.68,-13.75,11.12,-0.0,0.08,-0.07,0.08,-14.47,469.5,-379.3,457.72
LTFM,UUWW,1,26,-12.16,7.66,-24.15,-2.12,-0.02,0.03,-0.08,0.02,-120.4,165.06,-497.68,62.75
LTFM,UUWW,2,45,-73.47,41.56,-117.18,0.0,-0.15,0.11,-0.31,0.01,-369.59,266.38,-745.86,30.22
LTFM,UUWW,3,18,-5.67,32.79,-42.18,56.13,-0.04,0.13,-0.17,0.2,-119.18,415.25,-537.82,605.93
LTFM,VABB,0,76,4.31,16.64,-13.3,25.95,-0.03,0.11,-0.13,0.13,-245.39,856.13,-940.9,976.65
LTFM,VIDP,0,60,3.34,11.52,-8.28,14.91,-0.05,0.04,-0.11,0.02,-394.2,320.15,-877.1,125.7
LTFM,VTBS,0,38,0.11,12.21,-17.94,20.46,-0.07,0.06,-0.15,0.04,-454.48,393.34,-904.1,249.76
LTFM,VTBS,1,23,2.19,8.46,-13.34,11.26,-0.1,0.04,-0.15,-0.05,-614.54,226.68,-900.35,-333.26
LTFM,WMKK,0,64,3.42,15.31,-18.0,33.53,-0.01,0.14,-0.13,0.08,-58.14,762.26,-735.18,427.83
LTFM,WSSS,0,74,2.4,9.11,-11.99,17.99,0.07,0.05,0.01,0.15,439.36,273.94,53.56,871.09
LTFO,LTAC,0,60,15.53,19.94,-2.64,61.39,0.12,0.08,0.02,0.27,279.46,192.91,40.0,640.0
LTFO,LTFJ,0,116,-14.27,24.09,-51.72,19.1,0.01,0.13,-0.16,0.23,23.02,313.04,-381.25,565.83
LTFO,LTFM,0,25,-30.99,21.63,-67.28,-1.16,-0.0,0.33,-0.13,0.11,4.37,796.47,-320.0,228.0
LTFO,LTFM,1,130,-45.97,23.09,-69.28,0.0,-0.1,0.09,-0.2,0.05,-241.96,239.12,-500.0,117.25
LUKK,EPWA,0,60,-13.66,20.34,-42.82,19.04,-0.04,0.07,-0.14,0.05,-67.04,124.69,-274.12,96.06
LUKK,LLBG,0,56,9.48,26.12,-5.1,33.7,-0.02,0.1,-0.15,0.12,-42.19,249.01,-364.35,311.42
LUKK,LROP,0,86,-39.62,8.96,-52.75,-19.67,-0.25,0.06,-0.33,-0.13,-227.7,48.73,-299.38,-151.45
LUKK,LTAI,0,40,-4.08,14.56,-25.34,14.23,0.05,0.07,-0.05,0.17,126.05,195.25,-115.0,387.05
LUKK,LTAI,1,21,3.73,21.88,-13.7,22.0,0.1,0.08,0.03,0.2,271.59,211.86,83.3,560.0
LUKK,LTAI,2,21,-0.21,42.11,-38.4,30.0,0.06,0.24,-0.05,0.12,155.75,567.25,-120.0,280.0
LUKK,LTFM,0,106,-16.83,17.54,-41.7,11.9,0.0,0.09,-0.08,0.13,6.06,237.57,-233.38,326.7
LUKK,UDYZ,0,75,-24.58,36.6,-51.51,22.09,-0.08,0.09,-0.2,0.07,-208.43,221.97,-488.87,166.63
LWSK,LOWW,0,60,-1.58,20.39,-28.76,39.87,0.03,0.06,-0.06,0.15,66.58,140.76,-127.08,303.75
LWSK,LTFM,0,43,-34.67,12.67,-51.91,-7.29,-0.06,0.1,-0.15,0.04,-156.45,279.21,-356.67,113.2
LWSK,LTFM,1,17,-35.24,15.13,-51.98,-10.34,-0.06,0.08,-0.15,0.06,-154.15,209.85,-392.06,150.0
LWSK,LYBE,0,55,-11.28,23.77,-45.44,29.66,-0.02,0.11,-0.18,0.18,-21.59,98.87,-162.1,149.33
LXGB,EGKK,0,56,14.15,12.05,-5.7,35.52,0.13,0.11,-0.02,0.32,298.99,250.05,-49.65,718.8
LXGB,EGLL,0,63,14.08,11.15,-2.06,30.3,0.09,0.1,-0.09,0.27,235.88,251.49,-217.71,663.16
LYBE,EDDF,0,27,-25.46,24.13,-55.44,14.93,-0.16,0.09,-0.29,-0.07,-396.47,224.03,-719.88,-143.65
LYBE,EDDF,1,54,-7.11,18.2,-40.78,14.16,-0.09,0.08,-0.25,0.0,-216.16,192.17,-613.12,5.49
LYBE,EDDF,2,27,-9.03,26.33,-34.54,14.88,-0.1,0.11,-0.25,0.08,-230.55,255.65,-599.63,198.31
LYBE,EDDM,0,53,20.85,16.67,-0.76,51.68,-0.01,0.07,-0.12,0.12,-16.19,152.66,-287.16,241.62
LYBE,EHAM,0,18,10.17,10.43,-5.35,25.76,0.03,0.06,-0.06,0.11,78.52,140.05,-131.72,248.6
LYBE,EHAM,1,67,16.15,13.5,-1.93,39.68,0.09,0.06,0.01,0.18,208.8,125.28,14.27,403.55
LYBE,EHAM,2,16,12.78,8.65,0.22,27.7,0.04,0.05,-0.02,0.13,85.34,127.02,-54.22,304.15
LYBE,LATI,0,59,-16.42,32.9,-40.42,10.75,-0.03,0.14,-0.17,0.11,-14.73,266.15,-317.44,244.85
LYBE,LCLK,0,52,-5.25,12.41,-23.79,13.3,0.03,0.08,-0.08,0.13,76.86,197.83,-208.34,332.7
LYBE,LCLK,1,15,2.05,17.68,-34.73,22.05,0.08,0.08,-0.07,0.15,204.99,204.39,-168.0,427.99
LYBE,LDZA,0,60,3.52,11.38,-15.72,18.18,0.01,0.06,-0.07,0.08,12.7,96.46,-59.22,72.69
LYBE,LEBL,0,50,-1.72,13.98,-30.91,21.8,-0.0,0.08,-0.16,0.13,-2.1,211.33,-342.52,343.18
LYBE,LEBL,1,19,5.55,25.5,-27.38,35.78,0.02,0.09,-0.14,0.13,62.71,240.13,-385.03,351.07
LYBE,LFPG,0,17,-10.63,18.77,-38.76,21.92,0.01,0.05,-0.06,0.08,29.63,118.84,-133.22,177.88
LYBE,LFPG,1,19,-2.54,13.04,-15.65,25.48,0.03,0.08,-0.09,0.15,66.64,192.45,-219.72,341.78
LYBE,LFPG,2,25,-8.25,7.31,-20.06,1.08,0.04,0.06,-0.03,0.13,98.08,146.23,-63.9,287.14
LYBE,LGAV,0,57,-9.43,22.93,-36.16,30.48,0.02,0.11,-0.11,0.18,39.19,256.79,-281.2,439.52
LYBE,LGAV,1,20,-16.21,16.06,-31.48,9.12,-0.08,0.08,-0.19,0.03,-196.98,194.92,-474.3,74.09
LYBE,LHBP,0,61,-33.4,17.53,-60.0,-4.5,-0.06,0.07,-0.17,0.05,-56.88,68.15,-149.8,48.0
LYBE,LIRF,0,63,-39.69,20.01,-57.28,4.67,-0.12,0.07,-0.23,0.01,-287.43,178.1,-513.39,33.87
LYBE,LJLJ,0,59,4.77,6.11,-0.71,14.94,-0.01,0.08,-0.12,0.1,-14.85,120.88,-130.81,111.56
LYBE,LOWW,0,155,10.14,23.68,-28.56,51.55,0.02,0.1,-0.15,0.17,58.5,156.44,-159.11,300.0
LYBE,LROP,0,51,-46.11,12.38,-54.95,-19.5,-0.21,0.11,-0.42,-0.03,-197.1,121.49,-368.3,-66.65
LYBE,LSZH,0,74,14.81,19.61,-27.26,39.83,0.05,0.13,-0.12,0.26,110.7,297.88,-280.65,500.47
LYBE,LSZH,1,30,14.45,12.58,-4.77,33.13,0.05,0.06,-0.03,0.13,109.16,117.2,-79.54,291.27
LYBE,LSZH,2,16,-14.21,29.5,-81.25,9.38,-0.02,0.12,-0.19,0.12,-43.64,263.93,-436.32,270.08
LYBE,LSZH,3,17,15.73,15.65,-6.38,39.78,0.05,0.08,-0.06,0.17,94.16,174.01,-138.48,352.16
LYBE,LTFM,0,17,-45.29,13.05,-59.66,-23.5,-0.11,0.05,-0.17,-0.04,-242.36,115.69,-388.0,-80.66
LYBE,LTFM,1,60,-32.97,19.31,-52.26,0.53,-0.01,0.12,-0.13,0.12,-19.26,345.59,-447.66,507.5
LYBE,LTFM,2,42,-43.52,29.47,-87.78,-11.69,-0.06,0.08,-0.2,0.05,-147.07,202.58,-480.0,137.67
LYBE,LTFM,3,48,-31.16,12.78,-51.04,-7.22,-0.05,0.08,-0.18,0.07,-132.64,212.72,-479.0,167.45
LYBE,LWSK,0,55,-19.98,9.61,-31.23,-2.05,-0.14,0.1,-0.33,-0.03,-129.26,80.81,-277.69,-38.1
LYBE,LYPG,0,150,-3.93,11.68,-18.17,2.35,-0.01,0.09,-0.09,0.08,-31.44,139.0,-174.92,172.97
LYBE,LYTV,0,175,-0.1,9.45,-11.38,7.26,-0.02,0.06,-0.11,0.05,-56.11,108.18,-244.22,77.39
LYBE,OMDB,0,42,10.37,18.37,-13.1,39.62,0.07,0.07,-0.05,0.2,138.55,157.46,-101.18,413.11
LYBE,OMDB,1,17,9.26,20.99,-13.72,42.1,0.06,0.09,-0.03,0.17,132.86,179.78,-67.4,357.02
LYBE,UUEE,0,61,10.87,20.27,-4.6,30.8,0.14,0.09,0.02,0.28,329.02,213.48,34.8,666.6
LYPG,EPWA,0,53,-17.77,21.95,-38.0,13.74,-0.05,0.08,-0.13,0.06,-93.85,166.03,-271.14,128.28
LYPG,LOWW,0,70,18.48,13.84,-0.13,46.55,0.08,0.04,0.02,0.13,191.77,99.27,41.7,333.3
LYPG,LTFM,0,68,-37.33,17.83,-61.78,-8.44,-0.04,0.11,-0.15,0.1,-90.64,261.06,-368.71,197.19
LYPG,LYBE,0,147,-3.68,15.19,-24.1,27.81,0.02,0.06,-0.06,0.15,46.19,133.95,-125.34,333.47
LYTV,LTFM,0,32,-39.38,13.59,-59.56,-18.54,-0.04,0.09,-0.14,0.08,-82.55,185.65,-324.5,147.0
LYTV,LTFM,1,23,-40.47,28.25,-80.99,4.36,-0.03,0.11,-0.18,0.19,-62.56,258.46,-394.97,499.5
LYTV,LYBE,0,143,-12.64,25.91,-67.36,22.5,-0.01,0.08,-0.16,0.1,-28.21,161.17,-358.87,209.99
LYTV,LYBE,1,17,-10.92,18.13,-31.02,19.24,-0.02,0.07,-0.1,0.11,-53.09,147.32,-216.48,244.9
LYTV,LYBE,2,17,-13.58,22.79,-38.18,26.82,-0.03,0.05,-0.11,0.04,-47.7,100.71,-211.28,95.04
MDSD,LEMD,0,36,-15.88,16.18,-36.15,12.28,0.0,0.19,-0.28,0.28,-10.86,1120.35,-1654.15,1593.48
MDSD,LEMD,1,36,-3.22,28.41,-44.78,27.45,0.06,0.16,-0.18,0.27,310.89,955.08,-1061.7,1421.6
MMMX,EGLL,0,30,21.51,16.98,-3.96,52.42,0.18,0.13,0.04,0.36,969.79,723.3,210.0,1960.96
MMMX,EGLL,1,27,18.23,19.19,-9.42,46.71,0.18,0.13,-0.04,0.39,987.51,732.54,-241.69,2157.45
MMMX,EHAM,0,35,6.42,13.72,-8.72,28.5,0.09,0.11,-0.08,0.24,474.03,610.22,-447.34,1306.55
MMMX,EHAM,1,24,13.52,21.97,-20.47,47.03,0.12,0.09,-0.03,0.25,663.97,475.91,-164.32,1365.29
MMMX,LEMD,0,63,-9.69,19.23,-42.89,14.74,0.07,0.12,-0.08,0.28,395.71,693.65,-474.16,1639.93
MMMX,LEMD,1,37,-4.24,16.03,-28.06,22.62,0.06,0.07,-0.04,0.17,318.74,415.26,-211.92,974.24
MMMX,LEMD,2,49,-8.46,22.13,-39.48,26.64,0.02,0.09,-0.12,0.13,107.95,489.34,-714.02,714.66
MMMX,LFPG,0,18,6.03,13.98,-6.11,32.54,0.08,0.07,-0.05,0.16,544.1,477.96,-302.09,1242.4
MMMX,LFPG,1,44,-7.72,21.07,-48.7,22.45,0.02,0.13,-0.22,0.22,120.64,756.73,-1230.98,1215.67
MMMX,LFPG,2,27,-7.31,35.98,-63.57,27.98,0.07,0.15,-0.09,0.3,435.82,911.02,-514.38,2139.73
MMUN,EGKK,0,30,16.63,18.62,-10.52,48.89,0.1,0.15,-0.15,0.3,663.34,960.68,-810.93,2009.82
MMUN,EGKK,1,26,8.6,19.6,-15.08,34.52,0.16,0.21,-0.07,0.43,967.34,1271.01,-338.67,2846.23
MMUN,LEMD,0,50,-17.07,24.55,-58.9,21.4,0.05,0.08,-0.06,0.2,261.69,444.9,-331.61,1127.74
MUHA,LEMD,0,70,-4.5,20.16,-26.67,25.37,0.01,0.12,-0.16,0.18,29.51,673.74,-987.56,1020.83
OBBI,EDDP,1,29,-51.09,33.64,-88.34,-0.3,-0.09,0.08,-0.2,0.03,-618.07,587.92,-1492.0,251.34
OBBI,EGLL,0,23,5.54,10.86,-10.35,26.94,0.14,0.12,0.01,0.36,833.37,650.55,76.79,2020.0
OBBI,EGLL,1,67,16.5,16.81,-4.92,43.81,0.22,0.11,0.09,0.42,1240.11,595.47,565.62,2348.68
OBBI,LTFM,0,27,-15.44,19.52,-40.68,14.02,-0.0,0.1,-0.19,0.15,-4.01,237.5,-447.85,337.75
OBBI,LTFM,1,32,-42.87,19.42,-60.68,-8.57,-0.11,0.08,-0.23,0.01,-311.26,207.07,-623.33,14.72
OBBI,LTFM,2,18,-9.73,24.78,-35.3,44.92,0.02,0.09,-0.09,0.18,57.88,277.65,-266.55,499.76
OEDF,LTFJ,0,29,-28.74,18.76,-54.1,4.86,-0.07,0.1,-0.23,0.05,-174.83,243.1,-575.0,133.38
OEDF,LTFJ,1,19,-10.41,33.84,-49.12,52.85,-0.07,0.12,-0.2,0.07,-172.84,289.9,-499.97,161.0
OEDF,LTFJ,2,16,-24.97,17.48,-45.1,12.77,-0.01,0.07,-0.09,0.12,-27.99,168.54,-201.2,287.02
OEDF,LTFM,0,50,-28.65,26.08,-57.12,22.2,-0.05,0.12,-0.19,0.1,-123.89,325.19,-513.3,398.5
OEJN,GMMN,0,18,-0.71,14.82,-26.7,17.32,0.05,0.09,-0.05,0.19,269.04,447.8,-258.8,1008.94
OEJN,GMMN,1,45,-0.75,14.6,-19.92,20.22,0.14,0.09,0.02,0.28,887.82,633.49,102.4,1746.1
OEJN,LTFJ,0,20,-24.13,27.33,-62.22,25.82,-0.04,0.1,-0.18,0.09,-101.6,240.93,-425.53,205.02
OEJN,LTFJ,1,82,-23.21,17.94,-42.68,8.23,-0.05,0.09,-0.18,0.12,-120.32,211.68,-458.3,278.5
OEJN,LTFM,0,207,-14.07,22.78,-45.17,28.69,-0.02,0.16,-0.32,0.21,51.36,693.94,-826.7,1136.7
OEMA,LTFM,0,69,-17.52,21.97,-48.2,17.62,0.03,0.13,-0.09,0.16,52.51,377.27,-455.34,441.8
OEMA,LTFM,1,30,-8.59,31.58,-40.84,38.12,0.12,0.16,0.01,0.4,768.75,972.23,52.94,2482.76
OERK,EGLL,0,71,12.23,20.01,-12.25,47.2,0.25,0.14,0.03,0.46,1924.84,1067.51,217.65,3594.5
OERK,EGLL,1,24,3.41,14.35,-15.81,30.64,0.26,0.12,0.09,0.42,2005.72,975.0,687.38,3262.27
OERK,EGLL,2,25,-6.97,23.75,-38.82,35.34,0.1,0.13,-0.08,0.29,727.76,948.23,-540.86,2285.8
OERK,LTFJ,0,73,-25.68,28.69,-60.14,16.56,-0.01,0.18,-0.18,0.15,-37.88,393.44,-445.18,355.72
OERK,LTFJ,1,31,-37.64,16.86,-59.2,-7.9,-0.11,0.14,-0.26,0.1,-276.95,348.39,-650.0,246.25
OERK,LTFM,0,64,-31.54,22.85,-65.68,5.26,-0.01,0.09,-0.14,0.11,-18.7,225.32,-341.8,257.56
OERK,LTFM,1,30,-4.6,22.3,-31.96,32.84,0.15,0.18,-0.02,0.39,925.58,1103.49,-141.34,2395.5
OERK,LTFM,2,52,-61.16,30.36,-85.98,-21.99,-0.15,0.09,-0.29,0.0,-362.63,223.13,-667.3,2.74
OIIE,LTAC,0,52,1.08,20.39,-38.25,36.89,0.04,0.09,-0.12,0.19,90.48,217.57,-292.32,434.57
OIIE,LTFJ,0,45,-24.53,19.33,-52.32,4.2,-0.07,0.11,-0.21,0.13,-172.9,271.51,-517.08,319.86
OIIE,LTFJ,1,23,-36.53,23.99,-68.98,-0.22,-0.13,0.08,-0.28,-0.03,-319.63,204.19,-687.64,-79.5
OIIE,LTFM,0,134,-45.35,13.87,-57.74,-17.85,-0.09,0.08,-0.19,0.04,-246.25,220.39,-525.04,118.29
OIIE,LTFM,1,98,-9.17,23.31,-54.44,2.38,-0.01,0.18,-0.19,0.19,-21.32,466.0,-507.68,476.35
OIIE,UDYZ,0,25,-0.81,11.32,-18.46,12.84,0.06,0.04,-0.0,0.11,140.48,92.73,-2.64,282.14
OITT,LTFM,0,29,-5.43,13.94,-39.78,0.0,-0.04,0.06,-0.15,0.01,-94.09,159.45,-380.26,36.24
OITT,LTFM,1,20,-41.74,13.66,-60.58,-19.4,-0.07,0.06,-0.17,0.01,-166.92,137.01,-369.3,17.88
OJAI,EDDF,0,24,-17.63,25.19,-51.82,4.53,-0.13,0.12,-0.32,0.07,-331.19,289.93,-790.59,203.09
OJAI,EDDF,1,39,-13.14,19.21,-45.16,11.19,-0.16,0.09,-0.3,-0.0,-391.11,225.46,-748.32,-11.33
OJAI,EGLL,0,51,4.94,15.22,-15.55,31.8,0.1,0.11,-0.1,0.27,297.3,342.22,-274.1,821.45
OJAI,EGLL,1,23,-118.97,618.67,-14.29,44.9,-0.07,1.35,-0.06,0.39,-657.63,6958.03,-150.41,1910.39
OJAI,LLBG,0,62,-20.75,12.38,-33.29,2.75,0.02,0.08,-0.07,0.15,58.62,227.7,-146.7,327.85
OJAI,LOWW,0,22,9.65,14.01,-6.38,28.13,0.02,0.08,-0.08,0.18,60.01,201.0,-197.66,418.52
OJAI,LOWW,1,39,-0.1,16.0,-17.08,35.47,0.01,0.09,-0.12,0.18,24.43,213.27,-300.77,439.75
OJAI,LTAC,0,60,-17.2,11.37,-26.4,0.08,0.02,0.04,-0.05,0.08,56.07,100.1,-105.0,192.61
OJAI,LTFM,0,164,-24.58,20.92,-54.96,10.92,-0.07,0.13,-0.24,0.14,-318.99,531.19,-1285.59,375.19
OKKK,EGLL,0,57,8.37,19.41,-17.36,42.58,0.19,0.13,0.02,0.43,1457.65,1018.75,140.38,3319.74
OKKK,EGLL,1,30,6.29,16.99,-14.42,41.4,0.15,0.1,0.01,0.29,934.92,600.85,88.67,1912.81
OKKK,LTCG,0,60,13.71,19.78,-15.13,48.56,0.07,0.08,-0.04,0.18,180.69,185.74,-96.78,444.15
OKKK,LTFJ,0,111,-35.3,17.88,-62.6,-6.8,-0.07,0.12,-0.22,0.11,-211.02,330.37,-677.85,267.35
OKKK,LTFJ,1,45,-16.56,24.55,-52.6,17.6,-0.09,0.12,-0.23,0.12,-236.27,337.05,-587.22,315.5
OKKK,LTFM,0,138,-39.23,21.87,-66.06,0.67,-0.11,0.13,-0.26,0.06,-477.7,564.13,-1471.55,286.71
OKKK,LTFM,1,57,-43.05,30.4,-79.26,4.86,-0.11,0.07,-0.19,-0.01,-803.63,524.38,-1419.58,-39.86
OLBA,EDDF,0,33,-22.98,15.76,-47.58,-0.74,-0.12,0.09,-0.23,0.01,-298.12,223.68,-584.76,13.88
OLBA,EDDF,1,28,0.78,42.3,-35.06,17.55,-0.23,0.2,-0.36,-0.14,-584.11,501.73,-927.8,-338.86
OLBA,EDDF,2,25,-18.79,22.38,-49.06,15.72,-0.26,0.1,-0.38,-0.07,-663.7,250.1,-959.84,-194.2
OLBA,EGLL,0,60,14.01,34.2,-12.24,46.28,0.18,0.25,-0.02,0.38,596.44,813.91,-49.93,1626.03
OLBA,HAAB,0,59,10.03,62.29,-16.4,26.8,0.12,0.2,-0.04,0.28,365.33,580.69,-195.87,1308.85
OLBA,HECA,0,159,15.02,14.51,-1.74,37.66,0.12,0.19,-0.02,0.29,354.28,834.54,-56.07,1037.83
OLBA,LCLK,0,72,-15.34,4.59,-20.3,-7.43,-0.01,0.06,-0.12,0.07,-9.66,133.97,-220.28,165.0
OLBA,LFPG,0,40,0.19,40.48,-25.6,22.44,0.09,0.35,-0.07,0.16,543.02,2099.01,-226.75,969.52
OLBA,LFPG,1,57,10.18,19.73,-9.28,40.88,0.04,0.07,-0.07,0.15,243.71,326.76,-237.76,811.66
OLBA,LGAV,0,62,17.93,8.26,8.54,31.75,0.05,0.04,-0.01,0.12,127.96,107.86,-22.59,299.93
OLBA,LTAI,0,45,-0.81,39.12,-20.52,20.92,0.06,0.17,-0.07,0.19,140.24,409.17,-157.2,452.24
OLBA,LTAI,1,40,6.52,20.39,-13.35,41.12,0.1,0.38,-0.05,0.18,233.68,874.59,-110.96,423.56
OLBA,LTFJ,0,60,-23.88,17.06,-42.32,4.38,-0.16,0.15,-0.28,-0.01,-412.14,365.0,-708.86,-14.54
OLBA,LTFM,0,215,-13.95,25.87,-46.48,19.85,-0.05,0.14,-0.19,0.1,-251.9,696.61,-1096.49,429.46
OLBA,OMDB,0,50,-15.7,21.49,-49.3,14.37,-0.05,0.09,-0.18,0.1,-120.18,199.66,-374.02,233.63
OLBA,OMDB,1,60,2.89,19.75,-30.94,36.33,0.17,0.11,0.05,0.35,1338.24,864.7,367.46,2731.08
OLBA,OTHH,0,90,-1.15,22.78,-32.26,34.28,0.02,0.1,-0.1,0.16,98.63,588.93,-586.48,937.16
OMAA,EDDF,0,58,-14.34,23.18,-47.26,25.69,-0.13,0.08,-0.26,-0.02,-748.44,503.84,-1536.68,-84.76
OMAA,EGLL,0,28,21.06,11.33,1.12,37.34,0.14,0.12,-0.05,0.3,1538.25,1329.56,-392.15,3500.8
OMAA,EGLL,1,13,20.44,17.78,-4.52,43.02,0.17,0.11,0.02,0.36,1595.14,1216.19,132.6,3371.32
OMAA,EGLL,2,35,15.46,12.53,-3.59,34.86,0.15,0.11,0.0,0.33,1149.96,1001.06,7.86,3100.01
OMAA,EGLL,3,30,19.17,11.75,3.07,38.69,0.18,0.11,0.02,0.35,1592.73,1213.49,163.0,3855.31
OMAA,EGLL,4,17,16.67,16.33,-7.32,41.34,0.15,0.11,0.01,0.32,1412.51,1325.45,106.66,3844.0
OMAA,KJFK,0,27,31.09,25.44,-5.62,65.0,0.16,0.48,-0.09,0.36,908.43,2651.5,-512.92,2061.62
OMAA,KJFK,1,33,50.23,25.81,16.34,96.78,0.22,0.13,0.0,0.41,1216.59,735.67,18.3,2272.48
OMAA,LIRF,0,17,-26.01,26.91,-55.06,25.22,-0.11,0.06,-0.17,-0.01,-784.82,434.24,-1347.64,-87.5
OMAA,LIRF,1,43,-33.65,22.29,-64.81,-2.46,-0.15,0.12,-0.33,0.03,-477.48,501.96,-1247.78,250.03
OMAA,LLBG,0,34,-17.57,14.53,-33.38,13.89,-0.1,0.07,-0.19,-0.01,-318.93,242.51,-583.38,-32.76
OMAA,LLBG,1,23,-6.38,17.19,-26.98,25.15,-0.07,0.08,-0.17,0.04,-242.28,308.82,-754.85,142.36
OMAA,LTFM,0,24,-24.48,27.33,-57.18,23.59,-0.09,0.08,-0.21,0.03,-240.48,235.62,-592.62,93.4
OMAA,LTFM,1,58,-30.79,19.99,-57.3,6.55,-0.13,0.1,-0.28,0.04,-347.31,349.06,-799.3,125.0
OMDB,CYYZ,0,22,0.17,33.17,-50.99,38.4,0.08,0.16,-0.2,0.32,414.38,1383.38,-2365.16,1993.11
OMDB,CYYZ,1,22,22.82,15.53,2.7,44.07,0.23,0.1,0.09,0.34,1238.33,539.04,504.58,1873.44
OMDB,CYYZ,2,16,14.94,22.15,-22.25,41.6,0.07,0.09,-0.09,0.2,894.99,1118.53,-1070.82,2362.5
OMDB,DAAG,0,52,25.27,19.54,0.0,62.06,0.09,0.1,-0.08,0.26,720.89,755.6,-473.83,2016.87
OMDB,EBBR,0,60,12.24,13.17,-1.44,32.03,0.09,0.06,-0.0,0.18,700.95,477.72,-39.35,1430.0
OMDB,EDDF,0,119,-11.91,21.7,-47.32,21.25,-0.04,0.07,-0.15,0.07,-301.17,595.52,-1309.02,518.27
OMDB,EDDH,0,60,-32.95,11.04,-46.32,-9.05,-0.02,0.07,-0.13,0.05,-175.89,555.14,-1014.54,415.1
OMDB,EDDL,0,60,-4.23,12.33,-21.22,14.09,0.07,0.08,-0.04,0.18,666.19,766.42,-511.34,1987.38
OMDB,EDDM,0,61,8.62,47.71,-7.8,38.8,0.04,0.14,-0.05,0.16,497.05,1644.31,-646.7,1880.0
OMDB,EGBB,0,31,-2.05,15.82,-25.05,27.5,0.06,0.11,-0.1,0.23,465.03,1116.75,-1175.0,1781.0
OMDB,EGBB,1,29,6.84,16.64,-17.52,30.4,0.03,0.1,-0.13,0.16,267.49,1127.06,-1514.68,1895.3
OMDB,EGCC,0,54,22.29,10.2,8.3,38.92,0.1,0.08,-0.01,0.22,908.79,755.75,-133.8,2187.13
OMDB,EGCC,1,35,24.42,8.81,12.09,36.12,0.11,0.09,-0.03,0.25,1268.62,992.44,-349.99,2839.32
OMDB,EGKK,0,19,16.53,16.11,-2.0,37.98,0.18,0.1,0.06,0.34,2114.56,1202.01,751.3,4063.97
OMDB,EGKK,1,25,24.0,14.62,7.8,45.96,0.2,0.13,0.02,0.43,2370.39,1584.41,282.7,5142.0
OMDB,EGKK,2,46,21.79,18.07,-0.08,52.55,0.15,0.15,-0.04,0.44,1776.23,1715.1,-504.15,4616.68
OMDB,EGLL,0,26,14.58,14.85,-8.5,35.78,0.19,0.17,0.01,0.48,1559.55,1422.74,99.75,4038.32
OMDB,EGLL,1,14,12.92,10.92,0.43,31.13,0.18,0.11,0.03,0.35,2125.84,1350.77,362.33,4179.01
OMDB,EGLL,2,31,18.78,13.81,3.05,44.45,0.24,0.12,0.06,0.46,2170.53,1244.49,693.0,3973.35
OMDB,EGLL,3,134,21.99,26.18,1.12,50.61,0.24,0.12,0.08,0.47,2634.1,1485.8,578.53,5286.14
OMDB,EGLL,4,16,20.18,23.06,-7.12,59.18,0.23,0.14,0.02,0.41,1246.56,703.35,133.8,2114.7
OMDB,EGLL,5,15,21.29,7.64,10.19,31.39,0.21,0.15,0.06,0.47,2464.0,1767.91,697.68,5682.01
OMDB,EGLL,6,35,22.38,12.33,2.52,39.5,0.16,0.1,-0.03,0.29,1897.98,1152.57,-356.69,3474.0
OMDB,EGSS,0,45,17.32,12.25,1.3,39.1,0.12,0.08,0.0,0.26,947.75,614.55,8.64,2022.78
OMDB,EGSS,1,15,-0.55,9.38,-13.65,12.07,0.09,0.08,-0.0,0.22,701.57,592.2,-14.06,1743.53
OMDB,EHAM,0,60,24.06,13.65,5.26,46.66,0.15,0.06,0.04,0.24,1231.32,536.05,338.16,1967.86
OMDB,EHAM,1,21,17.2,7.45,7.0,28.2,0.12,0.05,0.03,0.16,1093.11,513.57,300.0,1880.0
OMDB,EHAM,2,35,16.26,11.88,-2.53,35.62,0.1,0.07,-0.03,0.19,824.42,751.7,-212.31,1867.3
OMDB,EIDW,0,25,14.02,17.86,-6.68,44.56,0.09,0.11,-0.05,0.26,670.71,830.73,-402.98,2044.88
OMDB,EIDW,1,20,8.03,14.96,-12.77,26.01,0.06,0.08,-0.07,0.17,483.04,590.07,-537.01,1323.62
OMDB,EIDW,2,15,5.37,14.74,-11.2,33.09,0.06,0.07,-0.02,0.16,460.79,572.83,-166.17,1278.14
OMDB,EPWA,0,31,-19.29,15.85,-39.75,7.65,-0.03,0.05,-0.11,0.05,-70.61,118.94,-253.4,113.45
OMDB,EPWA,1,29,-6.76,14.62,-25.48,11.96,0.02,0.05,-0.07,0.1,144.71,403.18,-521.3,788.66
OMDB,KJFK,0,28,25.25,22.98,-9.84,64.97,0.1,0.12,-0.08,0.27,1228.33,1426.7,-951.84,3186.16
OMDB,KJFK,1,32,30.99,38.45,-44.64,70.6,0.22,0.17,-0.04,0.44,2634.79,2050.24,-427.98,5303.0
OMDB,LEBL,0,32,10.81,15.92,-10.39,34.38,0.23,0.18,-0.01,0.45,1796.37,1396.87,-80.92,3474.59
OMDB,LEBL,1,28,9.2,15.65,-8.98,33.95,0.04,0.06,-0.04,0.11,333.67,504.6,-347.3,889.0
OMDB,LFPG,0,88,-1.43,17.29,-37.69,27.25,0.07,0.08,-0.06,0.19,731.42,878.54,-687.16,2075.7
OMDB,LFPG,1,35,5.84,7.97,-2.93,20.18,0.18,0.07,0.07,0.3,1449.37,566.37,520.88,2325.05
OMDB,LFPG,2,28,7.52,18.13,-23.42,31.66,0.12,0.1,-0.03,0.2,1369.83,1136.51,-301.5,2246.85
OMDB,LGAV,0,33,14.57,9.97,1.54,30.62,0.12,0.05,0.06,0.2,964.48,376.34,461.48,1546.56
OMDB,LGAV,1,27,21.24,17.34,-0.84,42.6,0.14,0.07,0.06,0.22,1057.89,536.92,460.6,1700.17
OMDB,LHBP,0,16,-25.03,15.91,-42.95,-0.45,-0.01,0.05,-0.1,0.05,-29.86,103.59,-200.52,111.82
OMDB,LHBP,1,41,-9.1,16.56,-36.5,10.5,0.03,0.09,-0.11,0.16,297.28,613.03,-520.0,1222.0
OMDB,LHBP,2,16,-8.11,13.88,-33.28,6.95,-0.02,0.05,-0.08,0.08,-16.33,188.96,-181.5,279.12
OMDB,LIMC,0,55,-42.75,22.47,-72.68,-0.17,-0.13,0.09,-0.27,0.0,-1567.21,1048.12,-3260.0,39.99
OMDB,LIMC,1,21,-54.02,23.21,-89.0,0.0,-0.08,0.11,-0.23,0.07,-790.37,1190.28,-2800.0,520.0
OMDB,LIRF,0,23,-23.77,20.87,-47.27,6.52,0.0,0.1,-0.15,0.16,-8.93,985.62,-1544.0,1641.0
OMDB,LIRF,1,38,-22.75,49.53,-64.0,16.47,0.02,0.14,-0.09,0.19,93.47,878.45,-1030.0,1633.0
OMDB,LKPR,0,35,-1.29,9.48,-14.42,11.92,0.02,0.06,-0.06,0.12,195.14,411.27,-362.0,910.0
OMDB,LKPR,1,32,-11.86,11.2,-28.4,5.61,-0.02,0.06,-0.11,0.06,-47.03,121.12,-241.5,120.75
OMDB,LLBG,0,176,-21.72,14.28,-41.0,7.05,-0.04,0.08,-0.14,0.12,-23.58,383.9,-386.48,910.0
OMDB,LLBG,1,53,-19.68,13.78,-37.24,4.98,-0.0,0.09,-0.13,0.13,83.62,567.36,-721.4,1014.0
OMDB,LOWW,0,60,27.86,19.02,1.5,65.94,0.13,0.06,0.02,0.25,1051.38,496.35,130.0,1950.0
OMDB,LPPT,0,60,-4.08,20.38,-31.88,35.26,0.09,0.08,-0.03,0.22,722.91,589.03,-260.0,1690.0
OMDB,LSGG,0,21,31.77,8.63,22.4,42.2,0.04,0.06,-0.06,0.12,314.27,446.83,-437.7,933.8
OMDB,LSGG,1,19,3.13,10.31,-10.06,16.89,0.14,0.04,0.1,0.22,1100.09,347.68,790.18,1738.5
OMDB,LSGG,2,19,-1.88,11.93,-15.38,16.4,0.1,0.09,-0.05,0.2,803.14,669.32,-392.41,1527.72
OMDB,LSZH,0,36,30.04,37.06,11.38,48.65,0.1,0.09,-0.03,0.3,1064.9,914.76,-251.27,2649.25
OMDB,LSZH,1,20,24.36,8.25,7.99,37.26,0.13,0.11,0.0,0.4,831.06,687.27,16.6,2460.61
OMDB,LSZH,2,16,25.29,9.34,11.8,36.83,0.14,0.13,-0.08,0.32,849.28,794.15,-520.52,1982.28
OMDB,LSZH,3,18,22.59,9.95,7.05,38.61,0.11,0.1,0.01,0.32,948.66,827.1,88.08,2486.49
OMDB,LTFJ,0,103,-13.08,18.56,-40.04,12.0,-0.01,0.1,-0.15,0.17,-24.28,242.72,-373.5,420.0
OMDB,LTFM,0,126,-42.9,139.55,-58.92,13.35,-0.08,0.33,-0.22,0.14,-709.4,3808.71,-1589.98,982.5
OMDB,LTFM,1,83,-21.59,25.67,-55.74,13.37,0.0,0.12,-0.17,0.17,80.0,921.48,-1126.94,1580.0
OMDB,LTFM,2,62,-40.98,21.78,-63.89,4.57,-0.05,0.11,-0.17,0.16,-106.4,380.25,-359.5,346.5
OMDB,LYBE,0,59,29.25,21.32,-4.05,65.98,0.08,0.08,-0.05,0.2,168.55,171.64,-95.83,424.45
OMDB,OLBA,0,110,-56.49,18.62,-82.73,-20.8,-0.1,0.09,-0.23,0.05,-351.51,404.4,-864.16,401.36
OMDB,UBBB,0,105,-43.03,23.75,-73.46,5.24,-0.08,0.07,-0.15,0.05,-190.84,184.12,-426.64,102.68
OMDB,UGTB,0,63,23.31,14.51,2.36,40.59,0.08,0.05,-0.02,0.16,173.27,119.41,-33.1,347.0
OMDB,UUDD,0,68,5.71,12.83,-11.96,25.28,0.07,0.07,-0.04,0.19,859.2,880.75,-318.1,2224.14
OMDB,UUEE,0,39,-52.49,26.61,-78.08,0.58,-0.09,0.17,-0.29,0.19,-208.74,398.68,-690.07,448.0
OMDB,UUEE,1,21,-58.68,10.67,-67.9,-48.2,-0.05,0.16,-0.22,0.22,-86.13,450.21,-529.3,520.0
OMDB,UUWW,0,170,-2.75,5.74,-11.56,6.46,-0.06,0.03,-0.11,-0.01,-141.64,82.34,-264.8,-14.87
OMSJ,LTFJ,0,36,-2.74,22.79,-45.25,27.88,0.03,0.11,-0.1,0.19,65.93,259.1,-250.0,450.0
OMSJ,LTFJ,1,48,-7.78,23.91,-37.85,18.6,0.02,0.2,-0.22,0.23,51.45,502.89,-600.81,583.3
OMSJ,UUDD,0,84,-4.68,6.38,-13.9,2.84,-0.01,0.07,-0.06,0.03,-23.1,173.33,-160.62,87.2
OOMS,LTFM,0,25,-38.64,17.77,-57.44,-6.58,-0.12,0.09,-0.24,0.0,-310.17,226.42,-594.08,2.74
OOMS,LTFM,1,24,-31.05,27.19,-57.27,4.76,-0.01,0.18,-0.19,0.39,2.88,705.75,-620.11,896.81
OOMS,LTFM,2,19,-43.63,24.68,-63.22,19.4,-0.03,0.11,-0.15,0.18,-69.93,246.84,-323.39,392.07
ORBI,LTFJ,0,30,-14.26,32.79,-44.28,5.84,-0.04,0.22,-0.19,0.07,-96.21,545.91,-485.78,178.08
ORBI,LTFJ,1,73,-15.87,19.26,-44.2,11.54,0.01,0.14,-0.17,0.27,22.54,341.17,-420.0,623.32
ORBI,LTFM,0,55,-44.59,17.27,-57.8,0.27,-0.13,0.07,-0.22,-0.02,-425.68,298.74,-915.55,-49.67
ORBI,LTFM,1,98,-34.07,23.08,-58.1,0.07,-0.03,0.13,-0.16,0.15,-79.99,467.65,-628.66,374.28
ORER,LTFJ,0,42,28.68,56.99,-39.24,151.73,-0.12,0.1,-0.24,0.03,-294.77,250.85,-611.74,68.61
ORER,LTFJ,1,32,56.23,81.29,-25.57,198.46,0.16,0.17,0.01,0.38,382.77,433.62,22.72,947.68
ORER,LTFM,0,84,28.9,71.54,-50.3,178.16,-0.04,0.14,-0.29,0.15,-182.87,546.76,-1726.3,408.7
ORER,LTFM,1,30,4.32,42.19,-64.31,59.39,0.07,0.09,-0.07,0.2,164.67,227.28,-178.02,446.6
OTHH,EDDB,0,60,10.85,14.62,-7.91,39.06,0.09,0.17,-0.03,0.16,498.21,990.76,-186.04,934.33
OTHH,EDDF,0,8,-8.29,17.38,-33.16,12.46,-0.08,0.14,-0.23,0.12,-536.15,772.28,-1208.42,635.04
OTHH,EDDF,1,36,-9.12,21.21,-38.83,20.28,-0.13,0.11,-0.24,0.05,-787.74,622.26,-1554.95,376.45
OTHH,EDDF,2,57,-14.59,18.86,-39.02,13.04,-0.09,0.06,-0.18,0.01,-670.19,422.44,-1341.16,40.3
OTHH,EDDF,3,26,-33.87,15.73,-59.6,-2.17,-0.14,0.08,-0.26,-0.05,-932.3,495.48,-1739.08,-394.35
OTHH,EDDM,0,69,17.18,14.09,-0.86,43.86,0.03,0.06,-0.06,0.12,186.64,358.06,-339.0,733.06
OTHH,EGCC,0,20,15.5,14.43,1.18,41.36,0.03,0.08,-0.08,0.11,182.32,510.23,-634.36,829.33
OTHH,EGCC,1,23,12.44,18.12,-14.43,39.4,0.05,0.09,-0.07,0.2,302.41,552.43,-474.15,1222.02
OTHH,EGCC,2,18,24.77,12.4,9.21,45.55,0.05,0.08,-0.07,0.17,368.51,607.14,-380.9,1108.58
OTHH,EGCC,3,16,18.25,11.01,2.92,36.38,0.09,0.12,-0.06,0.26,639.19,911.18,-410.62,1749.05
OTHH,EGKK,0,25,13.52,13.17,-6.6,35.26,0.07,0.13,-0.06,0.28,348.06,684.77,-327.04,1449.4
OTHH,EGKK,1,44,12.3,16.69,-7.78,44.39,0.09,0.11,-0.07,0.27,538.87,665.01,-460.58,1637.22
OTHH,EGLL,0,29,18.33,13.19,2.8,36.28,0.18,0.11,0.03,0.36,1564.72,1021.25,228.16,3249.06
OTHH,EGLL,1,56,19.63,13.57,4.38,50.2,0.23,0.13,0.05,0.42,2219.24,1515.12,292.47,4770.02
OTHH,EGLL,2,15,20.64,14.37,4.71,41.97,0.19,0.15,0.05,0.44,2077.54,1926.21,448.3,5225.68
OTHH,EGLL,3,46,21.55,14.56,1.25,44.65,0.21,0.13,0.03,0.38,1835.73,1219.19,228.95,4135.82
OTHH,EGLL,4,43,25.33,17.68,3.95,59.39,0.18,0.14,-0.0,0.45,1612.98,1329.16,-19.28,4549.42
OTHH,EGLL,5,25,26.51,15.9,4.14,49.64,0.17,0.14,-0.02,0.43,1647.21,1420.18,-222.26,4204.76
OTHH,EGPH,0,43,17.71,9.78,6.78,34.78,0.06,0.05,-0.01,0.15,317.47,260.26,-73.57,780.09
OTHH,EGPH,1,17,14.91,7.51,5.48,24.06,0.09,0.09,-0.03,0.24,488.3,465.4,-150.78,1238.44
OTHH,EHAM,0,24,18.77,9.34,8.65,36.38,0.1,0.07,-0.02,0.21,747.0,546.8,-126.51,1607.04
OTHH,EHAM,1,56,17.85,9.91,4.7,34.5,0.11,0.19,0.01,0.2,778.55,1124.01,39.2,1549.72
OTHH,EIDW,0,15,18.85,30.2,-10.46,69.72,0.11,0.34,-0.16,0.6,581.23,1789.53,-807.63,3101.19
OTHH,EIDW,1,24,1.03,12.63,-20.84,21.21,0.01,0.09,-0.11,0.15,41.1,474.1,-564.71,805.91
OTHH,EIDW,2,21,-2.3,20.26,-29.6,28.9,-0.04,0.06,-0.14,0.04,-227.11,310.28,-709.2,223.9
OTHH,KDFW,0,15,0.28,33.48,-55.01,50.5,-0.02,0.06,-0.1,0.07,-157.05,399.3,-720.05,459.36
OTHH,KDFW,1,26,18.82,27.41,-5.98,69.5,0.07,0.06,-0.02,0.16,403.16,345.14,-107.95,932.85
OTHH,KDFW,2,19,15.19,23.13,-2.84,52.8,0.07,0.06,-0.02,0.17,522.97,479.62,-167.45,1329.87
OTHH,KIAD,0,17,34.48,70.82,-23.24,116.66,0.18,0.17,-0.0,0.45,1203.63,1270.95,-3.92,3183.26
OTHH,KIAD,1,18,9.59,25.27,-36.38,39.86,0.12,0.09,-0.01,0.23,717.39,528.0,-70.53,1318.1
OTHH,KIAD,2,25,22.56,17.6,-3.84,48.68,0.07,0.12,-0.07,0.25,467.53,732.5,-540.4,1432.22
OTHH,KJFK,0,27,15.68,30.34,-27.77,53.11,0.1,0.17,-0.18,0.42,694.76,1254.26,-1342.98,3025.77
OTHH,KJFK,1,22,30.35,30.35,-13.01,83.01,0.17,0.14,-0.04,0.38,1142.0,987.03,-339.38,2696.24
OTHH,KJFK,2,19,19.95,21.54,-1.59,60.75,0.08,0.15,-0.19,0.33,530.72,1044.67,-1516.88,2289.52
OTHH,KJFK,3,22,24.35,29.6,-13.83,70.01,0.18,0.28,-0.12,0.37,1300.89,2162.01,-911.44,2734.44
OTHH,KLAX,0,41,-27.67,21.51,-56.4,0.9,-0.06,0.08,-0.14,0.07,-330.4,437.59,-831.3,399.6
OTHH,KLAX,1,17,14.05,25.06,0.72,44.58,0.1,0.08,0.02,0.19,591.17,444.59,89.84,1130.34
OTHH,LCLK,0,60,-28.1,15.25,-46.34,4.24,0.0,0.08,-0.13,0.12,4.36,195.02,-335.48,291.7
OTHH,LEBL,0,39,3.25,19.57,-23.48,41.13,-0.02,0.11,-0.14,0.14,-92.52,584.12,-816.88,784.11
OTHH,LEBL,1,21,-2.09,21.07,-28.2,37.5,-0.02,0.08,-0.15,0.08,-90.9,452.17,-761.2,437.0
OTHH,LEMD,0,117,12.13,20.05,-13.62,54.22,0.06,0.11,-0.09,0.23,503.01,789.94,-520.0,1716.0
OTHH,LFPG,0,89,-1.87,15.28,-32.82,16.36,0.02,0.08,-0.09,0.15,179.1,634.3,-771.58,1321.14
OTHH,LFPG,1,22,2.56,23.0,-29.66,28.04,0.02,0.09,-0.1,0.15,165.72,728.86,-742.95,1185.67
OTHH,LGAV,0,90,12.41,19.95,-7.66,43.06,0.05,0.08,-0.07,0.19,207.32,332.05,-209.76,971.04
OTHH,LIMC,0,73,-37.98,17.97,-57.44,-0.22,-0.21,0.1,-0.36,-0.09,-1292.74,573.68,-2126.7,-510.04
OTHH,LIMC,1,26,-47.79,25.38,-84.08,-8.25,-0.16,0.08,-0.25,-0.04,-1076.95,639.38,-1914.28,-240.55
OTHH,LIRF,0,16,-42.62,12.04,-54.28,-23.12,-0.19,0.08,-0.31,-0.09,-1115.34,458.51,-1825.4,-507.52
OTHH,LIRF,1,16,-30.4,21.68,-53.9,9.15,-0.15,0.14,-0.28,0.04,-929.15,776.94,-1648.52,195.0
OTHH,LIRF,2,28,-35.54,20.44,-63.15,-3.08,-0.08,0.1,-0.24,0.05,-486.86,574.79,-1416.16,355.0
OTHH,LIRF,3,17,-36.49,24.97,-66.42,5.28,-0.13,0.11,-0.28,0.01,-726.13,626.46,-1612.88,34.38
OTHH,LOWW,0,60,20.99,21.35,-5.64,59.29,0.03,0.1,-0.1,0.22,204.88,465.21,-256.25,1258.03
OTHH,LROP,0,60,-16.22,12.98,-28.54,6.48,0.01,0.21,-0.1,0.12,20.89,516.56,-252.08,302.11
OTHH,LSZH,0,60,24.13,8.46,13.54,41.32,0.11,0.09,-0.0,0.28,610.86,531.44,-15.88,1640.2
OTHH,LTFJ,0,99,-15.85,20.62,-47.01,22.11,-0.07,0.11,-0.22,0.14,-158.26,350.51,-591.73,464.56
OTHH,LTFM,0,119,-22.71,25.11,-60.11,12.05,-0.06,0.12,-0.23,0.1,-170.11,639.05,-780.0,793.0
OTHH,OLBA,0,89,-56.24,22.49,-89.1,-12.36,-0.08,0.09,-0.2,0.02,-505.44,557.88,-1253.44,108.66
OTHH,UDYZ,0,59,1.57,8.6,-5.29,14.96,0.09,0.06,0.02,0.18,252.46,156.76,68.51,462.47
OTHH,UGTB,0,60,12.4,17.49,-9.85,41.3,0.09,0.07,-0.0,0.22,236.51,178.08,-2.08,543.78
OTHH,UUEE,0,51,-11.91,8.06,-21.15,4.1,0.03,0.16,-0.11,0.32,139.94,812.38,-587.9,1690.0
RJTT,EDDF,1,60,-35.42,20.2,-59.34,1.43,-0.12,0.11,-0.33,0.06,-679.69,594.28,-1822.79,307.69
RJTT,EFHK,0,23,4.93,29.0,-50.18,45.47,-0.06,0.14,-0.24,0.14,-330.08,793.35,-1296.92,796.09
RJTT,EFHK,1,29,6.42,11.28,-0.44,24.22,0.07,0.08,-0.03,0.19,405.88,439.55,-195.26,1114.84
RJTT,EGLL,0,33,10.05,28.78,-43.88,44.92,0.08,0.16,-0.18,0.32,456.07,901.46,-982.04,1781.06
RJTT,EGLL,1,38,31.4,21.93,11.86,69.29,0.17,0.13,-0.01,0.35,1261.24,1041.45,-71.26,2692.22
RJTT,EGLL,2,61,25.89,26.27,-24.7,67.2,0.05,0.14,-0.16,0.29,286.8,919.07,-929.5,1716.0
RJTT,LFPG,0,49,1.57,21.03,-35.74,41.54,0.13,0.14,-0.11,0.32,1019.98,1070.42,-837.18,2497.7
RJTT,LFPG,1,41,-24.02,26.41,-62.5,18.9,-0.2,0.15,-0.44,0.07,-1517.43,1123.07,-3425.5,400.2
RKSI,EDDF,0,109,11.78,25.94,-28.8,49.42,0.11,0.16,-0.13,0.38,715.2,1059.14,-1001.86,2413.6
RKSI,EGLL,0,25,32.55,43.69,7.52,67.36,0.33,0.16,0.08,0.61,2185.53,915.62,601.9,3561.54
RKSI,EGLL,1,19,21.4,17.57,4.33,52.13,0.52,0.13,0.34,0.7,3018.71,737.49,1962.32,4062.69
RKSI,EGLL,2,25,44.78,30.66,19.74,56.22,0.25,0.16,0.05,0.46,2119.68,1739.34,378.28,3609.66
RKSI,EHAM,0,56,37.61,30.37,1.15,90.3,0.15,0.17,-0.16,0.39,1091.5,1125.03,-902.88,3029.58
RKSI,LFPG,0,11,30.94,26.58,-8.9,58.7,0.29,0.14,0.14,0.5,1801.03,696.78,1065.55,2907.25
RKSI,LFPG,1,22,27.57,58.88,-13.44,58.94,0.23,0.18,-0.0,0.51,1554.24,1159.96,-30.95,3249.56
RKSI,LFPG,2,26,32.21,27.22,-9.93,62.7,0.27,0.13,0.06,0.43,1659.58,766.75,377.55,2513.35
RKSI,LTFM,0,97,-4.14,33.88,-59.58,50.26,0.05,0.25,-0.32,0.47,260.09,1751.38,-2470.0,3102.0
SAEZ,LEMD,0,39,2.42,14.73,-9.67,21.65,0.01,0.15,-0.13,0.15,60.3,857.67,-775.97,860.21
SAEZ,LEMD,1,62,14.4,24.09,-7.78,61.03,-0.01,0.11,-0.18,0.17,-29.98,607.34,-1095.0,957.9
SAEZ,LEMD,2,34,17.91,19.52,-3.81,52.17,0.0,0.09,-0.17,0.12,16.17,542.76,-982.8,719.85
SAEZ,LIRF,0,51,-40.93,26.29,-86.5,-2.3,-0.18,0.09,-0.31,-0.08,-1071.39,525.01,-1820.8,-480.0
SBGR,EDDF,0,6,-86.88,21.19,-115.15,-63.62,-0.27,0.09,-0.36,-0.15,-2091.93,705.39,-2793.92,-1131.55
SBGR,EDDF,1,16,-128.75,35.35,-172.85,-65.8,-0.31,0.08,-0.43,-0.19,-2404.33,657.64,-3371.88,-1520.48
SBGR,EDDF,2,8,-50.69,14.89,-67.94,-28.46,-0.14,0.06,-0.22,-0.07,-1083.07,496.46,-1728.56,-561.92
SBGR,EGLL,0,30,20.37,25.67,-0.69,53.71,0.2,0.16,-0.04,0.4,1441.72,1155.69,-302.5,2844.49
SBGR,EGLL,1,29,18.73,11.75,0.86,41.64,0.26,0.11,0.12,0.46,1619.34,669.03,727.88,2749.02
SBGR,LEMD,0,54,18.89,27.54,-6.27,65.86,0.09,0.16,-0.2,0.32,606.24,1108.0,-1228.02,2326.1
SBGR,LEMD,1,36,3.03,31.89,-61.45,53.92,-0.11,0.17,-0.41,0.13,-683.06,1015.06,-2557.5,697.02
SBGR,LFPG,0,90,0.28,22.33,-30.6,33.54,0.06,0.16,-0.2,0.29,391.29,1000.42,-1219.74,2152.07
SBGR,LIRF,0,32,-39.29,24.74,-72.01,4.01,-0.22,0.1,-0.38,-0.1,-1272.41,629.16,-2233.83,-550.72
SBGR,LIRF,1,26,-43.18,30.99,-80.9,13.42,-0.18,0.13,-0.39,0.04,-1094.74,887.14,-2816.77,231.52
SBGR,LPPT,0,115,-10.24,22.5,-46.8,19.99,0.03,0.1,-0.13,0.21,167.16,564.79,-691.8,1164.67
SBKP,LPPT,0,23,13.23,33.18,-23.33,54.42,0.06,0.09,-0.08,0.22,314.27,482.84,-466.8,1207.5
SBKP,LPPT,1,33,7.43,25.58,-24.82,51.36,0.07,0.09,-0.07,0.21,390.04,512.47,-375.9,1135.8
SCEL,LEMD,0,27,-1.2,19.15,-26.37,29.86,0.04,0.1,-0.09,0.21,236.21,565.14,-522.68,1197.42
SCEL,LEMD,1,37,5.23,30.53,-50.6,47.12,0.01,0.13,-0.19,0.18,55.28,710.93,-1109.08,982.48
SKBO,LEMD,0,92,-1.73,22.09,-38.11,30.89,0.05,0.1,-0.09,0.17,238.04,515.74,-515.3,869.56
SKBO,LEMD,1,22,0.99,17.61,-22.98,28.73,0.04,0.14,-0.21,0.19,207.12,774.87,-1094.41,1060.19
SKBO,LEMD,2,91,-1.65,15.45,-27.75,23.55,0.06,0.1,-0.08,0.23,308.92,530.07,-481.75,1211.15
SPJC,LEMD,0,72,5.3,27.42,-37.07,57.4,0.0,0.17,-0.16,0.17,22.61,928.59,-903.75,966.78
SPJC,LEMD,1,18,6.32,20.63,-17.92,48.03,0.0,0.09,-0.12,0.15,2.78,499.69,-641.7,869.0
SPJC,LEMD,2,15,-11.31,15.61,-35.91,7.52,-0.06,0.08,-0.18,0.06,-351.91,490.22,-1081.3,313.01
SPJC,LEMD,3,28,1.19,27.19,-36.17,50.06,-0.0,0.11,-0.17,0.17,-27.89,626.82,-995.0,949.2
SVMI,LEMD,0,35,-7.32,31.07,-64.5,29.76,-0.0,0.13,-0.25,0.16,-32.54,752.36,-1497.5,872.0
SVMI,LEMD,1,15,-8.03,14.63,-33.59,10.47,-0.07,0.14,-0.33,0.11,-411.56,823.66,-1960.0,546.01
TBPB,EGLL,0,34,19.34,12.13,5.64,39.32,0.18,0.12,-0.03,0.34,1138.43,805.22,-205.89,2170.42
TBPB,EGLL,1,23,8.84,19.19,-28.91,30.3,0.19,0.13,0.03,0.39,1206.37,805.06,167.71,2428.72
TFFF,LFPO,0,21,-35.93,33.29,-60.8,1.4,-0.03,0.12,-0.24,0.14,-151.34,694.94,-1318.5,816.8
TFFF,LFPO,1,31,-12.07,23.74,-52.2,22.9,0.01,0.11,-0.15,0.2,80.59,661.08,-861.25,1240.9
TFFF,LFPO,2,29,-12.98,23.03,-48.54,26.94,0.05,0.13,-0.11,0.28,372.89,836.01,-676.66,1995.08
TFFR,LFPO,0,26,-29.52,33.03,-59.08,5.3,0.05,0.18,-0.25,0.34,366.13,1105.36,-1427.15,1982.72
TFFR,LFPO,1,32,-17.4,22.71,-57.8,12.67,0.02,0.07,-0.08,0.12,92.41,398.63,-446.4,780.35
TFFR,LFPO,2,32,-14.78,20.04,-47.41,9.36,0.06,0.18,-0.19,0.35,436.37,1093.71,-1017.68,2290.51
TNCB,EHAM,0,28,7.29,9.91,-3.21,21.49,0.16,0.11,0.01,0.35,895.81,660.59,39.86,2052.19
TNCB,EHAM,1,29,6.95,4.7,0.3,14.88,0.11,0.14,-0.12,0.33,638.83,823.76,-699.46,2029.92
TNCC,EHAM,0,24,4.12,24.14,-48.62,20.7,0.12,0.18,-0.12,0.43,803.59,1264.1,-639.7,3387.39
TNCC,EHAM,1,34,7.61,10.26,-10.78,25.09,0.15,0.12,-0.03,0.33,1114.56,904.69,-172.35,2428.19
UAAA,LTAI,0,17,-25.69,19.31,-52.34,1.08,-0.02,0.13,-0.23,0.17,-52.52,360.22,-595.06,432.82
UAAA,LTAI,1,28,-47.46,33.95,-96.43,-0.4,0.03,0.14,-0.22,0.23,97.14,357.64,-541.67,571.64
UAAA,LTFM,0,16,-50.82,19.83,-78.15,-27.25,-0.01,0.09,-0.14,0.12,-26.83,234.39,-354.2,291.65
UAAA,LTFM,1,122,-13.81,24.82,-44.02,21.34,-0.05,0.13,-0.25,0.12,-262.73,709.94,-1400.0,623.75
UAAA,LTFM,2,13,-46.75,10.99,-59.52,-31.72,0.01,0.11,-0.15,0.14,18.46,259.03,-360.0,336.0
UACC,LTAI,0,21,-39.19,21.36,-60.9,-0.6,-0.07,0.12,-0.27,0.1,-173.64,287.04,-666.7,230.0
UACC,LTAI,1,17,-28.8,22.32,-63.34,6.14,-0.09,0.07,-0.2,0.02,-357.11,449.52,-1430.0,40.34
UACC,LTFM,0,31,-21.91,31.08,-64.6,33.5,0.0,0.17,-0.22,0.3,-116.46,570.99,-1218.35,677.5
UACC,LTFM,1,33,-54.29,24.35,-76.84,-15.28,-0.1,0.15,-0.23,0.2,-447.68,778.52,-1446.7,413.0
UACC,LTFM,2,30,-18.3,16.19,-41.72,5.05,0.0,0.09,-0.15,0.13,9.37,235.78,-375.0,318.75
UACC,LTFM,3,18,-52.39,23.06,-74.16,-8.67,-0.06,0.11,-0.2,0.14,-146.67,252.61,-486.0,326.0
UBBB,LIMC,0,17,-29.31,24.15,-70.0,-1.24,-0.11,0.08,-0.2,0.01,-403.01,404.15,-1057.34,55.0
UBBB,LIMC,1,1,-65.0,,-65.0,-65.0,-0.28,,-0.28,-0.28,-1558.3,,-1558.3,-1558.3
UBBB,LTAC,0,56,-4.72,32.14,-47.78,59.3,0.01,0.1,-0.14,0.2,18.24,222.95,-350.0,420.0
UBBB,LTAI,0,50,-35.67,31.17,-67.37,33.93,-0.04,0.1,-0.18,0.13,-80.58,263.95,-462.47,314.58
UBBB,LTBJ,0,38,-8.57,20.86,-34.03,23.59,-0.13,0.08,-0.27,0.0,-301.38,186.4,-619.13,5.5
UBBB,LTBJ,1,15,-2.04,9.37,-15.14,9.98,-0.16,0.08,-0.29,-0.07,-361.69,190.1,-663.19,-157.13
UBBB,LTFJ,0,137,-38.36,30.73,-87.22,5.88,-0.09,0.13,-0.28,0.14,-225.24,330.09,-774.34,298.32
UBBB,LTFM,0,60,-20.68,30.86,-48.54,39.59,0.01,0.13,-0.13,0.15,39.79,641.46,-693.4,748.63
UBBB,LTFM,1,137,-25.5,25.88,-55.04,21.4,-0.08,0.14,-0.2,0.12,-207.66,375.6,-513.4,289.34
UBBB,OMDB,0,50,40.35,20.69,2.84,68.4,0.09,0.07,0.0,0.2,202.23,156.91,6.59,479.78
UBBB,OMDB,1,22,27.1,11.95,8.02,43.3,0.04,0.09,-0.11,0.21,102.04,212.33,-231.08,435.69
UBBB,OMDB,2,34,2.81,22.81,-34.64,31.54,0.06,0.08,-0.06,0.19,165.47,218.0,-150.79,443.1
UBBB,UBBN,0,211,-16.51,22.87,-50.8,18.85,-0.01,0.07,-0.12,0.1,-26.2,163.29,-268.3,243.3
UBBB,UBBN,1,76,0.63,8.69,-6.82,11.65,0.06,0.04,-0.0,0.12,147.04,100.37,0.0,256.7
UBBB,UGTB,0,82,-21.49,19.17,-47.16,3.19,-0.0,0.06,-0.1,0.08,-1.89,146.74,-219.42,207.06
UBBB,UGTB,1,74,0.51,16.34,-18.15,28.92,0.07,0.06,-0.02,0.17,136.54,123.54,-36.7,372.51
UBBB,UUDD,0,60,-9.62,46.08,-57.0,56.55,-0.0,0.12,-0.13,0.16,-47.56,347.33,-635.68,442.21
UBBB,UUEE,0,57,-105.87,26.65,-129.18,-37.56,-0.13,0.12,-0.32,0.05,-312.92,298.16,-768.0,137.32
UBBB,UUEE,1,33,-110.41,19.98,-128.0,-71.68,-0.08,0.13,-0.3,0.15,-190.1,311.35,-720.0,360.0
UBBB,UUWW,0,51,-4.33,37.59,-46.85,75.6,0.02,0.11,-0.12,0.22,54.04,292.45,-298.9,562.15
UBBB,UUWW,1,30,-79.11,22.58,-111.42,-41.95,-0.19,0.07,-0.26,-0.06,-448.16,167.28,-613.38,-138.0
UBBG,UUWW,0,7,-19.21,31.84,-65.12,10.22,-0.04,0.06,-0.13,0.01,-89.53,138.58,-301.29,26.23
UBBG,UUWW,1,18,-0.88,31.38,-21.94,71.08,0.02,0.07,-0.06,0.13,38.58,187.34,-137.96,323.15
UBBN,UBBB,0,211,-51.05,24.33,-87.75,-6.0,-0.09,0.07,-0.17,0.02,-201.8,154.0,-403.3,64.4
UBBN,UBBB,1,76,-29.93,14.18,-42.22,0.0,-0.03,0.05,-0.1,0.07,-61.37,126.58,-220.0,160.83
UCFM,LTFJ,0,37,-44.56,24.45,-73.36,4.52,-0.06,0.14,-0.24,0.13,-144.33,313.07,-559.6,299.04
UCFM,LTFJ,1,23,-63.31,43.54,-105.99,-23.13,-0.01,0.24,-0.23,0.42,-13.62,549.73,-529.03,969.83
UCFM,LTFM,0,83,-52.1,45.11,-81.56,-11.82,-0.03,0.23,-0.23,0.24,-185.14,719.16,-1200.0,966.67
UCFM,LTFM,1,48,-34.14,31.79,-72.54,16.6,-0.17,0.12,-0.32,-0.0,-753.75,686.28,-1800.0,-25.25
UCFM,LTFM,2,21,-32.81,25.38,-63.8,7.8,-0.06,0.11,-0.2,0.17,-312.55,571.59,-1200.0,591.7
UDYZ,LCLK,0,56,-62.93,18.43,-90.15,-34.48,-0.15,0.06,-0.25,-0.05,-384.56,155.15,-632.83,-129.05
UDYZ,LCLK,1,17,-57.3,14.91,-79.54,-34.6,-0.21,0.05,-0.3,-0.13,-484.24,119.83,-723.92,-324.98
UDYZ,LOWW,0,50,6.43,14.91,-10.79,35.8,0.01,0.08,-0.12,0.13,25.34,214.18,-309.32,318.75
UDYZ,LUKK,0,75,-17.65,18.38,-30.34,11.12,-0.05,0.06,-0.13,0.03,-137.22,146.41,-329.2,83.3
UDYZ,OIIE,0,20,22.9,15.5,1.01,37.96,0.12,0.04,0.06,0.16,278.91,88.94,138.84,401.49
UDYZ,OTHH,0,59,29.4,11.33,13.75,50.14,0.19,0.07,0.1,0.31,575.64,275.39,247.02,1070.03
UDYZ,ULLI,0,74,-46.14,45.57,-105.29,18.0,-0.05,0.14,-0.29,0.14,-113.07,339.05,-674.77,345.2
UDYZ,URMM,0,90,9.08,16.77,-15.31,30.88,0.1,0.06,0.02,0.18,225.46,128.95,38.3,404.46
UDYZ,URSS,0,65,5.69,24.41,-9.74,50.06,0.08,0.09,-0.04,0.26,203.52,231.55,-85.76,650.44
UDYZ,URSS,1,66,4.84,12.51,-7.1,35.83,0.11,0.07,0.0,0.24,247.97,174.61,0.45,557.83
UDYZ,UUDD,0,45,17.22,62.46,-18.98,131.04,0.09,0.14,-0.01,0.38,231.71,360.89,-30.8,940.68
UDYZ,UUDD,1,71,-43.08,40.59,-88.4,29.05,-0.08,0.09,-0.2,0.11,-188.98,219.09,-445.9,246.3
UDYZ,UUEE,0,95,-80.9,27.83,-119.13,-31.17,-0.07,0.14,-0.25,0.23,-173.79,338.83,-600.0,560.0
UDYZ,UUEE,1,50,-61.79,31.68,-92.34,-15.89,-0.05,0.15,-0.23,0.24,-131.32,408.04,-653.4,685.64
UDYZ,UUEE,2,55,-82.52,32.66,-128.1,-28.95,-0.0,0.12,-0.21,0.17,1.79,291.3,-492.0,466.7
UDYZ,UUWW,0,117,-55.92,37.54,-95.94,13.1,-0.13,0.09,-0.25,0.08,-317.35,226.76,-630.64,169.76
UDYZ,UUWW,1,15,31.47,92.67,-15.19,245.26,0.11,0.19,-0.05,0.51,268.43,469.85,-128.83,1271.35
UDYZ,UUWW,2,15,-49.61,31.29,-84.51,-1.73,-0.06,0.08,-0.16,0.05,-145.08,181.09,-362.08,118.99
UGSB,UGTB,0,52,-8.93,15.02,-22.49,11.93,0.01,0.07,-0.07,0.12,7.76,62.02,-56.7,99.14
UGTB,LLBG,0,80,-13.5,22.6,-41.82,19.14,-0.05,0.09,-0.2,0.1,-121.02,221.4,-480.06,238.27
UGTB,LTFJ,0,66,-28.72,23.96,-68.28,9.12,-0.06,0.09,-0.23,0.1,-168.86,244.2,-569.15,239.6
UGTB,LTFJ,1,33,-21.52,24.35,-53.72,18.74,-0.06,0.09,-0.19,0.08,-163.11,235.26,-505.36,196.02
UGTB,LTFM,0,120,-40.27,27.14,-75.48,5.6,-0.09,0.1,-0.2,0.08,-328.37,504.3,-1139.86,230.5
UGTB,OIIE,0,23,25.57,16.02,3.63,48.2,0.09,0.06,0.01,0.18,228.13,159.22,23.37,461.41
UGTB,OIIE,1,5,-2.96,15.01,-21.54,10.62,-0.01,0.03,-0.04,0.02,-29.3,87.78,-120.94,75.98
UGTB,OMDB,0,63,19.45,20.07,-12.87,48.45,0.1,0.1,-0.03,0.27,213.33,212.71,-74.88,633.62
UGTB,OTHH,0,60,25.86,13.97,0.79,47.95,0.12,0.06,0.01,0.22,311.87,154.78,26.27,547.6
UGTB,UBBB,0,96,-17.74,19.7,-38.02,23.38,-0.03,0.07,-0.12,0.07,-50.16,127.34,-224.88,166.7
UGTB,UBBB,1,50,-14.57,14.65,-35.38,11.66,-0.07,0.05,-0.15,0.01,-158.66,109.44,-330.0,20.18
UGTB,UGSB,0,52,1.46,6.82,-6.88,14.09,0.01,0.11,-0.06,0.07,5.19,92.33,-47.48,56.42
UGTB,UUWW,0,51,-78.47,25.6,-101.95,-32.8,-0.16,0.07,-0.23,-0.06,-385.99,156.17,-543.15,-145.0
UGTB,UUWW,1,43,-27.27,67.35,-88.51,26.29,0.06,0.15,-0.12,0.27,125.55,335.7,-288.43,622.82
ULLI,LTAI,0,72,0.29,17.07,-23.36,31.37,0.07,0.08,-0.06,0.21,505.03,619.64,-368.0,1677.0
ULLI,LTAI,1,60,3.3,21.26,-18.18,26.03,0.09,0.11,-0.03,0.2,199.79,235.1,-81.25,423.52
ULLI,LTAI,2,42,-39.24,37.5,-95.55,20.86,-0.15,0.12,-0.36,0.06,-364.01,297.7,-861.6,154.06
ULLI,LTAI,3,17,-33.12,41.56,-96.88,21.46,-0.17,0.13,-0.33,0.02,-412.39,317.32,-802.78,42.02
ULLI,LTFM,0,90,-21.4,20.68,-41.53,3.21,-0.02,0.08,-0.12,0.11,-62.13,232.38,-326.7,286.43
ULLI,LTFM,1,30,-36.64,36.96,-103.08,12.61,-0.16,0.22,-0.32,0.08,-389.54,528.79,-767.23,190.07
ULLI,UDYZ,0,74,-26.94,51.79,-75.5,7.75,-0.11,0.13,-0.33,0.09,-263.36,319.22,-776.36,208.34
ULLI,UMKK,0,423,6.56,14.56,-7.39,27.3,0.05,0.07,-0.05,0.16,106.61,155.14,-124.01,378.25
ULLI,UMKK,1,26,11.25,12.27,-6.25,32.38,0.08,0.06,-0.01,0.15,182.74,133.61,-32.1,381.92
UMKK,ULLI,0,270,22.72,18.98,-3.31,54.4,0.11,0.1,-0.06,0.28,258.1,237.61,-140.48,671.62
UMKK,ULLI,1,143,18.6,16.7,-4.05,45.81,0.1,0.08,-0.02,0.22,252.26,197.03,-40.14,543.64
UMKK,ULLI,2,37,22.66,15.72,-0.24,44.54,0.13,0.09,-0.03,0.24,295.04,204.13,-81.46,589.62
UMKK,UUDD,0,200,2.24,11.89,-6.31,12.53,0.02,0.06,-0.04,0.1,61.81,161.4,-103.42,241.6
UMKK,UUDD,1,20,24.67,60.2,-4.16,165.1,0.05,0.14,-0.05,0.37,142.65,401.47,-128.36,1047.44
UMKK,UUEE,0,501,-0.5,4.7,-7.4,7.3,-0.02,0.03,-0.07,0.04,-50.73,82.58,-179.2,86.7
UMKK,UUEE,1,71,2.62,4.41,-1.9,10.85,-0.0,0.06,-0.13,0.07,-8.83,152.3,-322.7,186.75
UMKK,UUEE,2,15,3.37,5.83,-4.65,13.99,0.01,0.03,-0.03,0.05,15.1,73.18,-74.94,122.43
UNNT,LTAI,0,62,-21.35,21.28,-54.36,22.82,0.03,0.15,-0.17,0.27,122.2,552.97,-710.04,1135.4
URMM,LTAI,0,67,29.44,54.42,-5.38,73.66,0.03,0.2,-0.08,0.18,64.54,449.37,-180.21,410.21
URMM,LTFM,0,77,1.35,18.23,-29.68,25.26,-0.05,0.09,-0.18,0.06,-122.56,200.43,-421.7,146.68
URMM,UDYZ,0,90,-6.55,17.69,-25.96,22.7,0.02,0.06,-0.05,0.11,56.15,127.63,-115.0,254.76
URSS,LTAI,0,67,21.27,36.93,-17.3,65.01,0.03,0.13,-0.08,0.13,73.71,310.29,-180.14,306.7
URSS,LTFM,0,122,-9.98,26.07,-39.88,41.3,-0.09,0.12,-0.22,0.15,-198.75,266.72,-498.3,339.25
URSS,UDYZ,0,108,-14.03,17.41,-42.56,9.28,-0.01,0.07,-0.1,0.1,-22.1,171.88,-254.36,246.59
URSS,UDYZ,1,24,-11.21,19.24,-32.42,23.69,0.04,0.07,-0.05,0.13,99.97,158.26,-105.6,327.14
USSS,LTAI,0,74,-22.03,16.5,-49.72,1.95,0.03,0.11,-0.14,0.23,196.2,511.43,-359.14,1234.68
USSS,LTAI,1,38,-24.87,20.77,-52.82,4.16,0.01,0.14,-0.15,0.22,-14.06,352.08,-565.3,451.58
USSS,LTAI,2,17,-26.45,20.14,-52.9,4.62,-0.08,0.16,-0.28,0.19,-282.73,601.88,-1140.22,594.88
UTAA,LTFM,0,63,-36.46,30.26,-83.53,9.64,-0.01,0.13,-0.2,0.2,-26.9,309.58,-513.39,478.07
UTAA,LTFM,1,17,-9.9,21.51,-33.22,26.48,0.01,0.12,-0.17,0.13,21.27,298.9,-456.98,339.92
UTSS,LTFM,0,34,-14.31,23.1,-49.46,14.07,0.0,0.12,-0.19,0.17,2.28,310.22,-529.71,434.2
UTSS,LTFM,1,18,-45.48,20.09,-66.54,-22.01,0.09,0.14,-0.07,0.29,233.79,340.35,-172.94,725.0
UTTT,LTFM,0,19,-44.34,26.32,-72.96,0.89,-0.15,0.09,-0.24,-0.05,-893.18,562.02,-1467.27,-67.27
UTTT,LTFM,1,53,-36.47,32.66,-71.08,2.6,-0.13,0.13,-0.28,0.04,-757.67,799.68,-1756.7,262.6
UTTT,LTFM,2,91,-92.49,34.28,-145.8,-35.7,-0.11,0.22,-0.43,0.27,-708.78,1300.41,-2600.0,1386.6
UUDD,HECA,0,25,-29.12,15.1,-46.74,-0.74,-0.05,0.21,-0.21,0.19,-125.41,493.4,-506.9,448.94
UUDD,HECA,1,35,-23.11,17.77,-45.82,5.6,-0.08,0.09,-0.2,0.09,-193.67,224.21,-477.29,210.41
UUDD,LTAI,0,76,-34.15,46.93,-89.02,17.3,-0.06,0.16,-0.29,0.15,-139.01,371.65,-689.3,354.45
UUDD,LTAI,1,38,-7.44,19.84,-38.48,17.38,-0.01,0.09,-0.12,0.14,-44.21,288.61,-505.5,452.0
UUDD,LTAI,2,30,-12.17,14.26,-33.96,3.24,-0.08,0.06,-0.18,0.02,-159.73,131.31,-385.0,44.0
UUDD,LTFM,0,56,-31.99,47.62,-109.5,15.8,-0.09,0.15,-0.28,0.08,-201.28,366.49,-668.18,181.08
UUDD,OMSJ,0,84,8.44,11.83,-9.72,32.46,0.07,0.11,-0.03,0.27,171.19,281.09,-84.29,666.01
UUDD,UBBB,0,60,4.77,63.32,-52.5,145.0,-0.03,0.07,-0.14,0.07,-116.26,307.57,-575.07,367.42
UUDD,UDYZ,0,76,-26.85,55.04,-80.62,58.65,-0.06,0.12,-0.23,0.15,-128.58,265.99,-534.05,334.98
UUDD,UDYZ,1,41,-12.08,83.82,-83.3,151.3,-0.09,0.08,-0.23,0.02,-212.56,205.76,-563.9,57.6
UUDD,UMKK,0,190,8.51,24.0,-7.83,27.15,0.01,0.09,-0.08,0.11,27.58,246.69,-209.55,290.43
UUDD,UMKK,1,26,32.96,53.26,-6.65,145.5,0.06,0.12,-0.06,0.34,156.28,348.35,-172.9,962.32
UUEE,HESH,0,38,-33.99,28.34,-73.29,12.51,-0.11,0.22,-0.4,0.17,-866.71,1041.99,-2461.72,514.32
UUEE,HESH,1,16,40.92,41.43,-4.62,111.1,0.25,0.23,-0.01,0.52,679.34,649.66,-16.35,1454.65
UUEE,LTAI,0,116,-28.62,29.43,-80.62,23.05,-0.08,0.13,-0.29,0.13,-552.87,899.44,-1782.52,963.22
UUEE,LTAI,1,29,3.37,18.92,-19.34,42.0,0.04,0.09,-0.09,0.19,83.76,192.43,-216.0,401.56
UUEE,LTAI,2,53,-4.98,16.45,-29.08,27.64,-0.06,0.08,-0.18,0.05,-408.31,526.91,-1283.34,350.0
UUEE,LTAI,3,34,-20.63,36.6,-76.66,45.47,-0.07,0.12,-0.24,0.1,-510.98,836.47,-1690.0,625.16
UUEE,LTFM,0,134,-72.39,38.96,-124.97,0.0,-0.26,0.16,-0.47,-0.03,-768.1,505.16,-1508.0,-66.0
UUEE,LTFM,1,45,-46.63,34.48,-100.68,0.08,-0.19,0.12,-0.35,-0.0,-680.85,556.31,-1974.0,-8.0
UUEE,LYBE,0,61,13.46,29.39,-11.9,46.4,-0.0,0.06,-0.1,0.06,-10.17,146.91,-209.0,147.9
UUEE,OMDB,0,60,-11.22,18.96,-30.5,21.24,0.03,0.14,-0.17,0.22,64.43,347.91,-427.44,527.53
UUEE,OTHH,0,51,11.28,17.97,-9.15,47.05,0.02,0.08,-0.1,0.15,104.71,413.37,-519.3,797.3
UUEE,UBBB,0,90,-9.92,20.53,-39.98,19.92,-0.08,0.11,-0.28,0.08,-186.85,273.76,-680.0,182.0
UUEE,UDYZ,0,200,-49.53,40.64,-97.24,14.43,-0.15,0.15,-0.3,-0.02,-367.22,394.16,-795.2,-39.34
UUEE,UMKK,0,570,-8.43,18.51,-26.26,15.56,-0.04,0.1,-0.16,0.12,-102.55,253.82,-441.44,294.33
UUEE,UMKK,1,17,-15.94,11.75,-25.62,7.16,-0.09,0.04,-0.14,-0.03,-242.62,109.17,-398.3,-76.86
UUWW,LTAI,0,63,12.17,25.46,-24.1,42.75,0.05,0.11,-0.07,0.17,119.05,266.35,-249.33,417.86
UUWW,LTAI,1,191,-11.09,18.98,-35.85,18.1,0.04,0.1,-0.07,0.21,265.53,619.52,-326.65,1365.0
UUWW,LTBS,0,34,3.5,28.85,-25.95,30.22,0.01,0.1,-0.08,0.12,106.74,731.6,-611.0,825.5
UUWW,LTBS,1,30,-18.14,25.76,-58.82,10.86,-0.11,0.11,-0.21,0.09,-254.42,270.49,-515.72,208.83
UUWW,LTBS,2,34,34.24,22.3,-8.43,59.99,0.07,0.07,-0.03,0.19,160.35,179.89,-97.9,472.96
UUWW,LTFE,0,30,25.8,15.49,3.92,61.5,0.02,0.07,-0.06,0.16,53.62,170.07,-147.94,366.06
UUWW,LTFE,1,29,-42.32,36.92,-106.44,1.92,-0.14,0.1,-0.29,-0.01,-454.96,336.75,-927.32,-31.72
UUWW,LTFE,2,28,10.6,24.78,-20.95,44.48,0.08,0.09,-0.07,0.19,270.96,363.65,-172.0,773.5
UUWW,LTFJ,0,60,3.37,23.68,-26.46,39.3,0.05,0.14,-0.12,0.38,107.1,341.35,-269.56,881.6
UUWW,LTFM,0,180,-26.89,31.29,-57.32,7.63,-0.06,0.1,-0.17,0.1,-329.24,586.49,-1033.3,520.86
UUWW,LTFM,1,45,-28.49,52.3,-89.02,9.34,-0.05,0.11,-0.24,0.07,-120.34,252.23,-556.54,168.54
UUWW,LTFM,2,19,-19.16,21.36,-40.35,18.6,-0.09,0.1,-0.23,0.05,-270.27,300.82,-723.31,158.17
UUWW,OMDB,0,171,15.27,12.97,-2.2,37.75,0.07,0.07,-0.02,0.2,171.69,164.45,-52.8,456.0
UUWW,UBBB,0,52,13.61,67.59,-53.88,151.78,-0.08,0.12,-0.24,0.08,-212.17,298.6,-601.64,199.53
UUWW,UBBB,1,30,-64.13,29.84,-110.15,-21.12,-0.11,0.08,-0.25,0.02,-255.38,201.76,-595.69,50.58
UUWW,UBBG,0,7,42.34,167.97,-59.17,293.02,0.05,0.13,-0.09,0.24,105.21,301.72,-209.61,547.41
UUWW,UBBG,1,17,61.92,101.75,-3.52,271.42,0.03,0.08,-0.08,0.17,69.23,201.12,-189.02,436.64
UUWW,UDYZ,0,125,-38.93,42.34,-94.26,25.4,-0.12,0.1,-0.29,0.02,-283.7,248.62,-688.46,51.28
UUWW,UDYZ,1,15,-27.02,96.92,-74.41,112.71,-0.1,0.05,-0.17,-0.05,-254.07,113.06,-435.97,-126.69
UUWW,UDYZ,2,7,-57.73,29.9,-101.74,-31.55,-0.05,0.06,-0.13,0.02,-128.87,145.38,-308.81,57.3
UUWW,UGTB,0,52,-70.42,23.46,-100.82,-27.06,-0.13,0.06,-0.22,-0.03,-309.87,150.32,-537.73,-75.03
UUWW,UGTB,1,44,2.6,27.73,-43.78,33.1,0.06,0.09,-0.09,0.18,131.76,199.45,-207.0,410.11
UWKD,LTAI,0,43,-23.05,23.7,-52.19,7.97,0.0,0.09,-0.13,0.11,18.75,228.94,-318.1,323.94
UWKD,LTAI,1,77,23.3,67.91,-31.74,198.2,0.12,0.12,-0.03,0.35,295.88,280.41,-63.46,828.82
UWKD,LTAI,2,19,-15.37,9.53,-28.08,0.03,0.01,0.14,-0.2,0.2,15.08,325.57,-466.33,469.26
UWUU,LTAI,0,39,-42.69,33.25,-74.86,19.32,-0.06,0.14,-0.2,0.11,-149.05,326.5,-462.0,275.53
UWUU,LTAI,1,30,-25.16,30.19,-59.08,3.41,-0.14,0.18,-0.38,0.16,-551.34,731.39,-2030.0,341.25
UWUU,LTAI,2,30,-19.42,29.54,-53.14,40.53,-0.02,0.14,-0.26,0.18,-91.2,362.19,-730.34,372.75
UWWW,LTAI,0,30,-28.66,22.63,-54.98,13.97,-0.04,0.09,-0.18,0.13,-86.69,225.52,-426.0,301.68
UWWW,LTAI,1,28,-10.89,18.15,-30.98,14.36,0.04,0.14,-0.09,0.23,92.1,305.69,-225.14,523.25
UWWW,LTAI,2,15,2.97,34.55,-43.32,58.87,-0.05,0.09,-0.15,0.11,-219.77,364.32,-890.0,231.0
VABB,EGLL,0,116,2.01,13.0,-15.28,26.02,0.11,0.13,-0.12,0.32,637.13,755.79,-697.8,1771.92
VABB,EGLL,1,81,6.63,15.02,-16.8,29.1,0.19,0.13,0.0,0.35,985.8,667.18,17.3,1925.0
VABB,EGLL,2,1,-2.6,,-2.6,-2.6,-0.12,,-0.12,-0.12,-825.0,,-825.0,-825.0
VABB,LTFM,0,45,-40.27,30.38,-77.9,6.54,-0.12,0.09,-0.23,-0.0,-872.62,626.58,-1689.56,-4.8
VABB,LTFM,1,27,-37.8,29.43,-68.34,2.56,-0.01,0.17,-0.15,0.35,-66.59,1334.23,-1136.21,2743.64
VHHH,EDDF,0,28,-6.42,32.65,-53.12,43.68,-0.05,0.13,-0.24,0.18,-294.73,776.33,-1386.4,1019.0
VHHH,EDDF,1,1,-38.9,,-38.9,-38.9,-0.23,,-0.23,-0.23,-1306.6,,-1306.6,-1306.6
VHHH,EGLL,0,71,30.11,24.02,-2.35,68.8,0.19,0.14,-0.05,0.41,1182.07,855.9,-253.6,2537.2
VHHH,EGLL,1,15,-36.99,222.73,-252.9,47.71,0.31,0.12,0.13,0.49,2184.27,798.49,1030.66,3303.66
VHHH,EGLL,2,54,27.04,19.38,7.58,70.42,0.23,0.11,0.04,0.4,1539.24,807.15,252.17,3068.65
VHHH,EGLL,3,74,29.25,71.5,-10.67,63.69,0.28,0.17,0.1,0.51,1927.37,1303.67,587.15,3688.62
VHHH,LFPG,0,4,38.07,22.33,20.78,64.09,-0.02,0.05,-0.06,0.02,-156.55,362.35,-470.2,166.97
VHHH,LFPG,1,46,-4.69,51.67,-52.22,66.92,0.07,0.15,-0.18,0.28,366.66,1016.31,-1370.42,1730.05
VHHH,LFPG,2,33,24.22,35.72,-15.72,78.54,0.15,0.14,-0.0,0.42,1137.42,1057.35,-8.46,2863.02
VIDP,CYYZ,0,30,26.69,25.32,-6.29,64.73,0.14,0.09,0.01,0.3,1068.6,717.97,86.11,2369.97
VIDP,CYYZ,1,27,12.71,31.73,-31.76,66.84,0.04,0.19,-0.1,0.22,296.2,1489.0,-770.89,1733.79
VIDP,EDDF,0,56,-20.51,22.82,-52.0,16.12,-0.11,0.08,-0.24,0.01,-608.31,442.51,-1284.88,64.95
VIDP,EGLL,0,53,18.28,17.24,-7.16,47.66,0.2,0.12,-0.0,0.4,1159.57,728.97,-11.66,2348.14
VIDP,EGLL,1,25,6.02,14.18,-16.58,32.08,0.06,0.16,-0.12,0.31,342.56,828.08,-684.1,1638.26
VIDP,EGLL,2,51,28.5,19.0,-0.15,58.55,0.14,0.14,-0.03,0.37,845.44,781.1,-191.0,2435.35
VIDP,EGLL,3,22,35.7,19.62,2.17,53.04,0.05,0.11,-0.1,0.19,261.39,613.09,-555.77,1055.8
VIDP,EGLL,4,15,16.3,19.98,-6.12,48.92,0.15,0.12,-0.01,0.3,842.01,738.59,-149.45,1717.05
VIDP,EGLL,5,30,11.18,18.77,-17.68,39.78,0.13,0.11,-0.0,0.33,670.11,599.06,-24.98,1701.98
VIDP,EGLL,6,8,12.35,29.61,-20.78,49.84,0.23,0.1,0.09,0.34,1371.45,627.63,460.36,1912.16
VIDP,EGLL,7,19,14.53,13.78,-1.95,37.2,0.17,0.06,0.09,0.27,882.89,311.21,467.04,1427.4
VIDP,KJFK,0,28,44.15,49.51,-15.33,143.97,0.05,0.19,-0.22,0.33,368.1,1497.3,-1743.1,2592.73
VIDP,KJFK,1,29,35.01,34.54,-11.46,102.68,0.14,0.12,-0.08,0.27,1084.46,961.89,-650.42,2124.2
VIDP,LFPG,0,30,-4.9,21.28,-38.92,26.18,0.05,0.07,-0.06,0.16,310.94,417.6,-334.05,970.8
VIDP,LFPG,1,52,5.4,18.25,-19.46,40.3,0.05,0.08,-0.06,0.17,283.9,444.09,-289.16,899.17
VIDP,LTFM,0,70,-31.1,30.33,-66.01,17.34,-0.06,0.15,-0.23,0.21,-441.01,1165.5,-1765.5,1658.46
VTBS,EDDF,0,60,-29.51,27.65,-75.72,15.76,-0.18,0.09,-0.33,-0.04,-1416.71,667.37,-2605.45,-325.3
VTBS,EDDM,0,60,13.93,21.13,-11.32,47.72,0.04,0.08,-0.08,0.2,203.81,485.47,-474.66,1143.98
VTBS,EGLL,0,45,14.47,20.72,-21.52,42.16,0.13,0.07,0.03,0.28,1047.13,572.16,246.1,2161.46
VTBS,EGLL,1,45,-1.0,23.25,-26.66,47.18,0.13,0.13,-0.08,0.34,997.1,997.35,-640.88,2623.0
VTBS,LSZH,0,60,13.29,18.4,-11.79,42.93,-0.02,0.1,-0.12,0.1,-127.64,746.13,-905.12,703.89
VTBS,LTFM,0,60,-50.57,37.61,-85.2,33.76,-0.22,0.13,-0.4,0.0,-1383.73,826.16,-2409.16,5.16
WMKK,EGLL,0,60,0.09,20.93,-34.93,27.7,0.22,0.13,0.04,0.44,1270.58,741.99,226.07,2566.42
WMKK,LTFM,0,58,-19.17,39.43,-56.22,41.59,-0.05,0.19,-0.23,0.09,-273.18,1049.4,-1285.82,551.99
WSSS,EDDF,0,40,-21.86,24.76,-55.76,17.32,-0.01,0.1,-0.13,0.13,-79.77,659.59,-974.75,750.62
WSSS,EDDF,1,20,-59.29,26.36,-97.74,-20.27,-0.06,0.09,-0.18,0.09,-401.38,662.45,-1440.54,708.83
WSSS,EDDM,0,52,-0.5,19.35,-40.44,27.51,0.07,0.07,-0.02,0.22,414.48,412.09,-95.48,1289.62
WSSS,EGLL,0,47,27.45,24.34,2.74,77.28,0.16,0.17,-0.13,0.5,1117.28,1130.0,-827.9,3058.68
WSSS,EGLL,1,107,5.8,26.86,-40.87,43.46,0.21,0.13,0.02,0.39,2031.02,1327.15,282.7,4152.78
WSSS,EGLL,2,16,3.52,31.96,-37.28,57.25,0.2,0.15,0.0,0.4,1552.71,1167.07,85.68,3096.2
WSSS,EGLL,3,15,18.09,18.0,-0.92,47.8,0.26,0.07,0.16,0.36,2312.99,766.01,1237.19,3583.0
WSSS,EGLL,4,24,27.37,16.78,5.48,59.64,0.26,0.11,0.09,0.43,3118.89,1371.88,1131.5,5145.3
WSSS,EHAM,0,29,19.63,14.01,3.34,46.32,0.09,0.14,-0.2,0.25,725.91,1119.46,-1587.28,1930.06
WSSS,EHAM,1,30,-8.0,14.84,-30.06,12.84,0.14,0.06,0.04,0.23,820.64,369.64,232.86,1318.12
WSSS,LFPG,0,61,-5.3,20.3,-39.7,25.6,0.14,0.1,-0.03,0.33,958.71,758.94,-221.0,2138.5
WSSS,LFPG,1,41,18.24,33.01,-19.6,79.4,0.23,0.11,0.1,0.39,1625.4,789.39,592.9,3065.8
WSSS,LSZH,0,22,32.21,18.51,9.27,67.3,0.21,0.12,0.02,0.4,1628.25,933.3,117.87,3124.47
WSSS,LSZH,1,34,6.83,19.64,-27.63,34.85,0.08,0.09,-0.06,0.21,618.27,696.8,-446.1,1674.0
WSSS,LTFM,0,31,-53.67,40.76,-94.95,12.75,-0.03,0.11,-0.15,0.12,-120.64,818.52,-938.35,910.0
WSSS,LTFM,1,44,-13.75,42.96,-58.24,67.36,0.0,0.1,-0.12,0.19,32.71,686.25,-780.0,1286.89
ZBAA,EDDF,0,19,-15.67,38.19,-87.93,26.9,-0.07,0.11,-0.22,0.06,-550.11,876.16,-1725.94,472.55
ZBAA,EDDF,1,18,-43.47,29.53,-92.64,-0.73,-0.07,0.09,-0.18,0.05,-569.24,681.35,-1413.67,408.85
ZBAA,EDDF,2,9,-7.09,36.11,-38.16,54.9,0.02,0.09,-0.08,0.16,181.77,690.31,-628.3,1276.16
ZBAA,EGLL,0,60,16.24,23.35,-2.04,54.86,0.29,0.12,0.12,0.49,1898.89,744.68,863.24,3125.17
ZBAA,LFPG,0,30,19.14,35.37,-12.04,62.81,0.25,0.13,0.05,0.47,1355.74,694.22,256.06,2596.6
ZBAA,LFPG,1,30,-1.17,26.94,-26.99,52.84,0.11,0.08,-0.01,0.26,895.27,607.51,-72.55,2016.3
ZGGG,LTFM,0,50,19.95,40.74,-29.86,73.46,-0.04,0.17,-0.22,0.19,-332.84,1288.5,-1707.78,1514.5
ZSPD,EDDF,0,46,-2.28,34.98,-47.2,34.67,-0.02,0.14,-0.2,0.18,-126.7,1082.4,-1532.38,1439.18
ZSPD,EDDF,1,37,-30.41,27.78,-63.68,10.98,-0.1,0.12,-0.34,0.04,-786.56,960.44,-2678.9,347.94
ZSPD,EDDF,2,67,-57.5,72.81,-209.35,11.47,-0.05,0.08,-0.18,0.07,-420.79,662.24,-1383.21,578.49
ZSPD,EDDF,3,19,-39.06,38.33,-79.68,4.59,-0.07,0.1,-0.21,0.13,-531.41,749.81,-1615.71,1030.68
ZSPD,EGLL,0,59,35.86,18.93,11.88,67.31,0.24,0.16,-0.02,0.47,1332.22,863.57,-97.32,2578.73
ZSPD,EGLL,1,43,7.86,43.78,-24.43,57.69,0.22,0.17,0.04,0.56,1612.32,1212.84,228.37,3420.45
ZSPD,EHAM,0,4,15.38,21.91,-10.48,34.13,0.09,0.07,0.01,0.16,734.5,552.1,91.72,1218.02
ZSPD,EHAM,1,25,30.6,16.1,9.5,61.32,0.17,0.16,-0.06,0.42,1247.22,1238.77,-491.04,2869.6
ZSPD,EHAM,2,40,-57.81,83.12,-167.18,25.61,0.13,0.09,0.02,0.31,983.45,732.81,126.07,2400.63
ZSPD,EHAM,3,42,-122.18,67.48,-175.52,13.0,0.09,0.13,-0.06,0.3,669.35,1036.41,-435.2,2324.4
ZSPD,LFPG,0,55,2.85,42.15,-71.24,63.38,0.12,0.17,-0.12,0.38,872.3,1238.73,-904.14,2838.24
ZSPD,LFPG,1,30,-51.53,74.79,-167.9,18.27,0.15,0.1,-0.03,0.29,1130.93,807.92,-201.9,2235.66
ZSPD,LTFM,0,54,-29.83,50.55,-96.9,36.12,-0.08,0.25,-0.35,0.33,-665.55,1952.8,-2730.0,2600.0
