ADEP,ADES,cluster_kmeans,n,delta_dist_nm_pooled_mean,delta_dist_nm_pooled_std,delta_dist_nm_pooled_p5,delta_dist_nm_pooled_p95,delta_duration_h_pooled_mean,delta_duration_h_pooled_std,delta_duration_h_pooled_p5,delta_duration_h_pooled_p95
BIKF,EDDF,0,26,-40.13,29.69,-93.82,7.2,-0.05,0.13,-0.24,0.14
BIKF,EDDF,1,40,-40.49,19.14,-60.54,-4.58,-0.13,0.13,-0.35,0.08
BIKF,EFHK,0,29,-2.51,8.48,-14.94,8.16,0.07,0.13,-0.18,0.24
BIKF,EFHK,1,30,-2.8,8.38,-15.34,9.28,0.06,0.1,-0.05,0.19
BIKF,EGLL,0,23,23.18,15.0,7.75,54.5,0.21,0.14,0.0,0.4
BIKF,EGLL,1,25,15.08,20.68,-4.38,58.86,0.18,0.12,0.01,0.36
BIKF,EGLL,2,31,23.42,9.27,11.5,38.75,0.17,0.15,-0.05,0.45
BIKF,EHAM,0,50,6.61,14.02,-11.46,27.84,0.12,0.1,-0.02,0.29
BIKF,EHAM,1,29,4.6,19.24,-18.42,36.34,0.08,0.11,-0.12,0.23
BIKF,EHAM,2,16,1.09,17.76,-18.58,29.28,0.08,0.17,-0.16,0.32
BIKF,EIDW,0,36,-8.39,17.9,-42.62,17.52,0.04,0.13,-0.1,0.2
BIKF,EIDW,1,18,-21.44,22.98,-41.55,14.47,-0.0,0.15,-0.16,0.29
BIKF,EKCH,0,157,-11.99,10.13,-27.14,1.3,-0.05,0.13,-0.27,0.16
BIKF,ENGM,0,89,-11.39,5.83,-19.6,-2.46,0.04,0.11,-0.17,0.18
BIKF,ESSA,0,62,4.33,9.57,-11.66,15.47,0.1,0.13,-0.16,0.32
BIKF,LFPG,0,18,5.0,21.24,-19.9,33.06,0.05,0.11,-0.06,0.23
BIKF,LFPG,1,25,2.87,15.38,-11.32,32.14,0.02,0.1,-0.13,0.16
BIKF,LFPG,2,40,-1.04,22.8,-29.04,30.78,0.02,0.13,-0.22,0.22
BIKF,LFPG,3,15,0.71,16.31,-10.78,30.08,0.05,0.12,-0.12,0.24
BIKF,LIMC,0,34,-62.43,53.12,-116.12,39.87,-0.16,0.2,-0.47,0.11
BIKF,LIMC,1,17,-73.98,23.53,-98.88,-30.84,-0.19,0.17,-0.36,0.08
BKPR,EDDL,0,41,-68.52,14.47,-86.9,-45.0,-0.11,0.14,-0.28,0.06
BKPR,EDDL,1,24,-61.95,26.13,-86.81,-3.63,-0.11,0.12,-0.26,0.09
BKPR,EDDS,0,40,-46.84,13.9,-66.97,-25.48,-0.07,0.07,-0.18,0.03
BKPR,EDDS,1,30,-54.05,11.92,-67.75,-33.85,-0.07,0.09,-0.21,0.08
BKPR,LFSB,0,61,-72.04,13.78,-89.5,-40.3,-0.13,0.09,-0.25,0.02
BKPR,LFSB,1,53,-82.8,18.7,-111.26,-49.04,-0.13,0.1,-0.29,0.05
BKPR,LOWW,0,21,-41.95,20.86,-66.8,-3.1,-0.07,0.09,-0.18,0.05
BKPR,LOWW,1,45,-41.22,14.0,-64.74,-21.84,-0.1,0.06,-0.19,-0.02
BKPR,LSGG,0,27,-22.73,9.96,-35.36,-9.24,-0.18,0.11,-0.34,-0.03
BKPR,LSGG,1,42,-54.36,11.92,-69.57,-38.95,-0.1,0.1,-0.27,0.03
BKPR,LSZH,0,24,-42.87,10.42,-62.34,-30.04,-0.13,0.12,-0.29,-0.01
BKPR,LSZH,1,78,-41.46,23.32,-65.54,4.3,-0.16,0.14,-0.34,0.06
BKPR,LSZH,2,18,-73.34,44.54,-120.58,-0.83,-0.21,0.14,-0.42,0.02
BKPR,LTFJ,0,15,-38.25,20.37,-55.73,-3.74,-0.11,0.09,-0.2,0.04
BKPR,LTFJ,1,37,-13.09,20.78,-45.26,20.94,0.03,0.14,-0.14,0.24
CYUL,EDDF,0,18,-40.51,30.33,-78.5,12.1,-0.06,0.2,-0.36,0.19
CYUL,EDDF,1,16,-50.12,51.12,-102.3,47.42,-0.1,0.39,-0.52,0.55
CYUL,EDDF,2,25,-53.21,23.9,-83.24,-10.78,-0.1,0.25,-0.44,0.29
CYUL,EDDF,3,20,-30.2,77.45,-92.05,160.92,-0.06,0.23,-0.38,0.22
CYUL,EGLL,0,33,33.43,25.99,4.08,91.96,0.32,0.18,0.06,0.59
CYUL,EGLL,1,31,34.77,38.22,-5.2,114.6,0.29,0.29,-0.07,0.88
CYUL,EGLL,2,23,31.53,53.92,-11.88,144.74,0.27,0.19,0.02,0.54
CYUL,EHAM,0,51,20.69,38.33,-20.25,85.4,0.14,0.25,-0.24,0.46
CYUL,GMMN,0,26,-0.38,31.16,-29.78,46.02,0.05,0.27,-0.38,0.45
CYUL,GMMN,1,44,0.44,29.92,-37.88,62.6,0.06,0.21,-0.28,0.37
CYUL,LFPG,0,21,-5.63,25.28,-43.6,33.4,0.09,0.26,-0.25,0.41
CYUL,LFPG,1,33,-8.17,18.16,-39.48,24.44,0.06,0.23,-0.19,0.53
CYUL,LFPG,2,48,6.18,19.24,-22.42,40.08,0.08,0.24,-0.27,0.57
CYUL,LFPG,3,65,6.65,15.23,-16.42,28.92,0.12,0.22,-0.24,0.49
CYUL,LFPG,4,6,16.27,27.75,-18.15,44.88,0.12,0.1,-0.02,0.2
CYUL,LFPG,5,19,-8.76,115.47,-94.54,297.92,0.06,0.18,-0.21,0.34
CYUL,LIRF,0,33,-33.19,45.98,-94.44,40.46,-0.06,0.29,-0.52,0.43
CYUL,LIRF,1,23,-35.41,47.16,-97.1,46.0,-0.04,0.27,-0.4,0.34
CYUL,LPPT,0,16,-17.74,168.02,-123.5,178.6,0.09,0.39,-0.34,0.6
CYUL,LPPT,1,24,-10.5,41.57,-41.86,29.43,0.08,0.29,-0.4,0.44
CYUL,LPPT,2,28,-14.98,34.05,-52.16,52.44,0.09,0.25,-0.28,0.45
CYVR,EDDF,0,20,-43.89,90.67,-122.54,109.14,-0.12,0.27,-0.52,0.23
CYVR,EDDF,1,18,-84.41,69.45,-151.94,32.39,-0.13,0.16,-0.34,0.06
CYVR,EDDF,2,18,-103.03,53.73,-152.16,20.34,-0.14,0.23,-0.46,0.23
CYVR,EDDF,3,19,-59.09,69.4,-142.69,35.89,-0.07,0.27,-0.35,0.37
CYVR,EGLL,0,16,14.1,42.84,-41.22,80.03,0.21,0.25,-0.1,0.57
CYVR,EGLL,1,22,20.33,19.03,-3.18,45.28,0.24,0.17,-0.06,0.48
CYVR,EGLL,2,21,25.51,25.11,-14.1,68.3,0.23,0.19,-0.05,0.54
CYYC,EDDF,0,15,-36.5,68.94,-119.6,76.17,-0.09,0.24,-0.33,0.23
CYYC,EDDF,1,16,-68.8,40.13,-135.85,-15.88,-0.09,0.12,-0.24,0.08
CYYC,EDDF,2,20,-40.49,54.42,-102.8,55.32,-0.12,0.17,-0.31,0.18
CYYC,EGLL,0,27,29.84,64.19,-26.83,137.62,0.28,0.2,-0.05,0.58
CYYC,EGLL,1,18,6.26,40.91,-46.03,74.44,0.22,0.16,-0.02,0.4
CYYC,EGLL,2,15,4.75,14.16,-17.46,24.76,0.25,0.14,0.06,0.44
CYYZ,EDDF,0,25,-56.13,71.65,-118.88,113.54,-0.2,0.25,-0.54,0.13
CYYZ,EDDF,1,54,-43.93,27.17,-85.6,-2.77,-0.11,0.25,-0.46,0.28
CYYZ,EDDF,2,34,-46.49,38.59,-87.17,35.9,-0.1,0.28,-0.5,0.34
CYYZ,EDDM,0,26,16.62,30.75,-22.08,58.4,0.02,0.36,-0.43,0.72
CYYZ,EDDM,1,17,20.79,20.9,-12.26,47.18,0.04,0.26,-0.26,0.46
CYYZ,EDDM,2,15,12.81,67.88,-53.95,102.89,0.03,0.21,-0.27,0.35
CYYZ,EGKK,0,25,23.26,61.73,-39.46,113.48,0.2,0.29,-0.19,0.69
CYYZ,EGKK,1,14,12.32,39.75,-25.44,90.75,0.11,0.37,-0.36,0.65
CYYZ,EGKK,2,18,21.34,28.72,-10.28,63.86,0.18,0.27,-0.12,0.67
CYYZ,EGLL,0,16,23.32,58.53,-45.68,111.05,0.3,0.29,-0.09,0.69
CYYZ,EGLL,1,39,27.17,27.92,-3.01,65.33,0.27,0.18,-0.02,0.57
CYYZ,EGLL,2,61,29.77,44.26,-18.6,131.7,0.25,0.28,-0.04,0.73
CYYZ,EGLL,3,62,31.9,29.22,0.83,60.76,0.26,0.25,-0.11,0.72
CYYZ,EHAM,0,29,11.08,63.32,-52.54,140.32,0.13,0.24,-0.15,0.55
CYYZ,EHAM,1,32,16.32,17.22,-10.32,47.3,0.12,0.21,-0.1,0.45
CYYZ,EHAM,2,8,16.29,27.4,-11.0,59.08,0.15,0.14,-0.02,0.31
CYYZ,EHAM,3,31,18.72,25.94,-9.5,68.35,0.13,0.3,-0.27,0.7
CYYZ,EIDW,0,22,-12.71,91.97,-77.18,176.86,0.02,0.38,-0.47,0.74
CYYZ,EIDW,1,36,-2.24,27.81,-38.68,36.62,0.07,0.31,-0.26,0.6
CYYZ,EIDW,2,24,9.52,134.05,-84.49,199.74,0.13,0.56,-0.41,0.51
CYYZ,EPWA,0,38,-14.85,30.41,-60.46,35.25,0.0,0.22,-0.32,0.32
CYYZ,EPWA,1,18,-26.55,30.73,-75.72,15.19,0.0,0.23,-0.34,0.29
CYYZ,LFPG,0,32,9.7,19.16,-15.12,43.64,0.1,0.33,-0.36,0.6
CYYZ,LFPG,1,24,6.13,22.86,-24.62,45.4,0.12,0.25,-0.18,0.48
CYYZ,LFPG,2,16,-2.29,43.54,-59.3,79.68,0.08,0.27,-0.32,0.45
CYYZ,LFPG,3,15,3.09,21.47,-29.98,28.15,0.13,0.29,-0.18,0.57
CYYZ,LFPG,4,21,0.17,31.27,-34.8,47.0,0.08,0.33,-0.31,0.84
CYYZ,LIRF,0,27,-31.73,50.44,-90.12,53.05,-0.04,0.29,-0.49,0.38
CYYZ,LIRF,1,20,-34.33,36.29,-84.37,10.9,-0.07,0.25,-0.37,0.33
CYYZ,LIRF,2,16,-22.46,54.04,-91.92,50.7,-0.01,0.28,-0.31,0.46
CYYZ,LPPT,0,36,-8.45,43.87,-52.4,67.68,0.1,0.28,-0.37,0.48
CYYZ,LPPT,1,37,-10.44,29.12,-51.04,36.8,0.08,0.21,-0.22,0.43
CYYZ,LPPT,2,20,-19.23,39.17,-55.87,41.64,0.07,0.24,-0.36,0.34
CYYZ,OMDB,0,19,9.65,63.93,-58.51,140.94,0.09,0.13,-0.07,0.25
CYYZ,OMDB,1,15,31.83,58.32,-28.24,151.93,0.28,0.2,0.04,0.55
CYYZ,OMDB,2,26,23.47,39.95,-51.4,80.4,0.22,0.22,-0.1,0.58
CYYZ,VIDP,0,30,34.86,68.14,-55.38,169.47,0.3,0.41,-0.34,0.88
CYYZ,VIDP,1,30,21.74,91.34,-100.5,186.95,0.06,0.32,-0.49,0.59
DAAG,EDDF,0,30,-21.44,21.97,-52.16,22.0,-0.15,0.12,-0.33,0.04
DAAG,EDDF,1,30,-32.81,24.01,-66.18,5.64,-0.15,0.13,-0.3,0.06
DAAG,EGLL,0,22,12.2,9.17,0.92,30.57,0.08,0.13,-0.11,0.27
DAAG,EGLL,1,28,4.03,9.86,-6.54,20.71,-0.0,0.14,-0.15,0.27
DAAG,LFLL,0,78,16.87,13.64,-5.06,31.54,0.05,0.06,-0.06,0.15
DAAG,LFML,0,124,18.83,24.08,2.2,42.06,0.09,0.09,-0.02,0.19
DAAG,LFML,1,20,7.74,18.17,-10.38,38.12,-0.02,0.11,-0.2,0.14
DAAG,LFPG,0,92,-10.14,11.09,-24.54,7.8,0.0,0.07,-0.1,0.12
DAAG,LFPG,1,91,-13.7,15.98,-32.85,20.9,-0.04,0.09,-0.17,0.12
DAAG,LFPG,2,146,-1.01,15.82,-18.9,28.65,0.03,0.11,-0.1,0.22
DAAG,LFPO,0,176,-0.77,11.28,-15.9,18.45,0.03,0.09,-0.09,0.19
DAAG,LFPO,1,50,4.55,16.34,-14.2,32.83,0.01,0.13,-0.13,0.25
DAAG,LIRF,0,70,-31.42,23.66,-59.82,7.45,-0.12,0.07,-0.21,-0.03
DAAG,LTFM,0,137,-12.94,18.76,-37.4,20.14,0.05,0.13,-0.13,0.26
DAAG,LTFM,1,21,-10.83,36.9,-57.5,45.9,-0.05,0.12,-0.21,0.13
DAAG,LTFM,2,22,-29.69,19.41,-50.06,12.49,-0.05,0.12,-0.2,0.15
DAAG,OMDB,0,21,10.32,10.92,-2.8,25.1,0.11,0.12,-0.03,0.33
DAAG,OMDB,1,30,13.1,15.13,-7.02,34.83,0.19,0.09,0.0,0.3
DABC,LFML,0,59,14.68,15.26,-2.01,44.89,0.06,0.08,-0.05,0.2
DAOO,LFML,0,61,11.36,17.99,-8.9,36.0,0.05,0.1,-0.09,0.19
DAOO,LFPG,0,72,-7.54,22.39,-32.48,26.49,0.0,0.18,-0.17,0.27
DAOO,LFPO,0,57,2.4,35.59,-34.94,67.14,0.01,0.14,-0.18,0.26
DIAP,GMMN,0,55,0.91,24.43,-17.22,44.66,-0.02,0.09,-0.16,0.14
DIAP,LFPG,0,52,2.6,119.45,-78.35,345.38,0.12,0.29,-0.2,0.7
DNMM,EGLL,0,21,13.78,28.71,-10.5,70.0,0.02,0.18,-0.23,0.27
DNMM,EGLL,1,22,13.95,43.31,-23.4,107.98,0.06,0.19,-0.27,0.35
DNMM,EGLL,2,17,18.45,32.18,-6.24,69.66,0.03,0.14,-0.16,0.19
DTMB,LFPO,0,68,2.31,34.7,-20.37,51.76,0.04,0.14,-0.17,0.28
DTTA,EDDF,0,22,-22.1,14.32,-42.46,2.95,-0.11,0.1,-0.27,-0.01
DTTA,EDDF,1,27,-20.22,18.94,-47.52,9.11,-0.13,0.11,-0.31,0.04
DTTA,EDDF,2,19,-24.58,19.06,-52.36,1.24,-0.09,0.11,-0.27,0.04
DTTA,EDDF,3,28,-15.84,20.98,-53.84,17.89,-0.09,0.11,-0.25,0.03
DTTA,GMMN,0,42,-2.06,12.24,-12.88,15.49,0.06,0.14,-0.16,0.26
DTTA,GMMN,1,17,-13.58,13.49,-27.0,9.76,0.01,0.14,-0.18,0.19
DTTA,GMMN,2,43,-41.83,24.69,-74.95,-2.13,-0.07,0.13,-0.3,0.11
DTTA,HLLB,0,74,14.39,9.54,3.29,29.09,0.1,0.07,-0.0,0.21
DTTA,LFLL,0,91,16.34,15.62,-5.15,35.85,0.1,0.08,0.0,0.24
DTTA,LFML,0,110,13.86,26.78,-11.91,44.16,0.12,0.14,0.0,0.23
DTTA,LFMN,0,83,0.86,8.81,-8.58,19.73,0.04,0.05,-0.04,0.12
DTTA,LFPG,0,111,-4.94,16.25,-38.05,16.15,0.04,0.09,-0.09,0.19
DTTA,LFPG,1,17,10.46,14.97,-13.7,28.7,0.06,0.11,-0.06,0.22
DTTA,LFPG,2,66,-2.04,13.56,-13.1,28.85,0.04,0.11,-0.1,0.24
DTTA,LFPO,0,214,3.83,16.95,-14.37,22.21,0.08,0.11,-0.07,0.26
DTTA,LFPO,1,25,1.99,18.59,-19.56,24.02,0.06,0.09,-0.06,0.23
DTTA,LIMC,0,58,-40.89,18.03,-55.4,-2.2,-0.13,0.09,-0.24,0.04
DTTA,LIRF,0,85,-33.73,23.22,-71.9,3.74,-0.08,0.07,-0.18,0.04
DTTA,LTFM,0,84,-14.94,38.42,-47.27,32.0,0.01,0.15,-0.16,0.24
DTTA,LTFM,1,70,-22.29,19.74,-46.11,15.76,0.0,0.12,-0.16,0.21
DTTJ,LFPG,0,79,-5.93,17.26,-33.3,16.32,0.05,0.09,-0.07,0.19
DTTJ,LFPG,1,19,29.88,102.24,-21.61,187.98,0.18,0.42,-0.07,0.51
DTTJ,LFPO,0,52,-1.48,9.6,-16.4,10.78,0.04,0.08,-0.08,0.19
DTTJ,LFPO,1,62,-3.25,13.86,-19.06,23.78,0.04,0.11,-0.13,0.25
EBBR,EDDB,0,49,6.32,14.44,-14.0,31.3,0.01,0.07,-0.07,0.1
EBBR,EDDB,1,53,4.82,16.7,-19.6,34.78,0.0,0.05,-0.07,0.09
EBBR,EDDB,2,26,8.71,17.48,-16.08,25.52,0.04,0.07,-0.06,0.14
EBBR,EDDF,0,211,-50.72,17.44,-67.95,-26.95,-0.21,0.06,-0.29,-0.12
EBBR,EDDF,1,27,-63.04,11.85,-72.51,-36.1,-0.25,0.05,-0.29,-0.16
EBBR,EDDH,0,61,-66.38,19.01,-97.3,-34.2,-0.21,0.05,-0.3,-0.14
EBBR,EDDM,0,181,7.76,12.59,-6.1,32.2,-0.05,0.06,-0.13,0.07
EBBR,EDDP,0,57,-32.48,26.05,-66.08,-0.98,-0.08,0.08,-0.19,0.08
EBBR,EDDP,1,90,-40.35,24.15,-76.83,-10.84,-0.1,0.06,-0.18,-0.01
EBBR,EFHK,0,72,-3.75,13.88,-26.03,15.78,0.04,0.09,-0.08,0.2
EBBR,EGCC,0,50,13.32,8.31,1.09,23.02,0.06,0.07,-0.01,0.18
EBBR,EGLL,0,189,9.44,11.11,0.7,30.1,0.14,0.11,0.01,0.32
EBBR,EHAM,0,121,14.71,10.83,-8.1,31.3,0.1,0.05,-0.01,0.17
EBBR,EIDW,0,142,-6.55,20.06,-26.19,29.42,-0.01,0.1,-0.13,0.14
EBBR,EKCH,0,204,-17.38,13.64,-45.08,0.45,-0.11,0.05,-0.19,-0.02
EBBR,ENGM,0,34,-24.31,15.13,-50.73,-3.86,-0.06,0.07,-0.14,0.03
EBBR,ENGM,1,18,-21.66,13.75,-45.5,-6.66,-0.06,0.05,-0.17,0.01
EBBR,ENGM,2,35,-14.44,11.57,-38.67,1.37,-0.03,0.07,-0.12,0.12
EBBR,EPWA,0,89,-43.94,18.73,-68.58,-15.8,-0.08,0.07,-0.18,0.06
EBBR,EPWA,1,39,-50.34,18.1,-69.21,-18.78,-0.17,0.07,-0.27,-0.07
EBBR,ESGG,0,28,-12.6,13.23,-40.54,1.46,-0.04,0.05,-0.11,0.02
EBBR,ESGG,1,33,-8.5,10.3,-28.9,4.32,-0.04,0.04,-0.1,0.02
EBBR,ESSB,0,71,-5.85,6.75,-21.4,1.5,-0.03,0.06,-0.12,0.07
EBBR,GCTS,0,35,-27.58,21.13,-46.38,21.51,-0.06,0.23,-0.4,0.28
EBBR,GCTS,1,34,-18.76,19.78,-42.87,18.07,-0.1,0.17,-0.34,0.13
EBBR,GMMN,0,20,18.7,17.79,-5.64,43.28,0.11,0.15,-0.11,0.29
EBBR,GMMN,1,54,3.37,17.47,-18.56,35.87,0.02,0.17,-0.23,0.3
EBBR,GMMW,0,28,14.24,15.14,-7.09,33.52,0.06,0.12,-0.15,0.27
EBBR,GMMW,1,23,17.27,15.61,1.52,40.3,0.1,0.14,-0.14,0.31
EBBR,GMTT,0,40,-2.23,23.53,-31.41,37.22,0.05,0.14,-0.13,0.23
EBBR,GMTT,1,22,-8.91,30.3,-38.54,33.93,0.03,0.15,-0.23,0.2
EBBR,KJFK,0,24,0.83,44.14,-52.7,96.48,0.08,0.26,-0.25,0.5
EBBR,KJFK,1,23,-0.55,90.53,-74.4,112.37,-0.02,0.29,-0.42,0.42
EBBR,KJFK,2,10,2.11,26.2,-22.76,44.35,0.05,0.29,-0.26,0.5
EBBR,LEAL,0,51,-3.01,7.65,-10.95,12.65,0.03,0.1,-0.15,0.16
EBBR,LEAL,1,72,-1.81,39.55,-26.56,105.32,0.04,0.14,-0.19,0.2
EBBR,LEBL,0,39,-10.65,16.29,-29.2,18.21,-0.06,0.1,-0.21,0.07
EBBR,LEBL,1,61,-1.56,19.66,-23.9,33.4,-0.03,0.09,-0.13,0.08
EBBR,LEBL,2,26,-9.07,20.51,-30.75,27.52,-0.04,0.12,-0.2,0.18
EBBR,LEBL,3,15,-4.88,13.49,-19.71,22.39,-0.02,0.09,-0.13,0.09
EBBR,LEBL,4,70,-4.11,9.53,-14.58,16.13,-0.05,0.09,-0.19,0.13
EBBR,LEMD,0,201,-3.26,25.66,-35.6,44.9,0.02,0.12,-0.16,0.24
EBBR,LEMD,1,96,-2.81,21.24,-30.42,49.65,-0.01,0.1,-0.18,0.18
EBBR,LEMG,0,83,0.24,30.95,-24.49,41.3,0.06,0.16,-0.21,0.35
EBBR,LEMG,1,29,-4.29,11.3,-17.04,15.66,0.02,0.16,-0.22,0.29
EBBR,LEMG,2,36,-1.63,15.16,-13.02,23.2,0.05,0.14,-0.1,0.28
EBBR,LEPA,0,16,-8.48,17.14,-29.35,18.32,-0.0,0.11,-0.13,0.17
EBBR,LEPA,1,46,-8.39,16.52,-28.55,20.28,-0.0,0.11,-0.23,0.14
EBBR,LEVC,0,41,-5.43,34.22,-23.8,72.2,-0.02,0.1,-0.15,0.16
EBBR,LEVC,1,17,-3.82,6.32,-13.08,8.12,0.02,0.11,-0.13,0.21
EBBR,LFBO,0,62,0.35,8.89,-13.08,12.19,-0.01,0.06,-0.09,0.08
EBBR,LFLL,0,86,-0.99,25.62,-26.42,19.85,-0.05,0.1,-0.16,0.03
EBBR,LFML,0,48,-0.85,15.17,-27.46,20.18,0.02,0.07,-0.08,0.13
EBBR,LFML,1,15,7.4,14.41,-12.14,27.07,-0.0,0.09,-0.12,0.11
EBBR,LFMN,0,48,-41.06,22.97,-74.72,-5.59,-0.19,0.09,-0.35,-0.02
EBBR,LFMN,1,41,6.83,15.7,-12.4,37.4,0.03,0.11,-0.1,0.24
EBBR,LFPG,0,78,-2.82,17.73,-26.73,25.83,0.01,0.07,-0.08,0.12
EBBR,LGAV,0,39,-3.41,19.8,-25.44,27.5,-0.01,0.14,-0.22,0.26
EBBR,LGAV,1,16,-2.09,20.87,-32.45,29.88,-0.04,0.09,-0.16,0.1
EBBR,LGAV,2,10,-31.65,13.71,-53.9,-15.38,-0.11,0.07,-0.18,0.0
EBBR,LGAV,3,27,-10.72,12.73,-26.47,8.07,-0.02,0.11,-0.18,0.11
EBBR,LGAV,4,15,-5.97,12.62,-16.68,11.57,-0.01,0.11,-0.14,0.12
EBBR,LGAV,5,7,-4.67,10.2,-17.09,8.36,-0.02,0.11,-0.14,0.12
EBBR,LGIR,0,74,-4.96,12.55,-19.3,18.94,-0.04,0.11,-0.2,0.15
EBBR,LHBP,0,50,-15.96,18.18,-32.66,6.79,-0.05,0.08,-0.17,0.06
EBBR,LIMC,0,76,-45.11,13.92,-58.95,-24.8,-0.25,0.08,-0.35,-0.14
EBBR,LIML,0,34,37.16,15.48,18.15,56.97,0.09,0.13,-0.03,0.34
EBBR,LIML,1,72,18.95,20.03,-13.08,53.55,-0.0,0.07,-0.11,0.12
EBBR,LIML,2,42,35.12,11.43,19.88,51.66,0.06,0.07,-0.07,0.16
EBBR,LIRF,0,58,-29.36,19.03,-52.53,7.94,-0.16,0.07,-0.29,-0.06
EBBR,LIRF,1,98,-22.07,22.44,-43.5,16.44,-0.1,0.09,-0.23,0.03
EBBR,LIRF,2,20,-30.2,25.36,-52.02,21.36,-0.12,0.12,-0.26,0.12
EBBR,LKPR,0,76,-12.96,13.92,-27.35,3.42,-0.05,0.06,-0.13,0.02
EBBR,LLBG,0,50,3.22,12.94,-13.18,25.37,-0.04,0.15,-0.26,0.14
EBBR,LLBG,1,14,4.46,22.32,-13.76,43.0,-0.07,0.09,-0.21,0.05
EBBR,LOWW,0,172,10.57,16.25,-7.84,37.24,0.03,0.07,-0.07,0.17
EBBR,LOWW,1,16,9.1,29.44,-20.67,53.78,0.03,0.08,-0.08,0.15
EBBR,LPFR,0,28,1.12,12.22,-10.42,22.66,-0.04,0.13,-0.21,0.13
EBBR,LPFR,1,31,-0.94,12.94,-16.35,20.65,0.02,0.11,-0.15,0.2
EBBR,LPPR,0,40,-2.48,11.16,-23.62,13.06,0.02,0.11,-0.12,0.19
EBBR,LPPR,1,34,-1.83,10.28,-14.7,12.74,0.02,0.1,-0.08,0.18
EBBR,LPPT,0,115,-8.21,24.26,-41.61,35.83,0.05,0.1,-0.11,0.2
EBBR,LPPT,1,64,-4.72,21.81,-38.14,22.33,0.01,0.1,-0.17,0.14
EBBR,LSGG,0,60,-12.67,9.54,-30.78,-1.79,-0.0,0.05,-0.09,0.09
EBBR,LSGG,1,63,-38.2,11.22,-48.38,-10.12,-0.14,0.07,-0.23,0.01
EBBR,LSGG,2,48,-36.89,12.24,-47.8,-9.55,-0.12,0.06,-0.2,-0.04
EBBR,LSZH,0,124,6.91,9.99,-5.69,28.19,0.05,0.07,-0.03,0.15
EBBR,LTAI,0,32,1.86,19.65,-27.98,35.76,0.07,0.11,-0.1,0.25
EBBR,LTAI,1,38,-0.53,20.17,-24.6,36.91,0.07,0.13,-0.16,0.25
EBBR,LTFM,0,104,-19.09,16.43,-37.08,16.68,-0.02,0.12,-0.18,0.15
EBBR,LTFM,1,27,-9.91,35.38,-34.9,15.7,0.01,0.19,-0.23,0.27
EBBR,OMDB,0,60,26.55,28.8,-6.88,87.02,0.26,0.13,0.06,0.44
EBBR,OTHH,0,69,34.83,22.65,2.42,77.06,0.15,0.11,-0.01,0.34
EBCI,EGCC,0,69,15.87,44.15,0.7,25.58,0.08,0.2,-0.02,0.18
EBCI,LEAL,0,15,-11.4,8.95,-20.76,4.13,0.07,0.07,-0.04,0.16
EBCI,LEAL,1,35,-9.42,70.18,-61.95,114.09,0.06,0.19,-0.18,0.41
EBCI,LEGE,0,55,-12.12,14.48,-25.49,9.66,-0.01,0.07,-0.11,0.1
EBCI,LFML,0,25,-10.14,18.11,-31.74,29.2,0.06,0.09,-0.05,0.21
EBCI,LFML,1,30,0.32,15.85,-24.54,21.98,0.03,0.06,-0.06,0.11
EBCI,LHBP,0,57,-19.08,16.92,-41.06,8.1,0.02,0.06,-0.07,0.12
EBCI,LIME,0,72,-63.79,23.21,-86.14,-11.49,-0.1,0.08,-0.2,0.06
EBCI,LIPH,0,44,-34.81,10.4,-46.9,-11.16,-0.07,0.05,-0.15,-0.0
EBCI,LIPH,1,25,-25.69,4.12,-31.66,-18.66,-0.02,0.05,-0.09,0.05
EBCI,LIRP,0,30,8.05,28.59,-14.54,41.0,0.05,0.1,-0.06,0.18
EBCI,LIRP,1,21,-16.09,21.9,-49.7,16.6,-0.05,0.06,-0.15,0.04
EBCI,LROP,0,24,-41.07,18.87,-67.52,-7.64,-0.05,0.1,-0.22,0.06
EBCI,LROP,1,18,-53.06,9.08,-63.16,-37.57,-0.09,0.08,-0.21,0.02
EBCI,LROP,2,18,-45.48,17.2,-62.81,-12.22,-0.08,0.09,-0.23,0.06
EBCI,LTFJ,0,53,-27.81,20.23,-53.7,13.76,0.03,0.14,-0.17,0.28
EBLG,LIMC,0,27,-70.9,29.76,-104.6,-22.77,-0.33,0.3,-0.71,0.13
EBLG,LIMC,1,23,-104.65,21.15,-128.23,-61.76,-0.53,0.08,-0.65,-0.42
EBLG,LIMC,2,18,-90.6,52.9,-156.24,16.43,-0.35,0.18,-0.51,0.04
EBLG,OTHH,0,61,16.55,29.51,-22.7,69.6,0.1,0.12,-0.07,0.32
EDDB,EBBR,0,128,-8.29,14.11,-26.16,18.35,-0.04,0.06,-0.13,0.05
EDDB,EDDF,0,364,-35.05,34.23,-73.4,21.61,-0.21,0.09,-0.33,-0.08
EDDB,EDDK,0,133,2.83,12.49,-12.8,27.92,0.03,0.05,-0.05,0.11
EDDB,EDDK,1,26,24.66,17.36,3.3,55.45,0.05,0.07,-0.05,0.18
EDDB,EDDL,0,135,1.63,12.39,-13.29,25.76,0.04,0.06,-0.04,0.14
EDDB,EDDM,0,286,-47.92,15.33,-66.88,-18.58,-0.2,0.06,-0.28,-0.11
EDDB,EDDM,1,24,-20.33,17.56,-46.37,3.27,-0.12,0.06,-0.19,-0.03
EDDB,EDDS,0,175,-8.45,12.85,-24.66,12.87,-0.03,0.06,-0.13,0.05
EDDB,EFHK,0,39,-25.98,14.0,-53.14,-10.04,-0.03,0.1,-0.16,0.17
EDDB,EFHK,1,82,-22.98,12.45,-40.3,-4.91,-0.02,0.08,-0.14,0.09
EDDB,EGCC,0,55,-19.47,23.57,-49.67,19.48,0.03,0.1,-0.13,0.18
EDDB,EGKK,0,79,6.91,11.17,-7.92,30.53,0.18,0.17,0.02,0.4
EDDB,EGLC,0,80,-4.24,7.58,-13.02,13.61,0.04,0.06,-0.05,0.14
EDDB,EGLL,0,143,4.69,11.14,-8.59,26.69,0.19,0.12,0.02,0.39
EDDB,EGSS,0,92,4.56,15.84,-12.65,29.86,0.1,0.13,-0.01,0.2
EDDB,EHAM,0,215,3.61,8.72,-6.06,19.79,0.06,0.06,-0.03,0.16
EDDB,EHAM,1,58,4.51,6.64,-4.68,17.0,0.05,0.06,-0.04,0.16
EDDB,EHAM,2,15,-25.34,11.32,-40.92,-9.02,0.01,0.08,-0.1,0.12
EDDB,EIDW,0,110,-11.1,22.0,-32.92,28.08,0.0,0.15,-0.16,0.27
EDDB,EKCH,0,19,-39.33,10.75,-50.0,-27.29,-0.16,0.05,-0.22,-0.1
EDDB,EKCH,1,48,-39.33,8.1,-52.76,-26.62,-0.18,0.05,-0.27,-0.11
EDDB,EKCH,2,28,-24.83,8.02,-37.97,-14.48,-0.16,0.04,-0.23,-0.07
EDDB,EKCH,3,15,-37.32,22.64,-64.77,-4.93,-0.16,0.08,-0.25,-0.04
EDDB,EKCH,4,53,-50.79,9.66,-64.08,-31.96,-0.22,0.05,-0.3,-0.14
EDDB,EKCH,5,19,-30.43,13.03,-49.06,-3.23,-0.21,0.05,-0.26,-0.12
EDDB,ELLX,0,46,-15.2,20.1,-38.4,15.15,-0.08,0.06,-0.19,0.0
EDDB,ELLX,1,17,-33.2,20.6,-63.78,-5.8,-0.06,0.15,-0.28,0.18
EDDB,ENGM,0,62,-36.85,12.63,-56.28,-16.99,-0.1,0.08,-0.2,0.04
EDDB,ENGM,1,33,-19.81,11.92,-41.94,-2.62,-0.07,0.07,-0.18,0.04
EDDB,ESSA,0,119,-8.59,13.33,-25.01,17.05,0.04,0.09,-0.08,0.2
EDDB,EVRA,0,65,-6.24,15.75,-22.78,23.4,0.01,0.08,-0.09,0.17
EDDB,LEBL,0,28,-31.35,31.86,-74.92,31.41,-0.08,0.12,-0.24,0.13
EDDB,LEBL,1,45,-16.51,20.82,-44.48,16.08,-0.06,0.13,-0.23,0.19
EDDB,LEBL,2,55,-18.71,22.78,-48.25,18.04,-0.05,0.13,-0.22,0.19
EDDB,LEMD,0,42,-15.84,12.72,-38.59,3.39,-0.01,0.13,-0.19,0.13
EDDB,LEMD,1,23,-5.33,20.3,-33.57,33.99,0.06,0.14,-0.17,0.24
EDDB,LEMD,2,48,-16.43,21.08,-37.02,14.52,-0.02,0.13,-0.21,0.22
EDDB,LEMG,0,25,-21.13,12.29,-38.38,-2.76,0.02,0.12,-0.11,0.2
EDDB,LEMG,1,18,-5.28,18.88,-24.85,20.14,0.04,0.14,-0.14,0.28
EDDB,LEMG,2,23,-26.99,20.03,-56.29,-3.51,-0.0,0.15,-0.24,0.27
EDDB,LEPA,0,210,-20.36,19.12,-49.35,11.79,-0.02,0.13,-0.23,0.18
EDDB,LEPA,1,39,-27.57,22.48,-54.95,6.14,-0.01,0.15,-0.2,0.23
EDDB,LFPG,0,137,-7.38,12.99,-25.08,14.94,0.03,0.09,-0.1,0.15
EDDB,LFPG,1,129,-3.64,18.28,-21.54,34.78,0.05,0.07,-0.06,0.14
EDDB,LFPO,0,48,1.36,32.89,-37.16,50.23,0.07,0.09,-0.05,0.22
EDDB,LFPO,1,35,-22.65,34.26,-63.75,34.82,-0.0,0.1,-0.13,0.15
EDDB,LFSB,0,61,-23.53,8.54,-35.7,-7.0,-0.03,0.06,-0.12,0.08
EDDB,LGAV,0,17,-25.28,27.44,-53.2,37.26,-0.0,0.14,-0.21,0.22
EDDB,LGAV,1,23,-32.35,17.98,-53.86,0.36,0.05,0.18,-0.12,0.3
EDDB,LGAV,2,20,-17.12,19.94,-41.56,15.31,0.01,0.09,-0.12,0.1
EDDB,LGIR,0,17,-29.78,9.44,-40.6,-12.84,-0.1,0.12,-0.27,0.08
EDDB,LGIR,1,36,-17.53,13.14,-38.3,3.42,-0.06,0.11,-0.2,0.14
EDDB,LGTS,0,17,-20.72,22.54,-42.32,18.16,0.01,0.14,-0.21,0.2
EDDB,LGTS,1,25,-19.9,15.73,-39.66,7.18,-0.03,0.08,-0.13,0.11
EDDB,LGTS,2,15,-39.45,18.29,-59.97,-9.62,-0.02,0.11,-0.14,0.2
EDDB,LHBP,0,41,-46.3,44.47,-76.8,-24.5,-0.02,0.12,-0.09,0.05
EDDB,LHBP,1,25,-44.01,14.38,-55.68,-18.2,-0.04,0.06,-0.12,0.07
EDDB,LIML,0,30,-22.02,13.84,-34.38,8.2,-0.08,0.09,-0.19,0.1
EDDB,LIML,1,49,17.33,22.66,-6.4,42.52,0.02,0.12,-0.1,0.27
EDDB,LIPZ,0,32,-75.06,16.46,-95.04,-43.04,-0.27,0.09,-0.39,-0.1
EDDB,LIPZ,1,30,-85.98,19.04,-107.34,-49.9,-0.24,0.08,-0.36,-0.1
EDDB,LIRF,0,47,-82.85,18.86,-107.51,-49.35,-0.15,0.12,-0.3,0.07
EDDB,LIRF,1,46,-73.13,17.07,-93.48,-44.45,-0.14,0.08,-0.23,0.04
EDDB,LLBG,0,19,-3.98,14.94,-21.6,17.94,0.06,0.11,-0.06,0.23
EDDB,LLBG,1,59,-3.35,18.67,-26.58,32.66,-0.02,0.12,-0.17,0.17
EDDB,LOWW,0,221,-18.69,14.77,-36.8,8.1,-0.01,0.06,-0.1,0.1
EDDB,LPPT,0,25,-14.43,28.84,-51.52,29.68,0.04,0.12,-0.12,0.26
EDDB,LPPT,1,39,-7.08,17.87,-32.71,18.18,0.09,0.15,-0.13,0.29
EDDB,LPPT,2,26,-22.46,26.27,-55.1,18.77,0.02,0.14,-0.15,0.26
EDDB,LSZH,0,242,-31.4,13.78,-48.09,-5.16,-0.08,0.09,-0.19,0.09
EDDB,LTAI,0,17,-15.29,31.18,-47.28,35.62,0.01,0.11,-0.12,0.18
EDDB,LTAI,1,66,-6.85,17.82,-30.5,21.95,0.04,0.15,-0.15,0.28
EDDB,LTAI,2,102,-2.96,18.12,-31.94,20.21,0.04,0.12,-0.12,0.27
EDDB,LTAI,3,29,-5.47,22.64,-34.16,17.92,0.07,0.12,-0.1,0.26
EDDB,LTAI,4,20,-11.68,16.81,-36.26,13.76,0.04,0.14,-0.14,0.34
EDDB,LTBJ,0,14,5.4,6.33,-3.4,13.47,-0.01,0.11,-0.13,0.19
EDDB,LTBJ,1,34,9.81,18.14,-14.19,41.5,-0.01,0.12,-0.2,0.18
EDDB,LTBJ,2,26,12.68,14.44,-9.68,29.12,0.05,0.2,-0.12,0.22
EDDB,LTFJ,0,36,-9.86,34.43,-46.0,52.15,0.01,0.17,-0.16,0.32
EDDB,LTFJ,1,64,-18.8,24.72,-48.06,19.85,0.01,0.13,-0.16,0.24
EDDB,LTFM,0,138,-15.63,23.0,-42.74,17.07,0.02,0.15,-0.16,0.27
EDDB,OTHH,0,60,23.56,24.81,-12.5,58.4,0.11,0.11,-0.11,0.27
EDDC,EDDF,0,49,-35.46,30.22,-77.3,1.22,-0.2,0.07,-0.29,-0.11
EDDC,EDDF,1,81,-41.19,27.41,-72.4,-3.7,-0.21,0.07,-0.32,-0.1
EDDC,EDDM,0,74,-15.79,14.36,-31.2,13.2,-0.11,0.05,-0.19,-0.05
EDDC,LEPA,0,55,-3.66,17.93,-27.62,29.29,0.02,0.13,-0.18,0.22
EDDF,BIKF,0,67,-0.95,34.03,-37.39,77.96,0.05,0.15,-0.16,0.29
EDDF,CYUL,0,22,-5.45,60.68,-72.97,114.63,0.04,0.32,-0.46,0.54
EDDF,CYUL,1,33,-2.82,28.95,-32.74,65.14,-0.0,0.27,-0.3,0.45
EDDF,CYUL,2,24,-4.12,92.32,-82.9,155.43,0.03,0.29,-0.46,0.49
EDDF,CYVR,0,25,-6.62,32.05,-43.08,60.64,-0.09,0.28,-0.43,0.41
EDDF,CYVR,1,29,-10.86,34.55,-55.08,52.94,-0.01,0.21,-0.26,0.38
EDDF,CYVR,2,21,-8.07,20.66,-36.8,21.4,0.03,0.16,-0.19,0.28
EDDF,CYYC,0,28,-10.47,24.47,-42.58,24.66,-0.02,0.19,-0.3,0.3
EDDF,CYYC,1,23,8.77,96.88,-52.13,54.28,0.11,0.73,-0.29,0.52
EDDF,CYYZ,0,37,-9.08,38.06,-45.58,57.4,-0.02,0.29,-0.35,0.48
EDDF,CYYZ,1,36,-4.85,52.69,-56.38,77.15,-0.0,0.28,-0.39,0.49
EDDF,CYYZ,2,63,-7.97,77.45,-97.79,146.01,0.02,0.28,-0.43,0.48
EDDF,DAAG,0,58,7.06,11.75,-3.1,31.38,0.01,0.12,-0.16,0.17
EDDF,DTTA,0,52,10.8,18.57,-10.97,42.29,0.03,0.13,-0.14,0.3
EDDF,DTTA,1,40,16.87,15.26,-2.72,41.72,0.03,0.11,-0.1,0.24
EDDF,EBBR,0,240,-10.16,11.58,-21.7,14.6,-0.07,0.05,-0.16,0.01
EDDF,EDDB,0,98,-1.55,21.69,-34.43,33.44,-0.03,0.05,-0.12,0.05
EDDF,EDDB,1,96,-1.94,24.77,-30.48,34.95,-0.03,0.08,-0.13,0.05
EDDF,EDDB,2,17,-12.75,16.54,-32.06,14.9,-0.07,0.07,-0.15,0.03
EDDF,EDDB,3,15,-2.07,22.96,-35.43,24.34,0.01,0.09,-0.1,0.15
EDDF,EDDB,4,138,-3.3,20.32,-34.26,30.02,-0.07,0.06,-0.16,0.02
EDDF,EDDC,0,55,2.04,10.77,-13.93,19.51,-0.05,0.04,-0.1,0.0
EDDF,EDDC,1,74,-6.54,11.07,-17.98,10.67,-0.04,0.03,-0.09,0.01
EDDF,EDDG,0,101,6.92,9.16,-2.6,21.2,0.01,0.04,-0.04,0.07
EDDF,EDDH,0,158,-33.18,18.5,-58.0,7.72,-0.13,0.06,-0.21,-0.03
EDDF,EDDH,1,145,-33.25,17.03,-63.44,-2.8,-0.14,0.05,-0.22,-0.06
EDDF,EDDH,2,32,-34.37,13.99,-56.44,-13.48,-0.21,0.06,-0.29,-0.15
EDDF,EDDH,3,11,-42.32,16.0,-64.1,-23.3,-0.25,0.05,-0.32,-0.18
EDDF,EDDL,0,124,-15.29,15.63,-36.77,10.61,-0.06,0.06,-0.13,0.06
EDDF,EDDM,0,345,6.53,15.94,-6.0,28.96,-0.07,0.07,-0.15,0.02
EDDF,EDDN,0,122,-43.73,20.35,-61.5,-4.92,-0.16,0.04,-0.21,-0.1
EDDF,EDDP,0,119,-43.17,19.83,-70.11,-18.1,-0.13,0.05,-0.2,-0.06
EDDF,EDDP,1,30,-16.84,24.85,-60.76,10.06,0.02,0.09,-0.13,0.14
EDDF,EDDP,2,19,-46.07,14.35,-60.05,-23.79,-0.18,0.04,-0.23,-0.12
EDDF,EDDP,3,27,-44.8,28.11,-77.16,-10.89,-0.21,0.06,-0.29,-0.13
EDDF,EDDS,0,111,-21.38,4.0,-24.85,-14.45,-0.05,0.02,-0.09,-0.01
EDDF,EDDV,0,123,6.29,26.98,-10.16,24.78,-0.01,0.17,-0.08,0.04
EDDF,EDDW,0,134,1.4,10.61,-12.57,17.3,-0.05,0.04,-0.11,0.02
EDDF,EDNY,0,106,-5.86,4.64,-12.95,0.6,0.0,0.02,-0.03,0.05
EDDF,EETN,0,75,-10.79,14.47,-34.58,12.12,-0.04,0.09,-0.22,0.1
EDDF,EFHK,0,16,1.84,11.74,-12.72,16.25,0.03,0.09,-0.09,0.15
EDDF,EFHK,1,28,1.29,12.4,-16.9,19.97,0.05,0.1,-0.09,0.2
EDDF,EFHK,2,93,-7.55,15.93,-36.0,19.2,-0.04,0.09,-0.17,0.13
EDDF,EGBB,0,78,-12.59,12.7,-35.16,5.32,-0.01,0.08,-0.13,0.1
EDDF,EGBB,1,23,-46.35,16.59,-68.37,-24.58,0.4,0.23,-0.14,0.68
EDDF,EGBB,2,42,-2.08,77.93,-33.69,5.19,0.06,0.36,-0.1,0.14
EDDF,EGCC,0,22,3.94,9.26,-9.56,17.95,0.02,0.07,-0.06,0.16
EDDF,EGCC,1,19,-1.15,11.27,-15.87,19.16,0.01,0.06,-0.08,0.12
EDDF,EGCC,2,21,3.75,9.27,-7.4,16.4,0.02,0.08,-0.08,0.14
EDDF,EGCC,3,25,6.78,15.09,-10.52,32.22,0.03,0.05,-0.05,0.08
EDDF,EGCC,4,18,13.72,10.59,-3.18,29.05,0.09,0.1,-0.05,0.25
EDDF,EGKK,0,25,8.23,10.34,-4.82,24.2,0.11,0.13,-0.01,0.32
EDDF,EGKK,1,34,8.83,26.09,-12.42,35.19,0.11,0.22,-0.08,0.46
EDDF,EGLC,0,77,-9.05,9.45,-19.8,4.38,-0.04,0.06,-0.11,0.05
EDDF,EGLC,1,43,-9.48,7.83,-17.66,0.74,-0.01,0.07,-0.07,0.07
EDDF,EGLC,2,39,-4.16,11.2,-14.8,5.11,-0.01,0.15,-0.09,0.04
EDDF,EGLL,0,176,2.84,13.73,-14.62,26.95,0.14,0.11,-0.01,0.32
EDDF,EGLL,1,162,6.61,16.3,-10.1,32.16,0.15,0.11,0.01,0.37
EDDF,EGLL,2,53,2.92,11.76,-12.4,26.78,0.16,0.09,0.03,0.33
EDDF,EGLL,3,47,-0.84,11.69,-13.87,24.64,0.16,0.13,-0.02,0.41
EDDF,EGPF,0,36,0.31,8.71,-15.9,14.42,0.03,0.08,-0.07,0.17
EDDF,EGPF,1,19,3.03,14.02,-14.12,23.35,0.02,0.07,-0.07,0.1
EDDF,EGPH,0,47,1.5,9.13,-12.18,18.35,0.02,0.06,-0.08,0.11
EDDF,EGPH,1,30,5.35,11.23,-9.12,27.78,0.03,0.08,-0.07,0.17
EDDF,EHAM,0,334,3.62,11.59,-12.14,24.0,-0.02,0.05,-0.09,0.09
EDDF,EIDW,0,25,-8.67,13.1,-27.56,10.6,-0.03,0.1,-0.12,0.16
EDDF,EIDW,1,68,-6.75,18.42,-26.32,35.64,-0.0,0.15,-0.14,0.16
EDDF,EIDW,2,65,0.08,15.12,-21.44,31.56,0.01,0.13,-0.17,0.22
EDDF,EKBI,0,100,-5.74,12.19,-21.42,13.12,-0.04,0.06,-0.12,0.05
EDDF,EKCH,0,188,-8.09,15.46,-33.93,18.0,-0.09,0.06,-0.18,0.01
EDDF,ELLX,0,130,-9.7,12.57,-23.38,7.78,-0.01,0.04,-0.06,0.05
EDDF,ENBR,0,18,-21.71,13.8,-39.79,-0.07,-0.09,0.11,-0.26,0.1
EDDF,ENBR,1,20,-22.64,11.6,-41.16,-5.34,-0.07,0.08,-0.14,0.04
EDDF,ENBR,2,16,-44.01,19.04,-81.92,-22.2,-0.16,0.05,-0.23,-0.08
EDDF,ENGM,0,21,-24.49,12.97,-39.8,-5.3,-0.09,0.1,-0.21,0.08
EDDF,ENGM,1,55,-17.11,13.88,-43.4,4.6,-0.09,0.06,-0.18,0.01
EDDF,ENGM,2,57,-13.38,15.98,-41.52,11.2,-0.07,0.11,-0.19,0.13
EDDF,ENZV,0,41,-12.18,14.46,-35.2,8.8,-0.08,0.09,-0.18,0.12
EDDF,ENZV,1,15,-17.07,17.34,-38.99,8.27,-0.08,0.09,-0.17,0.09
EDDF,EPGD,0,70,-33.77,18.29,-59.73,-4.65,-0.21,0.05,-0.28,-0.11
EDDF,EPKK,0,60,-31.22,21.65,-54.68,-6.73,-0.16,0.06,-0.24,-0.06
EDDF,EPKK,1,44,-16.16,19.34,-49.56,0.17,-0.09,0.06,-0.18,0.0
EDDF,EPKK,2,20,-41.7,20.05,-68.69,-8.26,-0.12,0.05,-0.17,-0.03
EDDF,EPKT,0,76,-17.64,18.45,-44.05,10.7,-0.08,0.07,-0.17,0.04
EDDF,EPPO,0,81,-42.05,23.08,-71.7,0.0,-0.21,0.05,-0.29,-0.12
EDDF,EPWA,0,99,-48.47,20.59,-75.31,-13.63,-0.1,0.06,-0.18,0.02
EDDF,EPWA,1,45,-33.69,12.45,-48.62,-10.28,-0.1,0.07,-0.19,0.01
EDDF,EPWA,2,48,-38.78,15.97,-55.7,-2.25,-0.09,0.07,-0.18,0.01
EDDF,EPWR,0,107,-33.57,10.79,-47.52,-19.19,-0.11,0.05,-0.18,-0.05
EDDF,ESGG,0,125,-5.92,14.31,-32.36,14.22,-0.04,0.06,-0.12,0.06
EDDF,ESSA,0,136,-10.84,17.84,-37.32,18.9,-0.0,0.09,-0.12,0.14
EDDF,ESSA,1,30,1.95,14.55,-18.62,24.16,0.01,0.09,-0.09,0.17
EDDF,EVRA,0,95,2.4,15.8,-17.18,28.77,-0.03,0.08,-0.13,0.13
EDDF,EYVI,0,53,5.61,17.44,-15.1,34.8,0.02,0.05,-0.06,0.13
EDDF,GCFV,0,10,-40.81,14.43,-61.43,-20.68,-0.11,0.2,-0.35,0.17
EDDF,GCFV,1,42,-27.61,20.1,-46.37,15.1,-0.14,0.19,-0.46,0.26
EDDF,GCLP,0,39,17.5,27.46,-12.19,64.14,-0.01,0.16,-0.23,0.28
EDDF,GCLP,1,16,5.64,22.38,-18.02,48.75,0.01,0.17,-0.21,0.25
EDDF,GCTS,0,36,-2.01,20.71,-24.55,33.0,-0.02,0.2,-0.34,0.26
EDDF,GCTS,1,16,-35.88,13.14,-50.92,-14.65,-0.07,0.16,-0.28,0.16
EDDF,GMMN,0,43,0.37,24.32,-19.17,65.72,-0.0,0.15,-0.22,0.27
EDDF,GMMN,1,25,2.27,13.24,-12.8,23.98,-0.0,0.14,-0.2,0.28
EDDF,HECA,0,86,22.54,21.25,1.88,63.05,0.11,0.16,-0.14,0.33
EDDF,HEGN,0,42,17.34,31.64,-9.04,107.63,0.02,0.15,-0.22,0.28
EDDF,HEGN,1,18,21.14,15.06,1.31,43.92,0.06,0.15,-0.15,0.27
EDDF,KATL,0,64,-4.46,49.04,-53.57,90.66,0.02,0.32,-0.43,0.67
EDDF,KATL,1,2,-2.9,39.88,-28.28,22.48,0.08,0.08,0.03,0.13
EDDF,KATL,2,17,3.17,62.6,-72.7,106.74,-0.0,0.33,-0.46,0.49
EDDF,KATL,3,24,-4.54,102.14,-104.66,130.5,0.06,0.31,-0.38,0.55
EDDF,KBOS,1,28,-54.2,94.12,-123.11,112.18,-0.03,0.25,-0.34,0.35
EDDF,KDEN,0,24,-11.99,54.45,-82.17,79.44,-0.02,0.2,-0.33,0.24
EDDF,KDEN,1,35,-10.15,76.19,-101.44,98.1,0.01,0.25,-0.36,0.36
EDDF,KDFW,0,16,-0.92,69.42,-49.95,82.48,-0.01,0.18,-0.19,0.28
EDDF,KDFW,1,16,-5.31,78.88,-107.5,140.02,0.0,0.22,-0.33,0.27
EDDF,KDFW,2,20,-1.24,29.01,-45.16,43.48,-0.03,0.27,-0.33,0.51
EDDF,KDTW,0,27,-9.13,99.54,-98.58,174.56,-0.0,0.31,-0.43,0.41
EDDF,KDTW,1,30,-4.17,66.37,-68.48,119.45,0.04,0.35,-0.43,0.61
EDDF,KEWR,0,20,9.48,84.65,-71.53,220.54,0.09,0.18,-0.14,0.32
EDDF,KEWR,1,52,-5.75,30.84,-43.48,38.04,0.02,0.29,-0.42,0.49
EDDF,KEWR,2,14,17.44,100.44,-77.1,179.89,-0.02,0.29,-0.43,0.37
EDDF,KIAD,0,25,13.01,88.26,-62.82,183.56,0.0,0.34,-0.53,0.5
EDDF,KIAD,1,75,-1.6,33.18,-46.13,54.14,0.03,0.32,-0.45,0.56
EDDF,KIAD,2,16,-4.49,102.56,-117.75,180.72,0.07,0.23,-0.2,0.49
EDDF,KIAH,0,25,-0.08,57.27,-53.46,98.42,-0.17,0.25,-0.52,0.27
EDDF,KIAH,1,34,-4.14,85.65,-115.74,121.13,-0.14,0.29,-0.54,0.25
EDDF,KJFK,0,49,-9.24,58.99,-60.88,140.62,0.09,0.3,-0.31,0.67
EDDF,KJFK,1,21,12.89,97.5,-51.4,128.2,0.11,0.26,-0.2,0.49
EDDF,KJFK,2,47,-8.5,37.62,-57.46,64.77,0.05,0.33,-0.48,0.58
EDDF,KJFK,3,55,12.98,74.24,-55.36,128.11,0.23,0.3,-0.19,0.7
EDDF,KLAX,0,29,12.89,76.08,-48.38,96.08,-0.02,0.34,-0.63,0.41
EDDF,KLAX,1,27,-8.89,37.74,-50.8,47.2,-0.06,0.32,-0.53,0.41
EDDF,KLAX,2,35,-7.81,67.73,-84.66,124.71,-0.09,0.38,-0.71,0.47
EDDF,KORD,0,17,-15.76,41.05,-58.88,66.7,0.16,0.29,-0.15,0.64
EDDF,KORD,1,43,-4.51,41.97,-51.22,67.33,0.04,0.24,-0.28,0.46
EDDF,KORD,2,74,1.82,111.7,-123.7,219.89,0.06,0.35,-0.46,0.65
EDDF,KORD,3,39,-21.28,133.99,-103.61,274.67,-0.01,0.4,-0.51,0.84
EDDF,KSEA,0,35,-7.63,31.29,-48.38,49.26,0.03,0.21,-0.29,0.38
EDDF,KSEA,1,23,-6.23,40.1,-60.4,60.68,-0.0,0.23,-0.31,0.38
EDDF,KSFO,0,54,-8.28,40.35,-57.34,65.4,-0.09,0.25,-0.51,0.29
EDDF,KSFO,1,29,4.62,55.62,-58.3,92.5,0.03,0.85,-0.37,0.47
EDDF,KSFO,2,28,-19.14,84.03,-117.48,90.58,-0.13,0.26,-0.6,0.22
EDDF,LATI,0,52,-13.97,35.89,-35.7,23.52,-0.03,0.12,-0.16,0.15
EDDF,LBSF,0,38,-26.53,13.37,-40.8,-6.98,-0.1,0.09,-0.23,0.05
EDDF,LBSF,1,67,-15.71,14.93,-34.44,3.36,-0.06,0.07,-0.16,0.03
EDDF,LDDU,0,57,2.02,13.54,-6.26,34.46,0.05,0.07,-0.05,0.16
EDDF,LDSP,0,84,7.65,51.2,-16.53,41.98,0.07,0.22,-0.07,0.34
EDDF,LDZA,0,109,1.58,18.94,-5.4,31.98,0.03,0.07,-0.05,0.17
EDDF,LDZA,1,15,2.81,9.49,-1.92,20.49,0.01,0.06,-0.07,0.1
EDDF,LEBB,0,50,7.58,19.8,-16.08,38.95,-0.01,0.1,-0.14,0.12
EDDF,LEBB,1,29,0.69,95.95,-36.9,16.68,-0.03,0.31,-0.18,0.14
EDDF,LEBL,0,212,-0.49,22.2,-23.54,42.02,-0.05,0.11,-0.21,0.15
EDDF,LEMD,0,189,-1.67,11.02,-14.12,20.78,0.02,0.13,-0.13,0.27
EDDF,LEMD,1,20,-8.6,12.5,-28.73,12.47,-0.02,0.13,-0.18,0.17
EDDF,LEMD,2,27,-4.01,20.19,-32.85,17.73,-0.0,0.13,-0.2,0.17
EDDF,LEMD,3,33,-8.06,13.38,-20.58,14.22,0.01,0.11,-0.11,0.23
EDDF,LEMG,0,48,-6.65,11.92,-24.58,14.76,0.02,0.11,-0.12,0.21
EDDF,LEMG,1,46,-5.87,16.98,-23.0,25.38,0.03,0.13,-0.15,0.21
EDDF,LEPA,0,286,-6.5,17.92,-25.1,17.9,-0.01,0.11,-0.18,0.19
EDDF,LEPA,1,1,0.9,,0.9,0.9,0.08,,0.08,0.08
EDDF,LEVC,0,64,-5.9,23.45,-36.9,34.37,-0.06,0.1,-0.2,0.09
EDDF,LFBO,0,40,8.18,5.49,3.28,18.66,0.03,0.05,-0.05,0.1
EDDF,LFBO,1,57,-15.61,8.07,-25.92,-1.3,-0.03,0.07,-0.14,0.08
EDDF,LFLL,0,98,6.6,8.72,-0.2,20.92,-0.01,0.05,-0.09,0.08
EDDF,LFML,0,75,9.91,30.82,-4.1,22.54,0.04,0.15,-0.07,0.2
EDDF,LFMN,0,37,-40.21,19.71,-63.84,4.4,-0.15,0.09,-0.26,-0.01
EDDF,LFMN,1,83,-42.77,21.32,-66.42,4.6,-0.13,0.12,-0.26,0.01
EDDF,LFPG,0,188,-3.18,10.58,-31.76,3.87,0.02,0.06,-0.07,0.12
EDDF,LFPG,1,157,1.84,12.24,-9.7,27.42,0.02,0.06,-0.06,0.1
EDDF,LFSB,0,142,-3.76,5.89,-7.5,3.19,0.02,0.03,-0.02,0.09
EDDF,LGAV,0,43,2.78,15.14,-15.45,32.8,0.01,0.1,-0.13,0.19
EDDF,LGAV,1,21,-0.9,8.93,-11.9,15.2,-0.03,0.07,-0.1,0.11
EDDF,LGAV,2,19,8.25,18.42,-11.69,26.69,0.07,0.22,-0.09,0.64
EDDF,LGAV,3,20,-7.35,21.01,-32.54,23.37,-0.01,0.1,-0.14,0.15
EDDF,LGAV,4,22,-10.22,27.58,-52.12,33.3,-0.03,0.1,-0.14,0.16
EDDF,LGIR,0,27,-15.3,27.02,-38.3,4.57,-0.05,0.11,-0.2,0.13
EDDF,LGIR,1,12,-3.96,9.05,-13.03,12.14,-0.04,0.06,-0.1,0.04
EDDF,LGIR,2,65,-4.97,11.88,-18.0,14.22,-0.02,0.11,-0.17,0.16
EDDF,LGIR,3,34,1.51,10.99,-12.0,20.71,0.01,0.11,-0.13,0.22
EDDF,LGRP,0,52,3.79,18.76,-16.14,34.31,-0.03,0.12,-0.18,0.19
EDDF,LGTS,0,60,0.74,18.12,-14.53,38.65,-0.02,0.12,-0.17,0.15
EDDF,LHBP,0,92,-20.17,14.64,-36.65,1.07,-0.08,0.06,-0.16,0.02
EDDF,LHBP,1,23,-103.15,55.79,-133.23,-79.54,-0.24,0.16,-0.35,-0.1
EDDF,LHBP,2,16,-17.31,12.27,-33.78,-6.9,-0.05,0.06,-0.15,0.02
EDDF,LIMC,0,163,-34.33,18.85,-56.09,-0.3,-0.17,0.08,-0.27,-0.03
EDDF,LIMF,0,66,20.58,4.52,14.0,25.52,0.05,0.05,-0.02,0.15
EDDF,LIML,0,113,42.12,11.12,21.2,52.36,0.05,0.08,-0.03,0.19
EDDF,LIML,1,81,40.16,10.82,20.3,51.7,0.04,0.06,-0.05,0.14
EDDF,LIPE,0,97,-0.98,17.58,-22.82,30.2,-0.05,0.09,-0.17,0.1
EDDF,LIPQ,0,53,9.39,11.6,-5.08,30.7,0.04,0.06,-0.03,0.13
EDDF,LIPX,0,33,-14.28,6.43,-21.38,-4.12,-0.09,0.07,-0.17,0.03
EDDF,LIPX,1,19,-11.58,10.2,-27.22,3.27,-0.05,0.07,-0.12,0.03
EDDF,LIPZ,0,90,-43.28,14.36,-56.06,-14.26,-0.23,0.07,-0.33,-0.11
EDDF,LIPZ,1,26,-33.88,16.98,-53.52,-10.5,-0.21,0.07,-0.29,-0.09
EDDF,LIRF,0,23,-22.71,19.88,-50.45,3.77,-0.09,0.07,-0.19,0.03
EDDF,LIRF,1,84,-31.27,13.14,-43.38,0.8,-0.11,0.06,-0.2,0.03
EDDF,LIRF,2,16,-37.59,22.26,-68.55,-6.4,-0.2,0.08,-0.31,-0.09
EDDF,LIRF,3,43,-32.82,16.1,-47.07,-1.34,-0.15,0.07,-0.28,-0.07
EDDF,LIRF,4,10,-25.81,16.08,-45.68,-0.84,-0.13,0.06,-0.19,-0.05
EDDF,LIRN,0,36,-24.54,42.74,-63.53,45.02,-0.12,0.18,-0.27,0.08
EDDF,LIRN,1,23,-24.74,20.47,-54.47,1.01,-0.07,0.1,-0.21,0.08
EDDF,LIRN,2,16,-18.9,19.22,-46.18,4.07,-0.05,0.11,-0.21,0.09
EDDF,LIRP,0,53,23.92,7.98,14.26,37.44,-0.0,0.06,-0.08,0.15
EDDF,LIRQ,0,84,6.94,6.62,-1.34,20.83,-0.02,0.05,-0.09,0.06
EDDF,LIRQ,1,23,28.31,4.63,22.91,37.19,0.01,0.08,-0.09,0.16
EDDF,LJLJ,0,80,32.83,18.39,15.84,40.78,0.08,0.06,0.01,0.2
EDDF,LKPR,0,79,-22.57,15.14,-34.06,12.06,-0.14,0.05,-0.2,-0.05
EDDF,LKPR,1,50,-14.03,10.64,-34.39,-3.08,-0.1,0.05,-0.18,-0.02
EDDF,LLBG,0,50,1.07,31.04,-26.38,70.29,-0.03,0.14,-0.21,0.17
EDDF,LLBG,1,73,9.3,13.06,-7.76,30.02,0.0,0.1,-0.15,0.2
EDDF,LMML,0,31,27.05,11.26,8.25,43.95,0.03,0.11,-0.15,0.17
EDDF,LMML,1,25,21.96,14.29,-0.82,41.28,0.01,0.12,-0.15,0.22
EDDF,LMML,2,27,18.31,12.94,0.11,41.57,0.0,0.08,-0.13,0.12
EDDF,LOWG,0,97,2.34,7.49,-7.52,11.58,0.03,0.04,-0.03,0.08
EDDF,LOWI,0,73,-0.71,12.03,-12.04,20.88,0.04,0.06,-0.02,0.15
EDDF,LOWL,0,52,-6.15,11.8,-15.18,18.76,-0.02,0.04,-0.08,0.07
EDDF,LOWS,0,97,-11.51,10.64,-18.06,6.12,-0.09,0.04,-0.15,-0.01
EDDF,LOWW,0,339,2.71,15.14,-14.1,31.55,-0.01,0.06,-0.08,0.1
EDDF,LOWW,1,17,7.41,15.1,-12.94,25.28,-0.0,0.05,-0.08,0.06
EDDF,LPFR,0,30,-2.94,12.62,-15.46,10.77,-0.0,0.12,-0.17,0.19
EDDF,LPFR,1,34,3.7,21.28,-20.64,36.68,-0.04,0.14,-0.23,0.25
EDDF,LPPR,0,28,8.38,7.76,-1.07,19.74,0.0,0.09,-0.11,0.14
EDDF,LPPR,1,49,-6.89,59.39,-32.36,6.02,-0.0,0.16,-0.18,0.25
EDDF,LPPT,0,100,-14.14,20.28,-42.96,19.35,0.02,0.12,-0.16,0.24
EDDF,LPPT,1,45,-13.39,21.07,-42.38,18.32,0.02,0.12,-0.13,0.21
EDDF,LPPT,2,22,-4.21,12.84,-26.57,10.64,-0.02,0.07,-0.1,0.1
EDDF,LPPT,3,29,1.94,17.4,-16.64,36.18,0.04,0.1,-0.09,0.2
EDDF,LROP,0,58,-49.25,9.83,-58.5,-33.65,-0.11,0.09,-0.22,0.1
EDDF,LROP,1,65,-46.96,46.09,-61.94,-11.98,-0.12,0.14,-0.26,0.01
EDDF,LSGG,0,76,-2.19,12.24,-17.2,7.5,0.0,0.07,-0.08,0.11
EDDF,LSGG,1,123,1.86,5.61,0.0,5.89,-0.02,0.05,-0.09,0.08
EDDF,LSZH,0,257,-16.53,8.75,-22.7,0.64,-0.05,0.07,-0.14,0.08
EDDF,LTAI,0,23,-8.43,15.26,-26.15,17.2,0.04,0.12,-0.17,0.23
EDDF,LTAI,1,29,9.8,20.2,-15.16,34.28,0.04,0.12,-0.09,0.21
EDDF,LTAI,2,47,5.35,25.84,-16.56,42.99,0.05,0.11,-0.09,0.19
EDDF,LTAI,3,32,-8.06,18.24,-33.86,10.92,-0.01,0.11,-0.17,0.22
EDDF,LTAI,4,47,-0.79,12.55,-16.42,17.59,0.05,0.14,-0.13,0.27
EDDF,LTAI,5,61,-1.24,19.23,-26.8,27.7,0.03,0.12,-0.14,0.23
EDDF,LTBJ,0,48,11.84,21.05,-16.61,50.44,0.04,0.13,-0.12,0.27
EDDF,LTBJ,1,30,16.46,23.35,-9.43,56.87,0.05,0.09,-0.07,0.21
EDDF,LTBJ,2,25,23.28,12.75,12.08,36.56,0.03,0.17,-0.1,0.14
EDDF,LTFJ,0,32,-13.19,16.92,-33.84,18.01,-0.0,0.12,-0.19,0.17
EDDF,LTFJ,1,57,-19.6,17.76,-41.58,13.52,0.02,0.14,-0.16,0.25
EDDF,LTFM,0,24,-24.58,14.42,-37.8,4.32,-0.04,0.11,-0.18,0.1
EDDF,LTFM,1,44,-18.47,13.73,-37.68,0.39,-0.05,0.11,-0.21,0.15
EDDF,LTFM,2,25,-13.78,32.56,-35.72,9.66,-0.03,0.16,-0.19,0.16
EDDF,LTFM,3,48,-27.43,14.88,-41.49,0.37,-0.07,0.08,-0.19,0.06
EDDF,LTFM,4,34,-28.08,27.0,-47.97,11.88,-0.03,0.2,-0.2,0.36
EDDF,LTFM,5,31,-20.28,24.48,-41.2,36.25,-0.06,0.14,-0.22,0.12
EDDF,LTFM,6,45,-28.16,15.14,-46.9,-2.1,-0.1,0.08,-0.22,0.01
EDDF,LYBE,0,75,-14.56,17.79,-27.66,24.46,-0.03,0.08,-0.15,0.1
EDDF,LYBE,1,32,-15.0,28.69,-35.28,37.78,-0.05,0.09,-0.19,0.12
EDDF,OERK,0,23,26.54,37.04,-35.3,79.56,0.12,0.28,-0.33,0.53
EDDF,OERK,1,28,14.48,36.47,-45.15,72.46,0.07,0.15,-0.15,0.33
EDDF,OJAI,0,45,22.14,34.37,3.9,38.66,0.08,0.16,-0.07,0.3
EDDF,OJAI,1,17,16.85,71.89,-53.94,95.12,0.17,0.17,-0.01,0.52
EDDF,OLBA,0,30,8.56,12.83,-11.08,28.61,-0.06,0.09,-0.18,0.08
EDDF,OLBA,1,38,-2.37,26.1,-25.26,28.84,-0.06,0.11,-0.22,0.11
EDDF,OLBA,2,21,-6.75,10.62,-18.9,12.2,-0.04,0.12,-0.16,0.15
EDDF,OMAA,0,59,20.4,14.8,-1.91,45.78,0.09,0.1,-0.04,0.3
EDDF,OMDB,0,57,29.48,33.62,-5.94,74.76,0.21,0.23,-0.07,0.69
EDDF,OMDB,1,31,0.93,22.2,-30.6,40.3,0.22,0.18,0.02,0.52
EDDF,OMDB,2,30,26.1,36.61,-13.97,94.88,0.19,0.21,-0.06,0.56
EDDF,OTHH,0,70,26.86,21.02,-3.03,62.51,0.14,0.12,-0.03,0.3
EDDF,OTHH,1,64,31.5,20.23,-1.9,58.62,0.13,0.11,-0.03,0.32
EDDF,RJAA,0,24,-8.79,81.04,-77.44,139.95,-0.03,0.21,-0.37,0.29
EDDF,RJAA,1,38,-10.04,76.22,-138.16,74.58,-0.09,0.32,-0.37,0.22
EDDF,RJTT,0,28,-39.72,59.0,-145.55,46.82,-0.07,0.17,-0.29,0.15
EDDF,RJTT,2,42,-41.72,29.73,-81.4,7.78,-0.1,0.17,-0.36,0.23
EDDF,RKSI,1,68,4.47,41.47,-19.26,68.7,0.01,0.24,-0.39,0.39
EDDF,RKSI,2,16,20.22,38.0,-12.9,101.2,0.06,0.2,-0.13,0.38
EDDF,RKSI,3,33,-3.0,22.63,-24.1,32.22,-0.0,0.19,-0.29,0.25
EDDF,RKSI,4,20,17.05,47.91,-14.5,134.32,0.04,0.2,-0.24,0.28
EDDF,SBGR,0,31,-7.58,70.04,-74.45,93.2,-0.17,0.25,-0.54,0.2
EDDF,SBGR,1,33,13.43,73.25,-40.02,165.58,-0.18,0.26,-0.47,0.26
EDDF,VHHH,0,37,33.34,130.36,-39.86,300.74,0.17,0.47,-0.33,1.23
EDDF,VHHH,1,26,-514.66,127.26,-571.88,-271.42,-0.91,0.36,-1.39,-0.46
EDDF,VIDP,0,35,-11.79,26.37,-31.11,46.76,-0.04,0.1,-0.2,0.11
EDDF,VIDP,2,31,-12.24,13.99,-37.25,5.55,-0.02,0.1,-0.17,0.12
EDDF,VTBS,0,15,0.25,5.56,-7.82,8.52,-0.04,0.1,-0.21,0.11
EDDF,VTBS,1,17,-6.76,12.51,-18.24,18.8,-0.11,0.1,-0.27,0.0
EDDF,VTBS,2,18,-1.21,30.57,-18.83,44.14,-0.08,0.1,-0.23,0.06
EDDF,VTBS,3,19,-3.88,16.03,-25.06,19.17,-0.08,0.09,-0.2,0.04
EDDF,WSSS,0,16,-26.17,79.18,-90.38,160.28,-0.02,0.22,-0.3,0.41
EDDF,WSSS,1,32,-9.62,45.1,-53.48,62.56,-0.02,0.18,-0.36,0.22
EDDF,WSSS,2,42,2.89,26.35,-18.18,47.99,0.07,0.13,-0.08,0.26
EDDF,ZBAA,0,47,8.21,60.68,-24.79,84.75,0.28,0.36,-0.26,0.84
EDDF,ZBAA,1,37,-6.43,13.89,-21.72,15.98,-0.05,0.2,-0.33,0.23
EDDF,ZBAA,2,17,-5.92,7.81,-15.32,4.32,-0.01,0.2,-0.26,0.33
EDDF,ZSPD,0,61,-3.37,386.93,-174.1,986.0,-0.02,0.82,-0.71,2.07
EDDF,ZSPD,1,53,-4.43,12.7,-19.5,12.96,-0.01,0.24,-0.36,0.38
EDDF,ZSPD,2,32,-1.34,41.62,-34.0,62.18,0.02,0.23,-0.28,0.38
EDDG,EDDF,0,101,-42.73,12.0,-56.9,-25.8,-0.18,0.05,-0.24,-0.1
EDDG,EDDM,0,105,8.85,12.12,-4.14,31.1,-0.04,0.06,-0.11,0.05
EDDG,LEPA,0,46,-22.6,22.64,-44.3,7.92,-0.05,0.15,-0.22,0.25
EDDG,LEPA,1,53,-18.5,26.1,-50.34,26.1,-0.02,0.13,-0.21,0.16
EDDG,LTAI,0,64,-9.32,13.74,-30.16,16.5,0.05,0.11,-0.12,0.26
EDDG,LTAI,1,22,-1.88,25.28,-28.93,28.12,0.04,0.12,-0.15,0.2
EDDH,EBBR,0,62,-9.47,13.8,-30.89,14.73,0.01,0.06,-0.1,0.11
EDDH,EDDF,0,277,-38.61,27.62,-77.86,1.5,-0.18,0.07,-0.28,-0.07
EDDH,EDDF,1,66,-43.46,22.95,-74.5,-11.42,-0.22,0.07,-0.32,-0.09
EDDH,EDDK,0,53,-1.47,11.79,-20.7,19.9,-0.01,0.06,-0.1,0.07
EDDH,EDDL,0,85,2.96,18.95,-12.78,24.26,0.02,0.06,-0.07,0.1
EDDH,EDDM,0,387,-18.65,9.97,-31.31,-0.38,-0.09,0.06,-0.18,0.01
EDDH,EDDS,0,148,-3.6,10.66,-18.42,15.64,0.03,0.05,-0.05,0.11
EDDH,EFHK,0,19,3.93,8.77,-12.83,13.53,0.08,0.08,-0.02,0.2
EDDH,EFHK,1,37,2.42,10.68,-15.74,15.1,0.06,0.08,-0.06,0.17
EDDH,EGLL,0,178,8.94,15.15,-5.3,36.99,0.21,0.12,0.05,0.41
EDDH,EGSS,0,56,3.75,13.47,-9.18,33.88,0.08,0.07,-0.02,0.2
EDDH,EHAM,0,189,6.59,8.57,-5.86,22.0,0.04,0.05,-0.03,0.13
EDDH,EIDW,0,60,-16.76,18.17,-39.12,18.64,-0.03,0.11,-0.19,0.17
EDDH,EKCH,0,35,-4.87,9.11,-21.34,3.56,-0.03,0.11,-0.16,0.13
EDDH,EKCH,1,100,5.9,14.17,-23.3,18.32,0.02,0.08,-0.16,0.13
EDDH,EPWA,0,63,-47.66,22.26,-81.84,-6.25,-0.08,0.07,-0.17,0.03
EDDH,ESSA,0,19,-5.94,14.04,-28.6,10.48,0.05,0.06,-0.03,0.15
EDDH,ESSA,1,32,-4.55,14.34,-27.66,18.6,0.02,0.07,-0.08,0.1
EDDH,LEBL,0,55,-8.76,23.46,-43.78,31.67,-0.03,0.13,-0.24,0.17
EDDH,LEBL,1,27,-4.14,19.63,-29.25,24.52,-0.01,0.14,-0.2,0.15
EDDH,LEMD,0,16,-8.97,18.51,-38.85,11.25,-0.04,0.09,-0.15,0.12
EDDH,LEMD,1,38,-5.61,20.73,-34.55,22.58,-0.02,0.12,-0.2,0.11
EDDH,LEPA,0,55,-10.28,18.3,-37.74,18.6,0.06,0.08,-0.06,0.16
EDDH,LEPA,1,138,-5.95,18.47,-27.64,26.34,-0.0,0.14,-0.22,0.24
EDDH,LEPA,2,67,-4.54,17.55,-27.43,30.65,0.02,0.17,-0.21,0.31
EDDH,LEPA,3,20,-5.1,26.09,-36.94,46.92,0.06,0.07,-0.06,0.16
EDDH,LEPA,4,28,-13.64,26.49,-57.66,16.5,-0.01,0.13,-0.23,0.15
EDDH,LFPG,0,33,-7.02,15.1,-42.62,11.98,0.01,0.05,-0.06,0.11
EDDH,LFPG,1,16,-10.2,14.87,-30.3,6.6,0.05,0.06,-0.01,0.16
EDDH,LFPG,2,20,1.49,15.97,-17.69,24.19,0.04,0.06,-0.06,0.12
EDDH,LFPG,3,30,-5.13,7.25,-18.81,6.63,0.04,0.07,-0.04,0.1
EDDH,LFPG,4,30,-4.59,13.86,-19.76,19.08,0.02,0.05,-0.05,0.08
EDDH,LFPG,5,16,0.14,18.29,-24.9,27.35,0.05,0.07,-0.06,0.13
EDDH,LGIR,0,47,-3.73,11.69,-15.08,20.2,0.0,0.11,-0.13,0.16
EDDH,LGIR,1,17,-15.77,10.09,-34.12,-2.86,-0.02,0.11,-0.16,0.17
EDDH,LOWW,0,36,-4.38,16.19,-27.3,27.67,0.01,0.06,-0.09,0.1
EDDH,LOWW,1,26,1.0,18.06,-18.98,30.08,-0.01,0.06,-0.1,0.09
EDDH,LOWW,2,19,-2.94,21.84,-26.44,34.27,0.05,0.07,-0.07,0.15
EDDH,LOWW,3,72,-4.41,18.05,-26.64,30.75,0.05,0.07,-0.06,0.16
EDDH,LOWW,4,40,-2.25,7.44,-15.12,8.2,0.03,0.06,-0.05,0.12
EDDH,LPPT,0,73,-8.0,26.61,-48.0,28.24,0.14,0.13,-0.08,0.4
EDDH,LSZH,0,184,-17.55,13.95,-31.7,2.95,-0.02,0.08,-0.13,0.14
EDDH,LSZH,1,37,-17.17,12.3,-29.82,5.14,-0.03,0.12,-0.15,0.14
EDDH,LTAI,0,20,0.51,21.23,-19.19,17.31,0.09,0.14,-0.06,0.29
EDDH,LTAI,1,27,-9.57,19.41,-34.26,15.37,0.03,0.14,-0.17,0.31
EDDH,LTAI,2,27,-14.58,16.19,-40.83,6.69,0.04,0.13,-0.13,0.27
EDDH,LTAI,3,20,-17.29,15.4,-36.99,9.85,0.01,0.08,-0.09,0.18
EDDH,LTAI,4,20,-8.6,22.99,-34.0,21.23,0.06,0.13,-0.09,0.28
EDDH,LTAI,5,26,-8.74,17.33,-34.55,17.33,0.03,0.12,-0.12,0.29
EDDH,LTAI,6,32,-11.01,31.94,-35.97,10.3,0.06,0.13,-0.12,0.3
EDDH,LTFJ,0,28,-14.35,43.22,-47.94,21.56,0.03,0.21,-0.18,0.27
EDDH,LTFJ,1,49,-25.05,22.59,-60.02,10.6,0.02,0.16,-0.16,0.28
EDDH,LTFM,0,69,-19.08,22.11,-45.16,21.46,0.0,0.13,-0.15,0.17
EDDH,LTFM,1,51,-24.82,26.1,-50.75,0.95,-0.02,0.17,-0.18,0.23
EDDH,OMDB,0,60,12.78,27.59,-24.96,64.65,0.21,0.13,0.01,0.43
EDDK,EDDB,0,120,12.35,13.88,-8.91,30.12,0.04,0.06,-0.06,0.12
EDDK,EDDB,1,40,11.43,11.6,-4.02,28.27,0.02,0.06,-0.06,0.1
EDDK,EDDH,0,54,-37.54,17.12,-61.91,-5.81,-0.18,0.05,-0.25,-0.1
EDDK,EDDM,0,194,1.11,12.99,-12.98,24.9,-0.06,0.05,-0.13,0.03
EDDK,EDDM,1,41,6.8,13.44,-13.4,24.4,-0.04,0.05,-0.1,0.04
EDDK,EDDM,2,25,-4.64,12.79,-19.7,19.5,-0.09,0.05,-0.16,-0.01
EDDK,EDDP,0,45,-21.26,19.61,-47.08,-0.0,-0.03,0.07,-0.12,0.08
EDDK,EDDP,1,17,-16.79,21.19,-50.02,1.84,-0.03,0.04,-0.09,0.02
EDDK,EGLL,0,76,13.56,13.59,-3.58,39.1,0.2,0.11,0.06,0.34
EDDK,EGNX,0,91,-0.35,14.55,-23.0,23.0,0.05,0.07,-0.03,0.14
EDDK,EGSS,0,47,11.44,13.69,-8.23,31.74,0.06,0.08,-0.05,0.18
EDDK,EGSS,1,53,5.25,11.26,-14.92,23.58,0.05,0.05,-0.01,0.14
EDDK,KSDF,0,21,34.2,41.18,-5.5,100.1,-0.18,0.18,-0.39,0.1
EDDK,LEBL,0,46,-10.64,20.26,-41.28,24.48,-0.03,0.12,-0.22,0.19
EDDK,LEBL,1,53,-28.91,17.7,-58.84,2.1,-0.07,0.11,-0.23,0.08
EDDK,LEBL,2,15,-22.51,34.65,-60.64,37.36,-0.07,0.12,-0.22,0.13
EDDK,LEPA,0,161,-14.87,24.59,-62.5,23.6,-0.02,0.14,-0.25,0.22
EDDK,LEPA,1,62,-11.8,18.53,-45.35,10.09,0.04,0.07,-0.1,0.15
EDDK,LEPA,2,16,-16.51,20.59,-47.78,13.88,0.03,0.09,-0.1,0.16
EDDK,LEPA,3,83,-18.5,24.35,-54.26,14.44,-0.04,0.13,-0.21,0.22
EDDK,LFPG,0,86,-26.53,19.82,-54.02,2.35,0.02,0.05,-0.06,0.11
EDDK,LIMC,0,78,-57.91,18.48,-82.72,-26.97,-0.24,0.08,-0.34,-0.08
EDDK,LIME,0,39,-20.68,20.46,-44.74,7.2,-0.03,0.08,-0.11,0.08
EDDK,LIME,1,46,-53.04,15.26,-75.45,-27.6,-0.07,0.06,-0.16,0.02
EDDK,LIPZ,0,58,-47.19,17.02,-67.32,-14.69,-0.16,0.1,-0.3,-0.0
EDDK,LIRF,0,69,-45.54,21.74,-72.96,-3.96,-0.14,0.08,-0.28,-0.02
EDDK,LOWW,0,173,3.23,15.95,-13.86,35.32,0.01,0.06,-0.08,0.12
EDDK,LSZH,0,51,-31.73,13.01,-48.5,-10.9,-0.11,0.07,-0.18,-0.04
EDDK,LSZH,1,18,-28.12,17.86,-48.95,-2.02,-0.08,0.07,-0.19,0.03
EDDK,LTAI,0,85,-7.75,13.7,-30.68,11.48,0.07,0.13,-0.12,0.27
EDDK,LTAI,1,179,-7.39,14.92,-29.33,19.41,0.04,0.11,-0.12,0.21
EDDK,LTAI,2,27,12.16,43.12,-13.87,108.98,0.11,0.22,-0.1,0.55
EDDK,LTBJ,0,20,8.5,14.79,-3.56,30.2,0.0,0.09,-0.12,0.15
EDDK,LTBJ,1,28,16.66,52.77,-22.27,47.97,0.07,0.18,-0.1,0.2
EDDK,LTBJ,2,15,7.21,16.57,-15.33,29.11,0.02,0.11,-0.12,0.18
EDDK,LTBJ,3,17,14.16,10.74,-5.28,27.9,0.01,0.09,-0.09,0.19
EDDK,LTFJ,0,34,-18.95,20.19,-44.44,11.84,-0.01,0.13,-0.18,0.24
EDDK,LTFJ,1,87,-21.81,23.16,-44.04,17.27,-0.01,0.14,-0.19,0.21
EDDK,LTFJ,2,18,-17.63,18.93,-41.21,11.83,-0.01,0.12,-0.17,0.12
EDDK,LTFM,0,47,-33.45,19.15,-56.49,0.2,-0.05,0.12,-0.2,0.17
EDDK,LTFM,1,88,-20.09,24.04,-46.08,15.86,-0.02,0.16,-0.22,0.21
EDDL,BKPR,0,66,-24.06,25.75,-63.45,15.3,-0.03,0.09,-0.17,0.08
EDDL,EDDB,0,48,8.93,12.16,-10.78,26.31,0.06,0.05,-0.02,0.13
EDDL,EDDB,1,86,7.24,13.53,-12.42,27.6,0.04,0.05,-0.06,0.15
EDDL,EDDF,0,127,-37.62,12.97,-51.27,-12.95,-0.2,0.04,-0.26,-0.13
EDDL,EDDH,0,65,-46.82,19.36,-76.68,-11.9,-0.2,0.05,-0.28,-0.12
EDDL,EDDH,1,18,-47.21,17.48,-79.08,-17.48,-0.13,0.08,-0.21,0.03
EDDL,EDDM,0,91,2.32,9.79,-10.65,18.2,-0.09,0.04,-0.16,-0.02
EDDL,EDDM,1,87,4.74,13.0,-11.31,27.77,-0.08,0.05,-0.16,0.02
EDDL,EDDM,2,50,21.8,103.79,-10.76,28.62,0.04,0.45,-0.11,0.09
EDDL,EDDM,3,23,9.79,12.05,-4.28,30.78,-0.03,0.04,-0.1,0.03
EDDL,EDDM,4,117,4.61,11.62,-11.92,23.7,-0.08,0.06,-0.16,0.02
EDDL,EDDM,5,18,-13.76,16.46,-25.98,8.0,-0.14,0.07,-0.22,-0.0
EDDL,EFHK,0,57,-0.24,9.15,-16.52,12.52,0.06,0.09,-0.08,0.2
EDDL,EGBB,0,56,-9.69,18.03,-34.4,17.75,0.02,0.06,-0.08,0.11
EDDL,EGCC,0,57,9.95,16.13,-10.6,33.04,0.04,0.07,-0.04,0.2
EDDL,EGLC,0,34,-3.79,8.75,-14.74,11.95,0.05,0.05,0.01,0.1
EDDL,EGLC,1,26,-14.02,11.55,-29.28,3.65,0.03,0.05,-0.03,0.09
EDDL,EGLL,0,175,-0.03,16.6,-23.7,30.8,0.18,0.1,0.03,0.35
EDDL,EGLL,1,38,7.41,16.76,-5.9,37.67,0.23,0.08,0.12,0.37
EDDL,EHAM,0,46,0.38,5.43,-7.58,8.3,-0.0,0.03,-0.04,0.06
EDDL,EHAM,1,97,-4.66,10.27,-26.8,10.46,-0.01,0.05,-0.09,0.08
EDDL,EIDW,0,75,-10.2,15.37,-27.32,24.0,0.01,0.1,-0.12,0.14
EDDL,EKCH,0,112,-8.32,6.61,-17.58,0.0,-0.07,0.05,-0.14,0.01
EDDL,EKCH,1,36,-6.25,12.99,-25.48,14.72,-0.03,0.04,-0.09,0.03
EDDL,ENGM,0,25,-29.12,10.62,-48.96,-12.46,-0.1,0.08,-0.19,0.09
EDDL,ENGM,1,19,-24.12,12.37,-40.47,-8.93,-0.06,0.07,-0.14,0.04
EDDL,ENGM,2,32,-27.54,16.29,-46.68,4.9,-0.09,0.08,-0.2,0.05
EDDL,EPWA,0,84,-43.11,19.65,-68.52,-15.87,-0.1,0.06,-0.18,0.02
EDDL,ESSA,0,22,-5.17,14.61,-20.22,18.85,0.07,0.11,-0.05,0.17
EDDL,ESSA,1,48,-16.23,11.3,-31.12,3.56,-0.03,0.07,-0.11,0.06
EDDL,ESSA,2,21,-2.86,10.26,-18.7,8.2,0.04,0.06,-0.02,0.14
EDDL,GCFV,0,27,-31.6,36.87,-56.54,-0.02,-0.11,0.27,-0.47,0.44
EDDL,GCFV,1,27,-37.86,11.22,-53.15,-17.52,-0.15,0.18,-0.41,0.13
EDDL,GCLP,0,37,-1.56,18.0,-28.8,29.5,0.03,0.22,-0.26,0.4
EDDL,GCLP,1,15,10.15,18.75,-12.66,42.12,0.02,0.15,-0.18,0.21
EDDL,HEGN,0,48,21.56,25.39,-4.5,64.56,0.04,0.11,-0.14,0.24
EDDL,HEGN,1,17,19.84,21.12,2.26,47.7,-0.04,0.14,-0.24,0.16
EDDL,LDSP,0,45,5.1,12.51,-11.32,30.76,0.06,0.07,-0.04,0.17
EDDL,LDSP,1,15,-9.39,8.92,-19.16,4.65,0.04,0.08,-0.03,0.16
EDDL,LEAL,0,52,-9.5,19.19,-30.36,25.67,0.08,0.12,-0.1,0.29
EDDL,LEBL,0,96,-8.77,21.75,-40.67,35.52,-0.03,0.13,-0.23,0.18
EDDL,LEBL,1,19,-16.08,18.7,-40.04,12.05,-0.07,0.09,-0.19,0.08
EDDL,LEIB,0,60,-24.31,23.05,-57.0,15.42,-0.04,0.11,-0.23,0.14
EDDL,LEMD,0,107,-8.52,22.09,-43.42,29.61,0.0,0.12,-0.17,0.23
EDDL,LEMG,0,90,-12.61,27.96,-40.85,57.26,0.04,0.14,-0.19,0.25
EDDL,LEPA,0,420,-13.46,19.06,-40.11,19.6,-0.01,0.12,-0.21,0.17
EDDL,LEPA,1,20,-16.67,14.59,-40.43,7.41,0.02,0.07,-0.1,0.11
EDDL,LEPA,2,20,-20.03,24.62,-51.68,23.51,-0.07,0.11,-0.21,0.08
EDDL,LFMN,0,61,-47.58,19.57,-74.9,-21.1,-0.17,0.1,-0.34,0.01
EDDL,LFPG,0,63,-28.05,14.1,-45.96,-1.58,0.07,0.08,0.01,0.13
EDDL,LFPG,1,102,-14.75,19.78,-42.4,18.27,0.11,0.06,0.02,0.23
EDDL,LGAV,0,20,3.27,23.22,-31.85,33.05,0.03,0.09,-0.14,0.16
EDDL,LGAV,1,20,-10.27,22.14,-37.52,25.06,0.02,0.12,-0.1,0.23
EDDL,LGAV,2,34,-6.05,17.55,-30.16,19.89,0.03,0.11,-0.11,0.2
EDDL,LGIR,0,19,-9.4,10.1,-23.5,7.66,-0.04,0.1,-0.15,0.11
EDDL,LGIR,1,17,-10.82,12.14,-28.22,6.04,-0.02,0.11,-0.16,0.12
EDDL,LGIR,2,98,-4.66,11.44,-18.32,15.25,-0.02,0.11,-0.18,0.17
EDDL,LGKO,0,60,-3.18,23.98,-29.42,45.21,0.01,0.11,-0.15,0.2
EDDL,LGKR,0,56,10.54,13.37,-13.4,33.92,0.03,0.09,-0.11,0.16
EDDL,LGRP,0,59,-1.05,13.36,-20.17,19.94,-0.01,0.11,-0.15,0.15
EDDL,LGTS,0,66,-8.62,18.98,-32.15,28.17,-0.01,0.1,-0.14,0.17
EDDL,LIMC,0,63,-49.57,17.43,-68.09,-13.46,-0.2,0.07,-0.29,-0.09
EDDL,LIRF,0,52,-39.94,14.48,-56.84,-15.93,-0.15,0.07,-0.26,-0.04
EDDL,LKPR,0,26,-24.95,15.63,-50.2,-4.55,-0.11,0.05,-0.18,-0.02
EDDL,LKPR,1,28,-36.5,9.1,-50.32,-21.94,-0.04,0.04,-0.11,0.02
EDDL,LOWW,0,205,-0.55,18.01,-21.12,29.32,0.02,0.07,-0.09,0.14
EDDL,LPFR,0,51,-8.77,14.12,-26.75,12.75,0.01,0.13,-0.16,0.19
EDDL,LPPT,0,55,-15.71,19.06,-44.17,11.05,0.1,0.13,-0.09,0.33
EDDL,LPPT,1,38,-17.26,19.22,-42.84,12.98,0.08,0.13,-0.09,0.3
EDDL,LSZH,0,92,-26.26,8.95,-38.94,-9.25,-0.08,0.07,-0.17,0.04
EDDL,LSZH,1,79,-21.62,12.06,-42.71,-3.23,-0.01,0.08,-0.11,0.16
EDDL,LSZH,2,15,-7.87,21.17,-43.34,17.84,0.03,0.06,-0.06,0.09
EDDL,LTAC,0,56,-11.38,12.37,-24.6,10.95,0.01,0.11,-0.14,0.18
EDDL,LTAI,0,21,4.05,19.73,-9.0,36.5,0.01,0.12,-0.12,0.18
EDDL,LTAI,1,64,-10.74,25.63,-37.08,28.08,0.03,0.15,-0.14,0.26
EDDL,LTAI,2,204,0.1,16.28,-24.58,23.52,0.07,0.12,-0.11,0.27
EDDL,LTAI,3,78,2.11,21.62,-23.19,47.84,0.06,0.15,-0.12,0.4
EDDL,LTAI,4,47,-7.77,14.81,-31.4,24.22,0.03,0.14,-0.17,0.26
EDDL,LTBJ,0,18,24.24,12.54,3.88,41.24,0.05,0.12,-0.12,0.2
EDDL,LTBJ,1,16,24.97,19.93,1.5,60.88,0.05,0.1,-0.08,0.19
EDDL,LTBJ,2,24,3.73,23.53,-27.54,35.84,0.04,0.12,-0.13,0.24
EDDL,LTBJ,3,17,11.36,15.99,-10.9,38.26,0.04,0.1,-0.09,0.19
EDDL,LTBJ,4,40,5.05,27.22,-23.51,61.96,0.01,0.12,-0.17,0.27
EDDL,LTFJ,0,51,-10.99,14.27,-31.2,7.8,0.06,0.1,-0.06,0.22
EDDL,LTFJ,1,74,-11.7,24.38,-43.84,30.12,0.04,0.14,-0.16,0.25
EDDL,LTFJ,2,25,-13.16,19.7,-33.0,22.2,0.03,0.15,-0.18,0.26
EDDL,LTFM,0,99,-19.41,25.55,-42.13,12.22,-0.01,0.15,-0.19,0.18
EDDL,LTFM,1,20,-33.63,14.4,-51.52,-10.54,-0.07,0.09,-0.18,0.04
EDDL,OMDB,0,40,14.82,31.5,-18.86,55.7,0.24,0.13,0.06,0.49
EDDL,OMDB,1,20,7.8,31.97,-25.64,67.4,0.19,0.15,0.03,0.41
EDDM,CYYZ,0,26,-3.78,62.15,-83.48,96.98,0.01,0.28,-0.4,0.46
EDDM,CYYZ,1,33,-1.98,39.85,-38.1,73.58,0.0,0.33,-0.44,0.57
EDDM,EBBR,0,185,5.56,12.1,-3.38,25.3,-0.02,0.06,-0.1,0.07
EDDM,EDDB,0,162,10.93,7.2,0.03,26.17,-0.0,0.05,-0.07,0.08
EDDM,EDDB,1,148,10.71,8.2,-2.62,27.66,0.01,0.05,-0.06,0.09
EDDM,EDDC,0,46,13.18,12.75,-5.2,25.52,0.04,0.04,-0.02,0.11
EDDM,EDDC,1,29,7.89,11.08,0.0,26.42,0.01,0.04,-0.04,0.08
EDDM,EDDF,0,342,-24.21,32.79,-56.56,-2.4,-0.16,0.08,-0.26,-0.06
EDDM,EDDG,0,105,6.88,7.83,-1.8,14.6,0.0,0.07,-0.05,0.05
EDDM,EDDH,0,209,-31.4,13.44,-47.76,-4.52,-0.15,0.06,-0.23,-0.05
EDDM,EDDH,1,132,-38.99,11.45,-49.82,-15.36,-0.17,0.06,-0.26,-0.08
EDDM,EDDH,2,31,-38.32,11.96,-52.85,-15.45,-0.2,0.06,-0.27,-0.09
EDDM,EDDH,3,16,-44.91,10.95,-58.92,-25.15,-0.17,0.07,-0.26,-0.06
EDDM,EDDK,0,261,10.01,13.16,-7.1,23.9,0.03,0.06,-0.05,0.12
EDDM,EDDL,0,44,-3.98,12.61,-17.4,18.14,0.02,0.07,-0.06,0.18
EDDM,EDDL,1,197,-5.15,15.54,-17.12,18.36,-0.06,0.08,-0.14,0.04
EDDM,EDDL,2,115,-5.05,15.79,-18.1,12.66,-0.02,0.07,-0.1,0.07
EDDM,EDDL,3,31,-12.2,8.62,-22.4,-1.55,-0.08,0.04,-0.14,-0.03
EDDM,EDDP,0,41,-26.74,14.6,-42.1,0.9,-0.1,0.06,-0.16,-0.0
EDDM,EDDP,1,22,-26.1,13.29,-40.69,1.66,-0.1,0.07,-0.17,0.02
EDDM,EDDS,0,126,7.39,12.81,-9.75,24.0,0.06,0.06,-0.01,0.18
EDDM,EDDV,0,76,-2.01,5.38,-10.32,6.0,-0.08,0.05,-0.14,0.01
EDDM,EDDV,1,75,-1.99,19.01,-16.1,14.51,-0.06,0.11,-0.14,0.01
EDDM,EDDV,2,15,6.33,7.02,-0.56,18.99,-0.04,0.03,-0.1,-0.01
EDDM,EDDW,0,137,-0.11,7.43,-10.2,9.62,-0.0,0.04,-0.07,0.07
EDDM,EDLP,0,58,-5.42,4.73,-11.84,3.46,-0.03,0.03,-0.06,0.01
EDDM,EFHK,0,21,-7.88,11.56,-19.3,8.9,0.02,0.15,-0.2,0.26
EDDM,EFHK,1,21,-6.55,13.01,-20.6,14.7,0.02,0.11,-0.23,0.14
EDDM,EFHK,2,108,-2.21,10.63,-20.29,13.86,-0.0,0.12,-0.16,0.17
EDDM,EGBB,0,77,-8.34,20.21,-29.18,17.88,-0.0,0.1,-0.13,0.15
EDDM,EGCC,0,57,14.91,18.7,-1.9,35.8,0.05,0.11,-0.1,0.21
EDDM,EGCC,1,44,10.96,11.49,-7.48,31.94,0.02,0.1,-0.12,0.17
EDDM,EGLL,0,99,10.22,12.44,-4.93,35.41,0.22,0.14,0.05,0.49
EDDM,EGLL,1,267,10.18,12.06,-2.17,34.73,0.15,0.12,-0.03,0.37
EDDM,EGLL,2,30,-1.6,15.07,-20.99,22.41,0.11,0.12,-0.07,0.28
EDDM,EHAM,0,321,10.99,6.76,2.0,24.2,0.06,0.07,-0.03,0.16
EDDM,EIDW,0,31,0.17,21.32,-28.5,37.15,-0.02,0.13,-0.16,0.24
EDDM,EIDW,1,74,0.41,13.11,-13.64,30.24,0.01,0.13,-0.12,0.2
EDDM,EKBI,0,60,0.8,8.45,-3.78,8.24,0.01,0.08,-0.09,0.14
EDDM,EKCH,0,207,2.25,9.56,-16.47,13.78,-0.05,0.07,-0.14,0.09
EDDM,ELLX,0,119,-17.21,14.54,-34.1,8.34,-0.1,0.11,-0.23,0.08
EDDM,ENGM,0,83,-13.22,12.46,-33.3,6.33,-0.06,0.09,-0.2,0.09
EDDM,ENGM,1,27,-18.27,15.6,-37.16,12.12,-0.08,0.08,-0.19,0.04
EDDM,EPGD,0,21,-46.54,11.67,-60.9,-28.8,-0.15,0.06,-0.21,-0.06
EDDM,EPGD,1,22,-55.88,8.16,-65.84,-40.64,-0.18,0.07,-0.3,-0.1
EDDM,EPGD,2,17,-35.21,3.93,-41.26,-30.28,-0.12,0.08,-0.23,-0.0
EDDM,EPKK,0,90,-29.6,23.1,-62.56,-1.7,-0.1,0.05,-0.18,-0.02
EDDM,EPPO,0,60,-37.47,13.59,-56.9,-12.1,-0.11,0.06,-0.19,-0.02
EDDM,EPWA,0,157,-51.39,19.72,-74.56,-13.62,-0.09,0.08,-0.2,0.05
EDDM,EPWA,1,46,-22.08,15.55,-41.92,4.82,-0.07,0.07,-0.15,0.04
EDDM,EPWR,0,80,-36.14,12.21,-53.02,-18.91,-0.11,0.06,-0.19,-0.02
EDDM,ESGG,0,88,-0.69,9.58,-24.38,10.32,-0.0,0.08,-0.13,0.14
EDDM,ESSA,0,25,3.48,14.7,-9.24,23.5,-0.03,0.15,-0.18,0.23
EDDM,ESSA,1,55,1.4,15.93,-8.7,19.48,-0.02,0.1,-0.14,0.14
EDDM,ESSA,2,57,-3.17,11.67,-15.78,16.1,-0.07,0.09,-0.21,0.11
EDDM,ESSA,3,16,0.34,11.01,-16.42,17.6,-0.07,0.13,-0.24,0.18
EDDM,EVRA,0,51,9.19,10.38,-6.5,26.55,0.04,0.09,-0.07,0.19
EDDM,HECA,0,18,22.29,22.31,7.83,44.43,0.07,0.13,-0.11,0.28
EDDM,HECA,1,42,26.33,19.25,8.1,61.03,0.14,0.14,-0.03,0.41
EDDM,HEGN,0,26,13.57,20.37,-4.65,61.8,0.03,0.09,-0.07,0.19
EDDM,HEGN,1,32,20.96,17.99,2.86,46.39,0.04,0.13,-0.14,0.23
EDDM,KCLT,0,15,-22.26,64.53,-111.83,62.17,0.03,0.26,-0.33,0.44
EDDM,KCLT,1,45,12.75,150.14,-88.8,264.22,0.05,0.35,-0.39,0.63
EDDM,KDEN,0,25,-2.46,66.26,-83.24,106.86,0.04,0.25,-0.32,0.44
EDDM,KDEN,1,34,-3.34,40.37,-49.24,69.13,0.01,0.21,-0.37,0.28
EDDM,KEWR,0,38,-0.02,66.36,-52.67,95.89,-0.01,0.26,-0.4,0.35
EDDM,KEWR,1,21,1.7,84.73,-71.8,203.8,0.12,0.21,-0.2,0.47
EDDM,KIAD,0,33,13.18,74.04,-63.6,138.02,0.07,0.31,-0.37,0.54
EDDM,KIAD,1,24,0.02,94.92,-88.49,178.66,0.06,0.25,-0.29,0.51
EDDM,KORD,0,30,-4.39,67.46,-50.48,88.07,0.1,0.31,-0.22,0.75
EDDM,KORD,1,18,-17.25,123.9,-136.03,140.51,0.12,0.32,-0.22,0.55
EDDM,KORD,2,16,15.69,105.55,-53.8,150.78,0.13,0.37,-0.2,0.74
EDDM,KORD,3,22,-3.4,64.37,-72.79,91.44,0.08,0.23,-0.22,0.41
EDDM,KSFO,0,20,-3.28,61.86,-62.86,128.75,0.01,0.25,-0.32,0.32
EDDM,KSFO,1,40,-1.13,43.53,-48.07,79.83,-0.01,0.19,-0.29,0.26
EDDM,LATI,0,41,-23.51,12.52,-34.5,-3.5,-0.03,0.08,-0.11,0.1
EDDM,LATI,1,15,-17.55,17.25,-32.29,6.46,-0.1,0.09,-0.22,0.05
EDDM,LBSF,0,66,-15.2,21.43,-34.88,12.58,-0.05,0.14,-0.16,0.08
EDDM,LBSF,1,21,-53.08,12.89,-66.2,-31.9,-0.14,0.06,-0.27,-0.06
EDDM,LDDU,0,35,3.89,14.12,-4.5,20.37,0.05,0.07,-0.04,0.17
EDDM,LDDU,1,25,2.94,7.47,-4.28,15.26,0.02,0.05,-0.07,0.08
EDDM,LDSP,0,98,4.43,13.47,-12.72,29.78,0.04,0.14,-0.15,0.28
EDDM,LDZA,0,70,1.41,9.77,-4.5,19.05,-0.0,0.12,-0.15,0.14
EDDM,LEBB,0,115,-3.46,31.62,-34.95,36.35,-0.01,0.11,-0.15,0.17
EDDM,LEBL,0,52,-8.46,12.68,-31.69,13.82,-0.05,0.11,-0.22,0.14
EDDM,LEBL,1,181,-1.53,16.6,-19.1,37.5,-0.03,0.11,-0.17,0.17
EDDM,LEIB,0,59,-17.15,22.38,-45.63,15.52,-0.06,0.11,-0.23,0.09
EDDM,LEMD,0,68,2.69,12.54,-9.49,32.96,0.02,0.13,-0.13,0.24
EDDM,LEMD,1,22,-3.14,12.12,-18.77,12.74,0.03,0.17,-0.24,0.31
EDDM,LEMD,2,176,-13.8,27.17,-40.85,46.2,-0.0,0.13,-0.18,0.22
EDDM,LEMG,0,17,-13.0,14.29,-28.72,11.68,0.02,0.13,-0.17,0.23
EDDM,LEMG,1,47,-9.02,13.76,-27.28,17.94,0.02,0.13,-0.15,0.22
EDDM,LEPA,0,246,-0.43,16.33,-15.58,24.48,0.03,0.12,-0.14,0.23
EDDM,LEPA,1,26,-15.47,14.3,-28.4,6.82,-0.03,0.08,-0.18,0.07
EDDM,LEPA,2,26,-13.88,16.23,-32.8,14.05,0.0,0.12,-0.17,0.19
EDDM,LFBO,0,25,-3.37,12.37,-21.86,16.02,0.02,0.07,-0.07,0.14
EDDM,LFBO,1,83,-0.8,20.74,-17.99,18.41,0.04,0.1,-0.07,0.19
EDDM,LFLL,0,91,-1.12,17.24,-22.2,19.8,-0.0,0.05,-0.08,0.09
EDDM,LFML,0,56,12.21,17.52,-12.72,38.7,0.06,0.1,-0.1,0.23
EDDM,LFML,1,29,-4.07,11.7,-22.44,14.4,0.03,0.09,-0.11,0.17
EDDM,LFMN,0,59,-51.72,17.13,-77.33,-12.28,-0.26,0.09,-0.37,-0.09
EDDM,LFMN,1,57,-53.55,13.16,-73.18,-31.86,-0.24,0.08,-0.37,-0.09
EDDM,LFPG,0,31,-13.61,11.65,-30.75,5.85,0.04,0.05,-0.06,0.1
EDDM,LFPG,1,84,-5.98,25.12,-42.38,34.2,-0.0,0.06,-0.11,0.09
EDDM,LFPG,2,146,-7.05,17.8,-32.17,23.8,-0.02,0.06,-0.14,0.07
EDDM,LFPG,3,82,-11.89,12.08,-35.08,4.87,-0.01,0.08,-0.09,0.11
EDDM,LFPO,0,60,-6.5,28.65,-43.12,40.4,0.05,0.09,-0.07,0.2
EDDM,LGAV,0,86,1.36,14.13,-16.6,20.68,-0.01,0.09,-0.14,0.16
EDDM,LGAV,1,37,-3.68,15.74,-24.6,23.28,-0.0,0.09,-0.13,0.15
EDDM,LGAV,2,18,-0.87,17.56,-21.18,22.98,0.02,0.11,-0.12,0.16
EDDM,LGAV,3,34,-5.71,15.69,-23.34,27.0,-0.03,0.11,-0.16,0.2
EDDM,LGAV,4,53,-4.1,16.38,-30.86,19.3,0.05,0.09,-0.08,0.2
EDDM,LGIR,0,88,-3.78,11.26,-15.39,17.32,-0.02,0.1,-0.18,0.14
EDDM,LGIR,1,47,-5.46,21.36,-25.41,37.27,0.01,0.1,-0.13,0.19
EDDM,LGTS,0,90,-3.53,15.3,-18.91,26.31,0.0,0.09,-0.13,0.15
EDDM,LHBP,0,111,-15.24,17.68,-32.2,13.25,-0.04,0.06,-0.13,0.06
EDDM,LIBD,0,60,19.93,14.93,4.04,44.22,0.09,0.09,-0.01,0.24
EDDM,LICC,0,26,-26.78,18.94,-47.3,1.12,-0.03,0.09,-0.17,0.07
EDDM,LICC,1,11,-47.83,16.99,-68.35,-24.7,-0.01,0.1,-0.14,0.13
EDDM,LICC,2,49,-31.86,33.06,-60.38,54.08,-0.01,0.14,-0.19,0.19
EDDM,LIEO,0,67,-23.0,17.48,-59.56,-2.23,-0.06,0.08,-0.17,0.06
EDDM,LIEO,1,1,-9.1,,-9.1,-9.1,-0.1,,-0.1,-0.1
EDDM,LIMC,0,118,-61.25,20.02,-80.96,-23.26,-0.24,0.08,-0.33,-0.12
EDDM,LIMC,1,18,-33.92,26.49,-65.7,-2.46,-0.14,0.08,-0.24,-0.0
EDDM,LIMF,0,71,15.7,10.32,-3.95,33.25,0.07,0.06,-0.0,0.18
EDDM,LIML,0,58,-2.41,9.15,-13.25,13.42,-0.01,0.08,-0.08,0.06
EDDM,LIPE,0,87,-0.27,11.68,-12.27,19.45,-0.01,0.05,-0.08,0.08
EDDM,LIPX,0,56,-0.14,4.27,-4.7,2.85,-0.0,0.04,-0.07,0.07
EDDM,LIPZ,0,110,-49.3,14.83,-67.44,-20.54,-0.2,0.06,-0.28,-0.09
EDDM,LIRF,0,71,-26.38,39.77,-48.1,-0.4,-0.11,0.14,-0.24,-0.01
EDDM,LIRF,1,105,-24.7,20.93,-47.2,13.96,-0.1,0.06,-0.18,-0.01
EDDM,LIRN,0,107,-21.07,19.49,-47.19,11.19,-0.05,0.1,-0.16,0.1
EDDM,LIRQ,0,86,30.9,4.39,25.35,39.9,0.03,0.05,-0.04,0.14
EDDM,LKPR,0,83,-16.85,14.75,-35.3,4.38,-0.07,0.05,-0.14,0.01
EDDM,LLBG,0,51,9.26,13.34,-7.9,31.65,0.01,0.08,-0.09,0.13
EDDM,LLBG,1,16,10.38,39.11,-21.48,75.32,-0.0,0.17,-0.21,0.25
EDDM,LLBG,2,20,6.28,9.95,-8.51,24.22,-0.01,0.12,-0.17,0.18
EDDM,LMML,0,34,23.02,14.44,-3.89,47.86,0.05,0.09,-0.07,0.19
EDDM,LMML,1,27,18.35,10.98,-3.15,33.38,0.05,0.08,-0.06,0.18
EDDM,LMML,2,19,20.79,12.41,0.75,35.67,0.05,0.13,-0.11,0.2
EDDM,LOWG,0,40,2.35,5.61,-6.41,10.17,0.05,0.03,0.02,0.09
EDDM,LOWG,1,34,3.25,5.35,-3.64,10.87,0.01,0.04,-0.05,0.07
EDDM,LOWW,0,171,6.32,15.58,-13.05,35.35,0.0,0.05,-0.06,0.1
EDDM,LPPR,0,59,0.66,23.29,-24.31,26.26,0.03,0.13,-0.13,0.22
EDDM,LPPT,0,149,-9.94,25.11,-38.6,32.7,0.04,0.13,-0.12,0.32
EDDM,LRCL,0,60,1.71,7.67,-8.34,13.72,0.04,0.06,-0.07,0.13
EDDM,LROP,0,85,-34.59,13.28,-46.6,-12.72,-0.12,0.07,-0.19,0.0
EDDM,LRSB,0,61,12.9,23.54,-12.8,24.2,0.03,0.08,-0.08,0.13
EDDM,LRTR,0,23,-3.81,19.03,-17.78,27.62,-0.0,0.07,-0.08,0.08
EDDM,LRTR,1,64,-2.83,14.84,-14.7,28.14,-0.0,0.05,-0.08,0.08
EDDM,LSGG,0,17,-4.95,12.15,-23.08,16.04,0.02,0.04,-0.03,0.09
EDDM,LSGG,1,26,-11.83,9.96,-25.8,4.02,-0.0,0.04,-0.08,0.06
EDDM,LSGG,2,49,-8.29,13.13,-19.6,8.2,0.0,0.06,-0.06,0.12
EDDM,LSGG,3,27,-7.48,11.41,-21.6,8.9,-0.01,0.05,-0.07,0.06
EDDM,LSZH,0,168,8.55,13.03,-14.5,31.63,0.03,0.06,-0.03,0.13
EDDM,LTAI,0,20,9.22,21.57,-20.41,38.61,0.09,0.14,-0.06,0.24
EDDM,LTAI,1,18,-1.23,23.93,-29.47,39.44,0.06,0.17,-0.16,0.4
EDDM,LTAI,2,47,-3.77,40.93,-47.6,71.45,0.08,0.14,-0.09,0.28
EDDM,LTAI,3,63,5.88,29.7,-22.79,41.86,0.1,0.16,-0.05,0.48
EDDM,LTAI,4,21,-4.37,13.53,-21.1,17.1,0.02,0.12,-0.15,0.17
EDDM,LTAI,5,23,2.5,12.8,-16.31,22.53,0.07,0.12,-0.11,0.24
EDDM,LTBJ,0,19,13.31,22.27,-13.25,53.21,0.06,0.14,-0.11,0.19
EDDM,LTBJ,1,41,15.71,13.13,1.2,32.7,0.04,0.1,-0.07,0.19
EDDM,LTBJ,2,14,42.94,42.04,13.24,109.6,0.13,0.32,-0.13,0.74
EDDM,LTFJ,0,31,-4.13,41.96,-37.05,58.95,0.04,0.2,-0.18,0.4
EDDM,LTFJ,1,44,-10.59,27.56,-38.05,37.17,0.02,0.13,-0.13,0.28
EDDM,LTFM,0,19,-14.78,23.38,-41.51,22.55,-0.04,0.1,-0.18,0.13
EDDM,LTFM,1,51,-31.84,16.13,-50.9,-6.3,-0.06,0.12,-0.21,0.09
EDDM,LTFM,2,22,-21.48,12.51,-35.82,2.37,-0.1,0.1,-0.25,0.06
EDDM,LTFM,3,28,-16.68,30.31,-46.08,42.4,0.02,0.17,-0.15,0.25
EDDM,LYBE,0,53,-6.45,20.69,-27.0,41.08,0.0,0.08,-0.1,0.14
EDDM,OMDB,0,60,20.25,21.49,-12.53,56.52,0.26,0.12,0.07,0.45
EDDM,OTHH,0,69,26.08,20.19,-7.22,57.44,0.1,0.11,-0.07,0.28
EDDM,VTBS,0,17,-0.05,32.5,-25.8,53.92,0.01,0.09,-0.11,0.16
EDDM,VTBS,1,23,-3.27,6.7,-13.7,7.31,-0.02,0.07,-0.14,0.07
EDDM,VTBS,2,20,1.2,11.1,-10.48,22.93,0.05,0.09,-0.06,0.19
EDDM,WSSS,0,33,-1.91,46.04,-40.14,25.56,0.15,0.16,-0.02,0.45
EDDM,WSSS,1,18,-4.56,33.88,-44.58,44.0,0.08,0.08,-0.02,0.23
EDDN,EDDF,0,133,-13.23,25.18,-50.24,22.16,-0.12,0.07,-0.22,-0.02
EDDN,EHAM,0,100,12.99,12.79,-0.74,27.31,0.07,0.06,-0.01,0.14
EDDN,LEPA,0,159,-10.86,16.17,-33.91,14.69,-0.0,0.12,-0.17,0.18
EDDN,LFPG,0,50,-21.63,19.33,-43.5,12.35,0.07,0.06,-0.04,0.16
EDDN,LFPG,1,43,-27.2,18.15,-68.75,-7.77,0.05,0.07,-0.04,0.14
EDDN,LFPG,2,20,5.39,23.64,-25.69,39.29,0.07,0.07,-0.03,0.15
EDDN,LSZH,0,50,-18.28,9.82,-29.88,-0.42,-0.07,0.07,-0.16,0.07
EDDN,LTAI,0,170,-8.16,16.13,-30.81,22.95,0.06,0.11,-0.11,0.27
EDDN,LTFM,0,88,-32.95,16.18,-52.66,-4.82,-0.04,0.1,-0.17,0.11
EDDP,EBBR,0,19,-22.84,14.61,-42.07,-8.52,-0.06,0.05,-0.11,-0.0
EDDP,EBBR,1,27,-9.73,7.89,-19.52,5.21,-0.03,0.05,-0.1,0.05
EDDP,EBBR,2,18,-22.33,7.04,-33.18,-11.73,-0.03,0.05,-0.09,0.04
EDDP,EBBR,3,16,-6.81,8.68,-17.45,4.2,0.02,0.05,-0.04,0.1
EDDP,EBBR,4,15,-19.43,14.83,-36.96,2.67,-0.05,0.04,-0.11,-0.01
EDDP,EDDF,0,202,-39.37,30.2,-73.5,7.54,-0.16,0.07,-0.28,-0.05
EDDP,EDDK,0,24,21.47,15.01,-2.72,38.3,0.13,0.07,0.07,0.28
EDDP,EDDK,1,48,9.11,16.6,-13.22,40.88,0.1,0.06,0.01,0.21
EDDP,EDDM,0,50,-24.04,9.32,-34.95,-14.94,-0.15,0.04,-0.21,-0.07
EDDP,EDDM,1,17,-38.69,6.82,-47.4,-31.1,-0.15,0.04,-0.2,-0.08
EDDP,EGNX,0,24,-13.35,11.65,-28.53,3.57,0.03,0.07,-0.04,0.15
EDDP,EGNX,1,72,-6.9,15.58,-24.28,21.62,0.03,0.07,-0.06,0.16
EDDP,EGNX,2,57,-14.24,12.33,-28.92,6.42,0.01,0.09,-0.12,0.14
EDDP,EKCH,0,55,-28.47,8.96,-40.36,-14.17,-0.11,0.04,-0.16,-0.04
EDDP,KCVG,0,29,-16.12,61.1,-88.72,85.56,-0.06,0.36,-0.61,0.47
EDDP,KCVG,1,20,3.8,45.26,-46.54,105.64,-0.05,0.28,-0.36,0.51
EDDP,KCVG,2,25,-2.58,52.54,-56.94,93.78,-0.1,0.37,-0.67,0.59
EDDP,LEMD,0,51,-3.62,16.31,-20.2,14.65,-0.06,0.14,-0.25,0.21
EDDP,LEPA,0,87,-10.29,24.37,-38.54,36.48,0.0,0.14,-0.18,0.28
EDDP,LFPG,0,30,-5.41,19.08,-28.37,19.03,-0.01,0.12,-0.1,0.15
EDDP,LFPG,1,70,-4.76,22.91,-25.4,41.83,0.02,0.05,-0.06,0.1
EDDP,LIMC,0,83,-42.19,19.61,-63.58,-3.49,-0.16,0.09,-0.28,0.02
EDDP,LIMC,1,20,-63.19,19.61,-87.62,-23.28,-0.22,0.09,-0.3,-0.11
EDDP,LOWW,0,68,6.63,22.01,-22.76,45.7,0.09,0.07,0.01,0.22
EDDP,LTAI,0,79,-5.91,26.19,-41.88,37.79,0.08,0.17,-0.1,0.45
EDDP,LTAI,1,66,-11.21,18.14,-39.47,19.72,0.06,0.13,-0.09,0.35
EDDP,LTFM,0,55,-32.77,15.08,-54.5,-3.63,-0.1,0.18,-0.28,0.08
EDDP,VHHH,0,31,-12.15,55.7,-53.3,87.9,-0.01,0.22,-0.38,0.37
EDDP,VHHH,1,25,-9.24,66.21,-50.0,153.1,-0.03,0.23,-0.4,0.29
EDDS,BKPR,0,49,-25.38,22.94,-63.98,10.9,-0.03,0.09,-0.17,0.09
EDDS,BKPR,1,22,-52.16,16.91,-78.14,-29.12,-0.1,0.07,-0.2,0.03
EDDS,EDDB,0,125,-1.16,16.04,-29.32,26.1,0.03,0.05,-0.06,0.11
EDDS,EDDB,1,52,-0.23,14.97,-20.32,25.47,0.04,0.05,-0.04,0.11
EDDS,EDDF,0,121,-27.69,17.23,-53.3,4.0,-0.17,0.04,-0.23,-0.09
EDDS,EDDH,0,148,-30.21,12.78,-44.9,-2.34,-0.13,0.05,-0.2,-0.05
EDDS,EDDM,0,112,2.26,17.24,-18.07,32.57,-0.04,0.06,-0.12,0.06
EDDS,EGLL,0,136,-7.29,14.0,-24.32,18.55,0.15,0.11,-0.01,0.34
EDDS,EHAM,0,49,-0.63,8.47,-13.22,14.22,0.0,0.06,-0.08,0.09
EDDS,EHAM,1,94,0.13,7.6,-13.31,11.71,-0.02,0.06,-0.12,0.08
EDDS,EHAM,2,17,-8.39,18.53,-34.34,17.18,0.03,0.07,-0.09,0.13
EDDS,LEBL,0,100,-9.22,14.85,-28.72,20.24,-0.03,0.09,-0.17,0.12
EDDS,LEPA,0,243,-12.0,17.99,-34.69,18.39,0.01,0.12,-0.16,0.18
EDDS,LFPG,0,76,6.42,22.23,-22.52,37.52,0.13,0.07,0.03,0.24
EDDS,LGIR,0,23,-25.73,23.43,-54.43,9.93,-0.03,0.12,-0.15,0.19
EDDS,LGIR,1,18,-13.8,8.56,-25.26,0.61,-0.05,0.1,-0.16,0.16
EDDS,LGIR,2,48,-9.13,10.3,-26.39,6.4,-0.02,0.09,-0.12,0.14
EDDS,LGTS,0,64,-12.7,24.37,-37.44,37.75,-0.04,0.1,-0.19,0.09
EDDS,LOWW,0,140,3.01,17.93,-16.31,44.16,0.01,0.06,-0.08,0.1
EDDS,LSZH,0,64,-19.56,10.15,-30.84,2.08,-0.01,0.07,-0.08,0.13
EDDS,LTAI,0,57,-7.28,22.28,-35.42,32.8,0.01,0.1,-0.13,0.17
EDDS,LTAI,1,56,-6.56,24.71,-29.18,52.08,0.05,0.12,-0.12,0.23
EDDS,LTAI,2,87,-11.36,21.97,-41.17,40.0,0.02,0.13,-0.15,0.23
EDDS,LTAI,3,22,-9.96,43.43,-49.17,42.25,0.03,0.15,-0.16,0.3
EDDS,LTBJ,0,40,2.17,22.16,-19.51,43.93,-0.03,0.09,-0.17,0.11
EDDS,LTBJ,1,19,-9.46,19.0,-27.01,17.8,-0.04,0.12,-0.18,0.13
EDDS,LTBJ,2,22,6.1,32.09,-47.13,39.08,0.02,0.13,-0.16,0.24
EDDS,LTFJ,0,15,-12.73,21.98,-39.19,25.65,0.04,0.17,-0.13,0.37
EDDS,LTFJ,1,45,-20.74,22.76,-50.94,20.04,-0.0,0.12,-0.18,0.19
EDDS,LTFJ,2,32,-10.13,32.83,-64.84,37.53,0.04,0.19,-0.18,0.35
EDDS,LTFM,0,100,-20.21,27.39,-46.72,15.75,-0.03,0.18,-0.2,0.2
EDDS,LTFM,1,20,-29.8,21.99,-51.92,0.22,-0.07,0.13,-0.19,0.15
EDDV,EDDF,0,128,-33.64,29.77,-66.4,1.1,-0.21,0.11,-0.32,-0.09
EDDV,EDDM,0,164,-25.37,12.73,-43.74,-3.4,-0.16,0.07,-0.26,-0.05
EDDV,EGLL,0,41,11.06,12.05,0.1,30.2,0.23,0.12,0.06,0.42
EDDV,EGLL,1,18,17.47,15.87,-0.46,44.14,0.31,0.13,0.16,0.57
EDDV,EHAM,0,104,4.44,7.95,-4.64,21.23,0.04,0.05,-0.05,0.12
EDDV,LEBL,0,80,-4.52,16.34,-25.7,26.0,-0.09,0.12,-0.3,0.14
EDDV,LEPA,0,39,-6.43,13.84,-22.53,16.62,-0.03,0.13,-0.26,0.16
EDDV,LEPA,1,15,-14.76,22.4,-44.02,19.23,-0.03,0.14,-0.24,0.14
EDDV,LEPA,2,35,-12.09,16.34,-29.19,14.87,-0.05,0.15,-0.21,0.28
EDDV,LEPA,3,32,-14.43,19.75,-43.39,17.75,0.01,0.1,-0.15,0.15
EDDV,LFPG,0,45,-15.27,16.6,-34.82,17.08,0.06,0.06,-0.04,0.17
EDDV,LFPG,1,59,-13.38,16.44,-47.33,4.71,0.07,0.05,0.01,0.16
EDDV,LFPG,2,18,-12.68,14.25,-37.89,2.0,0.07,0.06,-0.04,0.14
EDDV,LOWW,0,77,9.24,19.67,-15.24,44.74,0.06,0.06,-0.02,0.2
EDDV,LSZH,0,65,-19.2,9.29,-28.62,-0.92,-0.02,0.08,-0.13,0.16
EDDV,LTAI,0,38,-5.91,11.2,-21.74,9.52,0.09,0.1,-0.07,0.23
EDDV,LTAI,1,33,-3.56,14.9,-27.84,18.6,0.08,0.11,-0.07,0.29
EDDV,LTAI,2,22,-1.87,20.91,-27.71,25.43,0.06,0.18,-0.1,0.27
EDDV,LTAI,3,103,-7.38,22.04,-30.68,22.81,0.08,0.14,-0.09,0.31
EDDV,LTAI,4,43,-7.42,11.71,-22.49,11.27,0.08,0.12,-0.08,0.32
EDDV,LTFJ,0,56,-20.61,25.68,-50.4,19.32,-0.02,0.11,-0.19,0.23
EDDV,LTFM,0,104,-26.68,27.02,-61.38,13.7,0.02,0.16,-0.18,0.24
EDDW,EDDF,0,135,-36.87,23.09,-64.73,-5.94,-0.21,0.07,-0.33,-0.11
EDDW,EDDM,0,70,-24.0,15.08,-36.93,8.32,-0.14,0.07,-0.24,-0.03
EDDW,EDDM,1,36,-26.17,12.21,-39.25,-7.48,-0.12,0.05,-0.2,-0.05
EDDW,EDDM,2,15,-16.15,14.98,-31.03,12.23,-0.11,0.08,-0.23,0.01
EDDW,EDDM,3,15,-15.6,9.21,-23.24,1.02,-0.17,0.05,-0.24,-0.09
EDDW,EHAM,0,98,0.06,9.89,-9.77,19.73,0.03,0.04,-0.03,0.1
EDDW,LEPA,0,76,-8.22,17.92,-32.4,21.82,0.02,0.14,-0.22,0.22
EDDW,LTAI,0,26,-0.83,30.42,-28.95,20.98,0.08,0.14,-0.11,0.33
EDDW,LTAI,1,29,1.92,33.01,-24.86,39.52,0.08,0.17,-0.17,0.35
EDDW,LTFM,0,52,-17.75,21.08,-51.56,14.41,0.04,0.19,-0.15,0.21
EDJA,LEPA,0,34,-0.83,17.8,-14.53,36.57,0.05,0.11,-0.08,0.24
EDJA,LEPA,1,19,-10.52,13.73,-28.15,8.18,0.0,0.1,-0.21,0.13
EDLP,EDDM,0,59,3.23,14.23,-14.03,25.33,-0.07,0.06,-0.14,0.02
EDLP,LEPA,0,68,-6.02,17.79,-30.3,15.96,-0.01,0.13,-0.2,0.25
EDLP,LTAI,0,19,-15.01,40.12,-41.97,12.45,0.05,0.19,-0.2,0.3
EDLP,LTAI,1,32,-22.23,13.35,-39.98,-1.81,0.05,0.1,-0.09,0.22
EDLP,LTAI,2,42,-30.21,12.87,-49.96,-6.94,-0.04,0.1,-0.19,0.17
EDLV,LEPA,0,56,-1.64,19.87,-27.2,29.48,0.02,0.12,-0.18,0.2
EDLW,EPKT,0,94,-20.13,17.96,-51.3,2.9,0.0,0.05,-0.06,0.06
EDLW,LEPA,0,36,-4.38,22.81,-28.88,34.05,0.0,0.11,-0.18,0.17
EDLW,LEPA,1,41,-20.96,16.13,-42.3,4.3,-0.04,0.13,-0.24,0.17
EDNY,EDDF,0,106,-35.87,16.02,-58.9,-5.38,-0.18,0.04,-0.24,-0.1
EDSB,LEPA,0,59,-26.35,20.82,-52.18,7.94,-0.06,0.1,-0.22,0.1
EDSB,LEPA,1,30,-27.78,19.56,-51.62,6.63,-0.03,0.11,-0.21,0.11
EDSB,LEPA,2,17,-27.85,14.32,-46.14,-9.38,-0.03,0.13,-0.23,0.15
EEKE,EETN,0,51,-12.42,8.82,-21.95,0.0,0.01,0.08,-0.05,0.06
EETN,EDDF,0,74,-32.77,26.76,-64.67,1.98,-0.2,0.09,-0.34,-0.06
EETN,EEKE,0,51,1.71,2.42,0.0,7.0,0.05,0.03,0.01,0.11
EETN,EFHK,0,242,15.03,6.71,-0.37,22.4,0.1,0.04,0.04,0.17
EETN,EPWA,0,99,-32.0,16.21,-53.54,-1.46,-0.14,0.1,-0.28,0.07
EETN,ESSA,0,67,-15.49,10.28,-24.77,5.72,-0.01,0.07,-0.09,0.06
EETN,ESSA,1,43,-4.78,9.91,-9.9,8.22,0.02,0.2,-0.2,0.31
EETN,ESSA,2,26,-2.72,15.07,-21.65,21.35,0.07,0.15,-0.07,0.38
EETN,EVRA,0,120,2.72,9.62,-3.8,26.31,0.04,0.05,-0.03,0.14
EETN,LTAI,0,16,2.26,16.13,-10.22,21.8,0.12,0.21,-0.07,0.51
EETN,LTAI,1,36,-0.62,24.98,-22.6,31.83,0.09,0.21,-0.17,0.4
EFHK,BIKF,0,59,-4.66,20.24,-22.24,38.45,0.04,0.17,-0.16,0.42
EFHK,EBBR,0,43,-2.77,58.41,-24.79,13.48,0.06,0.27,-0.19,0.21
EFHK,EBBR,1,45,-3.15,12.27,-18.38,21.32,0.05,0.12,-0.18,0.21
EFHK,EDDB,0,39,8.52,11.87,-4.51,33.9,0.07,0.09,-0.09,0.2
EFHK,EDDB,1,19,12.63,11.16,-0.71,28.33,0.08,0.09,-0.05,0.16
EFHK,EDDB,2,25,-3.78,16.13,-23.78,15.8,0.04,0.1,-0.12,0.16
EFHK,EDDB,3,38,11.22,7.99,2.66,23.74,0.08,0.09,-0.05,0.22
EFHK,EDDF,0,45,-43.32,23.67,-63.52,4.28,-0.13,0.11,-0.31,0.03
EFHK,EDDF,1,90,-26.72,26.61,-64.05,4.77,-0.18,0.1,-0.32,-0.01
EFHK,EDDH,0,24,-17.69,12.01,-26.76,-0.41,-0.01,0.1,-0.16,0.14
EFHK,EDDH,1,33,-14.18,19.09,-28.96,24.56,-0.01,0.1,-0.15,0.13
EFHK,EDDL,0,19,1.36,10.24,-9.34,21.79,0.03,0.1,-0.09,0.16
EFHK,EDDL,1,38,-0.9,11.49,-11.66,20.84,0.06,0.09,-0.09,0.17
EFHK,EDDM,0,37,-3.18,13.39,-19.94,14.98,-0.04,0.16,-0.3,0.19
EFHK,EDDM,1,91,-3.86,13.21,-19.75,23.05,-0.05,0.12,-0.25,0.2
EFHK,EDDM,2,22,-3.55,13.55,-18.62,18.77,-0.03,0.1,-0.16,0.12
EFHK,EETN,0,259,-3.06,4.1,-10.05,2.21,0.0,0.03,-0.03,0.05
EFHK,EFKK,0,50,-20.99,21.06,-38.01,20.0,-0.11,0.1,-0.23,0.08
EFHK,EFKU,0,113,1.52,7.33,-6.32,18.36,0.01,0.05,-0.06,0.1
EFHK,EFOU,0,46,-6.18,5.76,-15.1,-0.3,0.03,0.04,-0.02,0.09
EFHK,EFOU,1,25,-13.04,42.67,-50.52,57.12,0.01,0.12,-0.12,0.2
EFHK,EFOU,2,47,-7.25,5.62,-15.67,-0.37,0.02,0.05,-0.05,0.11
EFHK,EFOU,3,101,-11.52,26.85,-28.8,56.8,-0.05,0.12,-0.2,0.18
EFHK,EFRO,0,46,-15.95,23.16,-34.7,47.08,-0.06,0.12,-0.19,0.19
EFHK,EFRO,1,55,-12.81,11.21,-27.5,0.81,0.04,0.06,-0.05,0.13
EFHK,EFRO,2,28,-11.21,40.54,-56.43,53.17,0.01,0.1,-0.14,0.14
EFHK,EFVA,0,84,-26.4,11.56,-36.6,-5.0,-0.15,0.05,-0.24,-0.07
EFHK,EGLL,0,49,6.49,12.05,-4.28,31.98,0.21,0.17,-0.04,0.49
EFHK,EGLL,1,36,13.39,16.87,-5.98,36.2,0.24,0.19,-0.02,0.58
EFHK,EGLL,2,38,5.04,13.25,-14.5,25.52,0.15,0.16,-0.09,0.41
EFHK,EHAM,0,69,8.85,6.64,-0.8,21.72,0.09,0.09,-0.08,0.22
EFHK,EHAM,1,37,9.52,10.07,-0.18,23.26,0.1,0.1,-0.06,0.25
EFHK,EHAM,2,47,9.97,6.52,0.53,21.08,0.08,0.09,-0.06,0.22
EFHK,EKCH,0,249,-13.33,14.27,-29.5,12.64,-0.09,0.08,-0.21,0.03
EFHK,ENGM,0,142,-3.79,6.64,-14.8,8.38,0.02,0.1,-0.08,0.1
EFHK,EPWA,0,86,-35.91,30.16,-64.07,7.1,-0.1,0.16,-0.27,0.12
EFHK,ESGG,0,114,-0.27,8.57,-5.64,20.1,0.0,0.12,-0.22,0.19
EFHK,ESSA,0,287,1.97,11.52,-5.2,26.74,0.07,0.08,-0.02,0.2
EFHK,ESSA,1,35,-3.15,11.53,-11.8,20.41,0.07,0.07,-0.0,0.23
EFHK,ESSA,2,106,-1.18,9.13,-6.6,16.55,0.03,0.17,-0.26,0.23
EFHK,EVRA,0,223,0.26,10.54,-6.4,23.68,-0.0,0.15,-0.21,0.21
EFHK,EYVI,0,72,-15.53,6.54,-20.84,-2.9,-0.03,0.09,-0.16,0.12
EFHK,EYVI,1,45,-12.09,8.08,-19.5,3.58,-0.01,0.1,-0.17,0.18
EFHK,LEMG,0,24,-7.0,11.77,-22.62,6.95,0.07,0.19,-0.17,0.37
EFHK,LEMG,1,15,-7.34,27.21,-43.93,23.24,-0.01,0.18,-0.18,0.28
EFHK,LEMG,2,15,-3.83,15.45,-18.75,24.35,0.02,0.17,-0.25,0.21
EFHK,LEMG,3,40,-4.72,13.37,-20.4,12.9,0.03,0.15,-0.21,0.26
EFHK,LFPG,0,28,-3.26,16.27,-28.36,19.91,0.04,0.12,-0.17,0.18
EFHK,LFPG,1,22,-4.86,14.42,-31.92,14.1,0.03,0.1,-0.1,0.19
EFHK,LFPG,2,17,-10.51,18.58,-37.86,15.92,0.05,0.13,-0.11,0.26
EFHK,LFPG,3,41,-9.77,19.53,-32.5,22.0,0.06,0.11,-0.14,0.23
EFHK,LFPG,4,33,-6.98,19.68,-33.06,18.82,0.03,0.1,-0.12,0.18
EFHK,LGRP,0,31,9.76,14.92,-6.7,38.2,0.07,0.18,-0.19,0.38
EFHK,LGRP,1,22,5.48,6.41,-3.56,18.13,0.02,0.16,-0.22,0.26
EFHK,LGRP,2,20,10.42,8.92,-1.94,21.21,0.08,0.11,-0.08,0.21
EFHK,LGSA,0,77,6.92,11.26,-7.74,28.1,0.03,0.18,-0.23,0.4
EFHK,LHBP,0,57,-12.59,9.69,-24.18,7.02,-0.0,0.15,-0.22,0.26
EFHK,LIMC,0,32,-35.49,23.71,-60.9,5.45,-0.17,0.23,-0.44,0.21
EFHK,LIMC,1,27,-41.62,17.25,-58.94,-5.14,-0.16,0.15,-0.43,0.02
EFHK,LIRF,0,15,-38.13,14.96,-56.67,-16.19,-0.13,0.16,-0.43,0.06
EFHK,LIRF,1,26,-34.42,19.29,-55.78,-10.18,-0.11,0.18,-0.4,0.15
EFHK,LIRF,2,19,-29.84,20.51,-51.13,8.71,-0.12,0.2,-0.34,0.2
EFHK,LKPR,0,78,-10.66,10.93,-24.03,9.76,0.01,0.11,-0.19,0.17
EFHK,LOWW,0,74,11.91,19.44,-10.44,49.24,0.04,0.15,-0.18,0.28
EFHK,LSZH,0,59,-20.18,13.28,-29.56,5.44,-0.04,0.13,-0.23,0.17
EFHK,LTFM,0,64,-26.84,30.73,-54.16,2.6,-0.01,0.19,-0.29,0.29
EFHK,RJTT,0,16,-48.98,13.18,-68.22,-27.82,-0.22,0.2,-0.48,0.1
EFHK,RJTT,1,15,3.15,116.99,-114.88,165.69,-0.0,0.36,-0.45,0.49
EFHK,RJTT,2,21,-2.84,42.99,-25.2,6.5,0.01,0.21,-0.26,0.41
EFKK,EFKE,0,50,-14.29,14.17,-25.7,10.4,-0.03,0.05,-0.1,0.05
EFKU,EFHK,0,114,-10.53,6.84,-15.2,5.1,-0.05,0.07,-0.15,0.07
EFOU,EFHK,0,82,-0.01,6.93,-4.9,17.23,0.08,0.06,-0.02,0.16
EFOU,EFHK,1,36,0.04,37.88,-26.0,60.12,0.05,0.13,-0.09,0.24
EFOU,EFHK,2,101,-1.4,27.6,-16.0,67.2,-0.01,0.13,-0.22,0.27
EFRO,EFHK,0,63,-0.02,3.23,-2.2,7.15,0.09,0.07,-0.01,0.19
EFRO,EFHK,1,20,-17.75,33.89,-51.82,25.02,0.06,0.09,-0.08,0.18
EFRO,EFHK,2,46,-3.65,21.97,-12.4,58.82,-0.03,0.14,-0.25,0.24
EFTU,ESSA,0,71,-21.68,8.16,-30.05,-5.3,-0.07,0.07,-0.15,0.04
EFVA,EFHK,0,85,-14.72,11.82,-29.04,5.34,-0.02,0.09,-0.16,0.13
EGAA,EGBB,0,113,11.37,14.06,-0.4,29.24,0.06,0.06,-0.01,0.14
EGAA,EGCC,0,132,6.46,9.46,-8.96,18.08,0.04,0.05,-0.03,0.13
EGAA,EGCC,1,59,15.73,9.87,-1.07,25.73,0.06,0.04,-0.0,0.12
EGAA,EGGD,0,112,10.88,12.42,-2.37,24.04,0.03,0.07,-0.06,0.11
EGAA,EGGP,0,100,8.93,11.32,0.3,22.46,0.03,0.05,-0.02,0.08
EGAA,EGGP,1,39,13.37,6.41,2.15,23.94,0.03,0.04,-0.05,0.08
EGAA,EGGP,2,21,8.93,6.75,0.3,19.6,0.02,0.04,-0.05,0.05
EGAA,EGGW,0,112,-25.61,12.54,-39.84,-2.53,-0.03,0.05,-0.1,0.06
EGAA,EGKK,0,147,12.22,13.96,-15.73,28.71,0.17,0.14,0.0,0.41
EGAA,EGNT,0,63,20.5,12.25,2.6,33.8,0.03,0.05,-0.04,0.11
EGAA,EGNX,0,37,0.56,13.32,-14.42,17.88,0.11,0.06,0.04,0.16
EGAA,EGNX,1,111,3.19,11.96,-14.8,17.9,0.1,0.11,-0.05,0.29
EGAA,EGPF,0,121,-1.09,16.6,-23.5,28.5,-0.11,0.06,-0.19,-0.0
EGAA,EGPH,0,137,7.75,15.13,-14.5,24.16,0.02,0.06,-0.07,0.11
EGAA,EGPH,1,31,8.46,13.75,-15.95,22.85,0.06,0.1,-0.05,0.26
EGAA,EGSS,0,46,-2.95,8.92,-14.7,15.6,0.03,0.06,-0.08,0.09
EGAA,EGSS,1,129,-2.49,10.17,-13.84,14.56,0.06,0.06,-0.03,0.14
EGAA,EGSS,2,20,4.24,16.2,-14.13,34.49,0.05,0.08,-0.04,0.2
EGAA,LEAL,0,37,-13.93,27.78,-43.5,21.84,0.04,0.13,-0.25,0.21
EGAA,LEAL,1,20,-10.42,16.21,-35.06,13.49,0.01,0.14,-0.19,0.21
EGAA,LEMG,0,31,-8.76,33.03,-65.6,49.35,0.06,0.16,-0.19,0.31
EGAA,LEMG,1,39,-17.44,8.31,-26.78,-3.17,0.04,0.15,-0.18,0.26
EGAA,LEPA,0,42,5.8,29.41,-13.05,46.25,0.05,0.22,-0.27,0.24
EGAA,LEPA,1,44,-20.4,19.09,-39.04,16.32,-0.03,0.16,-0.33,0.17
EGAA,LPFR,0,29,-7.62,18.63,-21.3,17.02,0.02,0.15,-0.23,0.22
EGAA,LPFR,1,33,-4.15,7.12,-13.68,9.2,0.01,0.15,-0.27,0.2
EGAA,LPFR,2,32,-4.38,14.57,-18.42,10.34,0.03,0.16,-0.22,0.25
EGAC,EGBB,0,104,9.47,10.74,0.0,26.57,0.11,0.07,0.01,0.22
EGAC,EGCC,0,127,16.99,11.97,3.91,28.0,0.13,0.1,-0.03,0.23
EGAC,EGGP,0,39,8.01,6.04,0.99,17.99,0.03,0.03,-0.03,0.06
EGAC,EGGP,1,16,10.35,5.4,2.05,18.52,0.04,0.06,-0.01,0.11
EGAC,EGHI,0,55,2.8,9.41,-4.84,22.8,0.13,0.09,-0.01,0.28
EGAC,EGKK,0,84,15.33,14.07,-16.44,35.11,0.2,0.14,0.02,0.47
EGAC,EGLC,0,76,-14.77,13.29,-40.43,1.95,0.06,0.12,-0.08,0.21
EGAC,EGLL,0,169,21.15,11.0,10.32,42.44,0.13,0.1,-0.0,0.32
EGAC,EGNM,0,83,8.8,8.89,-2.88,24.77,0.09,0.13,0.0,0.18
EGAC,EGPF,0,76,-1.44,12.61,-20.2,16.75,-0.04,0.06,-0.12,0.05
EGAC,EGPH,0,100,12.17,15.09,-12.94,29.9,0.11,0.09,0.0,0.19
EGAE,EGLL,0,81,24.09,11.85,11.7,47.0,0.14,0.1,0.01,0.29
EGBB,EDDF,0,98,-43.69,16.24,-62.44,-23.74,-0.16,0.07,-0.24,-0.06
EGBB,EDDF,1,24,-57.22,28.25,-90.3,-16.97,0.25,0.18,-0.19,0.39
EGBB,EDDL,0,57,-22.75,22.48,-43.2,-7.88,-0.07,0.08,-0.14,0.05
EGBB,EDDM,0,77,-1.61,17.47,-21.12,22.06,-0.06,0.07,-0.15,0.04
EGBB,EGAA,0,113,6.38,9.76,-7.4,22.24,0.02,0.04,-0.05,0.08
EGBB,EGAC,0,104,-7.45,7.55,-20.97,2.51,0.01,0.06,-0.05,0.1
EGBB,EGPD,0,75,4.87,16.61,-21.25,29.96,-0.02,0.09,-0.13,0.21
EGBB,EGPF,0,72,10.01,7.42,-0.86,23.04,0.0,0.06,-0.07,0.12
EGBB,EGPH,0,60,11.52,7.76,-1.24,19.0,0.01,0.07,-0.08,0.13
EGBB,EHAM,0,98,0.82,3.45,-4.24,6.62,0.01,0.05,-0.05,0.09
EGBB,EHAM,1,88,2.13,4.84,-4.26,9.76,0.03,0.04,-0.03,0.1
EGBB,EIDW,0,152,-14.4,15.92,-38.57,10.29,-0.07,0.07,-0.15,0.06
EGBB,EIDW,1,19,-16.71,12.32,-40.62,-3.19,-0.06,0.05,-0.11,0.0
EGBB,EIDW,2,142,-4.4,16.11,-28.17,23.48,0.01,0.15,-0.28,0.2
EGBB,GCRR,0,51,-17.09,61.92,-56.25,154.25,-0.08,0.19,-0.36,0.23
EGBB,GCTS,0,23,-28.19,52.14,-91.88,53.79,-0.09,0.27,-0.6,0.24
EGBB,GCTS,1,46,-24.65,11.95,-37.35,3.52,-0.08,0.18,-0.32,0.17
EGBB,GCTS,2,15,-62.63,24.91,-77.9,-32.32,-0.19,0.16,-0.38,0.04
EGBB,LEAL,0,95,-0.63,13.1,-14.02,17.19,0.02,0.14,-0.21,0.2
EGBB,LEBL,0,64,-7.71,13.31,-21.76,18.86,-0.06,0.1,-0.23,0.1
EGBB,LEIB,0,66,-16.17,20.52,-46.28,16.52,-0.07,0.13,-0.34,0.13
EGBB,LEMG,0,24,4.04,21.78,-9.77,57.88,0.09,0.16,-0.15,0.37
EGBB,LEMG,1,58,0.45,19.59,-15.94,32.85,0.09,0.13,-0.1,0.3
EGBB,LEPA,0,75,3.07,20.69,-10.42,20.01,-0.01,0.13,-0.21,0.19
EGBB,LEPA,1,53,-4.71,12.03,-22.9,19.28,-0.01,0.11,-0.2,0.18
EGBB,LEPA,2,31,-5.99,10.94,-20.5,13.1,0.0,0.12,-0.25,0.14
EGBB,LFPG,0,114,-0.22,18.75,-20.21,29.62,0.15,0.09,0.04,0.31
EGBB,LGRP,0,25,6.12,7.04,-4.68,17.28,-0.05,0.12,-0.22,0.09
EGBB,LGRP,1,22,2.67,30.16,-24.91,41.43,-0.08,0.09,-0.16,0.07
EGBB,LGRP,2,18,5.17,15.19,-10.58,26.59,-0.04,0.11,-0.2,0.13
EGBB,LPFR,0,102,-8.2,13.71,-22.88,9.45,-0.02,0.12,-0.24,0.16
EGBB,LTAI,0,80,-2.61,21.61,-21.64,23.05,0.01,0.16,-0.24,0.24
EGBB,LTAI,1,17,1.32,16.31,-24.34,22.06,0.06,0.12,-0.13,0.19
EGBB,LTBS,0,58,14.65,19.33,-14.06,47.42,-0.02,0.15,-0.26,0.23
EGBB,LTBS,1,20,12.89,23.1,-10.56,59.22,-0.01,0.14,-0.2,0.19
EGBB,LTFM,0,28,-26.16,19.16,-51.39,4.27,-0.01,0.12,-0.2,0.16
EGBB,LTFM,1,17,-11.65,19.71,-31.7,21.84,-0.03,0.12,-0.19,0.16
EGBB,LTFM,2,15,-23.45,18.42,-47.71,7.21,-0.03,0.14,-0.2,0.2
EGBB,OMDB,0,16,12.29,17.75,-10.2,36.55,0.2,0.12,0.06,0.39
EGBB,OMDB,1,16,19.94,18.94,-8.83,48.78,0.18,0.13,-0.0,0.42
EGBB,OMDB,2,28,-0.26,16.21,-15.89,32.65,0.14,0.12,-0.05,0.34
EGCC,EBBR,0,51,20.1,10.03,2.55,39.1,-0.03,0.06,-0.12,0.08
EGCC,EBCI,0,19,9.13,8.88,-1.7,28.7,0.07,0.16,-0.06,0.22
EGCC,EBCI,1,49,5.17,6.5,-4.88,14.26,0.03,0.05,-0.04,0.09
EGCC,EDDB,0,55,6.77,14.72,-13.57,29.38,0.06,0.06,-0.02,0.17
EGCC,EDDF,0,104,-46.9,9.47,-60.41,-30.52,-0.16,0.06,-0.26,-0.06
EGCC,EDDL,0,57,-12.21,13.13,-25.86,3.8,-0.0,0.08,-0.11,0.13
EGCC,EDDM,0,102,2.24,17.16,-17.99,32.02,-0.06,0.08,-0.17,0.09
EGCC,EGAA,0,190,5.74,9.03,-4.06,23.24,0.01,0.05,-0.05,0.09
EGCC,EGAC,0,127,-4.55,5.7,-10.87,5.18,-0.02,0.08,-0.19,0.08
EGCC,EGHQ,0,51,2.45,8.89,-8.7,16.4,-0.0,0.15,-0.2,0.19
EGCC,EGLL,0,158,19.09,10.27,10.2,40.46,0.12,0.11,-0.03,0.32
EGCC,EGNS,0,83,-0.42,7.74,-8.59,12.56,0.02,0.08,-0.08,0.18
EGCC,EGPD,0,76,-6.14,15.34,-26.68,20.17,0.0,0.08,-0.1,0.12
EGCC,EGPD,1,19,-3.62,11.35,-22.73,12.14,-0.04,0.05,-0.11,0.03
EGCC,EHAM,0,281,4.49,7.59,-6.1,14.0,0.05,0.06,-0.04,0.13
EGCC,EHAM,1,42,3.27,6.96,-6.7,15.82,0.02,0.05,-0.04,0.12
EGCC,EICK,0,59,-2.53,16.58,-20.82,20.74,0.09,0.18,-0.04,0.18
EGCC,EIDW,0,340,-10.0,14.39,-26.02,18.56,-0.04,0.13,-0.19,0.17
EGCC,EKCH,0,55,-8.53,9.94,-23.02,8.58,-0.09,0.07,-0.18,0.01
EGCC,EKCH,1,48,-12.82,11.95,-28.8,4.38,-0.07,0.06,-0.15,0.04
EGCC,EKCH,2,16,-18.16,15.32,-34.98,3.3,-0.09,0.05,-0.15,-0.01
EGCC,EKCH,3,25,-16.38,12.08,-35.3,-2.38,-0.09,0.05,-0.16,-0.01
EGCC,ENGM,0,19,-22.62,18.51,-44.56,-2.89,-0.07,0.04,-0.13,-0.01
EGCC,ENGM,1,24,-5.47,4.63,-12.08,2.05,-0.04,0.06,-0.11,0.04
EGCC,ENGM,2,15,-14.49,21.15,-49.37,16.08,-0.07,0.08,-0.17,0.07
EGCC,GCFV,0,51,-32.23,34.16,-53.35,64.25,-0.11,0.18,-0.39,0.21
EGCC,GCLP,0,44,11.34,13.41,-7.46,37.89,0.08,0.2,-0.27,0.4
EGCC,GCLP,1,1,16.5,,16.5,16.5,0.16,,0.16,0.16
EGCC,GCLP,2,24,13.1,42.08,-59.41,51.02,0.07,0.24,-0.26,0.42
EGCC,GCRR,0,89,-16.41,11.44,-30.88,4.1,-0.05,0.2,-0.34,0.26
EGCC,GCRR,1,16,-24.26,31.75,-86.15,6.42,-0.04,0.21,-0.29,0.28
EGCC,GCTS,0,109,-22.54,15.45,-37.52,2.62,-0.05,0.22,-0.44,0.26
EGCC,GCTS,1,24,-26.6,9.56,-40.09,-9.92,-0.07,0.27,-0.48,0.25
EGCC,GCTS,2,24,-39.93,14.08,-59.44,-24.92,-0.09,0.21,-0.42,0.21
EGCC,GCTS,3,22,-33.8,6.68,-43.15,-25.52,-0.06,0.21,-0.51,0.21
EGCC,KJFK,0,14,0.15,74.39,-35.7,90.86,0.07,0.22,-0.18,0.48
EGCC,KJFK,1,21,-0.51,34.71,-44.5,50.7,0.03,0.27,-0.32,0.54
EGCC,KJFK,2,25,0.83,36.55,-39.42,54.38,0.12,0.29,-0.31,0.54
EGCC,KMCO,0,9,-1.73,58.72,-51.22,98.26,-0.02,0.22,-0.32,0.28
EGCC,KMCO,1,37,0.79,31.74,-35.06,64.24,0.01,0.31,-0.39,0.53
EGCC,KMCO,2,31,2.48,132.92,-112.3,292.85,0.02,0.3,-0.48,0.43
EGCC,LCLK,0,55,6.41,21.29,-17.3,38.39,-0.02,0.12,-0.19,0.15
EGCC,LCPH,0,65,9.6,12.74,-6.3,31.48,-0.02,0.15,-0.28,0.18
EGCC,LCPH,1,25,14.44,19.31,-10.72,32.98,-0.01,0.13,-0.18,0.17
EGCC,LEAL,0,216,5.4,9.89,-6.72,20.98,0.08,0.14,-0.16,0.25
EGCC,LEBL,0,138,-6.11,16.44,-18.52,25.08,-0.06,0.12,-0.23,0.16
EGCC,LEIB,0,31,-22.39,19.49,-44.9,-1.8,-0.01,0.13,-0.29,0.15
EGCC,LEIB,1,98,-15.5,23.75,-46.89,21.26,-0.07,0.15,-0.32,0.13
EGCC,LEMG,0,160,4.7,23.16,-12.1,36.43,0.09,0.14,-0.18,0.28
EGCC,LEMH,0,34,1.06,10.95,-18.83,11.94,-0.01,0.13,-0.22,0.16
EGCC,LEMH,1,15,-0.22,12.29,-17.83,15.9,0.02,0.09,-0.14,0.13
EGCC,LEMH,2,16,7.2,16.2,-14.72,31.18,0.01,0.1,-0.12,0.15
EGCC,LEPA,0,82,-1.02,11.96,-16.96,21.71,0.02,0.1,-0.15,0.18
EGCC,LEPA,1,157,6.2,9.55,-2.8,24.18,0.01,0.14,-0.24,0.22
EGCC,LEPA,2,18,-11.49,11.22,-21.66,9.05,0.07,0.14,-0.13,0.25
EGCC,LEPA,3,18,4.39,7.85,-7.96,13.79,0.03,0.12,-0.09,0.24
EGCC,LFPG,0,196,-1.91,16.35,-19.45,23.32,0.0,0.07,-0.1,0.13
EGCC,LFPG,1,2,-0.2,8.63,-5.69,5.29,-0.01,0.02,-0.02,0.0
EGCC,LGIR,0,83,-6.92,17.84,-26.5,24.77,-0.05,0.14,-0.31,0.16
EGCC,LGKF,0,19,7.57,24.22,-36.45,31.92,-0.0,0.13,-0.3,0.14
EGCC,LGKF,1,36,10.94,16.85,-10.28,35.15,0.01,0.16,-0.2,0.29
EGCC,LGKO,0,51,-2.27,12.45,-21.5,17.85,-0.02,0.12,-0.2,0.12
EGCC,LGKO,1,29,-3.59,27.7,-36.66,55.72,-0.05,0.16,-0.3,0.23
EGCC,LGKR,0,37,-1.46,17.28,-30.4,29.22,-0.04,0.12,-0.22,0.12
EGCC,LGKR,1,15,6.42,10.76,-7.89,22.91,0.02,0.14,-0.17,0.21
EGCC,LGKR,2,18,0.98,16.41,-18.82,28.2,-0.05,0.07,-0.13,0.03
EGCC,LGKR,3,39,6.4,13.02,-15.44,24.24,0.02,0.12,-0.17,0.19
EGCC,LGRP,0,36,10.58,25.29,-14.48,60.42,-0.04,0.14,-0.29,0.18
EGCC,LGRP,1,84,9.68,14.12,-9.76,32.49,-0.01,0.14,-0.25,0.21
EGCC,LGZA,0,15,5.55,14.68,-16.12,28.63,-0.01,0.09,-0.12,0.1
EGCC,LGZA,1,25,13.34,26.95,-6.04,29.96,0.03,0.21,-0.18,0.47
EGCC,LGZA,2,21,5.19,12.18,-19.5,25.5,-0.03,0.13,-0.18,0.15
EGCC,LIMC,0,22,-52.69,29.14,-94.76,-10.65,-0.16,0.12,-0.32,0.06
EGCC,LIMC,1,42,-47.76,18.33,-70.49,-10.34,-0.21,0.09,-0.39,-0.09
EGCC,LIMC,2,24,-65.0,30.76,-96.02,-11.22,-0.27,0.12,-0.44,-0.06
EGCC,LIPZ,0,34,-32.37,15.55,-47.64,-4.17,-0.17,0.08,-0.29,-0.05
EGCC,LIPZ,1,19,-36.96,15.45,-54.76,-7.2,-0.16,0.09,-0.28,-0.04
EGCC,LIRP,0,52,2.05,21.85,-19.14,54.76,-0.03,0.09,-0.18,0.13
EGCC,LKPR,0,32,-18.6,19.88,-32.91,13.57,0.01,0.07,-0.11,0.11
EGCC,LKPR,1,27,-13.88,15.32,-31.89,9.23,-0.03,0.07,-0.15,0.06
EGCC,LMML,0,53,19.85,22.53,-3.1,70.6,0.03,0.14,-0.19,0.21
EGCC,LMML,1,18,21.75,15.28,-8.51,38.05,-0.03,0.12,-0.23,0.15
EGCC,LPFR,0,164,2.95,26.46,-13.57,24.33,0.04,0.14,-0.24,0.23
EGCC,LPPT,0,115,1.26,21.16,-27.22,27.2,0.13,0.15,-0.12,0.39
EGCC,LSGG,0,32,-16.78,8.93,-27.52,1.11,0.09,0.08,-0.05,0.23
EGCC,LSGG,1,48,-8.3,24.16,-27.05,19.96,-0.03,0.12,-0.16,0.11
EGCC,LSZH,0,19,-21.87,19.53,-44.46,2.17,-0.01,0.09,-0.15,0.1
EGCC,LSZH,1,40,13.11,16.53,-13.36,38.98,0.04,0.09,-0.12,0.15
EGCC,LTAI,0,9,-2.11,19.03,-20.28,28.08,-0.01,0.19,-0.29,0.25
EGCC,LTAI,1,211,-3.19,17.12,-26.35,22.95,0.02,0.13,-0.18,0.22
EGCC,LTAI,2,27,0.9,17.81,-18.94,37.47,0.06,0.12,-0.15,0.2
EGCC,LTBS,0,78,20.93,19.39,-2.03,51.06,0.06,0.13,-0.13,0.26
EGCC,LTBS,1,145,21.5,21.11,-6.74,62.74,0.04,0.14,-0.16,0.27
EGCC,LTFM,0,99,-17.35,18.34,-38.51,18.12,-0.02,0.14,-0.24,0.16
EGCC,OMDB,0,90,18.19,21.14,-12.66,55.07,0.21,0.13,0.02,0.41
EGCC,OTHH,0,77,36.17,26.2,4.52,72.48,0.17,0.13,-0.04,0.37
EGFF,EHAM,0,89,11.91,10.5,-0.74,24.76,0.07,0.05,-0.02,0.15
EGGD,EGAA,0,112,2.86,10.52,-10.37,21.36,-0.02,0.05,-0.1,0.06
EGGD,EGPF,0,81,5.46,6.23,-3.2,16.1,-0.02,0.06,-0.1,0.07
EGGD,EGPF,1,28,7.04,7.29,-1.34,21.06,0.01,0.08,-0.07,0.14
EGGD,EGPH,0,36,4.53,7.74,-5.72,19.85,-0.01,0.08,-0.11,0.09
EGGD,EGPH,1,29,8.59,6.29,1.56,20.62,0.01,0.05,-0.05,0.09
EGGD,EGPH,2,56,7.1,6.84,-2.8,19.5,0.0,0.07,-0.09,0.12
EGGD,EHAM,0,211,5.54,9.16,-6.55,17.2,0.01,0.06,-0.07,0.09
EGGD,EIDW,0,45,-32.25,9.57,-42.78,-12.96,-0.09,0.07,-0.18,0.02
EGGD,EIDW,1,130,-15.45,13.54,-30.62,10.17,-0.06,0.12,-0.25,0.1
EGGD,GCLP,0,51,9.53,28.24,-13.85,52.85,0.1,0.18,-0.13,0.4
EGGD,GCRR,0,60,-15.8,9.37,-27.04,0.31,-0.04,0.18,-0.35,0.24
EGGD,GCTS,0,18,-46.91,25.39,-84.48,-17.3,-0.07,0.19,-0.42,0.21
EGGD,GCTS,1,64,-25.12,19.84,-43.58,8.19,-0.07,0.18,-0.35,0.18
EGGD,LEAL,0,73,-4.86,16.31,-24.54,25.58,0.04,0.15,-0.24,0.25
EGGD,LEAL,1,65,-2.17,14.52,-18.12,25.44,0.04,0.13,-0.13,0.22
EGGD,LEBL,0,47,-14.18,13.95,-31.05,3.26,-0.13,0.11,-0.3,0.02
EGGD,LEBL,1,12,-17.9,19.41,-40.34,11.04,-0.08,0.11,-0.23,0.07
EGGD,LEBL,2,16,-2.2,16.0,-18.73,26.75,-0.08,0.1,-0.23,0.02
EGGD,LEBL,3,11,-7.73,7.09,-14.75,2.2,-0.03,0.05,-0.11,0.02
EGGD,LEIB,0,60,-32.13,20.91,-64.9,5.62,-0.09,0.13,-0.32,0.09
EGGD,LEMG,0,62,0.85,14.5,-12.4,32.14,0.09,0.14,-0.13,0.27
EGGD,LEMG,1,31,3.93,37.89,-15.3,61.2,0.14,0.23,-0.22,0.48
EGGD,LEMG,2,37,6.34,16.05,-9.9,38.38,0.08,0.13,-0.09,0.3
EGGD,LEPA,0,41,-15.01,20.28,-38.3,13.8,-0.02,0.13,-0.21,0.16
EGGD,LEPA,1,51,2.66,7.92,-10.35,13.85,0.01,0.1,-0.13,0.15
EGGD,LEPA,2,60,-9.07,11.13,-26.02,8.25,-0.03,0.13,-0.25,0.12
EGGD,LEPA,3,24,-6.97,15.74,-25.82,6.93,0.06,0.07,-0.02,0.2
EGGD,LFPG,0,54,-5.75,20.11,-29.7,19.94,-0.04,0.07,-0.13,0.07
EGGD,LGRP,0,40,11.4,20.2,-14.41,42.59,0.0,0.13,-0.17,0.19
EGGD,LGRP,1,17,5.64,26.0,-28.86,49.8,-0.02,0.1,-0.14,0.15
EGGD,LPFR,0,131,-0.27,8.97,-10.3,15.55,0.02,0.14,-0.25,0.21
EGGD,LTAI,0,19,-6.13,17.37,-29.6,13.06,-0.0,0.1,-0.16,0.13
EGGD,LTAI,1,30,-3.01,20.21,-29.33,36.24,0.01,0.14,-0.21,0.23
EGGD,LTAI,2,24,2.79,19.15,-18.6,40.89,0.04,0.1,-0.08,0.16
EGGD,LTBS,0,20,6.44,22.99,-20.87,33.98,-0.01,0.08,-0.13,0.12
EGGD,LTBS,1,24,28.28,20.6,-0.85,59.58,0.04,0.09,-0.1,0.16
EGGD,LTBS,2,25,12.45,22.14,-8.68,43.88,0.01,0.14,-0.15,0.26
EGGP,EGAA,0,160,8.19,9.04,0.3,25.02,0.03,0.06,-0.03,0.1
EGGP,EGAC,0,55,-0.34,4.89,-7.44,6.36,-0.01,0.05,-0.06,0.07
EGGP,EGNS,0,96,0.04,6.8,-6.72,11.58,0.04,0.07,-0.06,0.18
EGGP,EIDW,0,203,-12.03,14.34,-30.5,13.49,-0.03,0.13,-0.16,0.18
EGGP,LEAL,0,70,3.16,13.04,-16.24,27.6,0.07,0.14,-0.22,0.26
EGGP,LEMG,0,77,3.4,17.13,-11.84,36.82,0.11,0.14,-0.11,0.35
EGGP,LEPA,0,23,-6.11,10.29,-16.56,13.39,0.05,0.09,-0.07,0.19
EGGP,LEPA,1,35,6.48,12.05,-1.82,20.7,0.05,0.15,-0.18,0.3
EGGP,LEPA,2,15,8.39,8.68,-4.22,21.4,0.05,0.14,-0.13,0.22
EGGP,LPFR,0,19,-2.85,6.62,-11.93,7.34,0.03,0.08,-0.05,0.17
EGGP,LPFR,1,62,0.0,6.64,-8.2,9.97,0.01,0.15,-0.23,0.19
EGGW,EGAA,0,72,12.57,8.73,2.86,26.7,0.03,0.04,-0.04,0.1
EGGW,EGAA,1,40,12.37,9.39,1.3,27.54,0.02,0.06,-0.06,0.11
EGGW,EGPE,0,51,25.57,11.67,5.3,44.35,0.09,0.05,-0.0,0.17
EGGW,EGPF,0,51,19.58,10.13,11.4,34.5,0.08,0.08,-0.01,0.21
EGGW,EGPF,1,28,16.46,4.54,10.64,21.92,0.05,0.05,0.0,0.15
EGGW,EGPH,0,31,20.53,6.16,10.6,29.8,0.05,0.05,-0.02,0.15
EGGW,EGPH,1,23,24.68,9.68,10.01,40.39,0.06,0.09,-0.02,0.18
EGGW,EGPH,2,45,21.06,7.45,11.02,35.64,0.07,0.06,-0.02,0.16
EGGW,EHAM,0,179,8.17,6.03,-0.41,18.52,0.02,0.04,-0.05,0.09
EGGW,EIDW,0,62,-6.45,15.0,-22.99,29.18,-0.03,0.1,-0.15,0.16
EGGW,EIDW,1,44,-14.43,15.84,-29.51,19.1,-0.06,0.07,-0.15,0.07
EGGW,EPGD,0,15,-27.79,9.75,-40.83,-11.56,-0.08,0.06,-0.15,-0.01
EGGW,EPGD,1,45,-34.23,16.69,-55.1,-6.46,-0.06,0.06,-0.14,0.03
EGGW,EPKK,0,60,-20.54,17.95,-47.14,8.02,-0.03,0.07,-0.14,0.06
EGGW,EPKT,0,60,-14.57,16.69,-39.04,8.84,-0.01,0.05,-0.09,0.08
EGGW,EPLB,0,51,0.82,14.27,-24.9,21.7,0.06,0.08,-0.05,0.17
EGGW,EPWA,0,18,-29.83,19.43,-56.36,-7.5,-0.07,0.09,-0.2,0.02
EGGW,EPWA,1,31,-22.76,17.01,-44.8,1.4,-0.04,0.08,-0.18,0.06
EGGW,EPWA,2,16,-32.78,13.55,-50.42,-14.42,-0.11,0.08,-0.19,0.05
EGGW,EPWA,3,18,-27.93,17.31,-44.24,1.33,-0.07,0.07,-0.16,0.04
EGGW,EYKA,0,52,-18.51,15.19,-38.84,9.31,-0.04,0.07,-0.13,0.1
EGGW,EYVI,0,60,15.2,14.79,-4.14,43.08,0.07,0.07,-0.02,0.21
EGGW,LATI,0,20,-31.95,27.96,-53.9,-2.59,-0.07,0.13,-0.17,0.07
EGGW,LATI,1,34,-31.98,20.09,-56.81,2.5,-0.06,0.1,-0.22,0.09
EGGW,LATI,2,18,-26.27,24.12,-47.9,4.16,-0.03,0.15,-0.26,0.14
EGGW,LBSF,0,39,-30.13,11.77,-45.64,-7.89,-0.04,0.08,-0.2,0.06
EGGW,LBSF,1,34,-24.66,14.88,-48.57,-4.78,-0.02,0.07,-0.11,0.1
EGGW,LCLK,0,21,1.4,10.33,-11.0,17.1,0.04,0.16,-0.18,0.22
EGGW,LCLK,1,34,6.9,23.87,-22.89,34.02,0.03,0.11,-0.13,0.2
EGGW,LDSP,0,60,-3.91,37.85,-29.94,27.68,0.03,0.19,-0.13,0.16
EGGW,LEAL,0,94,-2.55,12.34,-17.66,23.07,0.05,0.12,-0.16,0.21
EGGW,LEBL,0,81,-7.49,22.88,-24.5,22.9,-0.07,0.12,-0.25,0.12
EGGW,LEMG,0,30,15.22,22.79,-1.98,53.6,0.12,0.16,-0.11,0.39
EGGW,LEMG,1,88,9.23,13.9,-3.5,36.85,0.11,0.14,-0.11,0.28
EGGW,LEPA,0,41,-8.19,18.85,-31.9,25.5,0.06,0.1,-0.08,0.22
EGGW,LEPA,1,99,-1.52,13.19,-12.57,15.5,0.01,0.13,-0.23,0.21
EGGW,LFMN,0,64,-5.28,11.37,-19.44,17.47,0.02,0.08,-0.13,0.13
EGGW,LFPG,0,108,-21.56,16.85,-43.4,6.52,-0.07,0.08,-0.21,0.06
EGGW,LHBP,0,46,-13.42,11.95,-30.75,5.8,0.01,0.07,-0.11,0.14
EGGW,LHBP,1,30,-10.18,18.27,-30.94,19.36,0.01,0.08,-0.1,0.07
EGGW,LHBP,2,15,-41.05,18.3,-60.3,-12.21,-0.08,0.08,-0.18,0.05
EGGW,LLBG,0,30,10.82,12.2,-6.66,29.86,0.02,0.14,-0.19,0.24
EGGW,LLBG,1,19,11.31,12.29,-8.18,32.41,0.06,0.12,-0.09,0.2
EGGW,LLBG,2,44,0.13,16.15,-26.04,21.92,-0.04,0.11,-0.19,0.15
EGGW,LLBG,3,16,-4.38,37.64,-27.22,82.42,-0.03,0.15,-0.23,0.19
EGGW,LPFR,0,109,6.34,8.47,-3.66,21.6,0.05,0.13,-0.18,0.26
EGGW,LPPT,0,42,8.82,18.13,-16.13,41.74,0.15,0.12,-0.08,0.28
EGGW,LPPT,1,62,8.19,17.13,-19.02,32.28,0.1,0.12,-0.13,0.26
EGGW,LPPT,2,16,2.07,18.8,-23.18,24.3,0.06,0.12,-0.11,0.23
EGGW,LRCL,0,68,-1.83,8.66,-13.02,14.83,-0.02,0.08,-0.16,0.12
EGGW,LRIA,0,68,5.19,14.4,-10.8,36.16,0.04,0.08,-0.12,0.18
EGGW,LROP,0,56,-44.87,13.59,-61.88,-22.58,-0.11,0.07,-0.24,-0.0
EGGW,LROP,1,55,-41.52,17.48,-57.8,-13.97,-0.1,0.08,-0.23,0.0
EGGW,LSGG,0,21,-24.72,11.31,-40.2,-6.7,0.05,0.09,-0.06,0.19
EGGW,LSGG,1,33,-20.62,12.84,-41.42,-2.76,-0.08,0.07,-0.19,0.03
EGHH,LEPA,0,16,-12.95,16.8,-39.22,14.23,0.04,0.07,-0.06,0.14
EGHH,LEPA,1,36,6.74,14.53,-12.62,22.78,0.04,0.12,-0.13,0.2
EGHI,EGAC,0,55,-9.72,7.44,-21.49,0.86,0.01,0.06,-0.07,0.13
EGHI,EGJB,0,109,5.58,10.08,0.0,29.7,0.04,0.05,-0.02,0.11
EGHI,EGJJ,0,97,0.46,3.13,-1.0,7.64,0.04,0.03,0.0,0.09
EGHI,EGNT,0,72,18.26,7.8,6.9,32.47,-0.03,0.08,-0.11,0.08
EGHI,EGPF,0,100,19.27,9.21,6.6,33.35,-0.01,0.07,-0.1,0.1
EGHI,EGPH,0,123,22.15,8.73,7.79,35.69,-0.01,0.07,-0.1,0.1
EGHI,EHAM,0,60,5.8,7.91,-6.24,18.59,0.03,0.05,-0.03,0.11
EGHI,EIDW,0,56,-11.69,14.58,-32.38,15.38,-0.01,0.1,-0.13,0.17
EGHQ,EGCC,0,30,6.18,12.08,-15.94,20.73,0.04,0.09,-0.07,0.21
EGHQ,EGCC,1,20,9.54,10.91,-13.49,19.89,0.05,0.08,-0.02,0.13
EGHQ,EGKK,0,78,16.24,8.41,1.19,28.81,0.11,0.11,-0.03,0.3
EGJB,EGHI,0,106,7.22,7.2,0.0,21.8,0.07,0.07,-0.0,0.15
EGJB,EGJJ,0,104,1.73,6.08,0.0,14.18,0.02,0.03,-0.0,0.08
EGJB,EGKK,0,172,12.52,10.45,-5.3,30.06,0.14,0.14,-0.06,0.36
EGJB,EGNX,0,63,-2.53,8.94,-15.23,12.23,-0.11,0.07,-0.19,-0.02
EGJJ,EGHI,0,97,6.82,6.73,0.0,22.22,0.07,0.05,0.01,0.13
EGJJ,EGJB,0,105,0.52,3.34,0.0,0.0,0.0,0.01,-0.0,0.01
EGJJ,EGKK,0,122,15.59,10.85,1.72,31.58,0.03,0.13,-0.11,0.27
EGJJ,EGLL,0,128,19.34,6.88,13.77,33.45,0.11,0.09,-0.0,0.27
EGKK,CYYZ,0,22,7.29,70.24,-86.21,124.36,0.05,0.28,-0.34,0.4
EGKK,CYYZ,1,37,1.92,53.33,-46.5,104.28,-0.0,0.29,-0.36,0.43
EGKK,EDDB,0,51,7.77,12.58,-12.6,23.8,0.03,0.06,-0.06,0.11
EGKK,EDDB,1,27,12.96,11.82,-7.88,28.17,0.06,0.05,0.0,0.14
EGKK,EDDF,0,34,-52.31,27.23,-75.9,-25.51,-0.23,0.09,-0.32,-0.15
EGKK,EDDF,1,23,-49.39,20.78,-72.07,-16.06,-0.19,0.07,-0.27,-0.09
EGKK,EGAA,0,130,-0.92,12.06,-17.2,22.66,-0.01,0.06,-0.09,0.07
EGKK,EGAA,1,17,0.05,10.27,-12.44,18.18,-0.03,0.05,-0.09,0.04
EGKK,EGAC,0,85,-6.26,9.19,-17.78,10.76,-0.04,0.07,-0.14,0.06
EGKK,EGHQ,0,78,3.39,11.41,-6.72,23.82,0.02,0.06,-0.06,0.11
EGKK,EGJB,0,172,5.97,14.05,-10.74,34.97,-0.01,0.1,-0.14,0.14
EGKK,EGJJ,0,90,5.42,9.42,-4.53,23.06,0.04,0.04,-0.02,0.09
EGKK,EGJJ,1,32,6.87,14.96,-10.57,25.69,0.02,0.04,-0.02,0.07
EGKK,EGNS,0,17,-5.95,6.65,-16.12,3.92,-0.02,0.06,-0.11,0.06
EGKK,EGNS,1,33,-3.34,7.15,-16.78,5.82,-0.01,0.07,-0.09,0.09
EGKK,EGPD,0,37,2.75,12.75,-17.1,22.84,0.01,0.08,-0.11,0.13
EGKK,EGPD,1,24,5.28,11.22,-10.25,18.62,0.02,0.07,-0.06,0.11
EGKK,EGPE,0,58,15.2,16.15,-10.0,37.95,0.03,0.07,-0.06,0.12
EGKK,EGPE,1,18,14.02,13.97,-4.28,31.28,0.05,0.07,-0.04,0.13
EGKK,EGPF,0,65,11.54,13.42,-6.4,37.48,0.05,0.15,-0.05,0.18
EGKK,EGPF,1,104,6.49,11.08,-6.4,29.24,0.01,0.07,-0.07,0.11
EGKK,EGPH,0,50,7.37,10.22,-7.93,26.77,0.02,0.07,-0.08,0.09
EGKK,EGPH,1,23,7.13,10.51,-7.47,20.96,-0.0,0.07,-0.09,0.1
EGKK,EGPH,2,60,9.55,7.97,-2.03,22.53,0.03,0.07,-0.07,0.16
EGKK,EHAM,0,223,3.58,8.28,-5.69,18.92,0.0,0.06,-0.08,0.1
EGKK,EIDW,0,63,-33.34,9.42,-47.7,-16.47,-0.14,0.07,-0.24,-0.02
EGKK,EIDW,1,91,-17.4,25.44,-52.85,30.15,-0.05,0.14,-0.18,0.11
EGKK,EIDW,2,89,-3.46,14.86,-18.2,27.78,-0.05,0.07,-0.15,0.06
EGKK,EIDW,3,17,-0.44,20.96,-24.7,35.68,-0.03,0.08,-0.14,0.09
EGKK,EIDW,4,29,-42.15,10.93,-61.7,-28.04,-0.14,0.07,-0.24,-0.06
EGKK,EIDW,5,37,-33.06,35.4,-55.12,-4.38,-0.11,0.22,-0.27,-0.0
EGKK,EKCH,0,190,-12.39,12.57,-35.46,7.07,-0.11,0.06,-0.2,-0.02
EGKK,ENBR,0,54,-18.31,12.65,-33.96,5.47,-0.07,0.07,-0.2,0.02
EGKK,ENGM,0,108,-12.95,15.4,-42.18,7.57,-0.07,0.07,-0.16,0.04
EGKK,EPKK,0,45,-19.86,20.45,-47.7,6.0,-0.04,0.09,-0.17,0.11
EGKK,EPKK,1,15,-13.88,16.19,-31.31,8.66,-0.06,0.08,-0.17,0.05
EGKK,ESSA,0,53,-1.14,12.04,-21.52,20.94,0.01,0.08,-0.09,0.16
EGKK,ESSA,1,19,-5.31,10.76,-18.37,9.55,-0.01,0.1,-0.13,0.15
EGKK,ESSA,2,28,-5.88,15.79,-28.77,21.21,-0.03,0.08,-0.12,0.1
EGKK,EVRA,0,16,-0.4,7.52,-8.75,12.78,0.03,0.06,-0.05,0.12
EGKK,EVRA,1,17,4.68,7.01,-5.0,18.34,0.06,0.11,-0.08,0.25
EGKK,EVRA,2,18,13.21,15.36,-3.23,31.72,0.09,0.11,-0.01,0.27
EGKK,GCLP,0,62,12.38,21.4,-9.98,53.74,0.1,0.18,-0.21,0.38
EGKK,GCRR,0,112,-12.83,18.68,-29.9,8.97,-0.03,0.19,-0.32,0.31
EGKK,GCTS,0,58,-18.82,33.84,-50.49,12.55,-0.04,0.2,-0.33,0.22
EGKK,GCTS,1,42,-21.2,18.4,-36.78,3.55,-0.08,0.19,-0.38,0.23
EGKK,GCTS,2,36,-21.06,10.44,-30.7,-0.92,-0.1,0.21,-0.38,0.2
EGKK,GMMX,0,88,2.83,16.78,-14.4,34.33,0.05,0.18,-0.27,0.34
EGKK,GMMX,1,30,-1.77,11.34,-17.18,16.22,0.03,0.14,-0.18,0.22
EGKK,KJFK,0,30,-0.51,56.99,-51.06,126.29,0.06,0.37,-0.37,0.7
EGKK,KJFK,1,24,1.74,43.16,-47.62,80.02,0.0,0.36,-0.59,0.61
EGKK,KJFK,2,26,4.86,54.68,-58.22,104.0,0.1,0.36,-0.56,0.65
EGKK,KJFK,3,34,-1.04,41.29,-47.86,70.45,0.09,0.29,-0.31,0.56
EGKK,KMCO,0,44,1.9,62.31,-64.14,75.68,0.06,0.26,-0.33,0.4
EGKK,KMCO,1,29,1.58,58.3,-92.24,95.46,0.07,0.26,-0.3,0.4
EGKK,LCLK,0,37,18.24,23.42,-3.8,53.14,0.03,0.14,-0.14,0.26
EGKK,LCLK,1,64,20.78,20.96,-3.09,63.38,0.05,0.12,-0.14,0.24
EGKK,LCPH,0,70,25.37,19.52,-2.02,63.62,-0.01,0.12,-0.22,0.17
EGKK,LCPH,1,64,21.41,39.27,-7.65,87.65,-0.03,0.14,-0.23,0.19
EGKK,LDDU,0,34,2.35,7.7,-6.89,14.39,0.01,0.08,-0.11,0.13
EGKK,LDDU,1,34,7.0,21.13,-17.29,38.04,0.03,0.11,-0.12,0.21
EGKK,LDDU,2,32,4.38,9.95,-8.78,22.71,0.02,0.06,-0.08,0.1
EGKK,LDDU,3,22,7.5,8.82,-7.14,23.04,0.03,0.08,-0.11,0.15
EGKK,LDSP,0,56,6.46,16.86,-13.75,40.0,0.04,0.07,-0.06,0.14
EGKK,LDSP,1,32,12.84,23.97,-8.14,39.17,0.05,0.1,-0.1,0.23
EGKK,LEAL,0,232,6.36,14.06,-4.79,34.46,0.07,0.12,-0.12,0.23
EGKK,LEBB,0,104,-15.49,22.07,-43.86,29.31,-0.01,0.09,-0.15,0.13
EGKK,LEBL,0,106,-3.21,34.61,-27.15,25.18,-0.03,0.12,-0.2,0.12
EGKK,LEBL,1,232,-3.59,9.18,-12.8,10.02,-0.06,0.09,-0.21,0.11
EGKK,LEIB,0,69,-24.9,17.92,-53.06,4.44,-0.04,0.11,-0.25,0.09
EGKK,LEIB,1,43,-21.86,13.87,-38.59,5.89,-0.04,0.12,-0.2,0.11
EGKK,LEIB,2,41,-19.26,18.48,-40.6,15.3,-0.05,0.13,-0.23,0.14
EGKK,LEMD,0,111,-11.59,19.08,-50.7,13.9,0.02,0.11,-0.2,0.17
EGKK,LEMD,1,30,-0.5,20.93,-34.62,29.07,0.05,0.12,-0.09,0.23
EGKK,LEMD,2,23,15.01,19.27,-7.02,44.92,0.13,0.13,-0.07,0.29
EGKK,LEMG,0,319,8.46,17.48,-8.31,39.37,0.11,0.14,-0.14,0.31
EGKK,LEMG,1,28,-5.58,16.63,-25.66,19.81,0.05,0.17,-0.15,0.33
EGKK,LEMH,0,130,-2.8,12.16,-23.86,12.02,-0.0,0.1,-0.2,0.16
EGKK,LEMI,0,58,-35.99,16.53,-49.78,2.27,-0.08,0.13,-0.27,0.14
EGKK,LEPA,0,78,-8.63,29.92,-28.22,8.63,0.03,0.09,-0.08,0.15
EGKK,LEPA,1,171,4.06,8.26,-4.6,22.5,0.01,0.12,-0.19,0.2
EGKK,LEVC,0,111,1.82,18.8,-10.35,41.95,0.01,0.12,-0.17,0.21
EGKK,LEZL,0,111,3.78,14.67,-10.9,18.8,0.04,0.14,-0.21,0.23
EGKK,LFBD,0,101,-9.37,18.55,-29.0,7.8,0.02,0.11,-0.09,0.12
EGKK,LFLL,0,57,1.89,9.82,-10.72,19.56,-0.09,0.08,-0.23,0.01
EGKK,LFML,0,52,7.92,18.36,-15.11,34.51,0.02,0.08,-0.09,0.14
EGKK,LFMN,0,214,6.3,13.54,-8.04,32.48,0.06,0.08,-0.07,0.2
EGKK,LFMT,0,33,-6.11,17.41,-33.72,15.84,-0.1,0.08,-0.22,0.04
EGKK,LFMT,1,28,-11.86,15.04,-32.91,8.99,-0.1,0.05,-0.17,-0.02
EGKK,LFPG,0,97,-0.62,23.02,-30.4,27.06,-0.0,0.12,-0.12,0.11
EGKK,LFPG,1,15,-5.31,24.2,-28.05,28.18,-0.03,0.08,-0.1,0.11
EGKK,LFPO,0,65,-33.63,16.45,-62.8,-6.34,-0.07,0.07,-0.18,0.06
EGKK,LFSB,0,55,3.79,7.79,-9.16,16.14,-0.07,0.06,-0.19,-0.0
EGKK,LGAV,0,21,-0.06,14.31,-18.1,21.6,0.05,0.14,-0.12,0.29
EGKK,LGAV,1,41,-5.27,16.11,-25.4,16.5,-0.0,0.11,-0.18,0.19
EGKK,LGAV,2,24,2.28,17.12,-23.16,27.68,0.02,0.1,-0.11,0.2
EGKK,LGAV,3,12,-11.18,30.63,-34.44,52.24,-0.05,0.1,-0.18,0.1
EGKK,LGAV,4,25,3.9,28.57,-21.28,23.0,-0.0,0.17,-0.18,0.12
EGKK,LGAV,5,21,-0.57,66.75,-56.9,52.2,0.04,0.25,-0.23,0.53
EGKK,LGIR,0,43,2.94,13.66,-16.08,29.83,-0.01,0.11,-0.16,0.16
EGKK,LGIR,1,15,-1.52,36.66,-52.58,50.87,0.02,0.11,-0.1,0.23
EGKK,LGIR,2,22,0.1,9.76,-10.5,18.78,-0.0,0.09,-0.13,0.14
EGKK,LGIR,3,20,4.07,21.26,-21.78,38.3,-0.03,0.13,-0.23,0.17
EGKK,LGIR,4,16,-1.84,20.1,-22.45,29.08,-0.06,0.15,-0.27,0.15
EGKK,LGKF,0,50,11.64,19.13,-15.91,41.38,0.09,0.14,-0.14,0.3
EGKK,LGKF,1,20,20.58,24.91,-8.56,36.66,0.09,0.18,-0.11,0.44
EGKK,LGKO,0,80,8.51,20.13,-17.55,42.73,0.01,0.11,-0.14,0.19
EGKK,LGKR,0,31,13.07,8.68,-0.9,27.4,0.03,0.1,-0.16,0.14
EGKK,LGKR,1,45,7.52,16.22,-20.24,29.32,0.01,0.09,-0.14,0.14
EGKK,LGKR,2,46,13.55,13.53,-5.32,38.95,0.03,0.09,-0.12,0.16
EGKK,LGRP,0,45,11.26,12.33,-6.96,29.86,-0.03,0.11,-0.19,0.14
EGKK,LGRP,1,69,11.81,12.55,-4.3,33.14,0.01,0.13,-0.2,0.22
EGKK,LGRP,2,25,8.18,34.48,-32.3,66.7,-0.01,0.12,-0.14,0.2
EGKK,LGSA,0,46,18.33,26.0,-3.3,60.45,0.06,0.14,-0.13,0.33
EGKK,LGSA,1,17,1.01,34.78,-35.82,64.44,-0.02,0.13,-0.23,0.15
EGKK,LGSR,0,28,19.0,11.4,1.16,33.42,0.06,0.09,-0.09,0.19
EGKK,LGSR,1,22,10.78,24.08,-10.94,40.94,0.04,0.09,-0.08,0.17
EGKK,LGSR,2,26,20.46,14.57,1.62,38.62,0.05,0.12,-0.15,0.2
EGKK,LGTS,0,55,3.41,14.81,-17.95,29.73,0.02,0.1,-0.15,0.18
EGKK,LGTS,1,31,2.79,24.37,-22.3,40.8,-0.02,0.11,-0.19,0.16
EGKK,LGZA,0,33,27.49,18.61,8.54,46.42,0.09,0.12,-0.1,0.27
EGKK,LGZA,1,17,32.87,12.44,18.96,51.0,0.09,0.1,-0.06,0.22
EGKK,LHBP,0,50,-9.2,17.88,-29.7,15.94,-0.0,0.08,-0.13,0.11
EGKK,LIBD,0,55,9.16,61.47,-24.89,38.08,0.02,0.2,-0.19,0.18
EGKK,LICC,0,17,-29.08,25.3,-55.8,5.2,-0.05,0.13,-0.24,0.21
EGKK,LICC,1,19,-58.36,17.11,-76.47,-33.8,-0.06,0.11,-0.27,0.11
EGKK,LICC,2,54,-30.7,28.79,-59.8,19.08,-0.03,0.12,-0.23,0.14
EGKK,LIEO,0,51,-75.99,17.15,-93.4,-44.2,-0.26,0.1,-0.43,-0.11
EGKK,LIMC,0,115,-49.68,24.24,-82.23,-7.33,-0.2,0.09,-0.32,-0.07
EGKK,LIMC,1,82,-65.49,50.01,-100.45,-8.7,-0.27,0.15,-0.43,-0.03
EGKK,LIPX,0,23,-12.22,16.19,-33.85,13.09,-0.04,0.07,-0.16,0.05
EGKK,LIPX,1,52,-13.86,9.07,-27.42,3.51,-0.04,0.07,-0.14,0.05
EGKK,LIPZ,0,30,-24.98,18.91,-49.76,8.68,-0.14,0.08,-0.26,-0.05
EGKK,LIPZ,1,31,-48.76,14.96,-66.85,-22.1,-0.22,0.09,-0.38,-0.09
EGKK,LIPZ,2,49,-26.19,17.84,-46.16,-1.82,-0.17,0.09,-0.3,-0.02
EGKK,LIRF,0,158,-45.96,37.16,-70.06,-5.89,-0.12,0.12,-0.29,0.03
EGKK,LIRF,1,30,-35.66,19.64,-58.58,7.64,-0.15,0.09,-0.29,0.0
EGKK,LIRF,2,23,-38.32,29.15,-73.36,17.85,-0.13,0.1,-0.24,0.02
EGKK,LIRN,0,34,-19.89,24.29,-57.4,17.91,-0.07,0.1,-0.24,0.09
EGKK,LIRN,1,55,-25.6,24.23,-56.34,14.49,-0.08,0.11,-0.24,0.13
EGKK,LIRP,0,70,8.46,34.0,-21.92,42.19,-0.03,0.11,-0.16,0.09
EGKK,LIRQ,0,24,-6.87,16.05,-19.04,24.29,-0.04,0.07,-0.13,0.08
EGKK,LIRQ,1,36,-9.55,12.38,-25.22,10.5,-0.05,0.09,-0.2,0.09
EGKK,LMML,0,40,24.6,16.25,-5.89,46.4,0.02,0.11,-0.19,0.16
EGKK,LMML,1,93,15.18,22.12,-13.16,60.82,0.05,0.12,-0.16,0.23
EGKK,LOWW,0,59,18.13,15.61,-1.4,36.37,0.06,0.07,-0.03,0.19
EGKK,LPFR,0,290,5.32,12.27,-8.56,27.16,0.04,0.13,-0.19,0.23
EGKK,LPFR,1,16,-2.14,11.07,-19.62,10.78,0.01,0.08,-0.12,0.09
EGKK,LPMA,0,51,0.89,15.54,-19.0,29.35,0.06,0.19,-0.24,0.34
EGKK,LPPR,0,79,7.11,28.28,-16.44,45.53,0.05,0.25,-0.15,0.25
EGKK,LPPR,1,33,4.01,12.58,-15.84,27.0,0.05,0.11,-0.13,0.23
EGKK,LPPT,0,140,1.14,21.11,-28.03,30.24,0.1,0.13,-0.09,0.27
EGKK,LSGG,0,51,-24.94,11.58,-42.05,-4.7,0.06,0.08,-0.07,0.16
EGKK,LSGG,1,91,-16.67,12.75,-34.6,1.9,-0.09,0.07,-0.22,0.04
EGKK,LSZH,0,16,-3.17,13.94,-20.08,19.65,0.03,0.07,-0.07,0.15
EGKK,LSZH,1,36,7.48,13.14,-7.82,35.98,0.02,0.08,-0.09,0.14
EGKK,LTAI,0,31,8.6,21.1,-19.4,41.5,0.05,0.13,-0.16,0.27
EGKK,LTAI,1,17,10.16,14.84,-8.36,37.4,0.08,0.17,-0.11,0.29
EGKK,LTAI,2,93,8.35,17.86,-14.62,34.56,0.07,0.13,-0.14,0.3
EGKK,LTAI,3,26,10.06,19.67,-13.1,40.65,0.02,0.11,-0.13,0.2
EGKK,LTAI,4,38,7.62,15.65,-13.0,29.96,0.05,0.11,-0.09,0.24
EGKK,LTAI,5,56,0.84,15.96,-18.38,30.02,-0.0,0.11,-0.15,0.2
EGKK,LTBS,0,15,25.74,22.62,-2.1,65.61,0.03,0.1,-0.06,0.18
EGKK,LTBS,1,53,34.3,17.7,9.12,53.9,0.06,0.12,-0.14,0.27
EGKK,LTBS,2,34,41.8,20.14,17.72,63.43,0.06,0.15,-0.16,0.28
EGKK,LTBS,3,60,28.86,19.87,4.57,70.61,0.03,0.13,-0.15,0.25
EGKK,LTBS,4,44,33.87,21.39,7.24,75.75,0.07,0.13,-0.09,0.29
EGKK,LTFE,0,15,23.1,22.61,-11.19,52.31,0.03,0.09,-0.11,0.15
EGKK,LTFE,1,47,29.67,22.26,-12.2,57.77,0.07,0.13,-0.17,0.23
EGKK,LTFM,0,37,-13.22,20.23,-41.02,27.24,-0.02,0.11,-0.19,0.12
EGKK,LTFM,1,40,-12.82,25.24,-40.51,42.81,-0.01,0.12,-0.24,0.17
EGKK,LTFM,2,39,-15.37,23.66,-42.93,28.79,-0.03,0.11,-0.2,0.13
EGKK,LXGB,0,22,1.14,10.84,-12.18,21.91,0.03,0.16,-0.18,0.21
EGKK,LXGB,1,33,2.47,10.51,-12.64,20.0,0.05,0.17,-0.23,0.29
EGKK,MMUN,0,22,1.18,67.64,-121.24,79.38,0.02,0.22,-0.24,0.28
EGKK,MMUN,1,34,5.35,82.44,-74.65,86.93,0.03,0.27,-0.36,0.5
EGKK,OMDB,0,73,27.1,16.3,0.32,54.5,0.17,0.12,-0.04,0.35
EGKK,OMDB,1,17,15.25,20.65,-5.76,57.2,0.15,0.13,-0.03,0.35
EGKK,OTHH,0,15,31.97,22.23,-0.38,68.42,0.1,0.13,-0.07,0.31
EGKK,OTHH,1,34,46.54,29.04,13.52,93.94,0.16,0.15,-0.04,0.38
EGKK,OTHH,2,20,38.44,38.27,11.18,78.81,0.11,0.13,-0.1,0.25
EGLC,EDDB,0,82,15.02,13.46,-4.3,32.18,0.13,0.05,0.06,0.22
EGLC,EDDF,0,128,-55.97,22.53,-83.49,-12.73,-0.16,0.07,-0.25,-0.06
EGLC,EDDF,1,30,-38.38,10.76,-56.62,-25.33,-0.18,0.04,-0.23,-0.13
EGLC,EDDL,0,62,-17.97,15.27,-41.77,5.49,0.07,0.06,-0.01,0.16
EGLC,EGAC,0,78,-2.55,4.95,-8.42,2.96,0.08,0.04,0.03,0.15
EGLC,EGPF,0,119,9.5,6.62,3.5,18.53,0.12,0.06,0.05,0.2
EGLC,EGPH,0,206,11.74,5.97,1.82,22.6,0.11,0.06,0.03,0.2
EGLC,EHAM,0,330,7.88,5.69,0.44,19.28,0.09,0.04,0.02,0.16
EGLC,EHRD,0,100,7.08,9.44,-7.11,22.63,0.12,0.04,0.05,0.18
EGLC,EIDW,0,94,-6.67,15.6,-33.57,20.61,0.07,0.09,-0.04,0.22
EGLC,EIDW,1,34,5.38,11.96,-7.53,28.52,0.08,0.07,-0.01,0.19
EGLC,ELLX,0,141,2.96,8.18,-11.2,14.3,-0.01,0.05,-0.08,0.07
EGLC,LEIB,0,57,-24.71,18.17,-50.2,1.42,0.01,0.12,-0.23,0.15
EGLC,LFMN,0,51,-2.52,19.58,-27.75,22.05,0.13,0.1,-0.01,0.3
EGLC,LIRQ,0,32,-13.71,17.09,-35.01,6.99,0.04,0.07,-0.05,0.14
EGLC,LIRQ,1,24,-2.92,21.71,-27.15,31.46,0.07,0.11,-0.11,0.24
EGLC,LSGG,0,17,-31.12,13.79,-44.06,-11.48,0.2,0.05,0.13,0.28
EGLC,LSGG,1,34,-15.4,28.5,-38.84,26.36,0.1,0.09,-0.01,0.28
EGLC,LSZH,0,127,-2.93,12.31,-20.72,18.08,0.1,0.09,-0.01,0.25
EGLC,LSZH,1,44,-77.18,18.65,-101.66,-41.2,-0.04,0.08,-0.15,0.12
EGLL,BIKF,0,23,11.87,8.78,2.57,29.84,0.11,0.13,-0.02,0.29
EGLL,BIKF,1,21,11.87,12.94,-7.0,29.2,0.09,0.13,-0.06,0.3
EGLL,BIKF,2,35,16.99,10.04,4.32,29.86,0.1,0.11,-0.06,0.32
EGLL,CYUL,0,23,2.33,45.74,-39.59,45.89,0.05,0.18,-0.19,0.3
EGLL,CYUL,1,30,2.36,89.25,-71.45,211.91,0.05,0.26,-0.27,0.41
EGLL,CYUL,2,34,1.75,34.24,-40.1,50.69,0.03,0.26,-0.31,0.45
EGLL,CYVR,0,59,-0.24,31.01,-36.08,54.67,0.02,0.17,-0.22,0.26
EGLL,CYYC,0,23,2.09,32.05,-31.35,63.97,0.03,0.18,-0.38,0.21
EGLL,CYYC,1,19,3.37,20.8,-24.0,35.15,0.03,0.11,-0.14,0.2
EGLL,CYYC,2,18,3.48,22.43,-22.96,47.33,0.04,0.17,-0.2,0.27
EGLL,CYYZ,0,22,1.45,16.7,-13.4,25.9,-0.0,0.18,-0.16,0.33
EGLL,CYYZ,1,41,1.75,20.8,-24.4,45.8,0.03,0.22,-0.24,0.44
EGLL,CYYZ,2,22,1.1,76.09,-67.89,45.72,0.06,0.29,-0.36,0.5
EGLL,CYYZ,3,28,3.34,55.67,-55.13,115.22,0.02,0.24,-0.38,0.38
EGLL,CYYZ,4,15,5.11,27.85,-24.41,46.75,0.04,0.28,-0.33,0.45
EGLL,CYYZ,5,20,3.45,38.76,-41.6,64.31,0.05,0.19,-0.19,0.33
EGLL,CYYZ,6,15,0.86,19.2,-25.19,35.56,0.02,0.14,-0.16,0.29
EGLL,CYYZ,7,17,1.54,14.14,-15.62,25.08,0.06,0.32,-0.35,0.56
EGLL,DAAG,0,26,12.19,9.33,3.42,26.52,0.08,0.13,-0.09,0.27
EGLL,DAAG,1,24,6.17,4.0,2.63,13.51,0.06,0.08,-0.05,0.16
EGLL,DNMM,0,60,1.12,28.21,-26.08,59.69,-0.02,0.16,-0.32,0.23
EGLL,EBBR,0,84,23.34,11.63,-2.51,39.42,0.09,0.05,0.01,0.16
EGLL,EBBR,1,124,24.05,11.49,-3.5,39.21,0.01,0.04,-0.06,0.09
EGLL,EDDB,0,77,18.68,13.38,-5.98,35.56,0.07,0.06,-0.03,0.15
EGLL,EDDB,1,21,16.09,13.71,-3.4,38.0,0.07,0.07,-0.05,0.18
EGLL,EDDB,2,45,14.66,12.52,-8.54,32.18,0.09,0.05,0.03,0.17
EGLL,EDDF,0,319,-49.98,21.78,-74.3,-22.75,-0.2,0.08,-0.3,-0.09
EGLL,EDDF,1,48,-31.87,16.16,-53.92,-1.37,-0.11,0.15,-0.21,0.03
EGLL,EDDF,2,32,-35.63,14.28,-51.52,-15.3,-0.14,0.08,-0.24,-0.03
EGLL,EDDF,3,44,-55.7,25.89,-79.37,-12.6,-0.17,0.08,-0.26,-0.06
EGLL,EDDH,0,174,-30.25,16.3,-56.82,-0.96,-0.14,0.06,-0.23,-0.03
EGLL,EDDK,0,77,-22.78,15.77,-37.3,-5.74,-0.12,0.06,-0.2,0.04
EGLL,EDDL,0,144,-17.53,13.32,-39.89,2.97,-0.01,0.07,-0.1,0.07
EGLL,EDDL,1,68,-17.83,13.88,-40.54,3.52,-0.01,0.05,-0.08,0.06
EGLL,EDDM,0,93,12.79,13.04,-4.56,36.22,-0.04,0.06,-0.11,0.06
EGLL,EDDM,1,309,10.48,19.54,-9.5,40.2,-0.08,0.07,-0.18,0.05
EGLL,EDDS,0,116,-18.3,12.94,-35.6,-1.08,-0.06,0.06,-0.13,0.06
EGLL,EDDS,1,19,-8.68,14.17,-21.82,17.81,-0.0,0.05,-0.06,0.06
EGLL,EDDV,0,16,8.74,20.29,-19.58,39.12,0.02,0.06,-0.04,0.12
EGLL,EDDV,1,24,15.84,20.3,-10.21,47.39,0.07,0.08,-0.01,0.14
EGLL,EDDV,2,21,8.73,20.03,-18.5,37.2,0.03,0.06,-0.05,0.12
EGLL,EFHK,0,50,5.44,8.52,-9.02,18.76,0.03,0.09,-0.08,0.16
EGLL,EFHK,1,29,7.02,9.83,-7.84,19.76,0.04,0.08,-0.1,0.15
EGLL,EFHK,2,18,2.37,8.69,-11.92,11.96,0.04,0.07,-0.06,0.14
EGLL,EFHK,3,30,-2.24,12.28,-19.28,15.53,0.02,0.11,-0.15,0.16
EGLL,EGAC,0,169,-0.07,7.54,-9.92,14.0,0.05,0.04,-0.0,0.13
EGLL,EGAE,0,81,3.61,5.66,-3.3,12.6,-0.1,0.06,-0.18,-0.0
EGLL,EGCC,0,159,14.21,5.6,6.1,22.42,0.08,0.04,0.03,0.17
EGLL,EGJJ,0,128,-0.74,7.22,-7.06,5.89,0.06,0.05,-0.0,0.12
EGLL,EGNT,0,120,13.01,5.34,3.89,20.82,0.02,0.04,-0.04,0.09
EGLL,EGPD,0,151,11.25,16.83,-14.85,33.75,0.07,0.09,-0.03,0.18
EGLL,EGPE,0,22,19.26,7.97,7.41,30.38,0.09,0.05,0.03,0.16
EGLL,EGPE,1,35,20.27,10.66,2.11,34.61,0.07,0.05,-0.01,0.15
EGLL,EGPF,0,66,11.78,5.7,3.2,21.02,0.07,0.06,-0.01,0.17
EGLL,EGPF,1,108,11.45,6.63,3.54,23.35,0.05,0.05,-0.04,0.15
EGLL,EGPF,2,63,11.58,6.97,-0.05,24.41,0.07,0.07,-0.01,0.16
EGLL,EGPH,0,85,16.78,9.93,6.26,25.94,0.07,0.05,-0.01,0.16
EGLL,EGPH,1,128,14.91,7.63,3.1,27.39,0.06,0.06,-0.01,0.15
EGLL,EGPH,2,98,12.23,6.21,1.82,21.63,0.06,0.06,-0.01,0.15
EGLL,EHAM,0,471,9.83,17.33,-3.2,22.95,0.06,0.08,-0.02,0.14
EGLL,EICK,0,112,3.33,6.42,-4.52,10.13,-0.01,0.06,-0.1,0.09
EGLL,EIDW,0,95,5.82,13.5,-6.26,37.2,-0.01,0.08,-0.09,0.08
EGLL,EIDW,1,153,-6.48,16.87,-30.9,27.22,-0.04,0.09,-0.14,0.1
EGLL,EIDW,2,88,4.4,18.46,-13.92,45.1,0.03,0.09,-0.09,0.21
EGLL,EIDW,3,83,9.15,14.2,-4.86,36.16,-0.02,0.06,-0.11,0.09
EGLL,EIDW,4,81,-7.56,16.72,-27.7,18.4,-0.04,0.09,-0.13,0.12
EGLL,EINN,0,54,2.22,8.91,-6.04,19.54,-0.01,0.05,-0.08,0.07
EGLL,EINN,1,30,2.5,9.95,-7.96,20.76,-0.02,0.06,-0.09,0.08
EGLL,EKCH,0,273,-6.99,13.07,-31.2,10.84,-0.07,0.05,-0.15,0.02
EGLL,ENGM,0,52,-10.18,20.82,-36.94,13.94,-0.0,0.1,-0.1,0.18
EGLL,ENGM,1,167,-12.32,14.46,-37.88,9.84,-0.03,0.06,-0.13,0.07
EGLL,EPWA,0,57,-27.44,18.51,-53.72,-2.56,-0.05,0.07,-0.14,0.08
EGLL,EPWA,1,70,-33.16,19.36,-60.24,-2.72,-0.05,0.08,-0.17,0.1
EGLL,EPWA,2,44,-31.8,19.91,-63.67,-8.31,-0.05,0.08,-0.14,0.07
EGLL,ESGG,0,37,-1.03,8.47,-14.4,14.28,0.01,0.08,-0.07,0.18
EGLL,ESGG,1,18,-8.92,13.14,-35.72,1.35,-0.01,0.04,-0.07,0.06
EGLL,ESGG,2,25,-9.04,12.18,-28.84,7.22,-0.0,0.05,-0.07,0.09
EGLL,ESSA,0,50,3.01,10.28,-12.87,18.16,0.04,0.07,-0.05,0.17
EGLL,ESSA,1,49,-3.2,11.92,-21.92,17.0,0.02,0.06,-0.08,0.11
EGLL,ESSA,2,21,2.97,12.6,-14.2,20.3,0.04,0.07,-0.05,0.16
EGLL,ESSA,3,23,1.63,10.63,-11.56,14.28,0.0,0.09,-0.11,0.12
EGLL,ESSA,4,20,7.1,14.24,-11.04,24.13,0.06,0.1,-0.08,0.25
EGLL,ESSA,5,19,11.6,9.33,-5.06,20.33,0.1,0.13,-0.02,0.31
EGLL,ESSA,6,38,3.09,12.18,-17.72,20.06,0.04,0.06,-0.07,0.12
EGLL,ESSA,7,30,2.94,12.41,-19.8,20.52,0.05,0.09,-0.07,0.21
EGLL,FAOR,0,16,0.78,126.03,-251.38,81.18,-0.05,0.38,-0.9,0.27
EGLL,FAOR,1,43,-13.7,22.66,-31.26,50.9,-0.04,0.13,-0.19,0.16
EGLL,FAOR,2,32,-3.89,22.67,-22.48,14.26,-0.06,0.14,-0.33,0.11
EGLL,HECA,0,66,24.48,26.64,-2.25,67.4,0.07,0.15,-0.17,0.35
EGLL,HECA,1,23,20.95,12.57,4.01,40.19,0.02,0.17,-0.21,0.28
EGLL,HECA,2,31,10.42,32.15,-24.65,68.2,0.07,0.14,-0.17,0.29
EGLL,HKJK,0,55,-36.24,24.26,-72.48,-4.92,-0.09,0.13,-0.26,0.15
EGLL,HKJK,1,18,-10.23,6.15,-17.93,-0.32,-0.0,0.11,-0.16,0.13
EGLL,KATL,0,15,2.59,57.25,-57.06,112.21,0.04,0.33,-0.4,0.56
EGLL,KATL,1,47,-0.4,47.25,-47.97,107.91,0.0,0.28,-0.38,0.45
EGLL,KATL,2,26,3.16,33.47,-41.6,69.88,0.01,0.31,-0.44,0.55
EGLL,KATL,3,16,-0.72,20.54,-25.48,29.62,-0.0,0.17,-0.2,0.33
EGLL,KATL,4,11,-1.5,171.24,-127.8,332.85,0.03,0.23,-0.33,0.32
EGLL,KBOS,0,53,2.52,67.66,-55.78,132.12,-0.0,0.28,-0.37,0.47
EGLL,KBOS,1,74,1.93,33.13,-37.1,52.73,-0.0,0.3,-0.43,0.5
EGLL,KBOS,2,15,-3.39,67.77,-78.1,93.49,-0.0,0.21,-0.31,0.27
EGLL,KBOS,3,36,-38.63,47.01,-83.88,62.92,-0.07,0.29,-0.37,0.44
EGLL,KBOS,4,16,0.79,46.95,-56.75,92.85,0.0,0.25,-0.31,0.35
EGLL,KBOS,5,17,1.61,136.67,-50.04,116.44,0.03,0.47,-0.43,0.64
EGLL,KBOS,6,24,4.9,39.98,-59.66,64.41,0.01,0.29,-0.38,0.34
EGLL,KCLT,0,74,2.42,56.05,-59.52,112.76,-0.05,0.32,-0.5,0.43
EGLL,KCLT,1,15,-0.93,74.3,-151.75,117.36,-0.08,0.27,-0.39,0.35
EGLL,KDEN,0,19,0.02,54.18,-77.38,78.4,0.02,0.18,-0.46,0.16
EGLL,KDEN,1,26,3.87,64.62,-68.08,111.9,0.03,0.19,-0.29,0.34
EGLL,KDEN,2,29,3.75,52.98,-55.14,124.2,0.04,0.24,-0.26,0.42
EGLL,KDEN,3,16,5.51,90.21,-60.9,223.15,0.02,0.15,-0.23,0.19
EGLL,KDFW,0,84,3.04,86.1,-80.19,199.59,-0.06,0.23,-0.39,0.34
EGLL,KDFW,1,24,2.23,34.19,-39.09,60.41,-0.07,0.16,-0.33,0.13
EGLL,KDFW,2,39,2.37,45.01,-55.61,84.19,-0.06,0.23,-0.34,0.27
EGLL,KDTW,0,33,1.54,34.57,-43.12,49.68,0.02,0.21,-0.26,0.41
EGLL,KDTW,1,17,1.4,100.53,-105.8,161.72,0.08,0.31,-0.38,0.56
EGLL,KEWR,0,60,1.39,53.48,-53.66,99.35,0.18,0.22,-0.12,0.54
EGLL,KEWR,1,30,2.68,49.84,-69.12,57.51,0.04,0.24,-0.4,0.35
EGLL,KEWR,2,25,5.58,34.88,-29.8,66.22,0.13,0.26,-0.16,0.58
EGLL,KEWR,3,35,1.49,65.63,-63.81,141.95,0.09,0.32,-0.45,0.55
EGLL,KEWR,4,42,0.46,38.39,-36.28,99.09,0.17,0.19,-0.14,0.45
EGLL,KEWR,5,72,2.37,55.57,-72.7,97.71,0.08,0.25,-0.25,0.51
EGLL,KIAD,0,60,3.12,57.02,-56.7,116.15,0.01,0.3,-0.47,0.5
EGLL,KIAD,1,31,3.68,32.82,-31.05,72.75,-0.01,0.29,-0.36,0.57
EGLL,KIAD,2,40,1.35,90.46,-91.43,201.38,0.02,0.23,-0.34,0.39
EGLL,KIAD,3,28,2.58,19.45,-22.4,32.71,-0.0,0.31,-0.41,0.53
EGLL,KIAD,4,17,2.59,33.9,-42.86,50.4,-0.01,0.26,-0.34,0.37
EGLL,KIAH,0,34,2.33,43.08,-47.71,85.01,-0.0,0.28,-0.4,0.4
EGLL,KIAH,1,47,2.73,76.02,-87.92,137.33,0.02,0.22,-0.32,0.38
EGLL,KIAH,2,31,3.19,40.6,-37.95,85.85,0.03,0.2,-0.22,0.44
EGLL,KJFK,0,87,0.42,61.21,-58.35,135.51,0.07,0.23,-0.23,0.5
EGLL,KJFK,1,119,1.96,29.39,-27.02,69.73,0.04,0.31,-0.34,0.58
EGLL,KJFK,2,25,3.3,76.99,-50.32,97.2,0.01,0.3,-0.51,0.59
EGLL,KJFK,3,45,2.45,27.63,-30.08,44.72,0.01,0.28,-0.49,0.44
EGLL,KJFK,4,63,0.08,41.65,-34.09,104.48,0.1,0.24,-0.21,0.54
EGLL,KJFK,5,46,0.67,30.03,-32.62,50.42,0.05,0.29,-0.45,0.46
EGLL,KJFK,6,32,-1.03,31.58,-74.18,34.17,0.09,0.24,-0.18,0.46
EGLL,KJFK,7,44,0.84,31.62,-24.9,68.2,0.07,0.3,-0.33,0.66
EGLL,KJFK,8,176,2.87,31.97,-36.7,52.52,-0.0,0.34,-0.51,0.55
EGLL,KJFK,9,22,0.1,99.91,-99.0,223.01,-0.03,0.25,-0.44,0.3
EGLL,KLAS,0,15,1.46,20.63,-27.21,27.63,0.01,0.22,-0.3,0.29
EGLL,KLAS,1,18,3.67,47.71,-45.9,69.42,0.04,0.2,-0.25,0.32
EGLL,KLAS,2,27,-0.97,46.38,-55.45,85.43,-0.01,0.28,-0.42,0.35
EGLL,KLAX,0,77,3.24,66.77,-74.64,133.96,-0.0,0.3,-0.52,0.42
EGLL,KLAX,1,122,3.47,41.89,-47.39,81.96,0.01,0.21,-0.29,0.36
EGLL,KLAX,2,34,0.77,39.76,-48.4,84.91,-0.0,0.2,-0.36,0.3
EGLL,KLAX,3,83,4.24,59.54,-69.1,100.57,0.0,0.2,-0.32,0.33
EGLL,KLAX,4,37,2.44,48.7,-43.06,116.7,-0.01,0.22,-0.27,0.31
EGLL,KMIA,0,18,0.92,62.2,-79.9,91.56,-0.06,0.26,-0.53,0.32
EGLL,KMIA,1,32,1.42,45.89,-50.58,85.49,-0.03,0.22,-0.32,0.33
EGLL,KMIA,2,32,0.5,83.89,-136.45,119.59,-0.06,0.27,-0.39,0.47
EGLL,KMIA,3,31,1.17,59.28,-69.8,121.25,-0.04,0.26,-0.51,0.32
EGLL,KMIA,4,19,2.17,63.09,-52.78,56.96,-0.04,0.33,-0.57,0.49
EGLL,KORD,0,20,4.33,80.89,-89.32,115.94,-0.02,0.22,-0.33,0.24
EGLL,KORD,1,85,2.86,56.67,-40.52,156.5,-0.03,0.35,-0.48,0.57
EGLL,KORD,2,26,4.77,62.86,-48.72,148.18,-0.02,0.2,-0.24,0.29
EGLL,KORD,3,31,3.07,35.68,-30.05,60.5,-0.0,0.34,-0.47,0.51
EGLL,KORD,4,13,3.54,90.18,-66.3,181.74,0.02,0.25,-0.42,0.33
EGLL,KORD,5,48,7.07,75.4,-81.89,118.4,0.0,0.32,-0.41,0.49
EGLL,KORD,6,36,-0.05,36.54,-40.1,77.12,-0.01,0.27,-0.43,0.39
EGLL,KPHL,0,51,2.61,86.08,-73.9,212.55,0.0,0.26,-0.4,0.37
EGLL,KPHL,1,36,3.4,51.28,-51.25,97.22,-0.01,0.29,-0.47,0.46
EGLL,KPHX,0,19,6.17,40.63,-52.63,61.5,-0.01,0.17,-0.26,0.22
EGLL,KPHX,1,21,-0.22,62.36,-79.1,96.8,-0.02,0.14,-0.2,0.16
EGLL,KPHX,2,19,5.94,30.6,-29.68,58.18,0.0,0.26,-0.37,0.32
EGLL,KSEA,0,20,0.69,32.55,-45.56,61.2,-0.01,0.25,-0.32,0.42
EGLL,KSEA,1,53,4.16,36.05,-37.64,58.58,0.0,0.18,-0.25,0.28
EGLL,KSEA,2,35,3.96,32.3,-33.35,69.54,0.01,0.27,-0.32,0.45
EGLL,KSEA,3,22,6.64,29.07,-33.28,62.62,-0.01,0.12,-0.17,0.12
EGLL,KSEA,4,18,1.68,49.86,-34.88,120.06,-0.02,0.28,-0.36,0.34
EGLL,KSFO,0,87,4.11,32.21,-35.27,65.17,0.02,0.16,-0.24,0.25
EGLL,KSFO,1,16,3.16,37.43,-25.98,60.9,-0.0,0.3,-0.73,0.2
EGLL,KSFO,2,17,6.0,49.94,-77.94,66.2,0.03,0.17,-0.31,0.24
EGLL,KSFO,3,23,1.08,87.9,-88.31,186.53,0.01,0.21,-0.23,0.31
EGLL,KSFO,4,45,4.82,43.22,-42.86,83.4,0.0,0.16,-0.23,0.25
EGLL,KSFO,5,16,0.6,30.98,-32.88,57.15,-0.0,0.19,-0.19,0.24
EGLL,LCLK,0,20,17.92,17.11,2.28,35.09,0.03,0.1,-0.08,0.2
EGLL,LCLK,1,57,23.71,11.69,7.08,38.04,0.04,0.1,-0.13,0.2
EGLL,LCLK,2,18,16.56,12.97,1.13,38.37,0.03,0.09,-0.13,0.15
EGLL,LCLK,3,20,11.33,76.28,-60.42,178.58,0.04,0.11,-0.16,0.16
EGLL,LEBL,0,40,-6.79,9.03,-20.22,7.39,-0.01,0.07,-0.13,0.11
EGLL,LEBL,1,165,-1.68,10.01,-11.7,20.02,-0.01,0.1,-0.16,0.17
EGLL,LEIB,0,42,-14.81,16.36,-38.08,4.38,-0.01,0.09,-0.14,0.13
EGLL,LEIB,1,23,-12.8,17.23,-33.51,19.23,-0.0,0.15,-0.17,0.24
EGLL,LEMD,0,356,-5.57,23.58,-44.3,19.23,-0.0,0.12,-0.2,0.2
EGLL,LEMG,0,73,8.1,16.93,-4.78,40.9,0.09,0.14,-0.17,0.31
EGLL,LEPA,0,23,-4.46,12.62,-22.85,19.58,0.09,0.06,0.0,0.19
EGLL,LEPA,1,60,5.45,9.64,-4.04,19.64,0.04,0.12,-0.17,0.2
EGLL,LFBO,0,78,-4.85,8.83,-15.72,12.89,0.05,0.07,-0.04,0.16
EGLL,LFLL,0,62,2.7,8.33,-7.9,17.07,-0.06,0.05,-0.14,0.01
EGLL,LFML,0,119,7.59,17.21,-15.1,41.95,0.09,0.09,-0.03,0.25
EGLL,LFMN,0,166,7.1,15.15,-8.2,35.22,0.09,0.18,-0.06,0.24
EGLL,LFMN,1,43,5.47,12.68,-7.73,30.8,0.06,0.09,-0.1,0.22
EGLL,LFPG,0,343,-8.92,18.02,-29.1,20.99,0.05,0.08,-0.04,0.21
EGLL,LFSB,0,76,3.16,12.23,-10.12,18.3,-0.0,0.06,-0.09,0.07
EGLL,LGAV,0,140,-0.99,22.4,-28.85,41.12,-0.02,0.13,-0.2,0.2
EGLL,LGAV,1,3,-20.7,23.38,-39.12,1.92,0.05,0.07,-0.01,0.11
EGLL,LGAV,2,23,-1.25,18.9,-25.28,29.59,-0.03,0.13,-0.2,0.15
EGLL,LGAV,3,29,-18.23,30.85,-52.9,42.2,-0.04,0.13,-0.2,0.14
EGLL,LGAV,4,30,-11.59,29.0,-54.42,32.76,-0.01,0.11,-0.15,0.15
EGLL,LGKR,0,30,30.87,14.87,7.13,52.79,0.04,0.1,-0.12,0.15
EGLL,LGKR,1,31,33.2,19.79,0.35,59.4,0.08,0.16,-0.12,0.31
EGLL,LGKR,2,8,19.61,17.77,0.69,46.68,0.12,0.16,0.03,0.38
EGLL,LHBP,0,15,-16.58,11.9,-28.62,6.39,-0.01,0.07,-0.13,0.08
EGLL,LHBP,1,91,-12.67,16.73,-35.95,14.75,0.02,0.08,-0.1,0.14
EGLL,LIMC,0,16,-41.64,34.19,-77.93,12.22,-0.12,0.14,-0.29,0.09
EGLL,LIMC,1,60,-45.55,26.16,-72.76,-0.58,-0.15,0.14,-0.28,0.0
EGLL,LIMC,2,31,-35.87,23.51,-59.15,8.95,-0.17,0.09,-0.26,0.02
EGLL,LIMC,3,16,-63.02,27.79,-88.75,-1.98,-0.15,0.11,-0.25,0.1
EGLL,LIML,0,46,26.13,14.92,1.42,47.15,0.04,0.07,-0.06,0.13
EGLL,LIML,1,15,23.47,20.02,-1.9,50.2,0.05,0.09,-0.07,0.2
EGLL,LIML,2,22,-9.99,11.47,-27.96,9.19,-0.0,0.08,-0.11,0.11
EGLL,LIML,3,28,-6.72,10.28,-18.76,8.01,0.01,0.07,-0.09,0.13
EGLL,LIML,4,29,-1.94,15.93,-20.9,32.86,0.03,0.11,-0.13,0.23
EGLL,LIML,5,13,26.95,16.79,5.14,53.38,0.04,0.08,-0.07,0.14
EGLL,LIML,6,19,41.37,11.59,19.24,50.67,0.07,0.07,-0.06,0.2
EGLL,LIML,7,16,35.69,12.66,18.2,54.48,0.02,0.05,-0.06,0.08
EGLL,LIPE,0,55,-11.41,16.37,-31.12,16.62,-0.02,0.07,-0.14,0.13
EGLL,LIPZ,0,34,-46.74,12.87,-65.05,-21.19,-0.17,0.08,-0.29,-0.04
EGLL,LIPZ,1,57,-37.3,16.64,-56.3,-8.28,-0.16,0.07,-0.26,-0.04
EGLL,LIPZ,2,16,-50.97,9.48,-66.45,-36.6,-0.19,0.06,-0.28,-0.1
EGLL,LIRF,0,25,-28.88,25.71,-60.82,8.34,-0.14,0.1,-0.29,-0.01
EGLL,LIRF,1,175,-40.69,38.79,-65.65,2.61,-0.09,0.14,-0.24,0.05
EGLL,LIRF,2,25,-34.98,18.61,-56.24,4.82,-0.12,0.09,-0.28,0.01
EGLL,LIRN,0,31,-24.05,21.02,-44.15,16.15,-0.08,0.11,-0.24,0.1
EGLL,LIRN,1,29,-43.92,15.51,-69.06,-20.7,-0.08,0.1,-0.25,0.09
EGLL,LIRN,2,18,-25.47,34.7,-71.1,25.26,-0.05,0.13,-0.24,0.16
EGLL,LIRP,0,18,16.06,36.85,-10.14,111.16,0.04,0.11,-0.07,0.19
EGLL,LIRP,1,44,-13.09,22.91,-41.46,26.84,-0.0,0.09,-0.15,0.15
EGLL,LKPR,0,29,-13.57,12.04,-28.54,6.74,-0.0,0.06,-0.08,0.08
EGLL,LKPR,1,74,-12.65,13.38,-33.4,10.16,-0.0,0.07,-0.09,0.1
EGLL,LKPR,2,25,-10.47,17.1,-39.12,5.9,-0.03,0.06,-0.11,0.06
EGLL,LLBG,0,22,6.9,29.26,-27.44,50.42,-0.01,0.14,-0.21,0.17
EGLL,LLBG,1,93,10.42,18.46,-10.92,40.6,0.03,0.14,-0.23,0.25
EGLL,LLBG,2,38,12.76,45.72,-28.14,105.78,0.04,0.14,-0.17,0.26
EGLL,LMML,0,65,11.02,27.02,-24.98,43.8,0.05,0.13,-0.14,0.24
EGLL,LOWW,0,20,18.19,14.38,-3.2,40.12,0.04,0.06,-0.05,0.16
EGLL,LOWW,1,44,10.54,15.28,-11.28,32.83,0.07,0.07,-0.03,0.17
EGLL,LOWW,2,28,12.68,20.33,-6.72,58.03,0.02,0.08,-0.1,0.14
EGLL,LOWW,3,27,9.67,12.3,-5.93,29.02,0.05,0.06,-0.07,0.13
EGLL,LOWW,4,79,-18.83,265.76,-66.45,-14.32,-0.06,0.54,-0.23,0.02
EGLL,LPFR,0,55,3.28,9.48,-6.2,23.22,0.03,0.11,-0.17,0.17
EGLL,LPPT,0,210,-2.95,17.84,-32.03,20.0,0.05,0.12,-0.14,0.25
EGLL,LPPT,1,58,3.09,18.71,-16.78,32.8,0.12,0.1,-0.04,0.29
EGLL,LPPT,2,35,3.59,20.4,-24.79,31.25,0.1,0.09,-0.08,0.24
EGLL,LROP,0,18,-81.31,24.75,-105.52,-36.8,-0.18,0.1,-0.35,-0.07
EGLL,LROP,1,44,-61.45,22.74,-82.04,-3.46,-0.14,0.11,-0.3,0.04
EGLL,LROP,2,28,-30.15,10.48,-39.33,-21.32,0.06,0.08,-0.08,0.15
EGLL,LSGG,0,56,-20.03,13.47,-32.4,-8.57,0.13,0.07,0.02,0.24
EGLL,LSGG,1,69,-23.74,8.9,-37.18,-7.32,0.03,0.08,-0.09,0.12
EGLL,LSGG,2,101,-16.29,11.2,-34.4,-0.9,-0.06,0.06,-0.14,0.04
EGLL,LSGG,3,104,-15.44,18.18,-33.5,24.89,0.01,0.09,-0.1,0.2
EGLL,LSZH,0,40,-28.27,23.55,-53.72,34.52,-0.06,0.07,-0.17,0.04
EGLL,LSZH,1,152,8.72,13.22,-9.82,33.14,0.03,0.08,-0.07,0.19
EGLL,LSZH,2,52,5.06,10.31,-7.62,23.57,0.05,0.1,-0.06,0.25
EGLL,LSZH,3,39,7.25,12.9,-10.17,31.89,0.04,0.07,-0.06,0.15
EGLL,LSZH,4,41,11.84,12.95,-2.7,35.1,0.04,0.08,-0.07,0.17
EGLL,LTFM,0,62,-13.46,17.45,-40.34,11.21,0.0,0.16,-0.26,0.26
EGLL,LTFM,1,43,-15.71,20.31,-38.78,17.19,-0.05,0.14,-0.28,0.18
EGLL,LTFM,2,105,-13.46,30.7,-44.66,39.3,-0.05,0.14,-0.28,0.19
EGLL,LTFM,3,15,-21.78,18.83,-42.64,10.31,-0.1,0.12,-0.27,0.06
EGLL,LTFM,4,15,-11.89,19.72,-39.23,11.74,0.02,0.12,-0.12,0.17
EGLL,LTFM,5,39,-15.42,24.38,-45.59,26.17,-0.05,0.14,-0.22,0.21
EGLL,LXGB,0,63,-1.0,17.56,-13.45,11.84,0.02,0.16,-0.25,0.25
EGLL,MMMX,0,32,4.08,91.24,-86.88,146.2,0.02,0.24,-0.29,0.5
EGLL,MMMX,1,27,-2.1,76.41,-77.49,149.7,0.02,0.29,-0.39,0.5
EGLL,OBBI,0,17,21.05,15.69,0.12,47.52,0.09,0.09,-0.04,0.2
EGLL,OBBI,1,33,28.03,13.55,6.22,46.14,0.12,0.11,-0.07,0.27
EGLL,OBBI,2,18,31.98,20.78,6.49,68.87,0.13,0.11,-0.05,0.26
EGLL,OBBI,3,22,26.21,14.27,2.07,45.41,0.11,0.11,-0.04,0.26
EGLL,OERK,0,43,17.07,54.6,-63.18,84.02,0.16,0.19,-0.12,0.41
EGLL,OERK,1,51,10.03,33.15,-28.25,50.7,0.12,0.15,-0.07,0.33
EGLL,OERK,2,25,6.01,39.73,-38.96,60.16,0.17,0.14,0.01,0.45
EGLL,OJAI,0,19,23.88,69.45,-30.24,192.61,0.09,0.27,-0.21,0.43
EGLL,OJAI,1,34,24.26,42.81,-2.51,52.27,0.05,0.21,-0.33,0.34
EGLL,OJAI,2,20,23.66,27.3,-2.71,79.83,0.06,0.17,-0.24,0.3
EGLL,OKKK,0,28,5.41,44.62,-25.92,120.2,0.0,0.1,-0.11,0.16
EGLL,OKKK,1,60,28.38,35.91,-22.92,73.93,0.12,0.12,-0.07,0.33
EGLL,OLBA,0,23,7.41,33.22,-21.22,75.59,-0.03,0.15,-0.25,0.24
EGLL,OLBA,1,19,7.76,19.61,-14.47,40.55,-0.04,0.11,-0.2,0.11
EGLL,OLBA,2,19,2.53,22.4,-22.84,48.29,-0.04,0.19,-0.23,0.16
EGLL,OMAA,0,43,25.0,16.68,-1.43,51.34,0.03,0.1,-0.13,0.14
EGLL,OMAA,1,81,23.27,24.86,-8.1,62.7,0.03,0.12,-0.15,0.26
EGLL,OMDB,0,93,22.52,116.7,-57.64,304.46,0.09,0.24,-0.2,0.63
EGLL,OMDB,1,180,20.63,20.33,-5.54,56.38,0.15,0.15,-0.06,0.38
EGLL,OTHH,0,60,49.87,24.87,19.41,102.01,0.12,0.12,-0.08,0.28
EGLL,OTHH,1,24,36.7,18.87,15.57,65.85,0.12,0.11,-0.06,0.22
EGLL,OTHH,2,23,36.26,18.05,15.47,69.41,0.11,0.13,-0.05,0.31
EGLL,OTHH,3,19,37.84,28.26,2.57,80.99,0.14,0.1,-0.03,0.27
EGLL,OTHH,4,50,29.34,13.52,6.42,46.71,0.07,0.13,-0.13,0.28
EGLL,OTHH,5,28,46.16,20.22,20.5,75.02,0.13,0.1,0.02,0.3
EGLL,RJTT,0,64,-16.62,21.29,-46.4,12.93,-0.12,0.18,-0.38,0.15
EGLL,RJTT,1,69,-3.29,76.78,-75.32,113.18,-0.0,0.28,-0.41,0.43
EGLL,RKSI,0,34,10.67,17.12,-6.24,37.02,0.1,0.2,-0.19,0.41
EGLL,RKSI,1,30,2.3,25.26,-16.31,43.75,0.06,0.21,-0.35,0.36
EGLL,SBGR,0,20,-2.76,57.28,-58.62,59.1,-0.02,0.25,-0.42,0.42
EGLL,SBGR,1,28,7.58,54.31,-24.2,149.9,0.01,0.24,-0.37,0.38
EGLL,SBGR,2,12,0.16,6.33,-10.61,7.08,-0.03,0.25,-0.3,0.39
EGLL,TBPB,0,38,1.54,54.94,-42.18,123.31,-0.02,0.41,-0.63,0.71
EGLL,TBPB,1,19,1.82,108.6,-104.86,211.38,-0.02,0.46,-0.57,0.7
EGLL,VABB,0,117,15.74,24.39,-7.72,55.96,-0.01,0.15,-0.27,0.18
EGLL,VABB,1,56,1.41,37.24,-32.4,65.97,-0.05,0.12,-0.25,0.17
EGLL,VABB,2,24,0.64,30.14,-29.76,41.31,-0.06,0.11,-0.26,0.07
EGLL,VHHH,0,35,-2.49,13.68,-25.73,19.83,0.02,0.22,-0.33,0.35
EGLL,VHHH,1,25,-0.5,21.16,-24.04,42.0,0.04,0.38,-0.49,0.55
EGLL,VHHH,2,58,6.73,26.26,-33.6,33.22,-0.0,0.25,-0.36,0.39
EGLL,VHHH,3,16,-10.42,21.26,-30.92,28.32,0.03,0.26,-0.35,0.38
EGLL,VHHH,4,21,-5.33,19.29,-36.3,22.2,0.01,0.23,-0.3,0.43
EGLL,VHHH,5,51,6.58,23.16,-30.65,42.25,0.04,0.26,-0.31,0.45
EGLL,VIDP,0,16,-7.24,25.08,-29.5,41.48,-0.1,0.08,-0.2,0.03
EGLL,VIDP,1,124,7.7,13.62,-8.38,29.57,-0.02,0.17,-0.28,0.27
EGLL,VIDP,2,63,-0.24,64.69,-22.62,24.55,-0.05,0.16,-0.22,0.08
EGLL,VIDP,3,20,5.14,23.35,-23.72,41.23,-0.04,0.12,-0.2,0.19
EGLL,VTBS,0,22,4.58,8.64,-6.24,16.53,-0.03,0.1,-0.17,0.09
EGLL,VTBS,1,19,2.7,9.45,-8.0,20.81,-0.05,0.12,-0.21,0.12
EGLL,VTBS,2,23,4.98,12.79,-12.14,25.42,-0.07,0.09,-0.23,0.06
EGLL,VTBS,3,25,-1.1,25.36,-32.46,45.56,-0.08,0.09,-0.24,0.07
EGLL,WMKK,0,26,11.03,11.01,-4.45,25.38,0.03,0.1,-0.12,0.17
EGLL,WMKK,1,19,5.83,12.78,-12.68,24.07,0.05,0.13,-0.18,0.22
EGLL,WMKK,2,15,5.31,11.9,-8.19,29.18,0.05,0.11,-0.13,0.18
EGLL,WSSS,0,20,3.56,39.68,-24.54,80.4,0.1,0.11,-0.06,0.26
EGLL,WSSS,1,46,7.37,24.67,-24.68,36.1,0.02,0.16,-0.25,0.32
EGLL,WSSS,2,119,3.52,49.32,-43.81,83.99,0.01,0.15,-0.26,0.23
EGLL,WSSS,3,24,15.88,29.37,-19.42,53.34,0.09,0.17,-0.16,0.34
EGLL,ZBAA,0,17,2.54,11.88,-9.34,20.5,0.02,0.2,-0.33,0.24
EGLL,ZBAA,1,18,-4.5,5.43,-12.3,3.78,0.04,0.22,-0.35,0.37
EGLL,ZBAA,2,25,-8.99,18.81,-25.12,-1.0,0.05,0.25,-0.3,0.44
EGLL,ZSPD,0,43,-3.03,519.05,-561.5,592.21,-0.02,1.19,-1.38,1.82
EGLL,ZSPD,1,59,4.84,29.3,-18.53,65.4,-0.03,0.22,-0.31,0.34
EGNJ,EHAM,0,75,5.69,3.75,0.78,13.82,0.01,0.05,-0.05,0.1
EGNM,EGAC,0,83,-2.75,6.15,-10.86,4.59,0.03,0.05,-0.06,0.11
EGNM,EHAM,0,42,12.92,5.67,6.43,22.38,0.04,0.04,-0.03,0.1
EGNM,EHAM,1,64,14.01,5.58,7.03,21.96,0.07,0.05,0.01,0.14
EGNM,EIDW,0,22,-16.38,10.86,-27.7,0.34,-0.08,0.04,-0.14,-0.02
EGNM,EIDW,1,61,-11.77,12.62,-26.8,7.3,-0.05,0.07,-0.12,0.03
EGNM,EIDW,2,61,-6.63,15.12,-18.9,41.7,-0.03,0.09,-0.12,0.11
EGNM,GCTS,0,32,-23.99,15.26,-39.07,-3.16,-0.06,0.19,-0.37,0.22
EGNM,GCTS,1,25,-34.0,20.69,-78.18,-15.22,-0.07,0.25,-0.55,0.2
EGNM,LEAL,0,106,-0.58,9.44,-12.58,15.8,0.06,0.13,-0.18,0.23
EGNM,LEMG,0,85,2.83,25.73,-13.1,40.84,0.06,0.13,-0.19,0.25
EGNM,LEPA,0,58,-7.73,11.93,-22.06,12.54,0.04,0.09,-0.12,0.19
EGNM,LEPA,1,80,4.69,12.19,-6.53,26.83,0.01,0.13,-0.21,0.23
EGNM,LPFR,0,66,4.38,36.5,-19.18,95.55,0.05,0.16,-0.22,0.31
EGNS,EGCC,0,83,12.24,8.39,-0.13,24.96,0.09,0.06,-0.0,0.17
EGNS,EGGP,0,96,8.17,9.13,-1.7,23.5,0.08,0.05,0.01,0.16
EGNS,EGKK,0,50,10.1,12.87,-13.56,23.46,0.15,0.11,-0.01,0.34
EGNS,EIDW,0,54,-0.26,57.07,-20.04,24.76,0.08,0.32,-0.05,0.17
EGNT,EGAA,0,63,11.52,15.85,-0.9,37.95,0.03,0.05,-0.03,0.13
EGNT,EGHI,0,71,5.53,11.64,-8.9,27.65,0.0,0.08,-0.1,0.13
EGNT,EGLL,0,120,21.29,10.91,8.48,39.74,0.15,0.12,-0.02,0.35
EGNT,EHAM,0,116,-5.21,11.2,-21.8,8.22,0.03,0.07,-0.06,0.11
EGNT,EIDW,0,95,0.65,17.02,-16.1,37.71,0.06,0.2,-0.13,0.34
EGNT,GCTS,0,31,-31.52,17.97,-66.25,-8.35,-0.11,0.2,-0.43,0.19
EGNT,GCTS,1,25,-19.02,10.48,-32.98,-5.48,-0.09,0.22,-0.44,0.21
EGNT,LEAL,0,80,5.26,11.39,-9.61,24.42,0.03,0.14,-0.17,0.21
EGNT,LEIB,0,54,-7.43,44.41,-46.84,24.91,-0.08,0.19,-0.39,0.11
EGNT,LEPA,0,24,-3.47,20.48,-20.69,18.47,0.03,0.1,-0.12,0.16
EGNT,LEPA,1,43,7.73,11.15,-4.84,26.3,0.01,0.14,-0.28,0.2
EGNT,LEPA,2,22,0.14,12.98,-18.73,23.69,-0.05,0.13,-0.17,0.07
EGNT,LEPA,3,16,11.19,21.58,-5.03,46.65,-0.01,0.19,-0.26,0.26
EGNT,LFPG,0,56,1.29,16.28,-19.27,31.42,0.13,0.07,0.03,0.25
EGNT,LTAI,0,58,-12.54,28.52,-38.54,17.69,-0.03,0.13,-0.25,0.19
EGNV,EHAM,0,24,27.25,15.8,6.74,43.36,0.08,0.05,0.01,0.15
EGNV,EHAM,1,28,-13.4,16.07,-35.57,8.31,0.01,0.07,-0.1,0.12
EGNV,EHAM,2,18,32.85,14.85,4.96,48.08,0.11,0.05,0.04,0.21
EGNX,EDDK,0,102,-28.4,22.15,-61.09,10.45,0.01,0.12,-0.13,0.22
EGNX,EDDP,0,113,-40.16,19.37,-68.98,-17.92,-0.04,0.07,-0.15,0.05
EGNX,EDDP,1,59,-54.27,23.48,-91.79,-25.77,-0.11,0.07,-0.22,-0.0
EGNX,EDDP,2,15,-139.57,22.84,-175.51,-114.94,-0.32,0.09,-0.4,-0.16
EGNX,EGAA,0,153,5.03,7.02,-0.74,20.3,0.1,0.15,-0.03,0.36
EGNX,EGJB,0,64,7.89,6.94,-2.27,18.57,-0.03,0.09,-0.13,0.1
EGNX,EGPH,0,59,12.71,4.74,3.37,19.34,0.06,0.04,0.01,0.13
EGNX,EGPH,1,37,20.12,33.75,8.76,27.4,0.12,0.18,0.03,0.21
EGNX,EIDW,0,34,-16.4,11.82,-30.58,7.37,-0.07,0.06,-0.14,0.03
EGNX,EIDW,1,43,-16.19,14.6,-32.15,5.68,-0.07,0.09,-0.17,0.13
EGNX,GCTS,0,26,-27.76,69.1,-90.55,79.22,-0.04,0.22,-0.4,0.25
EGNX,GCTS,1,35,-27.17,8.76,-38.94,-10.97,-0.06,0.21,-0.4,0.25
EGNX,GCTS,2,7,-26.3,28.51,-39.78,16.56,-0.12,0.26,-0.39,0.25
EGNX,LEAL,0,100,3.99,12.66,-10.22,28.62,0.08,0.12,-0.12,0.25
EGNX,LEMG,0,46,-0.72,13.38,-11.72,30.42,0.09,0.13,-0.11,0.3
EGNX,LEMG,1,44,7.65,23.32,-6.98,41.12,0.12,0.16,-0.17,0.37
EGNX,LEPA,0,15,-2.94,10.57,-13.81,17.38,0.07,0.12,-0.11,0.23
EGNX,LEPA,1,60,5.88,9.28,-4.2,26.75,0.01,0.14,-0.24,0.25
EGNX,LEPA,2,47,-3.54,9.09,-16.08,9.02,-0.0,0.08,-0.14,0.12
EGNX,LFPG,0,37,-5.31,16.39,-27.34,16.18,-0.05,0.06,-0.15,0.05
EGNX,LFPG,1,17,-8.19,15.48,-26.36,12.7,0.05,0.07,-0.03,0.16
EGNX,LPFR,0,39,1.79,8.3,-7.27,17.16,0.05,0.12,-0.17,0.24
EGNX,LPFR,1,55,1.14,6.84,-7.07,13.87,0.04,0.12,-0.14,0.2
EGPA,EGPD,0,76,5.62,9.54,-3.02,24.95,0.09,0.05,0.02,0.17
EGPA,EGPE,0,55,-4.8,7.74,-12.9,9.8,0.03,0.05,-0.05,0.12
EGPB,EGPD,0,322,4.5,6.11,-2.4,17.77,0.01,0.05,-0.06,0.11
EGPD,EGBB,0,78,9.93,13.01,-8.77,29.06,0.05,0.1,-0.07,0.26
EGPD,EGCC,0,75,-16.25,12.63,-32.05,4.84,-0.07,0.07,-0.17,0.04
EGPD,EGCC,1,20,13.2,8.3,2.62,27.36,0.06,0.06,-0.04,0.14
EGPD,EGKK,0,60,12.21,12.06,-6.79,29.22,0.16,0.15,-0.02,0.42
EGPD,EGLL,0,148,20.47,13.52,5.34,48.3,0.17,0.12,0.01,0.39
EGPD,EGPA,0,76,3.89,5.47,-3.6,13.8,0.08,0.04,0.03,0.15
EGPD,EGPB,0,324,11.66,7.03,1.42,20.91,0.06,0.07,-0.02,0.14
EGPD,EHAM,0,74,-2.56,7.93,-17.39,8.31,0.09,0.07,-0.03,0.19
EGPD,EHAM,1,20,4.78,8.18,-12.89,14.2,0.07,0.04,0.01,0.13
EGPD,EHAM,2,45,-5.77,13.09,-29.26,19.1,0.04,0.06,-0.03,0.14
EGPD,EIDW,0,30,-12.84,10.41,-23.76,8.27,-0.05,0.08,-0.15,0.09
EGPD,EIDW,1,15,-11.78,10.28,-24.93,7.02,-0.04,0.11,-0.2,0.1
EGPD,EIDW,2,15,3.37,13.9,-9.84,33.25,0.01,0.11,-0.08,0.16
EGPD,ENBR,0,53,-3.55,5.22,-13.32,3.54,-0.06,0.05,-0.13,0.02
EGPD,ENZV,0,46,-2.2,3.3,-8.6,2.0,0.05,0.03,0.01,0.1
EGPD,ENZV,1,41,2.3,3.83,-3.6,8.0,-0.04,0.04,-0.1,0.02
EGPE,EGGW,0,51,-23.77,10.5,-38.1,-4.2,-0.0,0.08,-0.1,0.16
EGPE,EGKK,0,77,16.02,11.15,-9.36,29.74,0.23,0.15,0.03,0.5
EGPE,EGLL,0,57,25.83,11.06,14.84,50.28,0.18,0.12,0.03,0.34
EGPE,EGPA,0,56,-7.13,5.37,-13.6,1.12,0.02,0.05,-0.05,0.11
EGPE,EGPO,0,71,6.12,7.07,-0.4,19.25,0.1,0.09,0.01,0.23
EGPE,EHAM,0,31,-1.97,10.84,-14.8,22.2,0.03,0.06,-0.05,0.11
EGPE,EHAM,1,33,-1.4,7.63,-13.28,10.72,0.02,0.07,-0.09,0.13
EGPF,EDDF,0,55,-51.26,13.51,-68.82,-24.91,-0.18,0.09,-0.32,-0.06
EGPF,EGAA,0,100,5.65,14.67,-4.53,31.93,0.03,0.06,-0.05,0.14
EGPF,EGAA,1,21,7.03,15.01,-4.5,32.0,0.03,0.06,-0.05,0.13
EGPF,EGAC,0,76,1.05,13.23,-8.4,25.62,0.03,0.08,-0.11,0.14
EGPF,EGBB,0,71,-0.5,10.26,-13.05,16.55,-0.01,0.06,-0.11,0.1
EGPF,EGGD,0,86,4.33,5.8,-2.95,12.08,0.04,0.06,-0.04,0.12
EGPF,EGGD,1,21,-4.44,5.24,-11.8,4.2,-0.01,0.05,-0.1,0.04
EGPF,EGGW,0,79,-34.78,11.21,-49.14,-20.69,-0.02,0.1,-0.12,0.11
EGPF,EGHI,0,100,-5.27,10.14,-14.7,15.54,0.05,0.07,-0.07,0.15
EGPF,EGKK,0,112,3.96,12.53,-20.01,18.71,0.22,0.15,0.02,0.5
EGPF,EGKK,1,35,-1.91,17.15,-36.47,24.0,0.17,0.13,-0.01,0.38
EGPF,EGKK,2,17,3.81,12.98,-17.7,21.2,0.1,0.15,-0.07,0.37
EGPF,EGLC,0,115,-39.16,18.24,-71.53,-10.11,-0.03,0.13,-0.17,0.13
EGPF,EGLL,0,135,11.2,13.34,-1.99,36.22,0.15,0.14,-0.03,0.39
EGPF,EGLL,1,83,4.72,12.17,-5.59,20.0,0.11,0.11,-0.03,0.3
EGPF,EGLL,2,19,15.66,7.54,8.16,29.67,0.14,0.09,0.03,0.31
EGPF,EGPO,0,80,2.21,8.39,-5.14,19.0,-0.04,0.06,-0.11,0.04
EGPF,EGSS,0,70,-8.32,9.99,-21.02,7.99,0.05,0.07,-0.05,0.15
EGPF,EGSS,1,15,-16.2,34.68,-42.1,24.79,0.07,0.19,-0.06,0.3
EGPF,EHAM,0,111,-11.69,10.94,-25.35,8.9,0.04,0.07,-0.09,0.15
EGPF,EHAM,1,20,-13.04,10.33,-27.38,2.48,0.08,0.05,0.02,0.14
EGPF,EIDW,0,217,-15.83,12.52,-28.52,10.34,-0.03,0.14,-0.21,0.18
EGPF,GCTS,0,29,-26.87,12.15,-48.38,-7.9,-0.03,0.24,-0.5,0.25
EGPF,GCTS,1,22,-21.57,12.72,-34.98,0.25,-0.03,0.24,-0.34,0.29
EGPF,LEAL,0,23,-16.87,20.62,-38.38,12.65,0.02,0.12,-0.16,0.2
EGPF,LEAL,1,48,-0.95,8.55,-14.92,13.14,0.03,0.13,-0.15,0.18
EGPF,LEMG,0,32,-5.37,14.49,-17.39,28.51,0.1,0.19,-0.23,0.39
EGPF,LEMG,1,17,0.79,35.54,-44.66,42.94,0.13,0.16,-0.14,0.32
EGPF,LEMG,2,18,-9.66,14.29,-23.54,8.51,0.06,0.12,-0.11,0.23
EGPF,LEPA,0,25,-10.55,13.32,-28.42,12.9,-0.02,0.14,-0.26,0.15
EGPF,LEPA,1,19,-5.27,27.46,-32.82,37.14,-0.01,0.17,-0.26,0.22
EGPF,LEPA,2,19,1.61,10.64,-9.82,21.48,-0.01,0.17,-0.27,0.24
EGPF,LFPG,0,53,-9.39,17.04,-30.24,17.94,-0.02,0.07,-0.12,0.11
EGPH,EDDF,0,42,-46.65,15.53,-62.76,-17.28,-0.16,0.07,-0.25,-0.03
EGPH,EDDF,1,35,-50.03,10.14,-61.02,-33.97,-0.17,0.07,-0.27,-0.05
EGPH,EGAA,0,106,6.12,13.31,-6.3,30.42,0.01,0.05,-0.05,0.1
EGPH,EGAA,1,60,7.84,14.88,-6.4,31.47,0.01,0.05,-0.07,0.11
EGPH,EGAC,0,57,-17.63,18.39,-33.1,14.26,-0.05,0.08,-0.14,0.09
EGPH,EGAC,1,43,-16.67,18.47,-33.78,18.17,-0.04,0.07,-0.13,0.08
EGPH,EGBB,0,58,-2.28,13.0,-24.1,19.47,-0.04,0.06,-0.13,0.06
EGPH,EGGD,0,122,0.41,10.32,-13.5,17.83,0.02,0.07,-0.07,0.14
EGPH,EGGW,0,66,-34.31,13.88,-54.82,-9.88,-0.03,0.1,-0.13,0.13
EGPH,EGGW,1,33,-35.15,14.96,-54.96,-8.6,-0.04,0.08,-0.15,0.11
EGPH,EGHI,0,123,-5.43,13.9,-25.17,21.1,0.02,0.08,-0.12,0.14
EGPH,EGKK,0,32,1.43,16.25,-29.71,22.48,0.11,0.13,-0.05,0.32
EGPH,EGKK,1,102,-1.57,18.45,-36.08,23.67,0.15,0.15,-0.06,0.44
EGPH,EGLC,0,24,-21.28,17.35,-47.46,0.4,0.0,0.11,-0.11,0.13
EGPH,EGLC,1,180,-34.0,19.17,-72.8,-7.69,-0.03,0.08,-0.16,0.11
EGPH,EGLL,0,286,13.13,14.93,-8.4,40.08,0.14,0.11,-0.01,0.35
EGPH,EGLL,1,25,13.43,17.64,-9.04,40.74,0.18,0.14,0.01,0.36
EGPH,EGNX,0,85,-14.03,13.16,-32.16,3.9,0.06,0.06,-0.03,0.17
EGPH,EGSS,0,218,-13.52,14.18,-35.4,10.74,0.03,0.08,-0.09,0.16
EGPH,EHAM,0,179,-0.87,7.65,-11.21,11.92,0.06,0.06,-0.04,0.15
EGPH,EIDW,0,93,-29.08,17.14,-49.08,0.56,-0.1,0.18,-0.4,0.08
EGPH,EIDW,1,201,-20.79,13.21,-35.5,3.3,-0.05,0.15,-0.22,0.24
EGPH,EKCH,0,73,-25.14,14.73,-46.3,-1.38,-0.08,0.08,-0.19,0.04
EGPH,GCTS,0,77,-24.57,23.81,-48.6,23.82,-0.07,0.25,-0.54,0.29
EGPH,KEWR,0,19,4.87,68.01,-67.26,108.46,0.09,0.19,-0.18,0.35
EGPH,KEWR,1,22,-1.4,29.28,-35.48,49.61,0.15,0.26,-0.22,0.57
EGPH,KEWR,2,18,-2.96,69.89,-68.92,136.25,0.17,0.23,-0.21,0.53
EGPH,LEAL,0,62,-2.77,16.63,-24.16,26.8,0.03,0.16,-0.23,0.22
EGPH,LEBL,0,54,-10.26,17.56,-32.97,22.68,-0.06,0.14,-0.33,0.13
EGPH,LEMD,0,42,-15.75,22.82,-56.82,12.63,0.01,0.15,-0.28,0.23
EGPH,LEMD,1,9,-12.39,25.59,-33.96,27.42,-0.0,0.17,-0.23,0.24
EGPH,LEPA,0,32,-17.32,16.61,-42.55,-3.3,-0.03,0.12,-0.23,0.12
EGPH,LEPA,1,57,-4.35,13.04,-21.86,13.6,-0.02,0.16,-0.36,0.16
EGPH,LFPG,0,143,-10.79,18.78,-38.89,22.03,-0.03,0.08,-0.14,0.13
EGPH,LFPG,1,16,24.42,17.42,2.58,51.97,0.01,0.26,-0.33,0.3
EGPH,LPFR,0,28,-6.54,14.75,-31.0,8.16,0.02,0.15,-0.18,0.18
EGPH,LPFR,1,32,3.56,8.48,-7.72,17.49,0.02,0.15,-0.26,0.21
EGPH,OTHH,0,37,26.89,24.97,-4.72,77.26,0.12,0.14,-0.15,0.33
EGPH,OTHH,1,23,17.23,18.75,-9.67,43.71,0.12,0.13,-0.1,0.31
EGPO,EGPE,0,72,6.36,4.86,-0.4,13.66,0.07,0.05,0.01,0.14
EGPO,EGPF,0,80,9.49,6.39,2.79,21.5,0.01,0.07,-0.06,0.12
EGSH,EHAM,0,66,1.43,9.29,-17.0,9.75,0.02,0.04,-0.04,0.1
EGSH,EHAM,1,32,7.51,5.59,-2.89,17.71,0.06,0.06,-0.02,0.14
EGSS,EDDB,0,56,14.47,12.54,-5.12,30.82,0.05,0.07,-0.07,0.16
EGSS,EDDB,1,34,17.71,11.79,-1.2,31.73,0.06,0.05,-0.01,0.14
EGSS,EDDH,0,56,-32.49,14.5,-60.05,-5.05,-0.12,0.06,-0.21,-0.02
EGSS,EDDK,0,100,-22.19,14.39,-39.01,3.29,-0.04,0.08,-0.13,0.06
EGSS,EGAA,0,199,-2.76,8.52,-12.53,14.21,0.02,0.05,-0.05,0.1
EGSS,EGPF,0,55,1.05,6.37,-6.22,10.89,0.04,0.04,-0.03,0.1
EGSS,EGPF,1,29,-1.9,5.16,-7.92,6.58,0.02,0.05,-0.04,0.09
EGSS,EGPH,0,89,2.04,5.72,-8.12,10.9,0.04,0.07,-0.04,0.14
EGSS,EGPH,1,57,2.15,6.83,-8.02,13.12,0.03,0.05,-0.04,0.11
EGSS,EGPH,2,71,2.69,6.84,-7.75,16.35,0.06,0.06,-0.03,0.15
EGSS,EHAM,0,60,8.07,4.41,3.8,15.49,0.01,0.04,-0.06,0.08
EGSS,EHEH,0,90,4.3,5.45,-2.0,10.78,-0.08,0.06,-0.14,-0.04
EGSS,EICK,0,85,0.06,9.6,-11.84,8.42,0.06,0.12,-0.05,0.18
EGSS,EIDW,0,263,-19.89,18.62,-43.67,13.98,-0.04,0.1,-0.16,0.11
EGSS,EINN,0,73,-3.26,11.04,-15.0,18.72,0.03,0.08,-0.06,0.13
EGSS,EKBI,0,17,9.09,14.26,-5.6,39.5,0.04,0.07,-0.03,0.15
EGSS,EKBI,1,54,5.58,12.31,-10.27,24.94,0.03,0.06,-0.05,0.11
EGSS,EKBI,2,18,2.83,10.92,-8.93,20.6,0.01,0.04,-0.06,0.06
EGSS,EKCH,0,90,-6.59,9.93,-27.9,7.51,-0.07,0.05,-0.14,0.01
EGSS,ENGM,0,51,-12.91,17.46,-37.95,7.3,-0.02,0.1,-0.12,0.14
EGSS,EPGD,0,43,-36.6,13.23,-56.5,-15.04,-0.09,0.06,-0.18,0.04
EGSS,EPGD,1,17,-47.74,21.69,-73.2,-17.98,-0.18,0.06,-0.26,-0.12
EGSS,EPKK,0,81,-27.65,14.13,-45.5,1.4,-0.05,0.07,-0.15,0.05
EGSS,EPMO,0,49,-16.52,10.52,-25.62,5.92,-0.04,0.05,-0.14,0.04
EGSS,EPMO,1,26,-16.95,11.44,-25.95,8.1,-0.07,0.05,-0.16,0.02
EGSS,GCRR,0,68,-22.95,10.12,-33.86,-7.1,-0.03,0.19,-0.34,0.25
EGSS,GCTS,0,97,-28.29,12.01,-42.0,-7.02,-0.05,0.19,-0.39,0.24
EGSS,GCTS,1,16,-36.29,13.28,-57.08,-18.8,-0.06,0.26,-0.51,0.26
EGSS,LBSF,0,20,-6.03,9.36,-22.03,5.71,-0.04,0.08,-0.14,0.07
EGSS,LBSF,1,30,-36.39,17.39,-58.68,-4.26,-0.09,0.1,-0.25,0.02
EGSS,LBSF,2,23,-34.7,13.02,-49.2,-13.68,-0.09,0.08,-0.21,-0.01
EGSS,LCPH,0,30,12.62,33.16,-15.76,80.45,-0.03,0.1,-0.19,0.13
EGSS,LCPH,1,30,12.83,10.23,-2.98,28.66,-0.05,0.11,-0.21,0.11
EGSS,LEAL,0,94,-10.76,12.31,-26.15,11.33,0.06,0.12,-0.13,0.24
EGSS,LEAL,1,39,-12.07,12.65,-28.74,10.9,-0.01,0.11,-0.19,0.14
EGSS,LEBL,0,120,-20.97,18.56,-44.56,3.81,-0.07,0.13,-0.26,0.1
EGSS,LEGE,0,61,-13.23,15.48,-29.8,23.5,-0.01,0.1,-0.14,0.15
EGSS,LEIB,0,102,-35.56,24.43,-68.44,6.66,-0.1,0.12,-0.3,0.05
EGSS,LEMD,0,69,-16.15,16.73,-49.76,4.22,0.01,0.12,-0.19,0.18
EGSS,LEMD,1,21,2.88,21.35,-14.7,41.1,0.1,0.1,-0.06,0.22
EGSS,LEMG,0,98,-4.55,12.23,-15.81,22.19,0.08,0.14,-0.15,0.27
EGSS,LEPA,0,169,-16.28,18.28,-38.46,15.74,-0.02,0.12,-0.22,0.16
EGSS,LFML,0,52,-11.29,18.66,-36.25,15.6,0.0,0.08,-0.13,0.12
EGSS,LFML,1,15,-14.58,14.39,-37.69,7.61,-0.02,0.11,-0.21,0.14
EGSS,LGKR,0,29,3.49,26.81,-30.46,64.58,-0.02,0.12,-0.24,0.16
EGSS,LGKR,1,25,5.83,14.74,-16.38,23.5,-0.04,0.12,-0.23,0.12
EGSS,LGRP,0,35,7.75,11.47,-6.62,28.76,-0.05,0.09,-0.2,0.1
EGSS,LGRP,1,28,2.84,9.8,-12.9,21.0,-0.01,0.09,-0.13,0.14
EGSS,LHBP,0,65,-14.48,13.64,-31.1,7.52,-0.01,0.08,-0.13,0.1
EGSS,LHBP,1,54,-13.59,14.89,-33.42,11.64,-0.0,0.06,-0.09,0.08
EGSS,LIMC,0,36,-63.8,27.77,-97.82,-8.77,-0.18,0.11,-0.32,-0.01
EGSS,LIMC,1,80,-48.19,20.6,-71.34,-6.23,-0.22,0.13,-0.4,-0.04
EGSS,LIME,0,61,-44.49,23.04,-65.0,-18.9,-0.11,0.09,-0.25,-0.01
EGSS,LIME,1,17,-56.77,22.3,-79.56,-13.74,-0.12,0.11,-0.22,0.12
EGSS,LIME,2,20,-44.4,21.33,-69.62,-7.53,-0.1,0.08,-0.2,0.01
EGSS,LIME,3,19,-42.8,19.67,-64.46,-11.96,-0.06,0.1,-0.16,0.17
EGSS,LIPE,0,37,-13.4,11.77,-28.82,5.62,-0.06,0.09,-0.23,0.07
EGSS,LIPE,1,15,-9.03,43.0,-41.69,78.33,-0.02,0.15,-0.2,0.27
EGSS,LIPZ,0,61,-35.84,16.14,-54.5,-5.3,-0.15,0.08,-0.29,-0.02
EGSS,LIPZ,1,24,-32.39,18.24,-52.6,-2.33,-0.15,0.07,-0.25,-0.04
EGSS,LIRA,0,90,-7.41,12.55,-21.7,20.96,-0.02,0.09,-0.17,0.12
EGSS,LIRA,1,22,-7.56,15.18,-26.78,22.87,-0.01,0.09,-0.13,0.08
EGSS,LIRA,2,17,-5.26,15.7,-27.5,18.76,0.01,0.11,-0.14,0.16
EGSS,LIRN,0,35,-31.03,17.44,-54.63,-4.21,-0.08,0.12,-0.29,0.12
EGSS,LIRN,1,19,-22.38,46.09,-68.54,69.54,-0.03,0.18,-0.25,0.31
EGSS,LIRP,0,40,9.48,13.98,-9.94,26.23,-0.01,0.09,-0.17,0.1
EGSS,LIRP,1,27,-21.41,18.68,-56.73,0.89,-0.06,0.08,-0.18,0.08
EGSS,LIRP,2,30,10.45,12.62,-9.23,30.29,0.0,0.09,-0.14,0.12
EGSS,LKPR,0,17,-15.54,14.84,-29.18,4.1,-0.03,0.08,-0.13,0.11
EGSS,LKPR,1,27,-17.17,15.77,-38.63,8.16,-0.05,0.05,-0.11,0.04
EGSS,LKPR,2,30,-18.56,9.0,-32.62,-2.66,-0.06,0.04,-0.13,-0.02
EGSS,LOWW,0,15,2.83,14.04,-9.81,29.98,0.01,0.07,-0.08,0.11
EGSS,LOWW,1,43,9.62,16.96,-11.9,39.71,0.03,0.08,-0.09,0.17
EGSS,LPFR,0,130,-6.26,15.43,-18.06,9.56,0.03,0.12,-0.17,0.2
EGSS,LPPR,0,56,-12.55,11.44,-28.32,7.5,0.02,0.11,-0.15,0.18
EGSS,LPPR,1,29,-7.59,15.96,-23.28,21.32,0.05,0.1,-0.09,0.16
EGSS,LPPT,0,42,-11.79,25.17,-43.77,17.61,0.07,0.14,-0.17,0.31
EGSS,LPPT,1,36,-6.74,20.19,-25.62,31.83,0.11,0.12,-0.11,0.28
EGSS,LPPT,2,29,-13.87,14.21,-38.72,1.56,0.04,0.09,-0.1,0.16
EGSS,LROP,0,65,-36.75,10.79,-48.74,-15.62,-0.06,0.09,-0.23,0.05
EGSS,LROP,1,36,-36.2,19.15,-54.45,3.8,-0.06,0.09,-0.2,0.07
EGSS,LTAI,0,84,1.65,17.42,-23.96,35.48,0.0,0.14,-0.21,0.25
EGSS,LTAI,1,36,-3.87,13.8,-32.12,12.18,0.04,0.12,-0.15,0.25
EGSS,LTBS,0,25,1.14,22.08,-36.42,27.12,-0.02,0.11,-0.19,0.12
EGSS,LTBS,1,37,8.94,14.73,-15.16,26.76,-0.01,0.11,-0.17,0.17
EGSS,LTFJ,0,19,-12.97,33.14,-54.65,32.8,0.03,0.16,-0.16,0.27
EGSS,LTFJ,1,50,-15.81,22.09,-46.98,16.52,0.02,0.2,-0.21,0.37
EGSS,LTFJ,2,82,-14.45,21.53,-41.16,12.24,0.01,0.15,-0.2,0.26
EGSS,LTFJ,3,20,1.04,30.8,-39.88,52.92,0.08,0.15,-0.17,0.32
EGSS,LTFJ,4,36,-14.79,18.41,-38.9,13.2,0.01,0.13,-0.18,0.23
EGSS,OMDB,0,41,19.95,18.51,-12.1,43.4,0.18,0.13,-0.02,0.45
EGSS,OMDB,1,19,15.36,24.12,-12.71,54.57,0.19,0.18,-0.02,0.49
EHAM,BIKF,0,11,11.19,23.3,-16.75,47.8,0.08,0.11,-0.08,0.22
EHAM,BIKF,1,85,-5.06,21.9,-36.04,26.68,0.04,0.12,-0.15,0.22
EHAM,CYUL,0,18,-8.39,19.93,-30.22,26.08,-0.0,0.28,-0.32,0.48
EHAM,CYUL,1,17,-9.54,61.48,-85.78,67.48,0.01,0.31,-0.43,0.56
EHAM,CYUL,2,16,-7.38,84.96,-70.6,100.22,-0.0,0.3,-0.32,0.62
EHAM,CYYZ,0,21,-1.34,61.79,-61.8,94.6,0.02,0.42,-0.44,0.78
EHAM,CYYZ,1,16,-6.0,51.32,-36.65,102.28,0.01,0.3,-0.33,0.5
EHAM,CYYZ,2,34,-6.61,20.09,-35.98,24.56,0.02,0.35,-0.41,0.53
EHAM,CYYZ,3,20,-14.18,48.31,-72.79,70.48,-0.02,0.26,-0.37,0.36
EHAM,CYYZ,4,9,-5.18,9.4,-18.34,5.36,0.01,0.29,-0.29,0.4
EHAM,EBBR,0,116,5.43,7.72,-3.3,23.95,0.01,0.04,-0.03,0.08
EHAM,EDDB,0,101,4.65,14.53,-17.0,26.7,0.04,0.06,-0.04,0.14
EHAM,EDDB,1,186,10.73,13.68,-8.55,30.85,0.04,0.06,-0.04,0.13
EHAM,EDDF,0,35,-36.5,9.96,-48.13,-21.16,-0.19,0.05,-0.25,-0.12
EHAM,EDDF,1,67,-36.42,8.0,-46.8,-25.15,-0.22,0.05,-0.3,-0.13
EHAM,EDDF,2,193,-36.41,9.47,-49.12,-22.3,-0.19,0.05,-0.27,-0.11
EHAM,EDDF,3,69,-34.47,10.05,-45.6,-17.36,-0.19,0.05,-0.25,-0.13
EHAM,EDDH,0,106,-33.57,15.58,-59.4,-6.35,-0.19,0.05,-0.27,-0.12
EHAM,EDDH,1,47,-30.97,18.38,-60.91,-2.17,-0.21,0.05,-0.29,-0.14
EHAM,EDDH,2,35,-39.59,17.04,-66.89,-2.24,-0.19,0.06,-0.27,-0.09
EHAM,EDDL,0,143,-10.47,8.57,-22.83,5.67,-0.03,0.04,-0.08,0.05
EHAM,EDDM,0,45,6.11,25.85,-20.22,52.04,-0.06,0.08,-0.15,0.09
EHAM,EDDM,1,30,9.33,11.16,-5.86,29.78,-0.04,0.06,-0.13,0.08
EHAM,EDDM,2,43,9.64,13.53,-5.58,32.25,-0.02,0.07,-0.1,0.09
EHAM,EDDM,3,182,6.78,11.98,-5.48,29.49,-0.05,0.06,-0.12,0.06
EHAM,EDDM,4,21,5.05,15.29,-9.7,29.7,-0.13,0.09,-0.22,0.07
EHAM,EDDN,0,100,-42.97,19.49,-62.51,-5.56,-0.13,0.05,-0.22,-0.03
EHAM,EDDP,0,55,-53.47,22.92,-87.28,-25.82,-0.15,0.08,-0.25,-0.03
EHAM,EDDS,0,143,-19.38,6.68,-27.79,-5.03,-0.06,0.06,-0.13,0.03
EHAM,EDDS,1,17,-29.52,15.47,-46.62,0.88,-0.06,0.09,-0.16,0.09
EHAM,EDDV,0,105,-4.56,16.48,-20.58,26.5,-0.06,0.05,-0.14,0.02
EHAM,EDDW,0,98,-17.75,14.68,-37.22,6.75,-0.07,0.05,-0.13,0.01
EHAM,EFHK,0,24,-0.27,9.11,-14.23,11.79,0.03,0.08,-0.11,0.17
EHAM,EFHK,1,129,0.76,10.27,-17.42,14.54,0.04,0.08,-0.08,0.15
EHAM,EGBB,0,151,-5.73,12.68,-25.0,12.9,0.0,0.14,-0.1,0.1
EHAM,EGBB,1,36,-24.06,15.33,-48.22,-1.5,-0.08,0.08,-0.19,0.07
EHAM,EGCC,0,140,-25.29,19.22,-44.2,10.05,-0.05,0.08,-0.16,0.1
EHAM,EGCC,1,183,-21.28,19.61,-44.2,11.01,-0.06,0.09,-0.19,0.1
EHAM,EGFF,0,68,8.0,14.78,-4.4,37.88,0.05,0.06,-0.02,0.17
EHAM,EGFF,1,21,10.23,10.14,-2.9,23.6,0.02,0.05,-0.04,0.08
EHAM,EGGD,0,191,8.55,13.99,-3.5,33.65,0.05,0.07,-0.05,0.14
EHAM,EGGD,1,21,8.58,15.34,-3.7,41.6,0.02,0.04,-0.02,0.09
EHAM,EGGW,0,177,-10.69,12.77,-26.4,9.9,-0.02,0.06,-0.1,0.07
EHAM,EGHI,0,61,5.37,13.43,-6.1,33.8,0.02,0.1,-0.09,0.08
EHAM,EGKK,0,224,10.15,13.65,-8.68,32.66,0.1,0.13,-0.06,0.33
EHAM,EGLC,0,327,2.34,6.3,-4.9,13.47,-0.01,0.06,-0.08,0.08
EHAM,EGLL,0,461,8.28,14.25,-3.1,32.6,0.18,0.11,0.03,0.37
EHAM,EGNJ,0,51,5.25,22.35,-9.2,63.15,0.01,0.09,-0.08,0.23
EHAM,EGNJ,1,25,3.49,18.86,-10.48,53.06,-0.02,0.08,-0.1,0.13
EHAM,EGNM,0,36,-1.35,12.74,-13.52,23.12,-0.02,0.09,-0.12,0.17
EHAM,EGNM,1,69,-2.9,10.05,-14.08,12.52,-0.02,0.05,-0.08,0.08
EHAM,EGNT,0,117,-3.13,12.91,-31.88,11.66,0.01,0.06,-0.08,0.11
EHAM,EGNV,0,44,8.34,17.19,-13.65,41.8,0.02,0.06,-0.06,0.12
EHAM,EGNV,1,27,-17.69,16.43,-38.89,6.45,-0.01,0.07,-0.1,0.12
EHAM,EGPD,0,63,-13.6,19.35,-45.07,16.76,0.01,0.06,-0.08,0.11
EHAM,EGPD,1,76,-5.33,20.53,-25.75,10.28,0.02,0.07,-0.08,0.12
EHAM,EGPE,0,44,-8.83,22.77,-28.82,40.38,-0.01,0.07,-0.11,0.09
EHAM,EGPE,1,20,-41.08,23.54,-68.24,-1.12,-0.1,0.05,-0.19,-0.03
EHAM,EGPF,0,29,2.18,16.73,-17.76,26.24,0.02,0.05,-0.04,0.12
EHAM,EGPF,1,102,0.86,9.39,-11.3,15.58,0.05,0.06,-0.04,0.16
EHAM,EGPH,0,179,2.8,12.26,-10.21,21.64,0.04,0.07,-0.05,0.17
EHAM,EGSH,0,62,-6.13,12.31,-24.26,13.97,-0.03,0.05,-0.1,0.03
EHAM,EGSH,1,18,-18.07,7.5,-28.62,-8.41,-0.06,0.03,-0.11,-0.02
EHAM,EGSH,2,18,-8.76,8.85,-20.8,7.87,-0.02,0.05,-0.07,0.07
EHAM,EGSS,0,61,5.94,15.81,-6.6,24.5,0.04,0.11,-0.05,0.15
EHAM,EICK,0,94,2.86,8.2,-7.07,18.43,0.03,0.1,-0.11,0.21
EHAM,EIDW,0,352,-14.25,15.39,-29.44,25.0,-0.02,0.12,-0.16,0.17
EHAM,EIDW,1,17,10.08,14.04,-3.16,31.58,0.04,0.1,-0.05,0.21
EHAM,EIDW,2,28,-8.73,11.87,-22.99,12.54,-0.03,0.11,-0.15,0.11
EHAM,EKBI,0,61,9.13,8.31,-3.6,20.9,0.04,0.04,-0.02,0.11
EHAM,EKBI,1,80,6.79,9.11,-7.61,19.1,0.02,0.04,-0.03,0.1
EHAM,EKCH,0,420,-10.34,10.45,-31.1,2.7,-0.09,0.05,-0.16,-0.01
EHAM,EKYT,0,52,2.16,11.53,-9.77,13.81,0.08,0.07,0.01,0.23
EHAM,EKYT,1,66,-6.59,7.27,-17.65,6.45,0.03,0.04,-0.03,0.09
EHAM,ELLX,0,57,0.28,8.27,-11.52,12.14,-0.01,0.05,-0.08,0.08
EHAM,ELLX,1,67,16.31,9.02,4.28,29.5,0.04,0.06,-0.02,0.11
EHAM,ENAL,0,43,-15.02,15.04,-40.72,8.54,-0.02,0.1,-0.14,0.18
EHAM,ENAL,1,17,-26.71,18.17,-46.56,9.44,-0.03,0.11,-0.16,0.16
EHAM,ENBR,0,33,-16.7,13.44,-39.04,2.38,-0.0,0.06,-0.09,0.09
EHAM,ENBR,1,36,-21.23,14.34,-48.3,-1.45,-0.02,0.06,-0.11,0.09
EHAM,ENBR,2,46,-27.82,21.49,-58.85,8.05,-0.02,0.07,-0.14,0.09
EHAM,ENCN,0,40,1.13,13.23,-16.96,20.1,0.02,0.06,-0.07,0.11
EHAM,ENCN,1,20,-14.03,12.27,-31.85,0.13,-0.04,0.04,-0.09,0.01
EHAM,ENCN,2,21,5.95,14.57,-12.1,31.6,0.03,0.06,-0.04,0.11
EHAM,ENGM,0,118,-22.86,16.06,-53.34,-1.26,-0.06,0.06,-0.16,0.04
EHAM,ENGM,1,34,-14.76,17.96,-43.59,-0.58,-0.02,0.07,-0.1,0.05
EHAM,ENGM,2,64,-16.63,15.91,-40.22,9.7,-0.03,0.08,-0.14,0.13
EHAM,ENGM,3,35,-15.22,14.5,-39.91,5.05,-0.03,0.07,-0.12,0.06
EHAM,ENTO,0,33,-20.19,12.3,-39.88,-2.54,-0.02,0.08,-0.13,0.11
EHAM,ENTO,1,22,-10.89,17.56,-34.71,2.06,-0.07,0.07,-0.14,0.07
EHAM,ENVA,0,42,-6.18,9.89,-22.29,9.09,0.01,0.09,-0.12,0.17
EHAM,ENVA,1,44,-5.06,9.98,-25.88,7.52,0.01,0.09,-0.11,0.18
EHAM,ENZV,0,50,-11.3,16.09,-36.37,14.89,-0.02,0.06,-0.11,0.07
EHAM,ENZV,1,43,-32.74,12.13,-58.33,-17.71,-0.1,0.05,-0.18,-0.02
EHAM,ENZV,2,26,-21.77,10.87,-40.17,-7.68,-0.09,0.03,-0.15,-0.04
EHAM,ENZV,3,15,-15.37,14.92,-32.55,8.08,-0.04,0.06,-0.1,0.07
EHAM,EPGD,0,23,-31.67,16.68,-54.34,-7.13,-0.12,0.05,-0.2,-0.05
EHAM,EPGD,1,36,-27.36,25.82,-58.02,8.4,-0.09,0.08,-0.17,0.03
EHAM,EPGD,2,28,-39.56,16.46,-63.73,-11.6,-0.1,0.04,-0.18,-0.04
EHAM,EPKK,0,84,-25.56,18.03,-49.5,7.23,-0.1,0.06,-0.2,-0.02
EHAM,EPWA,0,227,-33.71,17.85,-59.98,-6.75,-0.09,0.07,-0.2,0.03
EHAM,ESGG,0,63,-0.37,13.02,-26.63,10.07,-0.0,0.07,-0.09,0.13
EHAM,ESGG,1,46,-6.69,10.75,-34.4,2.53,-0.04,0.06,-0.11,0.06
EHAM,ESGG,2,31,-4.56,8.11,-19.35,5.2,-0.04,0.05,-0.11,0.05
EHAM,ESSA,0,64,7.55,13.58,-10.63,25.01,0.05,0.09,-0.04,0.14
EHAM,ESSA,1,139,2.79,11.12,-12.21,19.32,0.05,0.07,-0.05,0.18
EHAM,ESSA,2,45,-1.75,11.79,-22.84,12.58,0.01,0.07,-0.08,0.13
EHAM,ESSL,0,74,-5.53,5.09,-13.6,1.91,-0.0,0.07,-0.09,0.12
EHAM,EVRA,0,31,6.55,10.28,-2.85,23.1,0.04,0.08,-0.07,0.16
EHAM,EVRA,1,42,12.99,9.76,-1.91,28.46,0.06,0.08,-0.04,0.22
EHAM,GCLP,0,30,7.47,23.21,-20.78,48.57,0.05,0.23,-0.22,0.41
EHAM,GCLP,1,36,7.53,39.07,-17.58,50.9,0.07,0.2,-0.29,0.32
EHAM,HKJK,0,60,-19.84,46.08,-61.24,99.4,-0.03,0.17,-0.31,0.27
EHAM,KATL,0,36,0.29,65.9,-81.38,108.45,0.02,0.37,-0.51,0.62
EHAM,KATL,1,54,-4.32,27.43,-49.33,44.37,0.01,0.27,-0.33,0.43
EHAM,KATL,2,27,-9.71,99.15,-119.42,180.68,-0.01,0.26,-0.38,0.37
EHAM,KBOS,0,20,-7.07,114.36,-151.1,190.14,0.02,0.27,-0.28,0.41
EHAM,KBOS,1,32,-2.45,61.67,-63.88,141.85,0.02,0.24,-0.39,0.32
EHAM,KBOS,2,16,-5.87,22.95,-34.58,30.42,0.04,0.18,-0.19,0.34
EHAM,KBOS,3,17,-4.49,44.48,-35.64,75.1,-0.0,0.34,-0.35,0.64
EHAM,KDTW,0,26,-1.39,38.92,-59.92,45.58,0.06,0.32,-0.41,0.56
EHAM,KDTW,1,15,-2.87,25.71,-26.14,41.92,0.02,0.25,-0.25,0.4
EHAM,KDTW,2,20,-2.22,183.18,-76.8,162.05,0.01,0.54,-0.48,0.6
EHAM,KDTW,3,27,-7.07,164.13,-98.78,107.92,0.01,0.42,-0.54,0.6
EHAM,KIAD,0,12,-8.94,27.18,-37.92,37.95,-0.03,0.13,-0.2,0.13
EHAM,KIAD,1,30,-1.47,74.63,-88.28,146.0,-0.03,0.22,-0.36,0.28
EHAM,KIAD,2,13,-11.78,103.27,-103.34,190.16,-0.03,0.17,-0.29,0.21
EHAM,KIAH,0,22,-3.23,44.57,-44.97,79.2,-0.05,0.26,-0.46,0.31
EHAM,KIAH,1,34,-4.77,89.29,-110.31,124.09,-0.01,0.23,-0.32,0.25
EHAM,KJFK,0,41,-2.57,80.71,-77.5,166.0,0.05,0.28,-0.36,0.59
EHAM,KJFK,1,37,-1.74,24.01,-27.52,46.38,0.02,0.3,-0.43,0.6
EHAM,KJFK,2,21,-6.7,40.93,-49.8,65.8,0.05,0.43,-0.45,0.59
EHAM,KJFK,3,25,-6.72,58.73,-58.4,104.88,0.11,0.26,-0.25,0.48
EHAM,KJFK,4,22,-7.28,110.17,-94.98,234.8,0.1,0.31,-0.24,0.64
EHAM,KJFK,5,19,-5.35,28.66,-52.9,37.43,0.02,0.39,-0.51,0.64
EHAM,KLAX,0,36,-5.62,90.66,-95.85,166.58,-0.02,0.2,-0.32,0.3
EHAM,KLAX,1,18,-7.7,41.82,-46.65,69.4,-0.01,0.17,-0.22,0.29
EHAM,KMSP,0,22,-9.7,47.16,-71.65,62.38,-0.0,0.2,-0.23,0.32
EHAM,KMSP,1,21,-8.44,34.56,-59.9,34.6,-0.02,0.25,-0.46,0.26
EHAM,KMSP,2,15,-11.49,13.95,-27.47,13.95,-0.01,0.27,-0.44,0.33
EHAM,KMSP,3,26,-1.37,102.63,-107.12,141.7,0.03,0.23,-0.48,0.3
EHAM,KMSP,4,16,-7.95,47.03,-41.1,80.88,0.0,0.14,-0.25,0.15
EHAM,KORD,0,29,-3.55,42.96,-53.66,90.34,-0.08,0.39,-0.35,0.44
EHAM,KORD,1,25,-2.64,70.0,-95.48,105.46,0.03,0.27,-0.32,0.36
EHAM,KORD,2,27,-2.31,36.47,-44.3,54.23,0.06,0.22,-0.21,0.44
EHAM,KSEA,0,31,-7.79,32.94,-53.15,44.7,-0.02,0.25,-0.36,0.41
EHAM,KSEA,1,27,-6.41,36.24,-53.44,47.49,-0.0,0.19,-0.23,0.25
EHAM,KSFO,0,38,-10.45,64.47,-82.42,118.58,-0.03,0.16,-0.26,0.16
EHAM,KSFO,1,22,-6.3,63.73,-84.72,104.7,0.0,0.18,-0.21,0.26
EHAM,LDZA,0,18,2.03,22.02,-12.73,40.8,-0.0,0.09,-0.12,0.17
EHAM,LDZA,1,72,1.19,7.64,-3.2,17.16,0.01,0.07,-0.1,0.15
EHAM,LEAL,0,163,-0.95,18.26,-13.39,21.22,0.05,0.12,-0.15,0.22
EHAM,LEBB,0,117,-6.01,17.45,-26.86,27.16,-0.04,0.11,-0.19,0.14
EHAM,LEBL,0,390,-4.51,17.55,-23.52,31.22,-0.02,0.1,-0.19,0.14
EHAM,LEIB,0,46,-33.3,17.89,-58.82,-6.58,-0.07,0.14,-0.32,0.11
EHAM,LEIB,1,57,-24.43,32.26,-60.7,37.96,-0.06,0.15,-0.26,0.14
EHAM,LEIB,2,29,-19.21,20.14,-45.82,8.68,-0.06,0.1,-0.25,0.07
EHAM,LEMD,0,266,-4.44,27.03,-36.9,53.18,0.03,0.13,-0.16,0.25
EHAM,LEMG,0,212,6.32,21.39,-10.94,41.35,0.07,0.15,-0.14,0.33
EHAM,LEPA,0,133,-6.42,24.77,-26.4,22.68,0.01,0.13,-0.17,0.17
EHAM,LEVC,0,143,-6.22,10.7,-17.95,9.04,-0.03,0.11,-0.25,0.14
EHAM,LFBD,0,60,2.86,12.39,-9.14,29.03,0.05,0.07,-0.06,0.15
EHAM,LFBD,1,23,2.84,16.17,-9.81,14.06,0.05,0.11,-0.04,0.26
EHAM,LFBO,0,107,-7.56,14.45,-20.42,13.84,-0.0,0.08,-0.11,0.11
EHAM,LFLL,0,116,-3.77,15.74,-24.02,18.95,-0.02,0.07,-0.12,0.1
EHAM,LFML,0,40,-1.78,9.63,-17.61,12.55,0.03,0.07,-0.1,0.12
EHAM,LFML,1,48,8.72,15.67,-12.17,31.9,0.13,0.08,0.01,0.25
EHAM,LFMN,0,77,3.46,14.81,-15.66,29.28,0.01,0.1,-0.18,0.14
EHAM,LFMN,1,103,-51.86,19.32,-77.94,-13.27,-0.22,0.08,-0.34,-0.09
EHAM,LFPG,0,343,-4.23,16.01,-26.78,18.55,0.04,0.07,-0.05,0.15
EHAM,LFRS,0,84,14.97,17.66,-7.14,45.51,0.02,0.08,-0.1,0.17
EHAM,LFSB,0,36,-13.36,9.81,-27.1,2.45,0.04,0.05,-0.03,0.14
EHAM,LFSB,1,24,-13.5,16.39,-27.58,10.76,-0.06,0.06,-0.15,0.04
EHAM,LFSB,2,67,-4.98,15.41,-28.21,17.67,-0.01,0.06,-0.11,0.08
EHAM,LFSB,3,32,-17.77,16.17,-40.32,5.77,0.01,0.06,-0.07,0.1
EHAM,LFSB,4,22,-33.7,16.11,-48.1,1.62,-0.1,0.06,-0.19,-0.01
EHAM,LGAV,0,47,-13.94,17.99,-36.67,6.95,-0.01,0.12,-0.2,0.18
EHAM,LGAV,1,57,4.33,42.1,-29.3,40.88,0.05,0.21,-0.1,0.22
EHAM,LGAV,2,29,-7.9,14.82,-29.86,15.9,-0.02,0.09,-0.13,0.14
EHAM,LGAV,3,25,-1.79,14.05,-18.7,20.74,0.02,0.1,-0.11,0.2
EHAM,LGIR,0,58,-5.02,24.38,-28.12,37.89,-0.02,0.13,-0.23,0.18
EHAM,LGZA,0,25,26.08,16.07,8.4,49.42,0.07,0.13,-0.12,0.28
EHAM,LGZA,1,31,23.93,15.46,2.8,47.85,0.07,0.11,-0.06,0.25
EHAM,LHBP,0,148,-14.93,13.84,-32.06,8.0,-0.02,0.06,-0.11,0.09
EHAM,LIMC,0,133,-42.3,23.8,-68.44,0.56,-0.2,0.1,-0.34,-0.0
EHAM,LIMC,1,67,-37.92,20.25,-61.1,-2.8,-0.18,0.11,-0.3,-0.05
EHAM,LIML,0,61,29.55,14.04,9.8,50.2,0.06,0.08,-0.04,0.18
EHAM,LIML,1,90,38.21,13.06,17.94,54.96,0.07,0.07,-0.02,0.18
EHAM,LIML,2,16,29.6,10.69,10.18,43.72,0.07,0.11,-0.04,0.19
EHAM,LIML,3,26,35.77,23.18,11.48,76.62,0.09,0.15,-0.03,0.26
EHAM,LIML,4,15,33.79,12.17,15.76,49.0,0.06,0.07,-0.05,0.16
EHAM,LIPE,0,66,1.25,9.72,-10.08,15.52,0.0,0.07,-0.11,0.11
EHAM,LIPE,1,27,0.43,17.13,-19.46,32.8,-0.02,0.08,-0.18,0.06
EHAM,LIPZ,0,86,-32.16,12.73,-47.98,-0.12,-0.17,0.08,-0.28,-0.04
EHAM,LIPZ,1,21,-21.7,18.99,-46.0,14.9,-0.16,0.07,-0.25,-0.06
EHAM,LIPZ,2,22,-25.43,15.94,-44.29,3.79,-0.13,0.06,-0.21,-0.01
EHAM,LIRF,0,15,-36.26,14.36,-48.95,-10.94,-0.14,0.05,-0.22,-0.08
EHAM,LIRF,1,119,-29.65,17.52,-50.41,3.06,-0.12,0.08,-0.29,0.03
EHAM,LIRF,2,59,-25.2,37.99,-56.61,8.15,-0.07,0.13,-0.19,0.08
EHAM,LIRN,0,75,-20.82,22.5,-48.36,11.98,-0.05,0.11,-0.21,0.14
EHAM,LIRP,0,20,3.81,11.61,-10.5,15.25,0.01,0.06,-0.08,0.08
EHAM,LIRP,1,30,11.95,9.27,-0.13,31.1,0.04,0.08,-0.12,0.15
EHAM,LIRQ,0,46,2.08,14.51,-9.6,25.9,0.01,0.12,-0.17,0.14
EHAM,LIRQ,1,103,16.82,11.9,-0.48,34.86,0.01,0.09,-0.12,0.15
EHAM,LKPR,0,137,-14.43,13.62,-31.44,7.76,-0.05,0.07,-0.13,0.07
EHAM,LKPR,1,20,-15.93,11.77,-30.86,3.13,-0.05,0.06,-0.12,0.07
EHAM,LKPR,2,30,-19.13,17.0,-33.17,-8.23,-0.05,0.05,-0.11,0.06
EHAM,LLBG,0,43,6.11,14.52,-12.93,36.08,0.01,0.12,-0.21,0.18
EHAM,LLBG,1,81,3.38,17.02,-13.8,29.6,0.01,0.19,-0.26,0.32
EHAM,LOWW,0,254,9.4,19.05,-15.8,46.49,0.04,0.08,-0.08,0.16
EHAM,LPFR,0,76,-1.38,13.97,-15.85,29.98,-0.01,0.12,-0.22,0.15
EHAM,LPPR,0,48,-1.23,12.86,-19.87,21.82,0.02,0.11,-0.14,0.19
EHAM,LPPR,1,42,-2.98,12.43,-18.39,18.2,0.02,0.12,-0.14,0.21
EHAM,LPPR,2,28,-4.51,13.54,-21.34,15.97,0.01,0.09,-0.15,0.15
EHAM,LPPT,0,224,-7.01,21.91,-38.24,25.57,0.02,0.12,-0.16,0.22
EHAM,LPPT,1,25,-5.56,16.93,-35.96,16.72,0.01,0.09,-0.1,0.17
EHAM,LPPT,2,46,-3.42,19.17,-23.78,34.78,0.07,0.13,-0.13,0.3
EHAM,LPPT,3,29,-5.16,18.09,-38.88,16.58,0.05,0.12,-0.13,0.2
EHAM,LROP,0,65,-38.93,13.64,-52.9,-16.68,-0.07,0.09,-0.23,0.1
EHAM,LROP,1,78,-39.59,11.52,-52.46,-15.58,-0.07,0.07,-0.18,0.04
EHAM,LSGG,0,23,-15.36,9.92,-33.98,-1.52,-0.01,0.06,-0.09,0.07
EHAM,LSGG,1,58,-14.44,10.97,-33.66,-0.94,0.02,0.06,-0.08,0.11
EHAM,LSGG,2,64,-36.67,12.12,-45.97,-7.24,-0.1,0.08,-0.19,0.06
EHAM,LSGG,3,48,-41.68,16.92,-63.34,-8.66,-0.12,0.08,-0.23,-0.01
EHAM,LSGG,4,23,-39.45,9.12,-47.49,-22.35,-0.09,0.07,-0.18,0.05
EHAM,LSGG,5,16,-3.88,20.94,-31.48,21.58,-0.0,0.09,-0.1,0.15
EHAM,LSZH,0,145,-18.84,10.52,-32.4,1.04,-0.04,0.09,-0.14,0.14
EHAM,LSZH,1,88,12.92,13.22,-0.63,33.52,0.08,0.08,-0.03,0.21
EHAM,LSZH,2,43,-1.93,12.43,-21.71,18.37,0.04,0.08,-0.07,0.17
EHAM,LTFJ,0,101,-9.93,20.13,-35.5,27.4,0.03,0.14,-0.15,0.28
EHAM,LTFJ,1,54,-7.88,38.06,-38.34,38.85,0.03,0.2,-0.2,0.29
EHAM,LTFM,0,147,-20.99,18.3,-39.97,10.43,-0.05,0.13,-0.21,0.14
EHAM,LTFM,1,18,-30.94,20.36,-51.55,6.62,-0.08,0.11,-0.2,0.11
EHAM,LYBE,0,46,0.87,13.68,-7.9,29.2,0.02,0.08,-0.1,0.15
EHAM,LYBE,1,39,-14.85,14.33,-27.63,11.56,-0.0,0.08,-0.12,0.13
EHAM,LYBE,2,16,1.52,26.34,-21.58,47.05,0.03,0.05,-0.05,0.09
EHAM,MMMX,0,24,-2.66,116.28,-101.79,198.53,0.01,0.16,-0.24,0.24
EHAM,MMMX,1,20,-11.64,46.01,-82.75,58.12,-0.0,0.3,-0.38,0.45
EHAM,MMMX,2,15,-11.98,41.54,-76.8,37.14,-0.02,0.22,-0.31,0.31
EHAM,OMAA,0,52,11.76,16.16,-6.54,42.26,0.06,0.11,-0.12,0.23
EHAM,OMDB,0,35,23.74,17.97,-3.87,52.89,0.23,0.14,0.05,0.54
EHAM,OMDB,1,55,23.11,17.1,-2.02,49.64,0.21,0.12,0.04,0.41
EHAM,OMDB,2,26,45.48,23.63,15.7,76.45,0.26,0.13,0.06,0.46
EHAM,OTHH,0,86,37.21,34.17,-5.3,84.42,0.16,0.14,-0.03,0.39
EHAM,RKSI,0,76,-2.63,19.93,-23.33,24.42,0.03,0.2,-0.25,0.39
EHAM,TNCC,0,23,-0.43,43.87,-40.5,89.99,0.03,0.2,-0.26,0.3
EHAM,TNCC,1,21,-6.93,54.06,-51.4,63.2,-0.03,0.28,-0.57,0.31
EHAM,TNCC,2,30,1.76,39.96,-33.66,93.14,-0.01,0.25,-0.41,0.39
EHAM,VHHH,0,21,-3.52,46.8,-49.7,89.0,-0.01,0.18,-0.31,0.19
EHAM,VHHH,1,29,-16.64,143.25,-87.76,40.08,-0.0,0.48,-0.41,0.46
EHAM,WSSS,0,29,-12.79,51.95,-56.38,82.8,0.06,0.16,-0.11,0.23
EHAM,WSSS,1,30,-7.28,53.02,-54.34,44.64,0.08,0.17,-0.12,0.31
EHAM,ZSPD,0,26,-3.76,17.64,-13.68,4.35,0.02,0.22,-0.3,0.36
EHAM,ZSPD,1,25,0.05,10.59,-11.48,14.66,-0.01,0.18,-0.24,0.29
EHAM,ZSPD,2,23,-5.0,391.51,-324.15,764.48,0.02,0.91,-0.78,1.86
EHAM,ZSPD,3,29,-22.44,158.2,-61.32,-27.02,-0.01,0.43,-0.46,0.35
EHAM,ZSPD,4,27,-18.07,17.65,-37.99,17.42,0.04,0.2,-0.22,0.32
EHEH,EGSS,0,90,5.8,9.64,-3.0,25.2,0.07,0.05,-0.0,0.16
EHEH,LBSF,0,24,-59.92,16.95,-74.28,-36.01,-0.12,0.11,-0.22,0.04
EHEH,LBSF,1,26,-57.33,9.8,-67.7,-39.5,-0.1,0.08,-0.23,-0.0
EHEH,LEAL,0,83,-9.29,16.17,-21.58,5.83,0.04,0.12,-0.16,0.21
EHEH,LEBL,0,54,-13.05,17.88,-35.72,22.74,-0.05,0.11,-0.29,0.09
EHEH,LEIB,0,83,-24.44,22.27,-57.92,10.44,-0.08,0.11,-0.31,0.07
EHEH,LEMG,0,95,-5.36,26.48,-26.26,39.56,0.06,0.15,-0.17,0.33
EHEH,LEPA,0,20,-20.84,13.35,-38.7,-7.34,-0.02,0.12,-0.26,0.1
EHEH,LEPA,1,41,-10.96,21.68,-36.1,23.0,0.01,0.14,-0.2,0.17
EHEH,LEVC,0,71,-14.71,24.91,-32.55,12.15,-0.02,0.12,-0.2,0.2
EHEH,LIRF,0,31,-55.45,15.11,-71.05,-35.0,-0.17,0.07,-0.3,-0.1
EHEH,LIRF,1,28,-32.46,24.45,-58.56,12.08,-0.09,0.09,-0.23,0.05
EHEH,LPFR,0,73,-8.71,15.39,-24.58,8.76,-0.01,0.12,-0.21,0.17
EHRD,EGLC,0,100,4.04,6.91,-2.4,15.43,0.06,0.12,-0.01,0.16
EHRD,LEAL,0,51,-5.07,8.29,-16.15,11.6,0.03,0.1,-0.14,0.17
EHRD,LEIB,0,27,-34.95,20.0,-65.83,-6.04,-0.11,0.11,-0.33,-0.0
EHRD,LEIB,1,29,-36.12,18.78,-59.04,-0.86,-0.13,0.12,-0.34,0.03
EHRD,LEMG,0,59,2.64,26.84,-15.71,46.67,0.07,0.16,-0.13,0.36
EICK,EGCC,0,25,20.66,8.2,5.86,31.16,0.07,0.04,-0.01,0.12
EICK,EGCC,1,19,13.44,10.08,-2.02,26.62,0.04,0.06,-0.03,0.13
EICK,EGCC,2,16,18.99,7.52,10.48,29.5,0.1,0.06,0.0,0.18
EICK,EGLL,0,75,20.74,11.22,-0.04,37.92,0.1,0.1,-0.04,0.28
EICK,EGLL,1,38,16.49,11.32,-0.26,31.05,0.07,0.08,-0.0,0.2
EICK,EGSS,0,85,2.03,11.17,-17.28,19.78,0.06,0.06,-0.04,0.17
EICK,EHAM,0,75,12.62,9.4,2.87,30.43,0.08,0.08,-0.03,0.23
EICK,EHAM,1,19,10.65,5.4,0.66,16.7,0.06,0.07,-0.04,0.16
EICK,LEMG,0,27,-5.41,31.08,-25.11,29.56,0.07,0.19,-0.15,0.46
EICK,LEMG,1,24,-16.36,16.51,-36.7,6.9,-0.0,0.1,-0.12,0.15
EICK,LPFR,0,17,-0.53,5.65,-7.18,8.26,0.05,0.13,-0.13,0.21
EICK,LPFR,1,18,-0.73,8.72,-10.0,9.15,0.0,0.12,-0.14,0.2
EICK,LPFR,2,15,-3.01,8.87,-14.44,14.12,0.04,0.13,-0.23,0.15
EIDL,EIDW,0,58,-28.71,13.0,-46.46,-9.95,-0.05,0.08,-0.12,0.04
EIDW,BIKF,0,54,-0.14,17.12,-24.4,30.95,0.03,0.09,-0.09,0.19
EIDW,CYYZ,0,29,-3.3,69.17,-86.44,115.02,0.03,0.33,-0.47,0.56
EIDW,CYYZ,1,33,-1.63,19.91,-25.3,30.96,0.03,0.36,-0.42,0.7
EIDW,CYYZ,2,26,-6.43,77.6,-76.62,163.88,0.03,0.48,-0.58,0.92
EIDW,CYYZ,3,15,-3.58,44.75,-40.88,65.64,0.02,0.27,-0.35,0.38
EIDW,EBBR,0,90,16.18,13.73,-13.96,34.06,0.08,0.07,-0.02,0.19
EIDW,EBBR,1,51,14.3,14.46,-10.4,34.6,0.06,0.07,-0.03,0.15
EIDW,EDDB,0,112,11.85,14.07,-12.8,32.46,0.07,0.07,-0.04,0.19
EIDW,EDDF,0,161,-38.83,13.98,-56.6,-16.8,-0.13,0.09,-0.26,0.01
EIDW,EDDF,1,19,-54.26,29.75,-101.75,-19.01,-0.15,0.08,-0.22,-0.04
EIDW,EDDH,0,59,-38.85,15.79,-64.78,-10.47,-0.12,0.07,-0.23,-0.02
EIDW,EDDL,0,75,-14.59,7.02,-27.76,-4.25,0.01,0.06,-0.1,0.09
EIDW,EDDM,0,106,4.0,17.15,-19.2,31.38,-0.06,0.07,-0.17,0.06
EIDW,EGBB,0,68,8.73,10.71,-6.03,21.96,0.07,0.05,-0.01,0.14
EIDW,EGBB,1,20,9.16,13.77,-5.2,27.12,0.08,0.06,-0.01,0.14
EIDW,EGBB,2,23,8.68,12.42,-1.5,34.52,0.06,0.06,-0.01,0.15
EIDW,EGBB,3,21,4.31,8.94,-0.7,20.3,0.04,0.05,-0.03,0.13
EIDW,EGBB,4,17,4.9,10.08,-6.36,22.0,0.05,0.05,-0.03,0.1
EIDW,EGBB,5,95,14.94,11.1,0.5,33.93,0.12,0.07,-0.0,0.22
EIDW,EGBB,6,26,7.3,11.56,-13.8,25.12,0.02,0.03,-0.03,0.07
EIDW,EGCC,0,312,19.46,10.25,-2.36,31.6,0.1,0.1,-0.02,0.26
EIDW,EGCC,1,28,10.97,11.69,-10.68,25.76,0.04,0.05,-0.03,0.1
EIDW,EGGD,0,82,7.38,13.88,-13.06,27.42,0.04,0.06,-0.05,0.13
EIDW,EGGD,1,93,5.88,14.28,-18.08,29.32,0.05,0.07,-0.03,0.14
EIDW,EGGP,0,203,10.23,9.64,-5.19,23.8,0.05,0.07,-0.04,0.17
EIDW,EGGW,0,106,-29.32,14.2,-49.95,-5.08,-0.06,0.09,-0.15,0.07
EIDW,EGHI,0,56,-0.82,12.72,-20.78,23.08,0.01,0.11,-0.13,0.17
EIDW,EGKK,0,326,9.82,13.99,-18.98,27.52,0.15,0.14,-0.04,0.4
EIDW,EGLC,0,26,-19.53,18.65,-54.92,-2.45,0.02,0.09,-0.14,0.17
EIDW,EGLC,1,103,-23.87,24.58,-61.49,-2.13,-0.02,0.11,-0.15,0.1
EIDW,EGLL,0,149,11.43,10.94,-6.0,30.16,0.06,0.09,-0.06,0.23
EIDW,EGLL,1,336,20.37,13.09,3.48,45.28,0.14,0.12,-0.02,0.34
EIDW,EGLL,2,15,14.64,10.33,2.19,32.04,0.12,0.09,0.01,0.26
EIDW,EGNM,0,28,12.24,9.43,0.67,26.9,0.03,0.04,-0.03,0.08
EIDW,EGNM,1,57,15.2,9.01,3.52,29.66,0.03,0.06,-0.04,0.13
EIDW,EGNM,2,59,22.37,10.83,5.68,39.21,0.12,0.12,0.04,0.16
EIDW,EGNT,0,27,5.56,8.81,-6.37,18.37,0.01,0.05,-0.07,0.07
EIDW,EGNT,1,37,3.66,10.01,-12.8,18.2,-0.01,0.05,-0.08,0.07
EIDW,EGNT,2,31,-6.05,22.92,-28.35,9.15,0.01,0.15,-0.07,0.11
EIDW,EGNX,0,28,-0.37,12.36,-19.78,17.98,0.17,0.17,0.0,0.41
EIDW,EGNX,1,22,-1.59,13.95,-20.6,16.29,0.05,0.05,-0.01,0.13
EIDW,EGNX,2,53,-1.28,10.71,-25.94,8.8,0.03,0.05,-0.06,0.1
EIDW,EGPD,0,40,5.3,4.45,-0.11,9.85,0.01,0.05,-0.08,0.09
EIDW,EGPD,1,20,10.74,3.88,6.4,16.64,0.03,0.12,-0.08,0.23
EIDW,EGPF,0,185,-3.69,11.08,-20.18,10.6,-0.08,0.1,-0.25,0.05
EIDW,EGPF,1,32,-8.06,9.23,-22.1,1.97,-0.1,0.05,-0.17,-0.03
EIDW,EGPH,0,160,5.36,9.45,-12.83,16.21,0.02,0.12,-0.15,0.2
EIDW,EGPH,1,18,1.58,10.55,-20.66,11.63,0.01,0.08,-0.09,0.08
EIDW,EGPH,2,95,4.85,14.61,-16.49,16.82,0.03,0.13,-0.17,0.19
EIDW,EGPH,3,22,2.29,12.11,-19.4,16.43,0.01,0.05,-0.08,0.1
EIDW,EGSS,0,150,-7.93,10.13,-23.71,10.42,0.01,0.07,-0.08,0.1
EIDW,EGSS,1,112,-5.41,16.87,-27.34,17.3,0.03,0.07,-0.08,0.14
EIDW,EHAM,0,226,8.81,8.04,-0.8,21.55,0.09,0.06,-0.0,0.17
EIDW,EHAM,1,171,7.92,11.0,-3.35,19.4,0.07,0.06,-0.02,0.17
EIDW,EIDL,0,58,9.93,4.45,3.88,18.83,0.09,0.11,0.04,0.13
EIDW,EIKY,0,59,-2.64,10.71,-11.41,19.55,0.02,0.06,-0.05,0.12
EIDW,EKCH,0,46,-11.81,9.89,-28.35,1.52,-0.07,0.07,-0.19,0.05
EIDW,EKCH,1,45,-16.66,11.9,-34.28,0.86,-0.09,0.06,-0.19,0.0
EIDW,ESSA,0,41,-1.77,9.46,-17.3,11.0,0.0,0.09,-0.11,0.15
EIDW,ESSA,1,19,3.19,13.26,-13.15,28.96,0.03,0.09,-0.11,0.16
EIDW,GCRR,0,19,-15.74,9.5,-28.37,0.23,-0.03,0.19,-0.25,0.26
EIDW,GCRR,1,80,-19.72,6.98,-31.44,-7.21,-0.03,0.21,-0.36,0.24
EIDW,GCRR,2,11,-32.55,17.77,-47.4,-0.8,-0.06,0.23,-0.4,0.25
EIDW,GCTS,0,18,-20.67,10.81,-35.73,-6.34,-0.08,0.21,-0.37,0.24
EIDW,GCTS,1,47,-25.86,14.34,-47.15,-5.64,-0.06,0.22,-0.49,0.19
EIDW,KBOS,0,44,-4.95,50.59,-70.5,45.04,0.03,0.18,-0.24,0.3
EIDW,KBOS,1,22,-6.85,24.23,-30.58,20.15,-0.0,0.21,-0.27,0.39
EIDW,KBOS,2,23,-7.75,49.98,-55.94,103.89,0.05,0.25,-0.26,0.51
EIDW,KEWR,0,14,-6.56,21.56,-34.46,27.79,0.11,0.25,-0.17,0.57
EIDW,KEWR,1,30,-7.62,73.9,-90.58,148.2,-0.01,0.26,-0.32,0.45
EIDW,KEWR,2,29,-5.86,43.25,-44.16,75.66,0.16,0.27,-0.22,0.55
EIDW,KEWR,3,15,-4.25,60.44,-64.33,125.96,0.18,0.26,-0.22,0.49
EIDW,KIAD,0,37,-10.65,85.91,-63.06,72.56,0.0,0.32,-0.43,0.56
EIDW,KIAD,1,42,-9.68,42.67,-72.2,47.66,-0.0,0.39,-0.63,0.62
EIDW,KIAD,2,23,-5.49,125.15,-92.95,144.07,0.03,0.35,-0.48,0.57
EIDW,KIAD,3,16,2.69,38.63,-21.78,54.55,0.05,0.32,-0.35,0.65
EIDW,KJFK,0,31,-6.6,44.35,-51.4,105.6,0.12,0.25,-0.2,0.48
EIDW,KJFK,1,28,-6.1,43.47,-64.49,48.31,0.02,0.24,-0.31,0.37
EIDW,KJFK,2,16,-4.91,55.48,-63.28,59.6,0.06,0.23,-0.33,0.36
EIDW,KJFK,3,15,-14.77,16.94,-35.9,10.33,0.05,0.24,-0.15,0.48
EIDW,KORD,0,16,-3.28,56.2,-66.65,111.98,0.03,0.31,-0.5,0.5
EIDW,KORD,1,32,-3.36,21.02,-23.4,33.64,0.0,0.27,-0.36,0.27
EIDW,KORD,2,28,-2.48,71.74,-56.75,123.57,0.01,0.27,-0.34,0.47
EIDW,KORD,3,31,-4.47,71.28,-81.3,141.65,-0.01,0.34,-0.61,0.51
EIDW,KORD,4,34,-2.86,27.99,-42.54,37.71,-0.02,0.33,-0.43,0.48
EIDW,KPHL,0,58,-3.14,55.56,-57.15,65.53,0.01,0.36,-0.48,0.63
EIDW,LEAL,0,29,-14.66,22.69,-36.32,24.26,0.06,0.14,-0.13,0.23
EIDW,LEAL,1,19,1.29,10.56,-10.48,20.6,0.05,0.16,-0.23,0.23
EIDW,LEAL,2,49,-6.89,19.4,-24.1,39.58,0.02,0.13,-0.2,0.21
EIDW,LEBL,0,8,-4.1,13.75,-19.03,15.86,0.07,0.24,-0.24,0.4
EIDW,LEBL,1,119,-13.98,14.69,-33.72,15.77,-0.08,0.13,-0.31,0.11
EIDW,LEBL,2,21,-7.51,8.79,-18.3,5.1,-0.12,0.1,-0.25,-0.0
EIDW,LEMD,0,130,-10.83,22.33,-51.58,24.74,0.03,0.14,-0.21,0.23
EIDW,LEMG,0,224,-3.82,20.5,-21.07,37.71,0.06,0.15,-0.22,0.29
EIDW,LEPA,0,64,-7.8,10.52,-22.5,11.89,-0.03,0.14,-0.28,0.18
EIDW,LEPA,1,27,-14.24,16.62,-32.06,9.56,0.05,0.11,-0.09,0.19
EIDW,LERS,0,40,-3.5,17.63,-20.82,11.77,0.0,0.13,-0.21,0.22
EIDW,LERS,1,26,-6.49,10.26,-16.4,16.32,-0.02,0.15,-0.18,0.24
EIDW,LFBD,0,55,-8.65,22.19,-28.73,10.35,-0.03,0.1,-0.2,0.07
EIDW,LFMN,0,29,6.02,12.48,-9.48,28.78,0.09,0.11,-0.1,0.21
EIDW,LFMN,1,37,6.57,24.81,-21.86,41.7,0.03,0.23,-0.17,0.16
EIDW,LFOB,0,80,-7.98,15.13,-29.71,18.09,-0.01,0.12,-0.12,0.1
EIDW,LFPG,0,161,-8.58,21.64,-39.3,27.4,-0.01,0.07,-0.11,0.12
EIDW,LFPG,1,74,-2.08,20.67,-30.6,27.58,0.0,0.08,-0.12,0.15
EIDW,LFPO,0,19,-34.86,28.44,-68.47,16.65,-0.07,0.1,-0.18,0.08
EIDW,LFPO,1,33,-41.5,19.04,-74.64,-16.88,-0.09,0.08,-0.21,0.0
EIDW,LFRS,0,63,10.94,9.72,-2.97,22.92,0.04,0.07,-0.08,0.15
EIDW,LIME,0,33,-44.65,32.19,-75.02,11.52,-0.07,0.12,-0.27,0.1
EIDW,LIME,1,31,-48.3,32.83,-83.6,22.7,-0.12,0.13,-0.33,0.03
EIDW,LIPZ,0,37,-28.87,19.42,-54.02,9.56,-0.15,0.11,-0.35,-0.0
EIDW,LIPZ,1,28,-50.32,21.77,-87.92,-19.34,-0.2,0.1,-0.37,-0.07
EIDW,LIRF,0,45,-44.24,20.36,-69.5,-8.4,-0.12,0.15,-0.37,0.1
EIDW,LIRF,1,68,-54.6,23.09,-85.39,-8.45,-0.16,0.12,-0.37,0.03
EIDW,LIRN,0,17,-0.18,96.49,-49.66,106.78,0.07,0.51,-0.22,0.55
EIDW,LIRN,1,25,-33.02,32.0,-80.18,8.2,-0.13,0.12,-0.38,-0.0
EIDW,LIRN,2,18,-29.19,24.28,-65.63,4.43,-0.05,0.13,-0.27,0.13
EIDW,LOWW,0,51,9.63,25.21,-17.3,56.75,0.06,0.09,-0.09,0.21
EIDW,LPFR,0,158,-10.26,12.6,-19.72,0.9,0.0,0.14,-0.23,0.19
EIDW,LPFR,1,64,-1.12,17.86,-14.78,25.69,0.01,0.15,-0.24,0.23
EIDW,LPPT,0,107,-12.65,20.7,-44.77,17.25,0.09,0.17,-0.18,0.37
EIDW,LPPT,1,65,-4.99,23.26,-36.18,29.76,0.1,0.12,-0.08,0.28
EIDW,LSZH,0,20,-28.54,14.8,-49.34,-6.08,-0.1,0.1,-0.28,0.04
EIDW,LSZH,1,52,-1.36,18.24,-26.37,31.0,0.01,0.1,-0.15,0.16
EIDW,LSZH,2,19,-5.58,16.64,-28.1,17.34,-0.02,0.1,-0.16,0.13
EIDW,LSZH,3,21,1.96,13.18,-11.2,28.6,0.01,0.09,-0.13,0.13
EIDW,LTFM,0,77,-19.97,17.01,-43.06,4.12,-0.03,0.12,-0.22,0.16
EIDW,OMDB,0,41,21.33,21.35,-5.9,53.3,0.23,0.14,0.0,0.4
EIDW,OMDB,1,19,3.29,7.3,-6.25,13.45,0.06,0.09,-0.06,0.18
EIDW,OTHH,0,60,39.67,21.31,5.94,73.16,0.16,0.11,-0.0,0.33
EIKY,EIDW,0,59,-17.71,17.29,-50.03,9.33,-0.14,0.09,-0.27,0.02
EINN,EGLL,0,84,17.35,13.18,-7.3,42.68,0.09,0.11,-0.05,0.25
EINN,EGSS,0,73,-0.86,11.74,-17.92,20.02,0.07,0.08,-0.03,0.21
EKAH,EKCH,0,105,-14.91,8.63,-25.5,-1.58,-0.09,0.05,-0.15,-0.01
EKAH,EKCH,1,25,-14.74,5.65,-21.4,-5.0,-0.07,0.05,-0.14,0.03
EKBI,EDDF,0,98,-44.27,26.96,-78.04,-11.24,-0.17,0.08,-0.3,-0.04
EKBI,EDDM,0,60,-18.77,10.03,-32.26,-0.04,-0.07,0.08,-0.19,0.05
EKBI,EGSS,0,27,6.19,10.31,-6.36,19.76,0.13,0.06,0.04,0.24
EKBI,EGSS,1,58,8.54,10.59,-2.22,25.38,0.11,0.07,0.0,0.19
EKBI,EHAM,0,140,5.48,6.99,-5.2,19.61,0.05,0.07,-0.03,0.15
EKBI,ENGM,0,104,-23.2,14.57,-47.84,-4.23,-0.04,0.05,-0.12,0.04
EKBI,ESSA,0,56,4.17,14.6,-15.92,25.7,0.09,0.09,-0.01,0.2
EKBI,LFPG,0,92,-5.51,14.73,-27.24,12.59,0.08,0.09,-0.05,0.26
EKCH,BIKF,0,155,1.79,7.58,-6.62,16.49,0.06,0.15,-0.16,0.32
EKCH,EBBR,0,64,0.39,10.89,-14.48,19.2,0.0,0.07,-0.11,0.11
EKCH,EBBR,1,82,-0.78,13.52,-16.38,20.32,0.01,0.07,-0.1,0.13
EKCH,EBBR,2,19,-1.63,12.52,-16.91,15.61,-0.03,0.06,-0.1,0.04
EKCH,EBBR,3,38,-6.29,12.88,-19.82,19.68,-0.06,0.06,-0.15,0.05
EKCH,EDDB,0,142,3.59,11.02,-7.3,27.0,0.03,0.06,-0.06,0.13
EKCH,EDDB,1,23,9.42,9.49,-5.17,23.74,0.08,0.04,0.03,0.14
EKCH,EDDB,2,17,-26.27,38.49,-54.08,55.5,-0.1,0.1,-0.23,0.07
EKCH,EDDF,0,189,-35.71,26.68,-70.06,0.42,-0.15,0.07,-0.27,-0.03
EKCH,EDDH,0,18,-49.73,26.83,-83.16,-3.27,-0.18,0.14,-0.41,-0.03
EKCH,EDDH,1,116,-53.46,14.35,-65.5,-17.23,-0.19,0.1,-0.39,-0.06
EKCH,EDDL,0,147,1.18,11.95,-10.8,24.97,0.06,0.06,-0.02,0.16
EKCH,EDDM,0,78,-7.15,13.91,-28.12,16.73,-0.06,0.08,-0.24,0.07
EKCH,EDDM,1,55,-21.37,13.66,-38.1,3.28,-0.03,0.07,-0.13,0.09
EKCH,EDDM,2,32,-22.38,8.63,-32.1,-10.03,-0.1,0.07,-0.22,0.0
EKCH,EDDM,3,22,-24.88,9.95,-35.24,-6.68,-0.08,0.07,-0.19,0.01
EKCH,EDDM,4,20,-36.28,12.98,-54.86,-11.87,-0.08,0.06,-0.17,-0.01
EKCH,EDDP,0,56,-76.97,15.41,-95.55,-48.02,-0.22,0.07,-0.3,-0.08
EKCH,EFHK,0,97,-21.39,9.8,-37.04,-2.8,0.01,0.06,-0.1,0.11
EKCH,EFHK,1,75,-23.69,10.36,-42.29,-9.51,-0.01,0.07,-0.11,0.09
EKCH,EFHK,2,40,1.0,8.97,-21.82,11.6,0.01,0.05,-0.08,0.09
EKCH,EFHK,3,36,-21.55,9.19,-33.12,-7.4,-0.04,0.06,-0.11,0.05
EKCH,EGCC,0,54,-22.34,18.43,-43.91,8.85,0.0,0.1,-0.16,0.16
EKCH,EGCC,1,31,-18.23,8.68,-30.25,-2.55,-0.02,0.09,-0.16,0.11
EKCH,EGCC,2,30,-19.8,22.36,-53.96,13.23,0.0,0.08,-0.11,0.16
EKCH,EGCC,3,29,-19.73,15.08,-47.44,2.48,-0.0,0.08,-0.12,0.12
EKCH,EGKK,0,190,7.33,12.63,-9.5,29.38,0.19,0.13,-0.01,0.39
EKCH,EGLL,0,273,6.66,12.87,-4.6,30.12,0.19,0.13,0.02,0.43
EKCH,EGPH,0,56,7.64,14.65,-21.55,30.95,0.08,0.1,-0.03,0.26
EKCH,EGPH,1,15,0.97,16.17,-25.41,12.7,0.06,0.07,-0.07,0.16
EKCH,EGSS,0,52,2.24,12.2,-9.94,25.48,0.09,0.07,-0.03,0.19
EKCH,EGSS,1,38,4.77,22.26,-11.43,26.63,0.14,0.13,0.02,0.21
EKCH,EHAM,0,361,8.06,9.5,-2.1,28.9,0.08,0.06,-0.02,0.18
EKCH,EHAM,1,59,7.26,8.8,-1.91,23.01,0.08,0.06,0.01,0.2
EKCH,EIDW,0,34,-14.13,15.86,-31.24,10.74,-0.0,0.11,-0.15,0.17
EKCH,EIDW,1,36,-15.82,17.49,-35.5,18.62,-0.04,0.1,-0.2,0.14
EKCH,EIDW,2,19,-15.46,16.53,-37.02,3.44,0.0,0.13,-0.13,0.17
EKCH,EKAH,0,127,-9.96,5.98,-15.27,3.47,-0.01,0.06,-0.08,0.08
EKCH,EKRN,0,158,-7.43,7.16,-11.0,11.03,0.01,0.05,-0.02,0.09
EKCH,EKRN,1,27,-26.24,1.03,-27.69,-24.39,-0.06,0.03,-0.09,-0.02
EKCH,EKSB,0,92,-6.72,2.3,-8.3,-2.29,-0.03,0.04,-0.08,0.02
EKCH,EKSB,1,16,-23.48,4.41,-30.48,-17.32,-0.09,0.03,-0.13,-0.05
EKCH,EKVG,0,95,1.69,11.82,-4.9,10.44,0.06,0.14,-0.11,0.27
EKCH,EKYT,0,440,1.54,8.37,-4.9,12.5,-0.0,0.08,-0.07,0.16
EKCH,ENBR,0,18,-2.5,161.04,-50.39,78.52,0.05,0.62,-0.21,0.42
EKCH,ENBR,1,153,-21.56,10.62,-40.3,-5.72,-0.02,0.06,-0.12,0.08
EKCH,ENGM,0,557,-15.75,21.5,-43.0,7.28,-0.02,0.14,-0.12,0.09
EKCH,ENVA,0,53,-0.05,5.01,-9.1,5.74,0.0,0.07,-0.1,0.13
EKCH,ENVA,1,16,-6.52,5.53,-14.0,1.38,0.01,0.07,-0.07,0.14
EKCH,ENZV,0,92,-4.2,7.27,-19.44,3.79,-0.01,0.05,-0.08,0.08
EKCH,ENZV,1,76,-5.13,8.5,-20.2,4.95,0.01,0.04,-0.06,0.08
EKCH,EPGD,0,102,-32.28,17.02,-56.36,-4.76,-0.09,0.04,-0.14,-0.01
EKCH,EPWA,0,128,-35.27,19.68,-61.1,-7.97,-0.05,0.05,-0.12,0.06
EKCH,EPWA,1,27,-60.61,19.82,-75.65,-24.34,-0.11,0.06,-0.19,-0.02
EKCH,ESGG,0,108,-11.11,10.97,-37.83,-0.6,-0.05,0.1,-0.17,0.1
EKCH,ESSA,0,393,-14.24,9.92,-27.84,3.62,-0.03,0.06,-0.1,0.07
EKCH,ESSA,1,28,-18.24,18.13,-46.5,13.56,0.03,0.14,-0.1,0.3
EKCH,ESSA,2,77,4.4,19.59,-11.06,29.46,0.03,0.11,-0.07,0.12
EKCH,EVRA,0,78,-8.46,7.51,-21.0,5.58,-0.01,0.05,-0.07,0.08
EKCH,EVRA,1,16,-29.88,4.6,-36.9,-24.02,-0.05,0.03,-0.1,-0.01
EKCH,EVRA,2,24,-8.83,12.87,-23.37,9.57,0.03,0.07,-0.05,0.13
EKCH,EYPA,0,54,-27.05,10.38,-42.32,-10.31,-0.03,0.04,-0.09,0.03
EKCH,EYVI,0,61,-20.8,8.4,-33.4,-2.6,-0.02,0.04,-0.06,0.04
EKCH,KJFK,0,38,-10.04,64.46,-76.36,116.14,-0.05,0.2,-0.37,0.21
EKCH,KJFK,1,22,-7.53,86.88,-82.92,143.83,-0.11,0.26,-0.47,0.3
EKCH,LEAL,0,35,-5.09,8.75,-15.29,9.18,0.04,0.14,-0.17,0.26
EKCH,LEAL,1,30,-3.34,12.31,-18.05,12.44,0.06,0.11,-0.13,0.24
EKCH,LEAL,2,19,-1.4,17.05,-22.04,24.32,0.06,0.14,-0.1,0.24
EKCH,LEBL,0,53,-6.04,24.98,-34.38,43.78,-0.05,0.16,-0.27,0.24
EKCH,LEBL,1,48,-3.31,21.97,-33.51,35.92,-0.04,0.13,-0.23,0.16
EKCH,LEBL,2,29,-7.12,13.2,-23.78,14.54,-0.04,0.11,-0.19,0.12
EKCH,LEBL,3,15,-13.14,19.56,-36.11,20.52,-0.04,0.12,-0.22,0.13
EKCH,LEMD,0,39,0.05,21.17,-22.92,42.84,0.04,0.16,-0.19,0.31
EKCH,LEMD,1,27,-0.43,17.99,-27.63,19.82,0.03,0.15,-0.19,0.29
EKCH,LEMG,0,68,-3.45,15.33,-18.06,26.49,0.06,0.14,-0.16,0.29
EKCH,LEMG,1,16,-17.19,22.18,-43.7,15.85,-0.02,0.16,-0.22,0.24
EKCH,LEMG,2,42,-1.39,22.29,-18.46,22.54,0.05,0.17,-0.25,0.3
EKCH,LEMG,3,25,-1.92,15.28,-16.56,29.7,0.06,0.14,-0.12,0.25
EKCH,LEPA,0,48,-14.47,15.99,-35.97,10.42,-0.02,0.14,-0.18,0.2
EKCH,LEPA,1,19,-15.18,13.28,-32.3,5.03,0.02,0.16,-0.19,0.28
EKCH,LEPA,2,20,-8.81,17.13,-29.5,21.83,-0.02,0.18,-0.2,0.26
EKCH,LEPA,3,17,-10.31,24.53,-42.94,19.54,-0.01,0.14,-0.21,0.2
EKCH,LEPA,4,16,-20.38,17.4,-44.0,0.77,-0.06,0.1,-0.18,0.11
EKCH,LFMN,0,105,-46.38,21.01,-71.84,1.06,-0.16,0.11,-0.33,0.05
EKCH,LFPG,0,43,2.86,14.48,-18.36,24.39,0.02,0.06,-0.07,0.12
EKCH,LFPG,1,38,-9.96,9.79,-21.03,3.14,0.0,0.07,-0.1,0.11
EKCH,LFPG,2,24,-13.4,22.84,-39.66,19.77,0.01,0.14,-0.13,0.08
EKCH,LFPG,3,63,-4.19,9.09,-15.06,7.98,0.01,0.08,-0.1,0.12
EKCH,LFPG,4,19,1.36,11.41,-11.96,24.2,0.02,0.06,-0.08,0.12
EKCH,LFPG,5,45,-7.66,9.07,-28.86,5.66,0.01,0.08,-0.12,0.12
EKCH,LFPG,6,90,-7.57,11.27,-21.38,13.89,0.03,0.08,-0.08,0.18
EKCH,LGAV,0,85,-10.72,19.72,-36.76,24.58,0.02,0.12,-0.16,0.21
EKCH,LHBP,0,51,-24.3,13.99,-42.05,-2.75,-0.0,0.07,-0.08,0.1
EKCH,LIMC,0,16,-35.24,21.53,-62.0,-6.18,-0.19,0.09,-0.29,-0.06
EKCH,LIMC,1,64,-41.9,21.42,-65.01,-4.78,-0.19,0.1,-0.34,0.02
EKCH,LIMC,2,33,-39.32,26.08,-72.02,-0.72,-0.13,0.18,-0.38,0.09
EKCH,LIMC,3,27,-36.5,25.76,-66.25,3.64,-0.17,0.12,-0.36,0.03
EKCH,LIME,0,53,-55.26,20.2,-83.64,-21.26,-0.13,0.11,-0.27,0.05
EKCH,LIPE,0,39,-11.48,15.01,-33.37,15.67,-0.01,0.1,-0.15,0.14
EKCH,LIPE,1,34,-16.05,15.47,-32.37,10.81,-0.04,0.12,-0.2,0.18
EKCH,LIRF,0,52,-39.25,25.87,-66.82,12.2,-0.16,0.11,-0.34,0.03
EKCH,LIRF,1,26,-37.18,15.71,-59.4,-10.3,-0.12,0.13,-0.3,0.09
EKCH,LIRF,2,31,-28.11,22.79,-62.65,7.3,-0.11,0.08,-0.23,0.01
EKCH,LKPR,0,114,-13.32,15.18,-29.24,11.81,-0.05,0.06,-0.13,0.05
EKCH,LOWW,0,89,-12.13,13.72,-27.38,10.36,0.01,0.06,-0.08,0.11
EKCH,LOWW,1,29,-19.29,13.11,-34.42,6.76,0.01,0.05,-0.05,0.1
EKCH,LOWW,2,50,3.66,15.29,-17.27,27.26,0.07,0.1,-0.05,0.27
EKCH,LPPT,0,64,-4.31,33.27,-47.52,64.71,0.08,0.16,-0.12,0.31
EKCH,LSGG,0,38,-11.87,12.71,-38.4,6.2,0.05,0.06,-0.05,0.15
EKCH,LSGG,1,48,-1.56,7.78,-9.7,13.37,0.04,0.07,-0.06,0.16
EKCH,LSZH,0,161,-15.32,10.98,-28.8,6.4,-0.04,0.1,-0.17,0.13
EKCH,LTAI,0,55,-6.53,19.65,-37.11,26.98,0.09,0.15,-0.1,0.35
EKCH,LTFJ,0,65,-16.4,29.24,-47.06,37.34,-0.0,0.18,-0.2,0.35
EKCH,LTFM,0,105,-16.81,25.37,-41.4,31.02,0.02,0.16,-0.17,0.22
EKRN,EKCH,0,155,-13.92,6.08,-21.99,0.9,-0.11,0.05,-0.17,-0.04
EKRN,EKCH,1,31,-12.5,8.33,-28.0,0.6,-0.08,0.04,-0.15,-0.02
EKSB,EKCH,0,86,-17.03,7.55,-28.32,-8.12,-0.15,0.04,-0.2,-0.08
EKSB,EKCH,1,22,-22.65,9.03,-29.7,-3.32,-0.14,0.02,-0.17,-0.11
EKVG,EKCH,0,94,-18.64,8.54,-29.58,-5.76,-0.11,0.09,-0.26,0.03
EKYT,EHAM,0,118,3.11,7.16,-7.0,16.13,0.11,0.06,0.02,0.22
EKYT,EKCH,0,341,-12.9,10.42,-25.0,0.7,-0.1,0.07,-0.18,0.03
EKYT,EKCH,1,73,-9.35,8.56,-19.56,7.38,-0.07,0.07,-0.14,0.06
EKYT,EKCH,2,24,-14.11,8.84,-23.33,-0.09,-0.1,0.04,-0.15,-0.01
ELLX,EDDB,0,48,-30.81,17.43,-55.9,-8.01,-0.14,0.05,-0.22,-0.07
ELLX,EDDB,1,15,7.77,10.84,-10.28,20.76,0.03,0.12,-0.08,0.3
ELLX,EDDF,0,130,-82.18,25.34,-113.86,-42.21,-0.3,0.09,-0.41,-0.18
ELLX,EDDM,0,66,-29.94,23.22,-57.8,12.05,-0.22,0.06,-0.29,-0.12
ELLX,EDDM,1,53,-34.45,17.71,-53.74,-2.46,-0.18,0.08,-0.35,-0.06
ELLX,EGLC,0,141,-15.16,7.82,-25.4,-1.1,-0.16,0.05,-0.23,-0.07
ELLX,EHAM,0,109,2.91,12.51,-20.44,19.94,0.03,0.05,-0.08,0.1
ELLX,LEPA,0,81,-1.36,32.4,-29.6,51.9,-0.01,0.15,-0.19,0.23
ELLX,LFMN,0,22,-38.69,17.28,-57.4,-13.23,-0.17,0.09,-0.3,-0.03
ELLX,LFMN,1,41,-35.98,19.47,-64.2,-5.5,-0.15,0.13,-0.31,0.09
ELLX,LFPG,0,86,11.18,19.83,-13.35,38.62,0.04,0.07,-0.08,0.14
ELLX,LIMC,0,107,-43.48,20.3,-66.25,-2.28,-0.29,0.13,-0.46,-0.08
ELLX,LOWW,0,49,-15.07,17.83,-39.28,19.1,-0.07,0.11,-0.29,0.07
ELLX,LOWW,1,16,-30.3,20.12,-50.4,12.52,-0.14,0.08,-0.25,-0.0
ELLX,LPPR,0,47,-9.27,20.02,-30.4,14.1,0.03,0.12,-0.14,0.21
ELLX,LPPR,1,28,10.39,23.75,-13.38,30.47,0.07,0.13,-0.09,0.23
ELLX,LPPR,2,59,-0.84,16.53,-24.21,22.72,0.05,0.11,-0.09,0.2
ELLX,LPPT,0,22,-15.18,24.82,-39.79,21.94,0.02,0.1,-0.13,0.17
ELLX,LPPT,1,56,-3.31,21.57,-33.48,32.25,0.07,0.12,-0.08,0.28
ELLX,LSZH,0,55,12.16,10.42,1.9,30.11,0.09,0.08,-0.0,0.27
ELLX,LSZH,1,19,-22.02,8.22,-31.62,-12.12,-0.05,0.07,-0.12,0.09
ENAL,EHAM,0,59,-17.99,10.86,-33.71,-3.11,-0.0,0.12,-0.19,0.19
ENAL,ENBR,0,179,-19.33,9.81,-28.71,-0.04,-0.07,0.07,-0.17,0.06
ENAL,ENGM,0,207,-0.64,10.72,-13.27,21.27,-0.02,0.07,-0.1,0.08
ENAN,ENTC,0,50,5.07,9.75,-5.0,19.95,-0.02,0.05,-0.09,0.07
ENAT,ENGM,0,34,-4.89,11.6,-12.34,23.88,0.04,0.09,-0.09,0.19
ENAT,ENGM,1,20,0.36,16.47,-12.26,33.76,0.03,0.11,-0.13,0.14
ENAT,ENTC,0,126,-15.19,8.8,-22.8,-0.52,-0.12,0.09,-0.22,-0.0
ENBL,ENGM,0,116,-17.48,6.04,-27.68,-8.25,-0.15,0.06,-0.25,-0.05
ENBN,ENBO,0,55,1.26,12.46,-5.2,16.53,-0.15,0.08,-0.24,-0.03
ENBN,ENVA,0,100,-12.6,4.0,-17.62,-5.5,-0.27,0.05,-0.34,-0.2
ENBO,ENBN,0,55,-14.56,4.94,-18.5,-5.38,-0.15,0.06,-0.21,-0.07
ENBO,ENEV,0,79,9.43,12.88,-1.5,30.39,0.03,0.06,-0.04,0.13
ENBO,ENGM,0,286,-6.43,13.8,-19.88,22.0,0.04,0.08,-0.07,0.17
ENBO,ENLK,0,178,-10.11,5.44,-13.2,0.12,-0.1,0.06,-0.14,-0.03
ENBO,ENRA,0,75,-15.33,11.0,-36.3,0.0,-0.11,0.06,-0.23,-0.04
ENBO,ENSH,0,130,-4.41,8.35,-7.8,-1.05,-0.07,0.06,-0.11,-0.03
ENBO,ENSK,0,129,-1.2,7.44,-6.9,9.78,-0.08,0.07,-0.13,-0.0
ENBO,ENTC,0,167,9.08,14.77,-5.14,33.34,0.08,0.12,-0.09,0.29
ENBO,ENVA,0,125,-10.1,5.58,-19.16,-2.36,-0.05,0.14,-0.2,0.22
ENBR,EDDF,0,39,-41.72,29.55,-77.86,-1.59,-0.16,0.14,-0.36,-0.02
ENBR,EDDF,1,15,-35.37,15.41,-51.78,-5.59,-0.12,0.09,-0.24,0.01
ENBR,EGKK,0,54,8.51,10.11,-6.41,25.44,0.16,0.13,-0.02,0.41
ENBR,EGPD,0,53,-22.16,4.15,-26.72,-13.14,-0.01,0.05,-0.08,0.08
ENBR,EHAM,0,36,3.87,11.37,-13.2,13.7,0.07,0.12,-0.11,0.22
ENBR,EHAM,1,42,-13.59,17.77,-39.16,9.73,0.02,0.09,-0.09,0.17
ENBR,EHAM,2,37,-12.73,12.48,-30.8,8.14,0.01,0.09,-0.15,0.14
ENBR,EKCH,0,61,-31.04,8.39,-43.4,-16.7,-0.12,0.06,-0.21,-0.03
ENBR,EKCH,1,32,-23.52,8.82,-35.85,-9.55,-0.08,0.07,-0.19,0.04
ENBR,EKCH,2,28,-21.62,12.81,-37.45,-1.99,-0.08,0.07,-0.18,0.05
ENBR,EKCH,3,49,-30.09,7.78,-39.42,-14.32,-0.11,0.06,-0.2,-0.04
ENBR,ENAL,0,177,-35.07,11.6,-49.28,-16.6,-0.11,0.06,-0.19,-0.02
ENBR,ENCN,0,140,-21.58,5.7,-29.0,-11.5,-0.08,0.06,-0.16,0.01
ENBR,ENFL,0,139,-26.66,5.83,-31.9,-18.63,-0.21,0.05,-0.26,-0.13
ENBR,ENGM,0,673,-26.43,6.19,-36.24,-15.02,-0.11,0.05,-0.18,-0.04
ENBR,ENHD,0,114,0.51,7.95,-3.84,20.37,-0.02,0.04,-0.06,0.07
ENBR,ENKB,0,105,-20.33,10.54,-30.1,3.3,-0.11,0.08,-0.2,0.05
ENBR,ENML,0,81,-21.62,8.3,-30.1,-2.4,-0.09,0.06,-0.16,0.04
ENBR,ENSG,0,51,-48.59,8.5,-55.2,-29.2,-0.29,0.05,-0.33,-0.2
ENBR,ENTC,0,84,-1.63,17.6,-22.6,29.09,-0.52,0.18,-0.7,-0.12
ENBR,ENTO,0,135,-44.04,5.53,-50.1,-34.3,-0.17,0.05,-0.25,-0.09
ENBR,ENVA,0,301,-5.73,14.57,-23.3,16.6,-0.03,0.09,-0.15,0.12
ENBR,ENZV,0,468,-2.0,8.59,-6.4,19.96,-0.01,0.04,-0.06,0.05
ENBR,ESSA,0,52,-15.18,7.95,-29.09,-0.73,0.02,0.06,-0.06,0.12
ENCN,EHAM,0,50,-21.33,12.78,-38.49,3.13,0.03,0.06,-0.05,0.12
ENCN,EHAM,1,31,-22.18,11.63,-38.7,-6.6,0.06,0.07,-0.06,0.17
ENCN,ENBR,0,141,-15.71,13.71,-38.4,2.7,-0.09,0.06,-0.17,0.01
ENCN,ENGM,0,168,-4.24,16.02,-31.6,18.88,-0.07,0.05,-0.14,0.02
ENDU,ENGM,0,85,-8.03,16.87,-24.68,23.34,0.05,0.12,-0.09,0.27
ENEV,ENAN,0,76,1.42,4.42,-1.92,11.92,-0.06,0.04,-0.11,0.02
ENEV,ENGM,0,73,-18.62,5.84,-21.3,-2.96,0.05,0.07,-0.05,0.18
ENEV,ENGM,1,138,-17.97,14.59,-31.72,8.93,0.0,0.09,-0.13,0.17
ENFL,ENBR,0,139,-19.91,8.13,-25.2,-1.5,-0.16,0.05,-0.22,-0.06
ENFL,ENGM,0,78,-5.54,5.79,-13.36,3.59,0.02,0.08,-0.09,0.14
ENGM,BIKF,0,16,10.3,8.64,-2.35,21.68,0.04,0.11,-0.11,0.19
ENGM,BIKF,1,47,0.51,7.4,-8.18,12.94,0.03,0.11,-0.13,0.22
ENGM,BIKF,2,27,6.47,8.12,-3.94,19.11,0.06,0.15,-0.12,0.34
ENGM,EBBR,0,70,1.94,11.94,-15.82,24.02,0.04,0.08,-0.06,0.2
ENGM,EBBR,1,17,-0.24,14.09,-19.5,18.66,0.02,0.09,-0.13,0.14
ENGM,EDDB,0,95,3.8,13.21,-14.58,22.97,0.05,0.08,-0.06,0.18
ENGM,EDDF,0,132,-35.7,24.24,-70.28,0.44,-0.15,0.11,-0.35,0.01
ENGM,EDDL,0,30,-2.08,10.68,-19.2,14.84,0.02,0.11,-0.13,0.18
ENGM,EDDL,1,46,1.46,14.71,-12.35,23.52,0.04,0.11,-0.11,0.15
ENGM,EDDM,0,78,-16.22,11.02,-29.86,3.96,-0.12,0.11,-0.31,0.05
ENGM,EDDM,1,15,1.34,14.91,-21.57,23.45,-0.06,0.09,-0.17,0.12
ENGM,EDDM,2,16,-18.88,13.33,-34.02,4.1,-0.08,0.09,-0.23,0.0
ENGM,EFHK,0,62,-0.07,6.8,-13.04,7.05,0.03,0.05,-0.07,0.11
ENGM,EFHK,1,48,0.64,7.56,-8.54,11.93,0.01,0.11,-0.08,0.13
ENGM,EFHK,2,26,1.0,8.69,-8.72,11.35,0.01,0.05,-0.06,0.09
ENGM,EGCC,0,40,-23.8,31.43,-49.95,61.14,-0.04,0.13,-0.22,0.17
ENGM,EGCC,1,18,-22.22,13.39,-43.13,-0.89,-0.06,0.08,-0.2,0.04
ENGM,EGKK,0,108,9.25,14.82,-6.03,33.26,0.18,0.15,-0.03,0.44
ENGM,EGLL,0,211,0.63,12.01,-17.4,22.5,0.13,0.15,-0.08,0.42
ENGM,EHAM,0,163,4.33,11.33,-14.45,26.87,0.05,0.09,-0.08,0.19
ENGM,EHAM,1,23,3.2,10.92,-8.76,28.05,0.03,0.09,-0.1,0.16
ENGM,EHAM,2,41,2.27,12.14,-13.5,24.1,0.05,0.08,-0.06,0.2
ENGM,EHAM,3,23,-0.05,12.1,-14.33,15.29,0.04,0.08,-0.05,0.15
ENGM,EKBI,0,64,-1.64,6.89,-9.56,12.81,0.03,0.05,-0.04,0.11
ENGM,EKBI,1,37,0.81,8.36,-7.5,18.34,0.05,0.04,-0.01,0.13
ENGM,EKCH,0,457,-5.14,8.91,-13.0,16.8,-0.09,0.06,-0.17,0.01
ENGM,EKCH,1,60,-43.9,39.29,-61.81,-29.96,-0.21,0.1,-0.33,-0.11
ENGM,EKCH,2,40,-38.95,155.1,-88.05,-26.09,-0.16,0.35,-0.32,-0.06
ENGM,ENAL,0,212,2.39,9.77,-8.44,14.18,0.05,0.07,-0.02,0.13
ENGM,ENAT,0,15,-16.29,9.87,-30.02,-5.17,0.02,0.07,-0.08,0.1
ENGM,ENAT,1,39,-3.87,9.01,-17.8,8.75,0.03,0.06,-0.06,0.14
ENGM,ENBL,0,116,-28.83,9.13,-34.6,-12.8,-0.18,0.11,-0.27,-0.06
ENGM,ENBO,0,286,1.36,10.32,-13.02,18.82,0.03,0.07,-0.06,0.16
ENGM,ENBR,0,676,-15.52,7.01,-22.5,-0.35,-0.03,0.06,-0.09,0.06
ENGM,ENCN,0,168,-32.15,13.9,-44.16,-7.24,-0.09,0.06,-0.15,-0.02
ENGM,ENDU,0,84,10.9,12.25,-5.97,30.63,0.06,0.07,-0.06,0.18
ENGM,ENEV,0,193,10.74,17.79,-16.5,36.6,0.07,0.07,-0.03,0.19
ENGM,ENEV,1,16,4.08,14.28,-13.4,23.7,0.07,0.08,-0.06,0.19
ENGM,ENFL,0,78,-15.15,12.74,-26.02,5.34,-0.01,0.19,-0.15,0.43
ENGM,ENHD,0,153,-3.44,6.76,-12.9,4.4,0.04,0.04,-0.02,0.1
ENGM,ENKB,0,56,2.87,7.15,-5.65,12.88,0.0,0.05,-0.05,0.07
ENGM,ENML,0,121,-6.12,9.71,-18.7,8.3,0.0,0.06,-0.08,0.06
ENGM,ENOV,0,142,-3.87,6.46,-10.69,7.97,-0.11,0.08,-0.22,0.04
ENGM,ENSG,0,104,-6.23,21.29,-11.8,1.31,-0.07,0.16,-0.16,-0.0
ENGM,ENTC,0,307,14.14,18.67,-17.2,41.2,0.07,0.08,-0.06,0.21
ENGM,ENTC,1,30,2.87,16.98,-21.3,29.86,0.07,0.08,-0.04,0.23
ENGM,ENVA,0,690,-6.58,9.77,-23.6,8.0,-0.04,0.09,-0.12,0.19
ENGM,ENZV,0,586,0.94,8.75,-6.7,14.58,0.04,0.05,-0.02,0.1
ENGM,EPGD,0,53,-24.32,14.7,-46.18,-0.12,-0.08,0.06,-0.18,0.04
ENGM,EPGD,1,15,-28.61,12.88,-46.38,-9.86,-0.08,0.05,-0.15,0.01
ENGM,EPKK,0,80,-40.63,16.75,-56.5,-6.48,-0.13,0.1,-0.28,0.04
ENGM,EPWA,0,88,-33.06,22.05,-61.72,-4.12,-0.08,0.09,-0.2,0.07
ENGM,ESSA,0,517,4.82,8.72,-7.04,22.3,0.03,0.07,-0.04,0.12
ENGM,EVRA,0,58,1.96,6.0,-6.63,11.24,0.02,0.07,-0.07,0.13
ENGM,EVRA,1,32,3.98,7.33,-6.74,15.36,0.05,0.07,-0.07,0.15
ENGM,LEAL,0,57,-2.11,17.75,-16.28,25.34,0.03,0.15,-0.23,0.27
ENGM,LEAL,1,32,-3.48,16.15,-18.12,22.47,0.03,0.17,-0.28,0.28
ENGM,LEAL,2,15,-0.75,10.38,-11.28,19.09,0.01,0.14,-0.21,0.21
ENGM,LEBL,0,52,-4.73,16.15,-29.36,21.05,-0.04,0.15,-0.34,0.18
ENGM,LEBL,1,34,-9.4,21.44,-32.74,33.31,-0.09,0.1,-0.24,0.06
ENGM,LEMG,0,61,-4.21,20.96,-20.1,20.1,0.03,0.15,-0.2,0.25
ENGM,LEMG,1,15,13.13,25.82,-19.1,45.58,0.07,0.17,-0.22,0.31
ENGM,LEMG,2,18,-3.06,10.24,-13.94,12.42,0.02,0.17,-0.22,0.28
ENGM,LEPA,0,36,-11.34,19.17,-35.93,21.9,-0.05,0.17,-0.28,0.13
ENGM,LEPA,1,23,-5.77,16.3,-19.93,24.69,-0.01,0.19,-0.31,0.21
ENGM,LFMN,0,29,-44.44,31.87,-69.72,-13.32,-0.2,0.19,-0.48,0.06
ENGM,LFMN,1,24,-47.15,28.9,-88.5,-2.2,-0.22,0.15,-0.48,-0.03
ENGM,LFMN,2,15,-37.43,29.84,-61.84,9.23,-0.19,0.12,-0.31,0.0
ENGM,LFPG,0,25,-5.96,11.94,-26.64,10.22,-0.01,0.1,-0.16,0.12
ENGM,LFPG,1,46,-4.95,19.1,-34.22,20.4,0.03,0.1,-0.12,0.2
ENGM,LFPG,2,32,-13.35,10.58,-29.83,-1.15,-0.01,0.1,-0.18,0.14
ENGM,LFPG,3,45,-4.7,13.53,-21.44,21.58,0.0,0.1,-0.16,0.15
ENGM,LFPG,4,21,-8.76,15.91,-25.6,18.2,0.0,0.09,-0.1,0.12
ENGM,LIMC,0,58,-43.38,23.8,-69.32,5.78,-0.16,0.18,-0.41,0.08
ENGM,LIRF,0,35,-31.05,20.81,-60.61,1.89,-0.13,0.15,-0.34,0.12
ENGM,LIRF,1,23,-38.57,22.42,-64.14,2.53,-0.15,0.19,-0.48,0.17
ENGM,LKPR,0,41,-7.03,15.19,-25.4,17.1,-0.01,0.1,-0.22,0.14
ENGM,LKPR,1,15,-6.55,13.2,-24.75,12.15,-0.06,0.06,-0.17,0.02
ENGM,LSZH,0,86,-17.36,16.07,-29.98,7.82,-0.03,0.12,-0.24,0.19
ENGM,LTFM,0,81,-28.34,24.7,-55.3,18.3,-0.08,0.17,-0.29,0.17
ENGM,OTHH,0,66,27.84,26.36,-7.2,79.05,0.06,0.15,-0.17,0.29
ENHD,ENBR,0,113,-9.24,11.73,-27.08,6.58,-0.11,0.07,-0.21,-0.01
ENHD,ENGM,0,155,-1.95,5.33,-10.63,8.93,-0.07,0.05,-0.13,-0.0
ENHF,ENTC,0,163,-21.39,7.19,-25.4,1.41,-0.18,0.04,-0.24,-0.1
ENHV,ENHF,0,61,-6.2,6.63,-12.6,8.0,-0.08,0.04,-0.13,-0.0
ENKB,ENBR,0,108,-41.14,10.53,-51.76,-18.89,-0.14,0.09,-0.26,0.02
ENKB,ENGM,0,59,1.25,10.38,-6.71,24.07,0.0,0.04,-0.06,0.07
ENKR,ENTC,0,50,-7.27,6.71,-16.3,4.68,-0.01,0.23,-0.28,0.32
ENKR,ENVD,0,70,-4.66,4.43,-8.06,6.65,-0.03,0.03,-0.07,0.03
ENLK,ENBO,0,176,-4.69,4.5,-8.5,8.85,-0.05,0.04,-0.1,0.02
ENML,ENBR,0,81,-24.48,10.58,-37.0,-4.1,-0.1,0.07,-0.19,0.04
ENML,ENGM,0,122,0.96,11.06,-8.06,23.78,-0.01,0.05,-0.08,0.07
ENMS,ENBO,0,52,-7.67,7.86,-14.74,5.52,-0.13,0.05,-0.2,-0.05
ENMS,ENVA,0,75,-8.25,4.11,-13.2,0.78,-0.13,0.05,-0.22,-0.05
ENNA,ENTC,0,72,-6.04,8.62,-16.65,6.54,0.0,0.05,-0.08,0.09
ENNM,ENVA,0,70,-7.18,5.19,-13.28,3.78,-0.06,0.04,-0.12,0.0
ENOV,ENGM,0,144,-29.97,6.42,-39.42,-18.94,-0.18,0.08,-0.3,-0.04
ENRA,ENBO,0,75,-6.42,7.13,-14.76,3.23,-0.08,0.05,-0.15,0.02
ENRA,ENVA,0,102,-8.05,3.98,-13.19,0.29,-0.12,0.07,-0.21,0.04
ENSD,ENGM,0,66,-7.99,5.93,-16.08,4.08,-0.1,0.08,-0.22,0.05
ENSG,ENGM,0,67,-15.47,18.57,-25.94,-6.79,-0.15,0.14,-0.23,-0.04
ENSG,ENSD,0,76,-9.17,2.97,-15.3,-5.82,-0.07,0.03,-0.13,-0.02
ENSH,ENBO,0,137,-8.84,5.03,-12.6,2.54,-0.07,0.03,-0.11,-0.01
ENSK,ENBO,0,118,-7.71,6.87,-12.6,2.79,-0.09,0.06,-0.15,0.01
ENSK,ENTC,0,51,8.67,12.07,-3.2,25.55,-0.06,0.07,-0.15,0.07
ENST,ENBO,0,54,0.13,6.62,-3.74,15.93,-0.08,0.05,-0.14,0.02
ENST,ENVA,0,69,-9.44,3.69,-14.06,-4.1,-0.13,0.06,-0.21,-0.04
ENTC,ENAT,0,155,1.56,14.25,-4.4,8.67,-0.07,0.12,-0.17,-0.0
ENTC,ENBO,0,166,-29.4,7.43,-37.1,-14.05,0.04,0.15,-0.16,0.23
ENTC,ENBR,0,84,-14.95,9.45,-24.48,1.33,-0.5,0.15,-0.65,-0.18
ENTC,ENGM,0,230,-18.5,17.34,-34.7,17.26,0.01,0.1,-0.14,0.18
ENTC,ENGM,1,112,-13.83,12.11,-22.5,12.42,0.05,0.1,-0.1,0.24
ENTC,ENHF,0,137,-17.17,9.12,-21.9,2.32,-0.19,0.07,-0.26,-0.08
ENTC,ENNA,0,72,3.25,14.88,-4.54,9.75,0.05,0.11,-0.01,0.1
ENTC,ENSK,0,50,-11.9,3.26,-14.5,-3.0,-0.11,0.03,-0.16,-0.05
ENTO,EHAM,0,56,8.86,11.82,-5.32,27.92,0.06,0.08,-0.05,0.21
ENTO,ENBR,0,137,-26.25,8.67,-38.24,-8.48,-0.1,0.07,-0.19,0.03
ENTO,ENVA,0,73,-16.41,6.55,-26.66,-4.98,-0.12,0.09,-0.29,-0.01
ENTO,ENZV,0,69,-1.35,3.11,-6.98,2.12,-0.01,0.04,-0.08,0.04
ENTO,EPGD,0,71,-17.66,12.7,-36.45,5.65,-0.03,0.05,-0.1,0.07
ENVA,EHAM,0,50,-10.73,10.49,-28.39,5.18,0.03,0.11,-0.12,0.23
ENVA,EHAM,1,36,-16.25,13.95,-34.8,9.25,0.06,0.13,-0.12,0.23
ENVA,EKCH,0,68,-4.89,7.71,-12.3,12.32,-0.07,0.08,-0.2,0.06
ENVA,ENBN,0,99,-6.24,2.04,-9.6,-2.89,-0.11,0.04,-0.16,-0.05
ENVA,ENBO,0,119,4.54,10.41,-6.7,16.58,-0.02,0.11,-0.15,0.15
ENVA,ENBR,0,303,-12.49,6.4,-19.19,0.7,0.02,0.09,-0.11,0.19
ENVA,ENGM,0,694,-12.9,12.46,-24.24,13.34,-0.01,0.1,-0.11,0.23
ENVA,ENMS,0,77,0.96,12.06,-5.4,5.9,-0.09,0.09,-0.15,-0.03
ENVA,ENRA,0,100,-0.24,4.39,-8.7,8.0,-0.05,0.06,-0.12,0.04
ENVA,ENRM,0,68,-24.22,5.75,-28.33,-7.07,-0.18,0.07,-0.23,-0.09
ENVA,ENST,0,74,-14.51,3.54,-17.7,-10.63,-0.14,0.04,-0.2,-0.07
ENVA,ENTO,0,73,-12.43,3.21,-16.64,-5.48,-0.09,0.1,-0.26,0.05
ENVA,ENZV,0,82,-13.32,7.76,-22.0,0.35,0.03,0.06,-0.04,0.11
ENVD,ENKR,0,69,-5.77,3.75,-8.7,-0.26,-0.04,0.03,-0.08,0.02
ENVD,ENTC,0,51,-9.06,7.13,-14.4,5.25,-0.06,0.08,-0.18,0.09
ENZV,EDDF,0,60,-37.86,25.9,-73.48,1.57,-0.14,0.1,-0.31,0.01
ENZV,EGPD,0,42,-16.51,2.3,-19.66,-12.09,0.01,0.07,-0.09,0.13
ENZV,EGPD,1,44,-18.59,5.33,-23.4,-6.42,0.04,0.04,-0.01,0.12
ENZV,EHAM,0,81,-17.83,17.1,-40.9,9.5,0.01,0.08,-0.11,0.14
ENZV,EHAM,1,52,5.06,10.59,-9.06,24.06,0.09,0.09,-0.05,0.23
ENZV,EKCH,0,146,-25.37,9.16,-37.18,-10.98,-0.1,0.07,-0.18,0.03
ENZV,EKCH,1,20,-29.69,11.97,-43.4,-14.62,-0.11,0.04,-0.16,-0.02
ENZV,ENBR,0,463,-29.08,16.03,-55.6,-8.73,-0.09,0.07,-0.19,0.02
ENZV,ENGM,0,582,-37.0,13.74,-58.8,-12.82,-0.14,0.05,-0.2,-0.05
ENZV,ENTO,0,70,-30.73,6.98,-40.38,-17.44,-0.17,0.04,-0.24,-0.11
ENZV,ENVA,0,85,-8.29,15.94,-28.28,19.7,-0.0,0.05,-0.07,0.07
EPGD,EDDF,0,70,-24.29,29.68,-62.79,9.43,-0.15,0.08,-0.28,-0.01
EPGD,EDDM,0,60,-5.27,16.38,-26.32,21.92,-0.04,0.08,-0.15,0.11
EPGD,EGGW,0,40,-5.95,14.69,-26.19,17.37,0.09,0.09,-0.0,0.28
EPGD,EGGW,1,20,-9.01,12.85,-27.85,6.59,0.12,0.11,0.0,0.31
EPGD,EGSS,0,34,8.28,11.91,-7.07,25.12,0.08,0.05,-0.01,0.17
EPGD,EGSS,1,26,-1.74,14.54,-21.02,16.32,0.07,0.07,-0.01,0.17
EPGD,EHAM,0,87,4.66,10.5,-9.59,26.39,0.06,0.06,-0.03,0.16
EPGD,EKCH,0,102,-19.68,12.1,-35.49,-0.61,-0.13,0.05,-0.2,-0.04
EPGD,ENGM,0,23,-22.52,15.77,-40.87,5.5,-0.02,0.07,-0.13,0.09
EPGD,ENGM,1,45,-9.15,8.33,-19.14,5.6,-0.01,0.07,-0.11,0.08
EPGD,ENTO,0,71,-14.34,13.06,-35.6,5.85,-0.01,0.06,-0.09,0.1
EPGD,EPWA,0,174,-38.92,21.2,-67.74,-10.16,-0.05,0.06,-0.13,0.07
EPGD,ESGG,0,50,-2.04,9.97,-10.37,15.76,0.06,0.04,-0.0,0.13
EPGD,ESKN,0,55,-6.89,4.25,-12.76,0.43,0.03,0.04,-0.02,0.1
EPGD,ESSA,0,60,4.5,13.37,-11.32,28.61,0.03,0.08,-0.07,0.17
EPKK,EDDF,0,123,-31.78,25.89,-66.67,3.8,-0.23,0.07,-0.33,-0.1
EPKK,EDDM,0,90,-23.83,17.73,-44.7,9.05,-0.12,0.06,-0.23,-0.02
EPKK,EGGW,0,60,-8.79,16.24,-29.72,17.71,0.08,0.1,-0.05,0.23
EPKK,EGKK,0,59,8.08,15.73,-14.33,29.94,0.16,0.13,-0.02,0.42
EPKK,EGSS,0,81,3.14,12.72,-10.8,20.9,0.08,0.08,-0.01,0.24
EPKK,EHAM,0,84,9.62,8.49,-2.62,24.49,0.03,0.07,-0.07,0.14
EPKK,ENGM,0,81,-19.54,15.82,-47.2,7.1,-0.05,0.1,-0.2,0.18
EPKK,EPWA,0,176,-16.04,15.79,-37.15,10.6,0.0,0.06,-0.07,0.14
EPKK,LFPG,0,61,-1.03,21.15,-31.1,32.9,0.04,0.09,-0.06,0.19
EPKK,LOWW,0,58,11.95,15.65,-2.4,41.12,0.05,0.05,-0.02,0.12
EPKK,LOWW,1,31,-5.5,12.04,-22.35,17.0,0.0,0.05,-0.05,0.07
EPKT,EDDF,0,75,-32.93,29.33,-66.92,9.0,-0.2,0.07,-0.31,-0.1
EPKT,EDLW,0,35,-7.98,11.26,-21.57,11.55,0.01,0.04,-0.04,0.07
EPKT,EDLW,1,58,-11.58,16.03,-30.2,21.58,0.03,0.05,-0.04,0.12
EPKT,EGGW,0,32,-18.55,16.0,-37.52,11.28,0.06,0.08,-0.05,0.18
EPKT,EGGW,1,28,-12.24,14.72,-35.53,2.86,0.07,0.08,-0.03,0.22
EPKT,EPWA,0,78,-34.42,17.37,-54.25,-7.01,-0.04,0.06,-0.12,0.06
EPLB,EGGW,0,51,-25.11,12.58,-43.35,-3.6,0.02,0.09,-0.11,0.18
EPMO,EGSS,0,75,-9.87,13.72,-31.21,14.52,0.05,0.07,-0.06,0.17
EPPO,EDDF,0,81,-24.81,27.41,-58.1,16.0,-0.17,0.06,-0.26,-0.08
EPPO,EDDM,0,37,-43.2,16.2,-63.52,-17.62,-0.16,0.06,-0.26,-0.07
EPPO,EDDM,1,23,-32.84,20.6,-53.66,10.79,-0.17,0.08,-0.27,-0.03
EPPO,EPWA,0,94,-60.25,20.89,-87.37,-25.72,-0.11,0.06,-0.2,0.02
EPRZ,EPWA,0,139,-53.71,22.2,-83.4,-19.2,-0.09,0.07,-0.17,0.05
EPSC,EPWA,0,86,-53.7,19.81,-82.7,-20.62,-0.14,0.06,-0.21,-0.04
EPWA,CYYZ,0,57,8.77,48.74,-41.14,94.94,0.04,0.41,-0.32,0.44
EPWA,EBBR,0,130,-1.09,13.1,-14.68,21.64,-0.0,0.08,-0.11,0.13
EPWA,EDDF,0,173,-25.04,25.86,-58.84,10.4,-0.14,0.09,-0.26,-0.0
EPWA,EDDF,1,19,-26.55,26.25,-73.33,-3.03,-0.19,0.07,-0.3,-0.08
EPWA,EDDH,0,62,-39.2,21.39,-59.88,-6.66,-0.09,0.07,-0.17,0.05
EPWA,EDDL,0,83,6.24,11.19,-7.37,27.07,0.05,0.06,-0.03,0.16
EPWA,EDDM,0,185,-8.58,12.13,-25.88,15.38,-0.05,0.06,-0.14,0.04
EPWA,EDDM,1,18,-5.43,15.81,-22.46,14.23,-0.09,0.07,-0.2,0.01
EPWA,EETN,0,99,-31.3,10.05,-42.81,-11.34,-0.11,0.08,-0.23,0.03
EPWA,EFHK,0,86,-26.62,8.81,-39.9,-11.75,-0.07,0.11,-0.2,0.09
EPWA,EGGW,0,83,-4.9,20.02,-27.58,23.86,0.09,0.13,-0.07,0.29
EPWA,EGLL,0,130,11.64,12.73,-3.6,36.49,0.18,0.14,-0.01,0.46
EPWA,EGLL,1,40,6.06,13.83,-9.82,30.69,0.19,0.15,-0.0,0.46
EPWA,EHAM,0,170,10.92,8.27,0.25,26.37,0.05,0.08,-0.06,0.18
EPWA,EHAM,1,57,-3.63,7.53,-13.54,7.32,0.03,0.07,-0.06,0.14
EPWA,EKCH,0,155,-15.68,12.16,-31.69,3.86,-0.1,0.05,-0.18,-0.02
EPWA,ENGM,0,15,-9.74,15.57,-25.97,13.67,-0.06,0.08,-0.17,0.05
EPWA,ENGM,1,73,-12.55,16.07,-38.94,13.6,-0.05,0.08,-0.18,0.06
EPWA,EPGD,0,175,-24.52,17.84,-41.6,16.13,-0.02,0.05,-0.07,0.06
EPWA,EPKK,0,176,-25.37,10.57,-38.5,-2.62,-0.05,0.04,-0.09,0.01
EPWA,EPKT,0,77,-25.81,11.45,-38.94,-1.16,-0.04,0.03,-0.09,0.01
EPWA,EPPO,0,93,-6.02,20.44,-26.54,23.86,0.0,0.04,-0.06,0.06
EPWA,EPRZ,0,138,-37.76,13.8,-57.5,-15.26,-0.03,0.04,-0.08,0.04
EPWA,EPSC,0,87,-7.01,17.6,-23.7,29.27,0.03,0.04,-0.05,0.1
EPWA,EPWR,0,175,4.37,11.84,-8.63,23.99,0.03,0.03,-0.02,0.09
EPWA,ESSA,0,87,6.09,13.91,-11.03,27.14,0.04,0.08,-0.04,0.18
EPWA,EVRA,0,60,-23.31,14.89,-53.83,-4.39,-0.07,0.06,-0.18,0.03
EPWA,EYVI,0,88,-13.65,11.7,-29.5,5.22,-0.04,0.05,-0.11,0.04
EPWA,EYVI,1,43,-14.16,11.37,-32.4,2.93,-0.03,0.09,-0.1,0.04
EPWA,KJFK,0,16,1.12,34.89,-53.1,46.9,0.01,0.21,-0.23,0.29
EPWA,KJFK,1,42,7.49,60.63,-65.06,120.94,0.08,0.32,-0.38,0.66
EPWA,LBSF,0,61,-39.91,32.88,-66.8,-18.0,-0.08,0.2,-0.21,0.09
EPWA,LEBL,0,55,-3.88,24.2,-24.79,27.37,-0.01,0.16,-0.23,0.3
EPWA,LFPG,0,66,-8.21,10.21,-30.22,4.88,0.01,0.08,-0.09,0.19
EPWA,LFPG,1,53,1.58,12.38,-12.76,24.16,0.05,0.1,-0.1,0.22
EPWA,LFPG,2,89,5.81,17.17,-15.28,29.18,0.06,0.09,-0.05,0.19
EPWA,LHBP,0,143,-19.98,10.14,-35.54,-2.73,-0.03,0.06,-0.12,0.06
EPWA,LIMC,0,77,-40.08,20.0,-62.4,-6.78,-0.18,0.15,-0.36,0.07
EPWA,LIRF,0,54,-37.84,15.36,-56.41,-12.26,-0.1,0.13,-0.28,0.17
EPWA,LKPR,0,120,-8.01,12.12,-25.2,9.7,-0.02,0.05,-0.09,0.08
EPWA,LLBG,0,98,-27.5,22.75,-56.96,16.23,-0.01,0.11,-0.16,0.21
EPWA,LOWW,0,18,10.84,15.65,-9.22,38.65,0.01,0.06,-0.06,0.1
EPWA,LOWW,1,108,7.24,14.84,-8.0,30.33,0.06,0.06,-0.02,0.16
EPWA,LOWW,2,60,7.32,15.67,-9.84,36.04,0.04,0.07,-0.06,0.16
EPWA,LROP,0,91,-71.6,18.7,-94.85,-36.1,-0.14,0.07,-0.24,0.02
EPWA,LSGG,0,22,2.16,10.76,-12.21,9.66,0.06,0.1,-0.07,0.24
EPWA,LSGG,1,36,3.62,7.07,-1.7,10.2,0.07,0.1,-0.07,0.24
EPWA,LSZH,0,133,-13.5,11.44,-23.5,13.24,-0.03,0.1,-0.17,0.15
EPWA,LTFM,0,16,-64.52,17.09,-92.55,-43.18,-0.14,0.08,-0.25,-0.03
EPWA,LTFM,1,31,-79.75,22.83,-107.3,-43.95,-0.13,0.11,-0.27,0.03
EPWA,LTFM,2,69,-49.84,23.57,-85.7,-15.92,-0.09,0.1,-0.24,0.09
EPWA,LUKK,0,60,-45.87,14.07,-67.41,-22.32,-0.11,0.05,-0.18,-0.03
EPWA,LYPG,0,53,-9.72,6.76,-19.98,-0.02,0.01,0.09,-0.1,0.19
EPWA,OMDB,0,30,-33.61,26.35,-63.44,6.54,0.02,0.16,-0.17,0.31
EPWA,OMDB,1,30,-14.62,24.14,-52.3,22.39,0.18,0.1,0.02,0.34
EPWR,EDDF,0,56,-27.23,27.89,-60.95,10.6,-0.14,0.07,-0.22,-0.06
EPWR,EDDF,1,51,-26.16,27.57,-64.35,9.25,-0.18,0.06,-0.29,-0.09
EPWR,EDDM,0,80,-11.33,15.31,-30.71,19.2,-0.09,0.05,-0.18,-0.0
EPWR,EPWA,0,175,-49.72,17.25,-71.96,-15.94,-0.08,0.08,-0.18,0.07
ESDF,ESSA,0,70,-17.67,14.22,-33.84,8.0,0.0,0.16,-0.27,0.18
ESDF,ESSB,0,65,-12.31,2.79,-16.48,-7.68,-0.04,0.05,-0.11,0.03
ESGG,EBBR,0,61,-1.51,14.94,-15.7,30.5,0.05,0.09,-0.08,0.19
ESGG,EDDF,0,123,-30.75,26.9,-64.69,4.06,-0.14,0.08,-0.27,-0.01
ESGG,EDDM,0,24,1.83,15.59,-21.18,28.78,-0.01,0.14,-0.28,0.2
ESGG,EDDM,1,33,-17.0,8.32,-29.14,-4.28,-0.09,0.12,-0.26,0.05
ESGG,EDDM,2,31,2.22,13.54,-13.75,30.25,-0.06,0.07,-0.15,0.08
ESGG,EFHK,0,95,-6.82,8.63,-20.62,3.37,0.02,0.1,-0.12,0.19
ESGG,EFHK,1,19,1.46,13.33,-16.15,19.09,0.04,0.15,-0.19,0.24
ESGG,EGLL,0,62,8.11,13.94,-7.26,33.65,0.23,0.15,0.0,0.5
ESGG,EGLL,1,17,-2.54,11.94,-15.5,19.62,0.22,0.13,0.03,0.4
ESGG,EHAM,0,20,8.86,10.53,-5.74,25.72,0.08,0.06,-0.01,0.17
ESGG,EHAM,1,57,8.37,9.13,-0.52,25.18,0.05,0.08,-0.05,0.18
ESGG,EHAM,2,62,10.29,8.38,-0.97,25.78,0.06,0.07,-0.08,0.18
ESGG,EKCH,0,60,-2.35,6.8,-6.1,17.11,-0.07,0.06,-0.14,0.06
ESGG,EKCH,1,26,-34.44,5.98,-37.0,-30.17,-0.2,0.04,-0.25,-0.14
ESGG,EKCH,2,21,-10.05,9.76,-25.5,-2.7,-0.09,0.08,-0.22,0.06
ESGG,EPGD,0,50,-32.33,14.27,-48.43,-9.09,-0.03,0.05,-0.09,0.02
ESGG,ESSA,0,238,2.81,12.77,-17.6,23.03,0.05,0.12,-0.08,0.31
ESGG,ESSB,0,123,-12.03,8.04,-24.58,-1.12,-0.05,0.06,-0.13,0.04
ESGG,LEAL,0,54,-2.58,27.0,-24.08,50.01,0.06,0.13,-0.16,0.25
ESGG,LEMG,0,56,-1.37,20.94,-17.75,40.3,0.05,0.17,-0.2,0.33
ESGG,LFPG,0,32,-8.8,14.08,-38.16,9.53,0.1,0.1,-0.03,0.26
ESGG,LFPG,1,49,4.65,17.25,-12.7,30.3,0.11,0.09,-0.03,0.28
ESGG,LSZH,0,60,-18.59,9.54,-27.61,-1.49,-0.02,0.09,-0.2,0.14
ESGG,LTFM,0,50,-32.01,19.54,-54.84,4.21,0.02,0.18,-0.18,0.31
ESKN,EPGD,0,55,-30.04,9.16,-41.84,-16.32,-0.03,0.05,-0.1,0.07
ESMQ,ESSB,0,71,-9.1,3.49,-14.25,-3.1,-0.04,0.05,-0.11,0.04
ESMS,ESSA,0,212,-4.82,16.28,-21.9,10.48,0.11,0.18,-0.07,0.45
ESMS,ESSB,0,168,-3.45,3.87,-8.1,1.27,0.01,0.18,-0.16,0.32
ESMT,ESSB,0,71,-4.49,4.17,-11.85,0.25,-0.0,0.06,-0.09,0.11
ESNN,ESSA,0,79,2.54,9.39,-7.0,22.74,0.07,0.08,-0.04,0.2
ESNQ,ESSA,0,50,7.64,11.72,-2.11,35.38,-0.01,0.1,-0.15,0.15
ESNS,ESSA,0,58,7.15,12.34,-1.62,29.93,0.1,0.13,-0.03,0.43
ESNS,ESSA,1,18,4.71,10.87,-2.56,28.65,-0.0,0.07,-0.11,0.1
ESNS,ESSA,2,35,5.71,9.13,-0.96,25.92,0.07,0.08,-0.03,0.2
ESNS,ESSA,3,33,8.19,16.45,-2.28,28.58,0.01,0.11,-0.09,0.16
ESNU,ESSA,0,60,-11.36,10.4,-18.31,11.76,0.24,0.18,0.0,0.47
ESNU,ESSA,1,16,-17.16,6.06,-20.23,-9.15,0.02,0.06,-0.04,0.13
ESNU,ESSA,2,179,-0.91,13.36,-8.71,24.26,0.07,0.08,-0.02,0.21
ESNU,ESSA,3,35,0.92,9.1,-4.74,20.91,0.08,0.07,0.0,0.24
ESNU,ESSB,0,79,-4.68,6.92,-12.92,3.24,-0.03,0.08,-0.14,0.11
ESNZ,ESSA,0,99,5.24,11.48,-4.7,31.25,0.05,0.09,-0.06,0.18
ESPA,ESSA,0,343,7.61,13.72,-0.4,34.1,0.06,0.09,-0.06,0.24
ESSA,BIKF,0,62,3.9,9.45,-9.38,20.9,0.05,0.16,-0.14,0.38
ESSA,EDDB,0,45,1.84,14.75,-14.04,27.86,0.03,0.09,-0.13,0.15
ESSA,EDDB,1,42,5.67,10.7,-5.96,22.34,0.04,0.08,-0.12,0.13
ESSA,EDDB,2,31,12.63,11.89,-4.6,29.4,0.08,0.05,-0.0,0.15
ESSA,EDDF,0,85,-37.7,29.15,-66.16,7.22,-0.16,0.11,-0.31,-0.04
ESSA,EDDF,1,81,-30.33,27.05,-70.7,1.6,-0.15,0.09,-0.29,-0.01
ESSA,EDDH,0,51,-40.7,19.17,-54.75,3.2,-0.12,0.08,-0.24,-0.0
ESSA,EDDL,0,91,-5.65,12.16,-16.85,15.75,0.02,0.11,-0.13,0.13
ESSA,EDDM,0,100,-14.63,13.54,-33.4,11.66,-0.11,0.11,-0.3,0.09
ESSA,EDDM,1,53,-16.29,11.65,-28.24,8.4,-0.12,0.1,-0.28,0.04
ESSA,EETN,0,16,-14.21,13.27,-34.52,0.2,-0.01,0.05,-0.06,0.07
ESSA,EETN,1,28,-14.53,14.25,-39.99,-0.49,-0.04,0.08,-0.21,0.04
ESSA,EETN,2,34,-10.16,12.72,-37.24,0.25,-0.04,0.04,-0.11,0.01
ESSA,EETN,3,28,-13.97,10.57,-35.48,-0.57,-0.01,0.04,-0.07,0.05
ESSA,EETN,4,31,-17.79,13.89,-38.3,-2.0,-0.06,0.04,-0.11,-0.0
ESSA,EFHK,0,96,1.58,8.38,-10.3,10.45,0.03,0.14,-0.23,0.2
ESSA,EFHK,1,196,1.64,8.85,-10.18,9.93,-0.0,0.05,-0.07,0.08
ESSA,EFHK,2,129,1.38,8.33,-9.76,9.66,-0.0,0.04,-0.05,0.06
ESSA,EFTU,0,72,-12.68,12.46,-28.34,1.25,-0.03,0.06,-0.1,0.06
ESSA,EGKK,0,102,4.78,11.91,-7.7,24.61,0.18,0.15,-0.04,0.43
ESSA,EGLL,0,53,-9.66,10.41,-25.68,8.2,0.14,0.17,-0.1,0.4
ESSA,EGLL,1,201,1.29,16.98,-10.0,22.0,0.17,0.16,-0.05,0.42
ESSA,EHAM,0,111,4.37,9.23,-6.35,24.1,0.06,0.09,-0.06,0.21
ESSA,EHAM,1,137,4.15,7.53,-7.96,20.16,0.04,0.09,-0.1,0.18
ESSA,EIDW,0,24,-18.45,21.77,-38.1,28.3,-0.02,0.12,-0.2,0.17
ESSA,EIDW,1,36,-18.67,18.21,-36.67,23.9,0.02,0.18,-0.28,0.28
ESSA,EKBI,0,55,-15.37,9.4,-25.3,0.68,-0.03,0.05,-0.12,0.06
ESSA,EKCH,0,499,-12.17,13.84,-24.5,16.42,-0.07,0.07,-0.17,0.04
ESSA,ENBR,0,21,-22.47,5.55,-28.8,-13.7,0.01,0.06,-0.05,0.09
ESSA,ENBR,1,31,-22.03,5.98,-27.1,-7.15,-0.02,0.06,-0.11,0.08
ESSA,ENGM,0,519,-8.65,4.76,-16.31,-0.99,-0.0,0.05,-0.07,0.07
ESSA,EPGD,0,60,-51.59,14.3,-72.6,-27.7,-0.11,0.06,-0.19,-0.0
ESSA,EPWA,0,87,-40.5,21.77,-70.17,-8.32,-0.1,0.09,-0.21,0.06
ESSA,ESDF,0,69,-19.05,6.19,-25.42,-7.58,-0.09,0.16,-0.4,0.08
ESSA,ESGG,0,224,-16.33,10.97,-23.98,13.31,-0.02,0.09,-0.1,0.23
ESSA,ESMS,0,193,-9.08,12.32,-17.7,9.72,0.04,0.18,-0.11,0.44
ESSA,ESNN,0,78,-20.81,15.66,-34.54,10.3,-0.13,0.06,-0.19,-0.02
ESSA,ESNQ,0,50,19.3,16.98,-8.95,42.06,0.09,0.08,-0.04,0.23
ESSA,ESNS,0,142,30.1,7.44,13.54,39.08,0.07,0.07,-0.01,0.15
ESSA,ESNU,0,287,20.76,11.35,-1.24,34.91,0.07,0.11,-0.02,0.37
ESSA,ESNZ,0,99,10.97,7.65,-4.71,20.42,0.04,0.04,-0.03,0.12
ESSA,ESPA,0,343,19.95,9.57,0.61,29.39,0.04,0.07,-0.04,0.15
ESSA,ESSV,0,91,-16.59,8.29,-25.5,-2.1,-0.03,0.08,-0.16,0.1
ESSA,ESTA,0,82,-10.94,6.25,-16.3,6.41,-0.03,0.14,-0.14,0.36
ESSA,EVRA,0,109,-2.72,7.48,-11.1,7.74,-0.0,0.04,-0.06,0.07
ESSA,EYVI,0,44,-10.87,5.46,-18.75,-2.84,-0.02,0.05,-0.08,0.05
ESSA,EYVI,1,16,-17.25,6.44,-24.92,-7.28,-0.02,0.04,-0.07,0.02
ESSA,LEAL,0,27,-19.59,19.85,-39.99,22.44,0.02,0.16,-0.22,0.27
ESSA,LEAL,1,50,-9.12,10.17,-20.56,11.94,0.03,0.15,-0.23,0.3
ESSA,LEAL,2,19,-1.47,7.42,-11.75,8.83,0.05,0.17,-0.22,0.25
ESSA,LEAL,3,16,-3.32,23.49,-20.25,30.8,0.05,0.17,-0.15,0.38
ESSA,LEBL,0,37,-11.21,29.15,-36.32,47.58,-0.06,0.14,-0.26,0.15
ESSA,LEBL,1,23,-12.43,11.98,-26.98,5.92,-0.09,0.12,-0.27,0.09
ESSA,LEBL,2,21,-10.19,22.36,-35.7,23.3,-0.08,0.15,-0.25,0.11
ESSA,LEBL,3,15,-2.73,17.99,-21.62,27.62,-0.03,0.19,-0.29,0.29
ESSA,LEMG,0,19,-20.49,12.44,-36.73,2.81,0.03,0.16,-0.27,0.24
ESSA,LEMG,1,21,-4.12,15.06,-18.8,25.1,0.04,0.14,-0.22,0.27
ESSA,LEMG,2,47,-4.35,11.97,-17.93,14.86,0.04,0.18,-0.22,0.36
ESSA,LEMG,3,24,-10.55,27.96,-43.54,27.88,0.02,0.16,-0.15,0.31
ESSA,LEMG,4,36,-3.23,17.78,-15.4,22.22,0.03,0.12,-0.2,0.19
ESSA,LEPA,0,26,-15.3,31.66,-64.85,39.12,-0.01,0.13,-0.14,0.26
ESSA,LEPA,1,30,-8.74,18.97,-43.04,21.51,0.01,0.16,-0.23,0.29
ESSA,LEPA,2,22,-4.2,19.4,-32.42,30.95,-0.0,0.11,-0.17,0.16
ESSA,LFMN,0,42,-46.63,37.58,-81.05,-5.61,-0.16,0.16,-0.45,0.06
ESSA,LFMN,1,26,-47.26,22.07,-75.28,-12.82,-0.24,0.16,-0.48,0.01
ESSA,LFPG,0,13,-10.18,14.53,-35.92,7.68,0.03,0.07,-0.06,0.11
ESSA,LFPG,1,41,-8.55,16.34,-34.3,9.9,0.02,0.11,-0.18,0.2
ESSA,LFPG,2,38,-8.29,11.63,-20.7,14.61,0.01,0.1,-0.13,0.18
ESSA,LFPG,3,31,-8.03,16.03,-27.6,18.8,0.02,0.13,-0.12,0.16
ESSA,LFPG,4,43,-16.84,13.86,-44.48,2.56,-0.02,0.13,-0.23,0.25
ESSA,LFPG,5,20,-5.32,20.82,-31.04,34.62,0.05,0.13,-0.17,0.21
ESSA,LGAV,0,51,-13.32,27.44,-45.5,37.4,0.0,0.15,-0.21,0.27
ESSA,LIRF,0,17,-31.76,14.29,-55.22,-14.88,-0.11,0.13,-0.31,0.04
ESSA,LIRF,1,28,-48.73,21.75,-68.92,-10.59,-0.18,0.16,-0.38,0.14
ESSA,LIRF,2,37,-42.35,20.28,-64.42,-11.98,-0.15,0.18,-0.33,0.2
ESSA,LKPR,0,28,-15.09,11.53,-31.33,0.98,-0.04,0.08,-0.19,0.08
ESSA,LKPR,1,32,-18.94,11.37,-36.82,-0.91,-0.03,0.13,-0.26,0.12
ESSA,LOWW,0,133,-3.4,17.17,-25.58,30.14,0.03,0.12,-0.15,0.24
ESSA,LSZH,0,41,-25.3,10.67,-33.3,-3.3,-0.1,0.1,-0.26,0.04
ESSA,LSZH,1,50,-28.98,9.93,-39.2,-7.87,-0.12,0.1,-0.32,0.02
ESSA,LSZH,2,28,-28.3,12.43,-37.58,-13.15,-0.12,0.11,-0.3,0.04
ESSA,LTAI,0,50,-19.0,21.84,-40.94,13.44,-0.01,0.15,-0.23,0.3
ESSA,LTFM,0,36,-24.81,22.66,-49.88,29.18,-0.01,0.17,-0.22,0.28
ESSA,LTFM,1,31,-51.59,20.56,-79.15,-23.9,-0.08,0.17,-0.3,0.18
ESSA,LTFM,2,21,-32.3,9.09,-42.5,-14.4,-0.05,0.15,-0.26,0.23
ESSB,EBBR,0,72,-1.47,10.32,-15.04,15.69,0.04,0.08,-0.11,0.16
ESSB,ESDF,0,64,-5.7,4.15,-9.7,2.63,-0.05,0.06,-0.14,0.05
ESSB,ESGG,0,123,-4.59,8.63,-11.69,18.93,-0.05,0.06,-0.13,0.04
ESSB,ESMQ,0,70,-8.85,3.55,-15.4,-3.78,-0.01,0.12,-0.09,0.05
ESSB,ESMS,0,168,-3.17,6.48,-8.3,4.93,0.0,0.21,-0.2,0.35
ESSB,ESMT,0,70,-1.99,2.56,-5.24,3.4,0.01,0.05,-0.06,0.1
ESSB,ESNU,0,78,-7.66,9.01,-17.4,4.83,-0.01,0.06,-0.09,0.09
ESSB,ESSV,0,182,-7.34,6.81,-13.38,3.98,-0.01,0.03,-0.06,0.04
ESSB,ESTA,0,121,-4.74,3.86,-11.0,1.7,-0.02,0.06,-0.1,0.08
ESSL,EHAM,0,29,13.01,5.65,5.52,23.72,0.03,0.07,-0.06,0.11
ESSL,EHAM,1,29,13.07,9.67,3.54,28.44,0.07,0.09,-0.06,0.23
ESSL,EHAM,2,16,14.38,13.63,3.45,33.7,0.07,0.08,-0.05,0.18
ESSV,ESSA,0,91,8.32,8.33,-6.5,22.5,0.07,0.07,-0.07,0.16
ESSV,ESSB,0,181,-15.15,9.1,-24.8,-4.3,-0.03,0.03,-0.08,0.02
ESTA,ESSA,0,82,1.36,12.38,-14.4,18.36,0.04,0.14,-0.1,0.3
ESTA,ESSB,0,122,-0.05,2.46,-2.5,6.0,0.0,0.06,-0.08,0.1
EVRA,EDDB,0,65,10.22,9.97,-2.58,26.68,0.1,0.06,-0.0,0.18
EVRA,EDDF,0,68,-39.27,25.25,-70.92,-7.72,-0.17,0.08,-0.29,-0.04
EVRA,EDDF,1,27,-39.12,27.51,-62.3,3.19,-0.14,0.08,-0.25,-0.02
EVRA,EDDM,0,19,-15.72,10.78,-28.42,-3.98,-0.07,0.09,-0.17,0.07
EVRA,EDDM,1,32,-17.53,17.09,-37.84,15.08,-0.04,0.1,-0.2,0.11
EVRA,EETN,0,129,-18.99,11.43,-28.7,-6.3,0.0,0.11,-0.05,0.04
EVRA,EFHK,0,223,-12.95,10.36,-27.67,1.79,-0.0,0.16,-0.21,0.24
EVRA,EGKK,0,50,7.48,12.33,-5.01,25.9,0.18,0.15,-0.01,0.45
EVRA,EHAM,0,72,3.24,4.75,-2.7,13.27,0.09,0.09,-0.05,0.2
EVRA,EKCH,0,82,-24.91,10.13,-35.5,-7.01,-0.11,0.06,-0.19,0.0
EVRA,EKCH,1,18,-17.47,10.95,-36.68,-4.82,-0.08,0.03,-0.13,-0.02
EVRA,EKCH,2,21,-30.17,12.25,-43.6,-12.3,-0.17,0.06,-0.25,-0.1
EVRA,ENGM,0,92,-15.29,5.78,-23.34,-7.98,-0.0,0.07,-0.12,0.11
EVRA,EPWA,0,27,-57.92,16.46,-78.84,-30.53,-0.2,0.05,-0.26,-0.13
EVRA,EPWA,1,31,-58.68,19.51,-81.25,-23.75,-0.18,0.06,-0.27,-0.08
EVRA,ESSA,0,109,-3.48,9.11,-14.3,15.46,0.06,0.06,-0.02,0.18
EVRA,EYVI,0,120,-16.7,8.31,-24.8,-1.89,0.02,0.03,-0.02,0.1
EVRA,LOWW,0,51,1.51,14.56,-16.25,26.9,0.05,0.12,-0.14,0.24
EVRA,LTFM,0,43,-27.07,41.78,-62.22,1.6,0.0,0.22,-0.23,0.27
EVRA,LTFM,1,16,-22.24,16.18,-48.32,-3.98,-0.01,0.14,-0.18,0.28
EYKA,EGGW,0,52,-8.26,12.68,-28.18,12.14,0.06,0.1,-0.07,0.24
EYPA,EKCH,0,54,-33.18,10.16,-46.74,-16.65,-0.12,0.05,-0.19,-0.02
EYVI,EDDF,0,54,-42.93,27.0,-74.24,-6.3,-0.17,0.07,-0.3,-0.07
EYVI,EFHK,0,24,2.33,7.73,-13.58,11.82,0.04,0.05,-0.05,0.11
EYVI,EFHK,1,65,0.56,8.8,-12.7,13.88,0.02,0.1,-0.15,0.21
EYVI,EFHK,2,28,-0.05,7.94,-11.92,14.48,0.01,0.09,-0.11,0.18
EYVI,EGGW,0,60,-21.32,25.05,-48.04,31.55,0.09,0.11,-0.06,0.26
EYVI,EKCH,0,60,-20.84,11.43,-38.02,-3.14,-0.13,0.06,-0.21,-0.02
EYVI,EPWA,0,131,-56.3,15.26,-77.0,-30.2,-0.13,0.05,-0.2,-0.05
EYVI,ESSA,0,58,-16.17,13.67,-30.64,6.72,-0.05,0.12,-0.18,0.15
EYVI,EVRA,0,121,7.08,9.8,-8.6,26.8,0.06,0.06,-0.02,0.18
EYVI,LTFM,0,62,-31.83,18.84,-58.03,-4.85,0.01,0.12,-0.15,0.25
FAOR,EGLL,0,14,18.56,19.53,-0.7,53.83,0.14,0.1,-0.02,0.27
FAOR,EGLL,1,35,23.19,25.43,-2.73,76.82,0.06,0.15,-0.15,0.34
FAOR,EGLL,2,41,22.38,160.33,-115.9,268.1,-0.08,0.26,-0.38,0.35
FMEE,LFPG,0,55,-14.81,29.68,-52.86,16.43,0.05,0.42,-0.35,0.34
FMEE,LFPO,0,50,-15.16,17.55,-42.08,13.73,0.07,0.22,-0.22,0.45
FMEE,LFPO,1,30,-23.6,13.66,-40.11,-3.57,-0.01,0.2,-0.44,0.23
FMEE,LFPO,2,24,-25.04,23.78,-68.02,10.52,0.07,0.25,-0.31,0.58
FNLU,LPPT,0,19,-5.35,23.27,-21.97,24.48,0.02,0.12,-0.17,0.14
FNLU,LPPT,1,42,-35.35,161.55,-159.84,278.1,0.03,0.42,-0.38,0.8
FNLU,LPPT,2,28,-21.77,72.01,-117.58,83.93,0.04,0.21,-0.33,0.36
GCFV,EDDF,0,52,-65.89,27.04,-93.89,-17.98,-0.24,0.19,-0.54,0.03
GCFV,EDDL,0,37,-17.31,20.6,-43.22,21.14,-0.04,0.18,-0.38,0.25
GCFV,EDDL,1,17,-15.78,25.8,-39.3,37.92,-0.01,0.15,-0.21,0.23
GCFV,EGCC,0,51,-6.33,42.56,-54.55,62.15,-0.06,0.18,-0.34,0.23
GCFV,GCLP,0,506,-2.37,8.89,-14.48,9.7,0.03,0.06,-0.05,0.13
GCFV,GCXO,0,310,-8.67,5.78,-17.86,0.48,-0.1,0.05,-0.16,-0.02
GCFV,LEMD,0,97,2.49,21.1,-17.8,40.38,0.05,0.11,-0.13,0.23
GCGM,GCLP,0,59,3.82,25.01,-0.41,2.55,-0.14,0.03,-0.17,-0.1
GCGM,GCXO,0,60,7.3,8.7,-8.62,19.12,0.02,0.05,-0.05,0.11
GCHI,GCLP,0,74,-4.54,3.87,-8.67,1.27,-0.0,0.03,-0.05,0.04
GCHI,GCXO,0,171,2.6,7.66,-9.95,14.05,-0.02,0.05,-0.09,0.06
GCLA,GCLP,0,196,3.78,7.65,-7.02,16.23,0.04,0.04,-0.01,0.12
GCLA,GCTS,0,60,-6.17,4.68,-12.1,1.14,0.01,0.03,-0.03,0.07
GCLA,GCXO,0,585,6.72,7.66,-8.2,18.26,-0.01,0.05,-0.09,0.06
GCLP,EDDF,0,15,-52.7,51.91,-105.23,39.51,-0.29,0.21,-0.51,0.05
GCLP,EDDF,1,40,-59.94,21.22,-86.81,-28.3,-0.24,0.17,-0.48,0.05
GCLP,EDDL,0,50,-20.42,23.7,-51.32,18.84,-0.06,0.17,-0.35,0.19
GCLP,EGCC,0,53,-7.08,30.73,-41.94,55.72,-0.07,0.21,-0.37,0.23
GCLP,EGCC,1,16,3.96,17.35,-17.62,33.02,-0.08,0.16,-0.28,0.21
GCLP,EGGD,0,15,12.3,13.15,-3.31,34.24,-0.02,0.16,-0.29,0.17
GCLP,EGGD,1,35,3.5,11.1,-10.96,20.58,-0.01,0.17,-0.22,0.22
GCLP,EGKK,0,34,10.26,11.39,-11.66,27.07,0.03,0.17,-0.23,0.33
GCLP,EGKK,1,29,5.82,16.15,-14.92,29.36,0.0,0.16,-0.23,0.22
GCLP,EHAM,0,66,11.92,18.4,-19.18,42.48,0.0,0.16,-0.3,0.28
GCLP,GCFV,0,504,1.66,2.16,-0.28,1.8,0.04,0.04,0.01,0.08
GCLP,GCGM,0,60,-30.71,7.51,-42.93,-19.78,-0.23,0.03,-0.28,-0.18
GCLP,GCHI,0,74,-26.21,8.5,-40.18,-13.0,-0.03,0.06,-0.11,0.11
GCLP,GCLA,0,196,1.23,2.11,-2.12,3.52,0.02,0.03,-0.03,0.08
GCLP,GCRR,0,668,1.9,3.18,-1.69,6.7,0.02,0.03,-0.02,0.08
GCLP,GCTS,0,149,-41.25,9.45,-56.58,-28.32,-0.1,0.05,-0.16,-0.02
GCLP,GCXO,0,677,-2.18,3.76,-3.0,5.04,-0.08,0.03,-0.12,-0.02
GCLP,LEBL,0,65,-4.56,22.22,-36.22,31.14,-0.03,0.15,-0.25,0.22
GCLP,LEBL,1,29,-8.73,17.29,-35.28,18.36,-0.03,0.17,-0.27,0.24
GCLP,LEBL,2,19,0.14,15.37,-14.23,18.59,0.0,0.12,-0.2,0.15
GCLP,LEMD,0,72,-16.08,21.02,-51.59,9.68,-0.0,0.15,-0.21,0.25
GCLP,LEMD,1,289,6.89,17.8,-2.1,49.6,0.05,0.11,-0.12,0.21
GCLP,LEMD,2,17,-6.81,7.65,-16.4,4.16,0.03,0.09,-0.11,0.15
GCLP,LEMG,0,69,-11.58,13.3,-32.8,0.26,0.01,0.1,-0.14,0.15
GCLP,LEST,0,50,6.25,12.49,-9.12,30.99,0.02,0.11,-0.14,0.18
GCLP,LEZL,0,19,-14.7,13.04,-35.3,-2.17,-0.0,0.08,-0.14,0.1
GCLP,LEZL,1,54,-2.52,4.75,-11.65,5.54,0.03,0.08,-0.11,0.14
GCRR,EGBB,0,27,-0.67,18.73,-22.3,24.23,-0.06,0.17,-0.34,0.19
GCRR,EGBB,1,25,-2.93,64.43,-72.04,109.86,-0.06,0.21,-0.33,0.28
GCRR,EGCC,0,18,4.66,16.02,-19.97,26.37,-0.0,0.17,-0.24,0.22
GCRR,EGCC,1,85,-2.92,28.01,-36.6,55.48,0.0,0.18,-0.28,0.27
GCRR,EGGD,0,60,7.89,16.28,-18.1,35.34,-0.03,0.16,-0.29,0.2
GCRR,EGKK,0,69,15.83,43.23,-13.66,43.18,0.07,0.25,-0.22,0.47
GCRR,EGKK,1,43,12.81,10.07,0.19,28.33,0.07,0.19,-0.18,0.43
GCRR,EGSS,0,69,2.89,11.81,-9.26,24.02,0.05,0.15,-0.16,0.31
GCRR,EIDW,0,20,-22.3,14.58,-44.74,0.09,-0.1,0.13,-0.3,0.06
GCRR,EIDW,1,36,-17.37,19.69,-41.68,20.8,-0.0,0.24,-0.26,0.38
GCRR,EIDW,2,36,-27.22,31.9,-61.62,20.2,-0.09,0.21,-0.36,0.35
GCRR,EIDW,3,20,-3.66,13.89,-20.12,17.62,-0.09,0.18,-0.31,0.14
GCRR,GCLP,0,669,-15.86,9.12,-28.98,1.7,-0.01,0.06,-0.11,0.09
GCRR,GCTS,0,61,-25.88,9.47,-40.5,-5.4,-0.15,0.07,-0.24,-0.05
GCRR,GCXO,0,393,-14.59,3.73,-19.7,-7.22,-0.11,0.04,-0.18,-0.03
GCRR,LEBL,0,73,1.22,21.37,-32.96,35.54,-0.03,0.13,-0.23,0.21
GCRR,LEMD,0,71,-5.05,24.9,-23.3,39.45,0.02,0.12,-0.17,0.2
GCRR,LEMD,1,62,4.47,16.26,-4.77,47.92,0.06,0.09,-0.07,0.2
GCRR,LEMD,2,20,-12.07,19.42,-46.06,13.87,-0.0,0.14,-0.15,0.25
GCTS,EBBR,0,45,9.7,24.86,-18.7,69.9,-0.05,0.17,-0.25,0.27
GCTS,EBBR,1,18,-0.58,17.26,-24.12,25.82,-0.05,0.19,-0.31,0.21
GCTS,EDDF,0,15,-79.14,32.81,-121.72,-31.82,-0.22,0.16,-0.44,0.02
GCTS,EDDF,1,37,-47.54,122.04,-94.8,-11.86,-0.16,0.37,-0.45,0.14
GCTS,EDDL,0,17,-32.84,27.73,-62.0,17.68,-0.08,0.18,-0.34,0.14
GCTS,EDDL,1,34,-18.81,18.39,-41.2,10.14,-0.09,0.19,-0.44,0.14
GCTS,EGBB,0,39,-19.28,31.95,-56.89,43.51,-0.1,0.22,-0.39,0.17
GCTS,EGBB,1,20,-0.62,25.61,-21.6,47.3,-0.05,0.16,-0.21,0.21
GCTS,EGBB,2,6,-18.58,28.3,-38.52,22.07,-0.1,0.13,-0.23,0.08
GCTS,EGBB,3,18,1.28,39.44,-54.32,69.9,-0.08,0.24,-0.36,0.3
GCTS,EGCC,0,110,-8.9,38.35,-53.28,71.44,-0.04,0.21,-0.37,0.27
GCTS,EGCC,1,35,-3.69,24.93,-43.63,40.05,-0.08,0.19,-0.3,0.24
GCTS,EGCC,2,18,9.93,15.86,-13.26,32.78,-0.06,0.21,-0.3,0.15
GCTS,EGCC,3,17,-15.25,19.62,-48.98,12.22,-0.06,0.18,-0.38,0.18
GCTS,EGGD,0,83,4.52,38.66,-36.1,105.63,-0.02,0.18,-0.29,0.29
GCTS,EGKK,0,26,0.75,20.61,-26.95,35.83,0.01,0.2,-0.27,0.32
GCTS,EGKK,1,110,4.99,14.91,-19.43,29.7,0.05,0.22,-0.25,0.42
GCTS,EGNM,0,35,-0.32,30.37,-23.42,51.64,-0.04,0.19,-0.28,0.24
GCTS,EGNM,1,22,0.1,17.39,-27.98,24.43,-0.07,0.18,-0.32,0.19
GCTS,EGNT,0,36,4.3,31.15,-21.9,52.08,-0.03,0.17,-0.24,0.26
GCTS,EGNT,1,20,-0.8,26.75,-38.68,35.61,-0.02,0.21,-0.32,0.33
GCTS,EGNX,0,68,-5.83,34.11,-37.36,87.53,-0.03,0.19,-0.25,0.28
GCTS,EGPF,0,31,-15.37,24.34,-37.1,14.65,-0.11,0.18,-0.34,0.22
GCTS,EGPF,1,20,-9.03,12.78,-34.64,7.16,-0.06,0.19,-0.32,0.19
GCTS,EGPH,0,29,-13.39,14.04,-32.82,5.3,-0.02,0.18,-0.25,0.26
GCTS,EGPH,1,19,-7.58,23.53,-40.91,19.71,-0.08,0.24,-0.36,0.45
GCTS,EGPH,2,29,-5.48,14.22,-26.98,11.42,-0.11,0.21,-0.43,0.24
GCTS,EGSS,0,36,0.26,25.45,-31.88,65.68,0.06,0.17,-0.23,0.27
GCTS,EGSS,1,76,-6.42,24.48,-36.22,17.35,0.0,0.2,-0.28,0.37
GCTS,EIDW,0,21,-39.72,75.1,-86.1,129.3,-0.17,0.17,-0.4,0.13
GCTS,EIDW,1,26,-16.15,13.76,-40.48,11.48,-0.2,0.2,-0.51,0.04
GCTS,EIDW,2,18,-18.95,14.28,-42.62,0.41,-0.08,0.17,-0.31,0.18
GCTS,GCLA,0,60,1.85,2.97,-2.88,4.1,0.05,0.02,0.02,0.08
GCTS,GCLP,0,157,-14.27,6.86,-22.8,-4.3,-0.03,0.03,-0.08,0.02
GCTS,GCLP,1,18,-11.99,7.23,-22.76,-4.26,-0.2,0.02,-0.23,-0.16
GCTS,GCRR,0,65,3.71,5.81,-0.48,9.94,0.04,0.07,-0.1,0.12
GCTS,LEMD,0,21,-25.66,23.04,-57.7,10.7,-0.04,0.13,-0.21,0.19
GCTS,LEMD,1,80,-3.45,20.19,-20.7,48.22,0.04,0.12,-0.14,0.22
GCXO,GCFV,0,310,-8.15,6.06,-22.4,1.51,0.01,0.06,-0.05,0.08
GCXO,GCGM,0,60,-1.51,5.47,-2.7,-1.1,-0.38,0.04,-0.42,-0.32
GCXO,GCHI,0,172,6.27,8.81,-2.8,20.64,0.05,0.06,-0.02,0.16
GCXO,GCLA,0,587,2.34,5.25,-1.3,9.8,0.03,0.03,-0.0,0.1
GCXO,GCLP,0,670,17.93,11.02,1.5,37.48,-0.02,0.06,-0.11,0.07
GCXO,GCRR,0,393,-1.08,5.08,-11.34,6.02,0.04,0.04,-0.02,0.09
GCXO,LEBL,0,96,4.43,23.41,-29.12,45.15,0.1,0.14,-0.12,0.36
GCXO,LEBL,1,35,2.26,18.01,-26.16,28.04,0.02,0.13,-0.2,0.2
GCXO,LEMD,0,228,3.28,17.13,-12.4,45.75,0.04,0.11,-0.14,0.23
GCXO,LEMD,1,68,-18.19,22.3,-59.48,7.06,-0.03,0.15,-0.26,0.19
GCXO,LEMD,2,29,-0.58,19.25,-19.46,33.16,0.01,0.09,-0.11,0.16
GCXO,LEMD,3,21,11.44,32.84,-28.9,80.5,0.17,0.14,-0.08,0.41
GCXO,LEMG,0,60,-8.86,15.23,-33.5,14.32,0.11,0.1,-0.07,0.27
GCXO,LEZL,0,48,5.4,8.34,-6.56,16.23,0.14,0.09,-0.02,0.28
GCXO,LEZL,1,41,-26.0,15.5,-49.3,-4.0,-0.05,0.08,-0.17,0.08
GEML,LEMD,0,78,14.82,26.27,-9.3,68.39,0.1,0.11,-0.03,0.36
GEML,LEMD,1,26,-2.57,30.91,-36.2,41.45,0.02,0.11,-0.13,0.18
GEML,LEMG,0,210,-62.07,16.41,-81.9,-32.91,-0.18,0.08,-0.29,-0.04
GMAD,GMMN,0,46,-11.4,10.11,-23.25,9.43,0.02,0.08,-0.09,0.14
GMAD,GMMN,1,63,-18.75,15.18,-39.37,4.87,-0.02,0.1,-0.13,0.21
GMAD,LFPO,0,104,0.61,21.96,-24.84,26.9,-0.0,0.15,-0.22,0.26
GMAD,LFPO,1,21,-22.56,23.75,-57.9,2.9,-0.06,0.16,-0.3,0.13
GMFO,GMMN,0,33,2.95,12.29,-8.48,25.52,0.14,0.11,0.0,0.32
GMFO,GMMN,1,27,-2.96,12.55,-8.97,13.56,0.09,0.28,-0.07,0.76
GMFO,LFPO,0,68,-3.88,20.0,-28.63,35.15,-0.0,0.11,-0.15,0.16
GMFO,LFPO,1,22,-15.25,30.01,-49.9,35.97,-0.03,0.08,-0.15,0.08
GMME,LFPG,0,43,-14.09,13.57,-24.99,15.48,-0.05,0.11,-0.19,0.11
GMME,LFPG,1,32,-14.98,15.86,-41.4,9.47,-0.05,0.1,-0.2,0.09
GMME,LFPO,0,42,0.16,16.06,-20.36,19.3,0.01,0.14,-0.17,0.26
GMME,LFPO,1,30,-12.91,18.76,-37.0,6.98,-0.03,0.14,-0.19,0.18
GMMH,GMMN,0,54,-12.91,7.5,-21.77,-0.93,0.01,0.07,-0.12,0.15
GMML,GMMN,0,58,-15.71,7.44,-22.52,-2.33,0.03,0.1,-0.09,0.24
GMMN,CYUL,0,41,0.43,49.52,-42.9,80.9,0.05,0.25,-0.26,0.48
GMMN,CYUL,1,31,0.17,24.74,-23.95,38.55,0.04,0.19,-0.2,0.38
GMMN,DIAP,0,20,6.52,15.25,-4.42,29.6,0.01,0.1,-0.12,0.15
GMMN,DIAP,1,19,0.92,8.4,-8.79,9.81,-0.03,0.06,-0.12,0.05
GMMN,DIAP,2,15,7.6,29.29,-6.76,58.13,0.02,0.14,-0.12,0.27
GMMN,DTTA,0,41,10.94,6.56,1.9,22.5,0.06,0.09,-0.04,0.23
GMMN,DTTA,1,60,-4.05,37.66,-64.37,49.16,0.01,0.14,-0.22,0.23
GMMN,EBBR,0,25,14.26,10.4,-3.58,30.08,0.05,0.15,-0.18,0.25
GMMN,EBBR,1,32,18.66,13.25,-3.02,39.51,0.07,0.1,-0.06,0.25
GMMN,EBBR,2,16,19.32,10.75,4.52,33.72,0.1,0.18,-0.1,0.41
GMMN,EDDF,0,32,-65.61,19.46,-87.82,-35.86,-0.23,0.12,-0.37,-0.05
GMMN,EDDF,1,27,-34.67,26.82,-73.72,10.85,-0.18,0.13,-0.39,-0.01
GMMN,GMAD,0,51,-1.84,5.65,-12.05,3.7,-0.05,0.11,-0.13,0.07
GMMN,GMAD,1,42,-5.71,5.32,-13.66,1.1,-0.01,0.04,-0.07,0.03
GMMN,GMAD,2,17,-2.31,5.41,-10.42,3.18,-0.03,0.12,-0.09,0.08
GMMN,GMFO,0,23,-5.84,6.12,-9.6,-2.13,0.1,0.22,-0.02,0.38
GMMN,GMFO,1,36,-1.67,6.27,-9.2,8.55,0.1,0.09,-0.01,0.25
GMMN,GMMH,0,52,8.54,5.79,-2.54,15.19,0.04,0.08,-0.09,0.18
GMMN,GMML,0,58,9.6,6.93,-3.36,20.1,0.08,0.08,-0.03,0.19
GMMN,GMMX,0,74,-5.29,7.3,-17.57,5.69,0.03,0.07,-0.07,0.14
GMMN,GMMX,1,59,-9.94,9.88,-22.81,0.87,0.04,0.08,-0.06,0.2
GMMN,GOBD,0,66,14.66,16.32,-7.5,41.8,0.12,0.13,-0.08,0.36
GMMN,GQNO,0,12,7.19,4.1,2.06,13.72,0.05,0.05,-0.02,0.13
GMMN,GQNO,1,26,-0.13,7.95,-12.32,10.62,0.27,0.09,0.13,0.45
GMMN,GQNO,2,18,14.45,5.29,9.44,22.94,0.08,0.07,-0.02,0.17
GMMN,HECA,0,59,14.67,15.22,-2.48,40.64,0.04,0.14,-0.1,0.36
GMMN,HECA,1,31,12.98,27.31,-18.95,50.55,0.08,0.15,-0.17,0.32
GMMN,KJFK,0,23,-1.18,23.85,-20.93,46.04,0.06,0.21,-0.21,0.46
GMMN,KJFK,1,28,-1.09,62.75,-65.32,110.04,0.08,0.21,-0.18,0.35
GMMN,LEBL,0,63,0.85,21.01,-30.07,36.61,0.01,0.1,-0.12,0.18
GMMN,LEMD,0,41,2.33,12.1,-6.8,33.9,0.08,0.09,0.0,0.22
GMMN,LEMD,1,36,4.95,18.06,-7.4,51.25,0.08,0.07,-0.01,0.19
GMMN,LEMD,2,29,-12.16,16.48,-41.08,6.8,0.07,0.13,-0.11,0.3
GMMN,LEMG,0,45,-16.97,18.71,-46.88,10.92,0.03,0.16,-0.14,0.33
GMMN,LEMG,1,19,-18.22,12.44,-32.3,0.0,0.01,0.07,-0.09,0.1
GMMN,LFLL,0,62,9.37,31.15,-22.27,63.03,0.05,0.12,-0.08,0.2
GMMN,LFPG,0,104,-10.23,24.14,-37.8,33.71,-0.03,0.16,-0.25,0.22
GMMN,LFPG,1,47,-8.44,19.36,-29.5,22.34,-0.04,0.16,-0.26,0.26
GMMN,LFPO,0,238,3.58,20.86,-18.2,36.6,0.04,0.15,-0.21,0.31
GMMN,LIMC,0,54,-60.75,23.56,-83.49,-11.5,-0.21,0.12,-0.37,-0.01
GMMN,LIPE,0,66,-5.25,14.48,-20.52,17.9,0.01,0.11,-0.16,0.24
GMMN,LPPT,0,112,-17.94,29.84,-49.67,32.0,0.03,0.2,-0.14,0.48
GMMN,LTFJ,0,39,-21.35,20.58,-46.11,10.33,0.0,0.17,-0.23,0.26
GMMN,LTFJ,1,22,-20.35,17.71,-43.84,6.07,0.01,0.17,-0.22,0.32
GMMN,LTFM,0,28,-13.35,30.09,-43.43,26.27,-0.06,0.15,-0.24,0.22
GMMN,LTFM,1,33,-15.43,14.13,-35.32,4.48,0.05,0.18,-0.18,0.31
GMMN,OEJN,0,53,33.24,23.66,7.98,71.98,0.19,0.13,-0.0,0.37
GMMW,EBBR,0,37,18.08,13.03,-4.32,36.14,0.05,0.11,-0.09,0.19
GMMW,EBBR,1,15,16.77,6.91,6.27,27.13,-0.04,0.1,-0.16,0.08
GMMX,EGKK,0,118,16.47,21.12,-10.14,42.83,0.1,0.21,-0.2,0.47
GMMX,GMMN,0,97,6.01,8.58,-3.66,23.62,0.05,0.09,-0.12,0.17
GMMX,GMMN,1,30,1.07,6.77,-8.03,11.29,-0.0,0.04,-0.05,0.06
GMMX,LEMD,0,40,8.18,13.38,-5.1,32.73,0.07,0.08,-0.06,0.21
GMMX,LEMD,1,42,11.36,18.17,-5.42,54.26,0.03,0.09,-0.07,0.19
GMMX,LEMD,2,21,-6.67,34.02,-50.9,16.6,-0.02,0.15,-0.16,0.1
GMMX,LFPG,0,123,-4.65,28.03,-31.86,24.34,-0.04,0.16,-0.28,0.22
GMMX,LFPO,0,84,3.69,17.78,-15.9,28.66,0.02,0.17,-0.26,0.32
GMMX,LFPO,1,98,7.8,18.07,-16.52,35.82,0.02,0.14,-0.18,0.27
GMMX,LFRS,0,24,0.63,33.77,-26.09,30.38,0.03,0.22,-0.21,0.25
GMMX,LFRS,1,41,9.14,17.48,-10.2,38.2,0.07,0.13,-0.1,0.31
GMMX,LPPT,0,73,-17.57,26.17,-45.06,28.56,0.03,0.1,-0.09,0.28
GMMX,LSGG,0,19,7.55,8.14,-0.48,18.44,-0.14,0.14,-0.32,0.1
GMMX,LSGG,1,39,-0.72,23.94,-38.02,52.84,0.0,0.14,-0.18,0.16
GMTT,EBBR,0,23,14.57,18.33,-13.27,39.54,0.03,0.08,-0.06,0.17
GMTT,EBBR,1,15,11.63,12.97,-4.36,33.77,0.07,0.15,-0.09,0.34
GMTT,EBBR,2,24,19.89,10.13,2.73,33.47,0.07,0.1,-0.08,0.18
GMTT,LEBL,0,59,2.3,23.21,-28.66,40.29,-0.0,0.1,-0.15,0.15
GMTT,LEMD,0,56,2.96,15.43,-10.3,46.75,3.0,7.88,-0.04,23.81
GMTT,LEMD,1,20,3.2,33.29,-26.01,61.82,0.82,3.66,-0.12,1.23
GMTT,LEMD,2,15,-9.17,15.55,-37.67,8.42,1.09,4.19,-0.14,4.99
GOBD,GMMN,0,64,-3.42,16.0,-15.68,32.74,0.02,0.11,-0.15,0.22
GOBD,LFPG,0,31,-1.28,46.6,-36.05,56.35,0.04,0.18,-0.17,0.32
GOBD,LFPG,1,32,-25.71,31.14,-63.2,8.4,-0.03,0.19,-0.28,0.3
GQNO,GMMN,0,24,-15.97,6.09,-23.56,-5.1,0.15,0.09,0.04,0.25
GQNO,GMMN,1,29,-12.17,7.44,-21.12,-0.12,0.16,0.06,0.08,0.24
GVAC,LPPT,0,22,-4.94,22.62,-29.06,27.35,-0.01,0.17,-0.27,0.23
GVAC,LPPT,1,29,0.42,28.52,-32.38,48.72,0.12,0.15,-0.13,0.33
GVNP,LPPT,0,19,-20.14,25.14,-47.53,14.55,0.01,0.16,-0.23,0.25
GVNP,LPPT,1,34,-17.82,25.76,-45.88,30.99,0.01,0.15,-0.19,0.24
GVNP,LPPT,2,21,-8.86,26.83,-42.0,25.1,0.04,0.15,-0.22,0.26
HAAB,EIDW,0,64,-14.14,19.06,-37.22,24.3,-0.02,0.15,-0.24,0.22
HAAB,EIDW,1,28,-18.95,21.37,-42.23,-1.41,-0.01,0.14,-0.26,0.16
HAAB,LLBG,0,59,-25.92,18.55,-61.56,-2.31,-0.03,0.11,-0.21,0.08
HAAB,LTFM,0,62,-25.93,40.63,-84.32,25.69,-0.07,0.2,-0.44,0.2
HAAB,OLBA,0,60,-15.12,11.61,-30.75,3.49,-0.03,0.11,-0.21,0.13
HECA,EDDF,0,62,-13.55,24.65,-51.25,23.28,-0.12,0.15,-0.37,0.09
HECA,EDDF,1,30,-25.65,44.28,-77.01,57.57,-0.19,0.16,-0.42,0.05
HECA,EDDM,0,25,13.25,14.79,-4.84,39.8,-0.05,0.12,-0.2,0.17
HECA,EDDM,1,15,18.35,12.58,0.45,37.36,-0.09,0.11,-0.26,0.08
HECA,EDDM,2,20,13.08,15.34,-2.98,42.06,-0.06,0.11,-0.22,0.08
HECA,EGLL,0,18,9.13,9.97,-2.46,22.44,0.14,0.28,-0.24,0.55
HECA,EGLL,1,16,25.81,45.73,0.45,80.32,0.1,0.18,-0.18,0.38
HECA,EGLL,2,50,7.66,24.45,-19.61,55.58,0.08,0.17,-0.18,0.4
HECA,EGLL,3,36,17.44,16.35,-8.12,41.05,0.15,0.18,-0.21,0.38
HECA,GMMN,0,58,-2.53,13.11,-14.73,25.0,0.02,0.15,-0.19,0.26
HECA,GMMN,1,31,-6.79,30.56,-39.6,48.8,-0.0,0.14,-0.22,0.2
HECA,LEMD,0,63,12.06,25.35,-14.77,58.55,0.06,0.12,-0.16,0.23
HECA,LFPG,0,24,-8.36,20.15,-38.59,12.71,0.01,0.13,-0.17,0.23
HECA,LFPG,1,61,5.49,31.43,-32.7,73.4,0.03,0.17,-0.25,0.31
HECA,LGAV,0,43,5.49,6.94,-4.82,18.22,0.04,0.06,-0.05,0.15
HECA,LGAV,1,93,4.77,11.26,-5.48,21.3,0.01,0.06,-0.1,0.08
HECA,LIMC,0,75,-53.19,14.13,-68.85,-30.56,-0.23,0.12,-0.44,-0.06
HECA,LIMC,1,20,-50.18,13.13,-65.21,-26.22,-0.17,0.13,-0.37,-0.02
HECA,LIRF,0,123,-33.72,20.06,-57.59,11.08,-0.1,0.1,-0.26,0.08
HECA,LOWW,0,60,11.15,24.2,-18.94,56.91,0.01,0.1,-0.15,0.14
HECA,LTFM,0,200,-14.16,24.09,-44.74,28.15,-0.01,0.11,-0.16,0.17
HECA,OLBA,0,152,-19.78,11.2,-38.34,-2.15,-0.04,0.05,-0.12,0.03
HECA,UUDD,0,60,-10.96,86.15,-62.9,141.45,-0.11,0.16,-0.34,0.14
HEGN,EDDF,0,27,-11.73,22.69,-45.91,18.92,-0.07,0.16,-0.35,0.14
HEGN,EDDF,1,16,-19.26,22.63,-48.62,6.45,-0.09,0.16,-0.33,0.15
HEGN,EDDF,2,16,-29.5,38.61,-78.85,15.38,-0.15,0.15,-0.4,0.06
HEGN,EDDL,0,63,-1.45,18.2,-22.22,35.3,0.04,0.16,-0.21,0.28
HEGN,EDDM,0,15,11.24,9.13,-3.98,20.79,0.01,0.1,-0.1,0.14
HEGN,EDDM,1,41,15.99,15.2,-3.4,42.9,-0.01,0.12,-0.18,0.17
HEGN,LSZH,0,17,-9.98,35.77,-49.42,58.02,-0.05,0.2,-0.4,0.23
HEGN,LSZH,1,44,16.37,24.83,-15.17,56.1,-0.02,0.16,-0.25,0.24
HESH,LIMC,0,49,-48.85,14.7,-64.1,-20.76,-0.21,0.14,-0.47,-0.01
HESH,LIMC,1,28,-46.31,13.94,-64.35,-20.22,-0.2,0.14,-0.44,-0.03
HESH,UUEE,0,38,-92.49,35.1,-135.8,-11.52,-0.28,0.15,-0.53,-0.07
HESH,UUEE,1,16,7.64,35.38,-21.15,73.0,0.13,0.17,-0.17,0.37
HKJK,EBLG,0,21,-117.08,28.02,-142.9,-49.3,-0.29,0.14,-0.46,-0.07
HKJK,EBLG,1,15,-49.31,83.81,-129.35,66.79,-0.13,0.21,-0.45,0.18
HKJK,EBLG,2,18,1.9,42.07,-61.94,57.24,0.03,0.11,-0.09,0.21
HKJK,EGLL,0,25,5.27,47.74,-34.8,115.52,0.03,0.2,-0.31,0.34
HKJK,EGLL,1,48,19.22,31.9,-5.8,78.71,-0.01,0.19,-0.32,0.26
HKJK,EHAM,0,72,5.68,50.38,-56.12,131.59,0.06,0.2,-0.24,0.44
HKJK,EHAM,1,24,23.64,23.97,-1.31,77.63,-0.12,0.16,-0.38,0.15
HKJK,LFPG,0,20,-12.98,104.83,-127.87,62.1,-0.03,0.27,-0.38,0.31
HKJK,LFPG,1,16,-10.98,84.2,-132.45,72.85,-0.03,0.15,-0.28,0.16
HKJK,LFPG,2,17,12.28,36.29,-34.9,57.46,0.08,0.14,-0.13,0.28
HKJK,LFPG,3,27,32.87,29.11,-13.68,87.67,0.1,0.15,-0.19,0.29
HKJK,LTFM,0,51,-33.55,66.98,-101.55,90.1,0.02,0.37,-0.28,0.28
HLLB,DTTA,0,77,9.41,7.81,0.7,19.28,0.11,0.06,0.04,0.21
HLLM,LTFM,0,178,-25.82,24.35,-63.0,10.09,0.03,0.14,-0.16,0.27
KATL,EDDF,0,24,-49.89,55.59,-123.07,4.45,-0.13,0.23,-0.48,0.2
KATL,EDDF,1,42,-49.17,27.03,-83.66,-6.64,-0.1,0.28,-0.51,0.49
KATL,EDDF,2,32,-37.26,50.29,-90.98,12.95,-0.11,0.38,-0.69,0.46
KATL,EGLL,0,82,24.7,46.28,-19.6,145.64,0.17,0.35,-0.35,0.8
KATL,EGLL,1,33,18.0,36.62,-15.76,48.66,0.28,0.24,-0.04,0.7
KATL,EHAM,0,27,5.62,36.36,-39.61,64.15,0.17,0.24,-0.16,0.68
KATL,EHAM,1,76,13.91,31.31,-22.2,66.38,0.1,0.32,-0.33,0.7
KATL,EHAM,2,14,-10.76,52.38,-90.22,49.91,0.0,0.29,-0.29,0.49
KATL,LFPG,0,41,-8.85,26.44,-37.2,41.4,0.02,0.3,-0.36,0.59
KATL,LFPG,1,18,-25.42,40.86,-95.82,55.75,-0.02,0.23,-0.32,0.41
KATL,LFPG,2,33,-9.12,38.52,-55.32,38.52,0.17,0.2,-0.11,0.54
KATL,LFPG,3,30,-5.78,13.78,-28.42,16.38,0.01,0.38,-0.46,0.65
KATL,LFPG,4,27,-4.83,36.13,-51.78,57.73,0.03,0.28,-0.31,0.53
KATL,LIRF,0,40,-37.66,42.27,-79.29,48.09,-0.06,0.33,-0.51,0.53
KATL,LIRF,1,20,-24.79,35.49,-85.62,27.4,-0.03,0.42,-0.59,0.54
KBOS,EDDF,0,59,-53.62,42.1,-110.02,16.35,-0.09,0.23,-0.4,0.31
KBOS,EGLL,0,34,24.06,20.6,-3.67,58.07,0.19,0.32,-0.2,0.77
KBOS,EGLL,1,15,28.49,29.01,-9.9,73.78,0.18,0.25,-0.1,0.58
KBOS,EGLL,2,28,24.77,30.44,-20.04,72.28,0.2,0.25,-0.2,0.56
KBOS,EGLL,3,17,21.24,25.49,-16.92,57.16,0.17,0.25,-0.27,0.47
KBOS,EGLL,4,32,20.02,24.12,-7.01,56.91,0.18,0.23,-0.11,0.61
KBOS,EGLL,5,87,18.45,66.08,-38.5,157.58,0.15,0.23,-0.21,0.55
KBOS,EGLL,6,21,18.55,35.3,-21.5,89.6,0.17,0.32,-0.24,0.7
KBOS,EHAM,0,30,11.33,100.03,-52.63,258.89,0.08,0.28,-0.36,0.53
KBOS,EHAM,1,54,6.64,38.8,-38.6,76.77,0.05,0.21,-0.32,0.42
KBOS,EIDW,0,23,-3.89,24.48,-42.84,32.39,-0.0,0.16,-0.16,0.31
KBOS,EIDW,1,43,-10.95,47.38,-75.61,57.69,-0.05,0.23,-0.37,0.33
KBOS,EIDW,2,25,-17.73,76.37,-73.76,159.56,-0.04,0.21,-0.28,0.34
KBOS,LFPG,0,19,-4.56,56.56,-64.68,91.82,0.06,0.23,-0.18,0.47
KBOS,LFPG,1,39,-13.65,24.94,-45.43,25.69,0.04,0.22,-0.3,0.35
KBOS,LFPG,2,21,-1.69,28.41,-35.6,44.6,0.05,0.27,-0.27,0.5
KBOS,LIRF,0,22,-52.06,46.47,-95.65,30.26,-0.12,0.27,-0.53,0.25
KBOS,LIRF,1,16,-38.07,50.6,-83.42,35.58,-0.09,0.36,-0.58,0.52
KBOS,LIRF,2,21,-43.95,62.42,-91.2,24.8,-0.17,0.34,-0.63,0.36
KBOS,LPPT,0,24,-13.05,30.81,-50.74,36.5,0.04,0.21,-0.34,0.28
KBOS,LPPT,1,47,-16.44,49.99,-67.24,89.02,0.03,0.24,-0.41,0.3
KBOS,LPPT,2,18,-6.99,25.75,-47.34,25.08,0.02,0.21,-0.41,0.21
KBOS,LSZH,0,21,12.52,39.88,-29.2,95.5,0.01,0.15,-0.21,0.21
KBOS,LSZH,1,20,11.78,25.07,-17.35,60.38,-0.01,0.29,-0.47,0.46
KBOS,LSZH,2,18,17.49,31.91,-25.09,55.59,-0.0,0.23,-0.44,0.29
KCLT,EDDM,0,24,9.68,38.25,-51.22,64.88,0.11,0.32,-0.37,0.65
KCLT,EDDM,1,35,6.93,48.61,-45.14,82.62,-0.07,0.32,-0.54,0.49
KCLT,EGLL,0,28,10.84,32.65,-34.58,74.91,0.14,0.27,-0.28,0.5
KCLT,EGLL,1,24,25.2,28.35,-14.26,72.59,0.16,0.29,-0.21,0.79
KCLT,EGLL,2,22,17.52,28.68,-11.17,48.48,0.13,0.35,-0.26,0.61
KCLT,EGLL,3,16,5.05,16.04,-15.27,23.72,0.16,0.16,-0.01,0.44
KCVG,EDDP,0,38,-32.04,32.05,-85.3,13.17,-0.07,0.19,-0.29,0.26
KCVG,EDDP,1,39,-27.08,86.52,-110.7,127.46,-0.03,0.16,-0.3,0.3
KDEN,EDDF,0,20,-41.5,88.59,-140.62,131.84,-0.1,0.23,-0.43,0.33
KDEN,EDDF,1,14,-33.76,55.45,-92.6,63.06,-0.05,0.23,-0.37,0.3
KDEN,EDDF,2,25,-32.69,22.15,-60.48,3.94,-0.08,0.18,-0.24,0.15
KDEN,EDDM,0,33,6.31,48.25,-45.06,102.74,0.04,0.19,-0.19,0.38
KDEN,EDDM,1,27,12.08,118.31,-94.09,175.6,0.04,0.17,-0.19,0.31
KDEN,EGLL,0,21,19.35,95.51,-54.9,271.9,0.19,0.29,-0.17,0.68
KDEN,EGLL,1,16,11.55,69.17,-87.88,105.25,0.18,0.15,0.01,0.43
KDEN,EGLL,2,17,24.69,72.05,-38.3,100.02,0.23,0.23,-0.09,0.57
KDEN,EGLL,3,36,26.55,40.57,-19.55,100.93,0.25,0.24,-0.14,0.64
KDFW,EDDF,0,23,-21.65,25.11,-44.99,23.08,-0.08,0.24,-0.37,0.27
KDFW,EDDF,1,47,-39.79,79.99,-111.9,66.57,-0.09,0.32,-0.39,0.33
KDFW,EGLL,0,31,21.65,24.94,-3.65,73.7,0.15,0.22,-0.17,0.52
KDFW,EGLL,1,67,23.04,56.64,-44.69,119.87,0.15,0.26,-0.23,0.56
KDFW,EGLL,2,44,14.37,20.71,-11.2,56.84,0.15,0.25,-0.22,0.5
KDFW,EGLL,3,3,32.13,47.63,0.09,79.11,0.24,0.16,0.14,0.39
KDFW,LEMD,0,32,-7.77,44.62,-41.67,54.2,-0.01,0.39,-0.57,0.61
KDFW,LEMD,1,27,0.83,51.94,-52.91,89.47,0.03,0.39,-0.53,0.57
KDFW,LFPG,0,24,-20.79,35.03,-63.65,13.93,0.1,0.3,-0.34,0.59
KDFW,LFPG,1,22,-14.0,25.58,-46.66,14.61,0.08,0.22,-0.15,0.42
KDFW,LFPG,2,17,-11.21,69.45,-73.16,107.56,0.07,0.23,-0.28,0.43
KDFW,OTHH,0,15,8.53,33.6,-30.69,57.59,0.02,0.13,-0.17,0.22
KDFW,OTHH,1,22,7.78,31.09,-37.34,48.18,0.02,0.14,-0.19,0.22
KDFW,OTHH,2,24,14.15,79.36,-83.72,140.67,0.02,0.36,-0.25,0.85
KDTW,EDDF,0,30,-49.28,71.74,-138.78,95.64,-0.13,0.24,-0.44,0.29
KDTW,EDDF,1,27,-33.44,27.74,-70.79,9.07,-0.13,0.26,-0.38,0.35
KDTW,EGLL,0,17,20.76,62.26,-59.66,138.74,0.21,0.24,-0.18,0.58
KDTW,EGLL,1,18,30.28,25.07,-4.76,78.56,0.17,0.19,-0.12,0.45
KDTW,EGLL,2,16,13.41,15.11,-7.2,41.2,0.19,0.18,0.02,0.48
KDTW,EHAM,0,30,6.28,29.37,-28.24,51.81,0.12,0.24,-0.18,0.53
KDTW,EHAM,1,29,12.92,28.07,-24.78,56.48,0.08,0.23,-0.27,0.4
KDTW,EHAM,2,29,2.8,92.53,-70.98,211.74,0.13,0.23,-0.17,0.43
KDTW,LFPG,0,34,-12.24,25.84,-49.38,31.85,0.07,0.24,-0.26,0.46
KDTW,LFPG,1,26,-6.36,64.81,-73.05,117.7,0.07,0.25,-0.28,0.44
KEWR,EDDF,0,41,-51.8,49.39,-111.3,24.3,-0.25,0.29,-0.7,0.24
KEWR,EDDF,1,29,-38.32,35.46,-69.14,33.94,-0.16,0.25,-0.62,0.15
KEWR,EDDF,2,17,-64.81,51.97,-109.8,49.54,-0.31,0.34,-0.65,0.3
KEWR,EDDM,0,17,-18.03,58.8,-93.92,55.06,-0.11,0.27,-0.54,0.26
KEWR,EDDM,1,43,-8.86,69.5,-64.09,87.91,-0.25,0.3,-0.64,0.19
KEWR,EGLL,0,38,24.52,41.38,-19.84,116.58,0.18,0.34,-0.31,0.65
KEWR,EGLL,1,96,22.9,29.99,-12.42,81.88,0.24,0.31,-0.24,0.73
KEWR,EGLL,2,52,21.75,29.04,-17.96,74.4,0.22,0.29,-0.26,0.69
KEWR,EGLL,3,33,16.57,28.26,-21.66,69.98,0.22,0.33,-0.15,0.86
KEWR,EGLL,4,46,10.52,79.67,-67.9,163.65,0.22,0.26,-0.22,0.61
KEWR,EGPH,0,23,1.7,74.25,-74.79,143.39,0.04,0.26,-0.29,0.39
KEWR,EGPH,1,17,16.44,67.07,-41.74,117.86,0.05,0.36,-0.32,0.6
KEWR,EGPH,2,19,14.24,90.51,-44.92,129.04,0.02,0.22,-0.25,0.4
KEWR,EIDW,0,39,-16.95,39.72,-67.97,54.17,-0.09,0.27,-0.48,0.3
KEWR,EIDW,1,20,-17.6,64.73,-92.36,84.98,-0.09,0.22,-0.37,0.22
KEWR,EIDW,2,31,-38.64,52.73,-108.2,65.35,-0.14,0.27,-0.47,0.39
KEWR,LFPG,0,43,1.72,27.56,-30.54,54.73,0.06,0.25,-0.32,0.45
KEWR,LFPG,1,39,-1.11,68.33,-70.14,143.55,0.05,0.27,-0.31,0.55
KEWR,LFPG,2,22,4.63,29.28,-36.12,43.82,0.07,0.21,-0.11,0.5
KEWR,LFPO,0,41,-42.81,27.44,-83.9,1.6,-0.01,0.41,-0.55,0.64
KEWR,LFPO,1,17,-54.88,60.28,-106.56,52.26,-0.05,0.22,-0.34,0.37
KEWR,LGAV,0,30,12.0,41.96,-35.2,63.44,0.11,0.27,-0.3,0.57
KEWR,LGAV,1,29,-2.18,91.25,-86.28,188.98,0.0,0.3,-0.36,0.58
KEWR,LIMC,0,27,-64.41,68.02,-128.46,64.95,-0.21,0.34,-0.63,0.33
KEWR,LIMC,1,26,-44.95,24.29,-73.35,-4.75,-0.1,0.4,-0.7,0.49
KEWR,LIRF,0,27,-38.6,76.89,-109.24,125.53,-0.07,0.4,-0.68,0.59
KEWR,LIRF,1,31,-27.6,55.76,-91.15,76.15,-0.04,0.32,-0.43,0.49
KEWR,LLBG,0,40,10.82,40.82,-34.12,90.54,0.06,0.3,-0.34,0.51
KEWR,LLBG,1,19,14.75,34.26,-25.8,84.97,0.05,0.19,-0.24,0.29
KEWR,LLBG,2,39,1.74,74.73,-88.47,134.67,-0.01,0.3,-0.39,0.52
KEWR,LPPR,0,18,-2.42,39.51,-29.74,90.73,0.05,0.28,-0.44,0.37
KEWR,LPPR,1,19,-16.99,31.62,-50.72,52.95,-0.07,0.22,-0.41,0.31
KEWR,LPPR,2,22,-9.95,35.88,-51.06,47.56,-0.02,0.28,-0.39,0.32
KEWR,LPPT,0,32,-10.17,28.23,-46.07,36.55,0.06,0.31,-0.44,0.49
KEWR,LPPT,1,38,-20.07,32.66,-59.36,43.98,0.0,0.27,-0.44,0.38
KEWR,LPPT,2,19,-13.17,28.57,-48.89,32.27,0.05,0.25,-0.28,0.36
KEWR,LSZH,0,20,1.8,90.23,-85.62,148.35,-0.01,0.3,-0.47,0.44
KEWR,LSZH,1,24,6.85,29.24,-24.26,51.14,-0.05,0.28,-0.45,0.44
KEWR,LSZH,2,15,6.72,19.37,-14.12,36.64,-0.06,0.25,-0.41,0.27
KIAD,EDDF,0,36,-38.32,54.15,-91.07,30.88,-0.09,0.29,-0.5,0.36
KIAD,EDDF,1,46,-24.97,42.48,-72.8,38.33,-0.1,0.28,-0.52,0.37
KIAD,EDDF,2,20,-87.48,70.94,-140.7,65.41,-0.12,0.29,-0.33,0.61
KIAD,EDDF,3,15,-43.47,26.51,-79.37,-5.46,-0.13,0.29,-0.46,0.34
KIAD,EDDM,0,16,10.79,74.79,-39.02,186.48,0.01,0.25,-0.25,0.48
KIAD,EDDM,1,41,26.79,26.27,-9.1,71.0,0.03,0.27,-0.48,0.48
KIAD,EGLL,0,13,22.4,35.5,-14.3,80.96,0.22,0.27,-0.19,0.57
KIAD,EGLL,1,28,9.71,29.49,-26.18,63.07,0.19,0.24,-0.15,0.6
KIAD,EGLL,2,47,30.65,38.93,-12.59,85.09,0.19,0.34,-0.3,0.73
KIAD,EGLL,3,43,22.53,56.62,-29.89,161.86,0.18,0.21,-0.11,0.55
KIAD,EGLL,4,25,21.29,24.94,-10.02,65.02,0.22,0.27,-0.25,0.56
KIAD,EGLL,5,18,16.62,19.28,-17.5,42.21,0.12,0.28,-0.27,0.48
KIAD,EHAM,0,40,14.36,28.86,-20.56,53.63,0.07,0.25,-0.27,0.45
KIAD,EHAM,1,15,9.87,48.95,-44.4,105.43,0.1,0.2,-0.19,0.34
KIAD,EIDW,0,56,-8.26,34.23,-55.4,51.3,-0.06,0.22,-0.38,0.29
KIAD,EIDW,1,32,-2.57,54.05,-66.13,115.82,0.0,0.27,-0.35,0.43
KIAD,LFPG,0,34,8.47,27.83,-31.51,50.32,0.06,0.27,-0.34,0.42
KIAD,LFPG,1,35,2.63,33.33,-38.08,47.14,0.08,0.23,-0.19,0.57
KIAD,LFPG,2,42,1.09,32.76,-36.57,55.79,0.04,0.27,-0.36,0.5
KIAD,LFPG,3,7,-32.39,39.34,-75.21,24.04,-0.11,0.12,-0.19,0.07
KIAD,LIRF,0,59,-36.78,53.77,-99.01,59.13,-0.12,0.34,-0.6,0.55
KIAD,LPPT,0,18,16.75,36.38,-29.77,66.88,0.04,0.2,-0.24,0.29
KIAD,LPPT,1,41,3.57,27.78,-32.7,51.7,0.07,0.25,-0.33,0.42
KIAD,LPPT,2,15,-10.03,67.7,-75.37,87.29,-0.01,0.23,-0.31,0.3
KIAD,LTFM,0,42,-16.44,56.61,-79.68,87.34,0.07,0.39,-0.47,0.79
KIAD,LTFM,1,18,-55.58,57.61,-134.08,26.87,-0.01,0.23,-0.27,0.39
KIAD,OTHH,0,27,23.66,54.33,-46.25,93.72,0.07,0.35,-0.33,0.7
KIAD,OTHH,1,33,27.98,73.04,-48.86,166.78,0.07,0.21,-0.27,0.36
KIAH,EDDF,0,32,-41.48,59.07,-108.84,58.45,-0.21,0.23,-0.5,0.21
KIAH,EDDF,1,21,-39.86,29.43,-71.8,10.5,-0.24,0.13,-0.42,0.01
KIAH,EDDF,2,18,-52.66,51.18,-94.68,48.48,-0.22,0.2,-0.49,0.04
KIAH,EGLL,0,23,18.94,77.74,-47.66,178.95,0.17,0.16,-0.08,0.42
KIAH,EGLL,1,55,23.09,32.29,-14.79,89.37,0.16,0.24,-0.14,0.62
KIAH,EGLL,2,36,18.28,56.47,-35.78,133.48,0.21,0.21,-0.05,0.55
KIAH,EHAM,0,24,9.88,86.15,-71.84,183.0,0.05,0.14,-0.16,0.27
KIAH,EHAM,1,32,12.36,58.52,-28.24,97.26,0.07,0.23,-0.28,0.42
KIAH,LTFM,0,19,-34.54,59.19,-108.6,34.38,-0.04,0.23,-0.39,0.26
KIAH,LTFM,1,22,-14.05,103.28,-106.54,208.53,-0.03,0.29,-0.48,0.46
KIAH,LTFM,2,15,-27.72,28.93,-62.32,15.73,-0.06,0.28,-0.38,0.35
KJFK,EBBR,0,22,31.14,33.79,-13.86,94.4,0.07,0.29,-0.29,0.58
KJFK,EBBR,1,15,31.91,22.26,9.79,75.39,0.04,0.28,-0.39,0.4
KJFK,EBBR,2,37,18.92,44.73,-24.96,101.64,0.01,0.25,-0.33,0.46
KJFK,EDDF,0,40,-49.64,43.3,-101.88,22.22,-0.02,0.24,-0.35,0.4
KJFK,EDDF,1,51,-47.88,31.19,-92.85,4.85,-0.13,0.25,-0.53,0.29
KJFK,EDDF,2,34,-39.03,33.35,-82.1,14.31,-0.03,0.31,-0.44,0.49
KJFK,EDDF,3,6,-71.55,24.36,-99.85,-41.85,-0.12,0.21,-0.4,0.07
KJFK,EDDF,4,35,-53.36,36.72,-103.83,6.67,0.02,0.24,-0.31,0.52
KJFK,EGCC,0,17,8.58,85.84,-63.18,167.84,-0.01,0.21,-0.33,0.29
KJFK,EGCC,1,26,16.47,33.97,-21.08,69.7,0.1,0.26,-0.24,0.53
KJFK,EGCC,2,17,15.22,35.04,-25.22,64.82,-0.0,0.31,-0.43,0.5
KJFK,EGKK,0,24,19.38,36.12,-25.4,86.78,0.25,0.24,-0.06,0.63
KJFK,EGKK,1,55,17.44,33.13,-17.26,73.07,0.15,0.32,-0.27,0.72
KJFK,EGKK,2,18,13.01,59.98,-30.32,134.73,0.11,0.29,-0.23,0.58
KJFK,EGKK,3,16,14.23,40.0,-24.45,86.75,0.25,0.31,-0.11,0.74
KJFK,EGLL,0,46,18.08,22.67,-8.45,54.28,0.25,0.23,0.01,0.49
KJFK,EGLL,1,60,27.58,34.41,-16.18,88.74,0.13,0.26,-0.26,0.6
KJFK,EGLL,2,177,20.45,21.38,-11.02,57.4,0.2,0.31,-0.22,0.73
KJFK,EGLL,3,40,24.68,30.71,-15.62,62.53,0.27,0.19,0.0,0.62
KJFK,EGLL,4,31,21.35,22.14,-10.55,52.95,0.24,0.13,0.06,0.42
KJFK,EGLL,5,49,27.43,29.6,-8.74,81.46,0.27,0.25,-0.06,0.77
KJFK,EGLL,6,22,-11.98,36.9,-44.36,27.47,0.13,0.17,-0.09,0.45
KJFK,EGLL,7,19,19.16,40.65,-28.76,59.64,0.14,0.21,-0.09,0.42
KJFK,EGLL,8,42,30.55,40.64,-29.38,89.58,0.23,0.57,-0.22,0.56
KJFK,EGLL,9,71,25.06,36.05,-21.55,80.35,0.17,0.26,-0.2,0.56
KJFK,EGLL,10,73,27.42,27.32,-6.18,83.58,0.29,0.29,-0.14,0.78
KJFK,EGLL,11,30,24.05,31.97,-29.08,72.99,0.28,0.29,-0.14,0.64
KJFK,EHAM,0,65,4.5,67.15,-67.94,171.9,0.05,0.34,-0.56,0.61
KJFK,EHAM,1,47,15.48,35.26,-26.97,83.43,0.2,0.25,-0.16,0.63
KJFK,EHAM,2,54,10.0,30.43,-24.7,67.85,0.17,0.27,-0.19,0.72
KJFK,EIDW,0,18,-9.52,27.12,-47.76,22.19,0.04,0.24,-0.27,0.42
KJFK,EIDW,1,14,0.01,36.86,-48.46,53.44,0.05,0.26,-0.23,0.46
KJFK,EIDW,2,36,-19.7,57.13,-92.85,67.35,-0.03,0.33,-0.42,0.51
KJFK,EIDW,3,21,-9.9,49.73,-61.9,68.1,0.01,0.23,-0.32,0.41
KJFK,EKCH,0,24,-14.27,32.09,-52.42,48.34,-0.09,0.17,-0.36,0.16
KJFK,EKCH,1,36,-4.54,76.1,-68.18,148.82,-0.05,0.22,-0.35,0.29
KJFK,EPWA,0,27,-27.93,53.18,-82.76,95.35,0.02,0.23,-0.32,0.44
KJFK,EPWA,1,30,-26.51,36.9,-81.38,22.92,-0.01,0.19,-0.3,0.24
KJFK,GMMN,0,36,0.58,15.07,-20.58,25.12,0.06,0.16,-0.24,0.26
KJFK,GMMN,1,15,-0.77,34.34,-45.7,54.01,0.08,0.15,-0.1,0.35
KJFK,LEBL,0,22,-9.15,42.04,-57.1,51.24,0.08,0.34,-0.48,0.6
KJFK,LEBL,1,35,-8.12,47.09,-70.96,54.89,-0.02,0.32,-0.38,0.49
KJFK,LEBL,2,32,-7.0,34.79,-35.81,35.23,-0.01,0.36,-0.66,0.44
KJFK,LEMD,0,83,-6.04,41.02,-52.86,77.16,0.03,0.25,-0.35,0.37
KJFK,LEMD,1,58,-3.77,34.74,-38.39,40.96,0.05,0.29,-0.48,0.41
KJFK,LFPG,0,50,-11.96,29.66,-42.36,39.72,0.04,0.24,-0.27,0.46
KJFK,LFPG,1,59,-13.55,19.02,-37.74,19.98,0.05,0.26,-0.28,0.44
KJFK,LFPG,2,14,-4.31,22.69,-32.02,29.35,0.12,0.21,-0.06,0.54
KJFK,LFPG,3,54,3.6,25.84,-39.14,47.78,0.14,0.19,-0.07,0.49
KJFK,LFPG,4,90,-9.55,44.31,-52.46,81.56,0.03,0.27,-0.31,0.45
KJFK,LFPG,5,23,0.79,27.98,-35.5,47.44,0.16,0.25,-0.23,0.45
KJFK,LFPG,6,18,-14.52,26.45,-44.95,29.08,0.08,0.23,-0.22,0.39
KJFK,LFPG,7,38,-4.76,35.97,-55.35,49.02,0.05,0.28,-0.29,0.48
KJFK,LGAV,0,59,-5.86,38.28,-50.94,60.31,-0.01,0.37,-0.49,0.67
KJFK,LGAV,1,24,7.03,41.02,-47.55,82.22,0.05,0.29,-0.31,0.51
KJFK,LIMC,0,32,-50.8,28.03,-80.8,-0.77,-0.18,0.3,-0.54,0.38
KJFK,LIMC,1,39,-45.63,33.96,-83.89,13.47,-0.13,0.3,-0.58,0.35
KJFK,LIMC,2,21,-63.57,51.04,-125.9,21.9,-0.22,0.27,-0.56,0.19
KJFK,LIMC,3,26,-43.22,70.36,-119.98,41.52,-0.1,0.27,-0.48,0.33
KJFK,LIMC,4,45,-55.84,28.03,-87.9,2.86,-0.19,0.33,-0.73,0.35
KJFK,LIRF,0,23,-17.34,28.91,-61.53,29.29,-0.02,0.32,-0.55,0.4
KJFK,LIRF,1,24,-38.96,33.44,-93.78,11.48,-0.11,0.25,-0.4,0.26
KJFK,LIRF,2,71,-44.91,37.55,-86.3,17.35,-0.12,0.25,-0.44,0.3
KJFK,LIRF,3,14,-23.6,47.82,-80.5,42.59,0.03,0.21,-0.25,0.29
KJFK,LIRF,4,51,-38.49,33.03,-77.5,24.4,-0.11,0.27,-0.52,0.37
KJFK,LIRF,5,22,-26.8,24.4,-53.28,20.23,-0.14,0.29,-0.58,0.37
KJFK,LIRF,6,16,-23.81,115.75,-156.92,217.2,0.03,0.46,-0.6,0.74
KJFK,LIRF,7,19,-44.96,30.52,-81.84,6.2,-0.04,0.39,-0.54,0.6
KJFK,LLBG,0,29,11.85,66.6,-72.76,122.74,0.09,0.35,-0.38,0.64
KJFK,LLBG,1,50,12.61,37.37,-24.06,86.0,0.06,0.34,-0.45,0.59
KJFK,LLBG,2,32,4.48,52.92,-59.14,99.0,0.07,0.38,-0.47,0.76
KJFK,LPPT,0,21,-5.55,27.24,-37.6,34.4,0.04,0.23,-0.34,0.31
KJFK,LPPT,1,18,-5.73,36.53,-44.04,62.99,0.09,0.22,-0.31,0.36
KJFK,LPPT,2,22,-26.37,26.62,-60.34,20.93,-0.0,0.26,-0.43,0.37
KJFK,LSGG,0,31,-18.15,47.6,-63.7,75.75,-0.06,0.29,-0.46,0.44
KJFK,LSGG,1,29,-14.22,36.72,-48.56,39.16,-0.08,0.26,-0.47,0.34
KJFK,LSZH,0,24,15.25,16.69,-3.92,45.32,0.06,0.27,-0.32,0.41
KJFK,LSZH,1,22,16.72,30.17,-21.15,70.82,0.11,0.21,-0.23,0.47
KJFK,LSZH,2,43,3.96,56.31,-49.23,113.32,0.03,0.31,-0.39,0.54
KJFK,LTFM,0,24,-11.29,70.22,-99.45,102.45,-0.04,0.35,-0.53,0.53
KJFK,LTFM,1,59,-32.07,64.64,-94.98,115.98,-0.05,0.29,-0.49,0.46
KJFK,LTFM,2,36,-27.41,77.38,-126.55,99.58,-0.05,0.32,-0.54,0.4
KJFK,OMAA,0,22,26.36,33.67,-15.93,84.05,0.15,0.2,-0.12,0.54
KJFK,OMAA,1,21,29.42,33.71,-10.6,65.3,0.16,0.21,-0.14,0.46
KJFK,OMAA,2,17,23.88,63.93,-79.92,119.16,0.05,0.18,-0.18,0.34
KJFK,OMDB,0,20,25.9,44.48,-31.66,100.44,0.16,0.19,-0.13,0.43
KJFK,OMDB,1,22,20.65,30.85,-18.44,51.2,0.13,0.17,-0.12,0.36
KJFK,OMDB,2,17,19.85,50.67,-20.82,107.46,0.21,0.2,-0.12,0.48
KJFK,OTHH,0,59,28.77,73.25,-66.79,181.76,0.09,0.28,-0.3,0.58
KJFK,OTHH,1,31,29.08,58.83,-48.75,96.9,0.09,0.39,-0.38,0.74
KJFK,VIDP,0,29,31.66,95.29,-73.82,175.88,0.11,0.32,-0.37,0.59
KJFK,VIDP,1,29,26.47,80.77,-62.72,163.6,0.1,0.46,-0.52,0.88
KLAS,EGLL,0,37,22.85,32.43,-18.3,73.38,0.12,0.26,-0.18,0.62
KLAS,EGLL,1,22,22.13,89.37,-100.6,197.97,0.15,0.24,-0.17,0.5
KLAX,EDDF,0,33,-107.61,50.63,-165.4,-2.38,-0.3,0.35,-0.94,0.25
KLAX,EDDF,1,28,-29.87,90.74,-140.89,155.76,-0.07,0.27,-0.57,0.28
KLAX,EDDF,2,16,-71.21,39.23,-121.55,-8.53,-0.33,0.26,-0.62,0.17
KLAX,EDDF,3,17,-65.5,63.0,-136.06,44.8,-0.06,0.29,-0.47,0.35
KLAX,EGLL,0,61,19.0,33.63,-19.2,99.2,0.12,0.24,-0.18,0.61
KLAX,EGLL,1,45,26.75,40.14,-32.3,85.2,0.17,0.21,-0.12,0.56
KLAX,EGLL,2,70,20.37,48.43,-19.05,122.06,0.15,0.29,-0.23,0.66
KLAX,EGLL,3,45,17.28,88.78,-106.14,127.44,0.15,0.22,-0.14,0.46
KLAX,EGLL,4,17,20.35,85.69,-58.82,153.76,0.13,0.33,-0.26,0.68
KLAX,EGLL,5,47,23.13,82.59,-58.12,185.45,0.17,0.2,-0.13,0.48
KLAX,EGLL,6,19,16.99,47.72,-44.46,95.3,0.21,0.29,-0.28,0.55
KLAX,EGLL,7,47,22.36,50.69,-43.8,122.49,0.21,0.25,-0.15,0.66
KLAX,EHAM,0,14,5.69,30.93,-27.79,64.12,0.16,0.2,-0.17,0.35
KLAX,EHAM,1,19,26.02,98.04,-79.43,212.04,0.19,0.16,-0.11,0.4
KLAX,EHAM,2,21,10.62,29.61,-25.9,75.7,0.2,0.15,-0.0,0.38
KLAX,LFPG,0,46,3.18,61.37,-47.45,56.12,0.11,0.17,-0.13,0.42
KLAX,LFPG,1,35,-16.28,33.15,-52.44,60.6,0.11,0.25,-0.16,0.58
KLAX,LFPG,2,15,-5.1,31.87,-41.43,48.64,0.12,0.16,-0.1,0.32
KLAX,LFPG,3,36,-1.66,81.43,-111.98,131.22,0.09,0.2,-0.2,0.39
KLAX,LFPG,4,22,-11.49,45.2,-69.64,52.97,0.13,0.2,-0.18,0.43
KLAX,LTFM,0,19,-21.64,116.4,-118.48,168.49,0.07,0.2,-0.18,0.39
KLAX,LTFM,1,41,-14.9,56.44,-86.1,100.5,0.06,0.31,-0.45,0.42
KLAX,OTHH,0,59,21.46,81.58,-103.98,138.52,0.09,0.33,-0.39,0.57
KMCO,EGCC,0,25,21.47,92.32,-85.16,188.08,0.03,0.25,-0.36,0.39
KMCO,EGCC,1,35,19.24,36.84,-26.42,86.95,0.06,0.22,-0.27,0.41
KMCO,EGCC,2,16,22.13,38.36,-14.92,97.15,0.06,0.34,-0.43,0.66
KMCO,EGKK,0,17,14.6,34.63,-39.7,70.86,0.27,0.29,-0.19,0.75
KMCO,EGKK,1,22,-1.57,34.78,-39.42,40.2,0.27,0.32,-0.05,0.78
KMCO,EGKK,2,32,24.16,52.07,-42.12,119.7,0.17,0.28,-0.24,0.63
KMIA,EGLL,0,34,29.39,39.93,-19.86,97.59,0.08,0.27,-0.25,0.48
KMIA,EGLL,1,24,28.18,28.37,-11.07,63.36,0.1,0.24,-0.25,0.43
KMIA,EGLL,2,27,23.14,73.06,-37.41,178.49,0.16,0.43,-0.37,0.93
KMIA,EGLL,3,20,27.85,57.72,-33.4,101.75,0.17,0.25,-0.09,0.54
KMIA,EGLL,4,27,32.31,31.08,-9.56,91.3,0.14,0.27,-0.32,0.58
KMIA,EHAM,0,33,26.39,76.09,-32.22,105.74,0.04,1.88,-0.68,0.55
KMIA,EHAM,1,26,45.27,41.74,-15.6,119.2,-0.17,0.38,-0.69,0.42
KMIA,EHAM,2,11,-10.1,27.25,-49.1,24.05,-0.25,0.3,-0.62,0.19
KMIA,LEMD,0,42,-1.03,77.49,-58.3,159.19,-0.05,0.31,-0.46,0.57
KMIA,LEMD,1,60,-1.66,45.64,-43.76,77.24,-0.03,0.26,-0.43,0.47
KMIA,LEMD,2,18,5.69,40.31,-49.72,75.3,-0.03,0.37,-0.54,0.45
KMIA,LTFM,0,51,-12.02,89.2,-101.65,179.85,-0.02,0.37,-0.59,0.5
KMSP,EHAM,0,12,13.37,12.95,-3.64,30.7,0.08,0.26,-0.16,0.52
KMSP,EHAM,1,16,6.76,25.96,-17.32,39.15,0.06,0.16,-0.14,0.28
KMSP,EHAM,2,52,8.32,54.05,-38.37,126.32,0.09,0.23,-0.25,0.48
KMSP,EHAM,3,20,8.67,27.73,-19.03,61.26,0.09,0.21,-0.18,0.46
KMSP,LFPG,0,45,-25.0,80.92,-135.78,73.02,0.03,0.23,-0.3,0.44
KMSP,LFPG,1,16,-25.79,33.28,-55.82,24.18,-0.07,0.19,-0.24,0.21
KORD,EDDF,0,47,-33.63,26.48,-62.47,7.5,-0.05,0.26,-0.31,0.44
KORD,EDDF,1,17,-35.75,27.69,-72.76,9.0,-0.02,0.23,-0.29,0.32
KORD,EDDF,2,24,-37.45,53.69,-95.01,19.57,-0.08,0.26,-0.43,0.31
KORD,EDDF,3,31,-68.29,34.51,-105.95,-8.95,-0.08,0.24,-0.39,0.33
KORD,EDDF,4,24,-46.21,36.47,-86.1,37.47,-0.13,0.25,-0.47,0.2
KORD,EDDF,5,24,-50.49,33.17,-78.18,0.8,-0.08,0.19,-0.33,0.22
KORD,EDDM,0,22,11.11,30.35,-38.82,46.42,0.02,0.18,-0.25,0.2
KORD,EDDM,1,38,-8.61,34.6,-50.64,55.48,0.03,0.21,-0.25,0.42
KORD,EDDM,2,26,0.36,61.69,-73.32,124.3,0.09,0.21,-0.22,0.4
KORD,EGLL,0,121,15.46,38.12,-19.3,73.4,0.17,0.33,-0.35,0.72
KORD,EGLL,1,40,19.82,58.71,-60.06,104.35,0.2,0.29,-0.2,0.62
KORD,EGLL,2,66,20.23,25.72,-5.65,65.28,0.15,0.27,-0.31,0.57
KORD,EGLL,3,31,25.48,71.61,-62.95,127.85,0.23,0.35,-0.25,0.88
KORD,EHAM,0,35,-1.85,16.33,-21.09,23.56,0.1,0.19,-0.14,0.39
KORD,EHAM,1,25,4.36,46.09,-39.32,107.02,0.12,0.25,-0.16,0.56
KORD,EHAM,2,12,32.82,135.4,-74.16,306.63,0.15,0.28,-0.18,0.6
KORD,EIDW,0,19,-15.34,30.17,-45.57,38.31,-0.03,0.28,-0.37,0.34
KORD,EIDW,1,76,-31.9,62.75,-92.65,69.15,-0.03,0.32,-0.51,0.4
KORD,EIDW,2,23,-19.16,76.43,-98.8,95.03,-0.0,0.29,-0.35,0.44
KORD,ELLX,1,21,96.45,94.92,10.6,203.5,-0.23,0.18,-0.47,0.02
KORD,LEBL,0,25,-3.07,45.61,-55.58,36.9,-0.0,0.32,-0.43,0.53
KORD,LEBL,1,18,-9.05,41.71,-58.24,42.62,0.02,0.23,-0.26,0.44
KORD,LEBL,2,15,2.72,71.57,-81.09,103.44,0.04,0.31,-0.38,0.46
KORD,LFPG,0,37,-16.53,44.02,-51.96,51.56,0.04,0.21,-0.28,0.31
KORD,LFPG,1,30,-15.17,31.52,-60.73,33.95,0.05,0.18,-0.22,0.35
KORD,LFPG,2,20,-2.28,28.26,-36.08,29.53,0.07,0.19,-0.11,0.41
KORD,LFPG,3,11,-11.4,58.06,-79.4,88.15,0.08,0.18,-0.15,0.34
KORD,LIRF,0,23,-23.82,64.67,-95.27,86.12,-0.0,0.27,-0.32,0.5
KORD,LIRF,1,19,-7.94,46.79,-75.73,52.74,0.04,0.29,-0.4,0.46
KORD,LIRF,2,18,-21.33,30.01,-61.76,18.45,-0.0,0.33,-0.42,0.52
KORD,LSZH,0,24,6.85,24.45,-21.87,46.78,0.02,0.23,-0.36,0.32
KORD,LSZH,1,30,5.95,81.9,-79.77,174.05,0.03,0.28,-0.39,0.51
KORD,LSZH,2,35,2.66,27.44,-34.95,43.05,0.02,0.27,-0.43,0.4
KORD,LTFM,0,30,-13.31,38.94,-74.7,57.91,0.06,0.22,-0.27,0.41
KORD,LTFM,1,35,-28.63,91.43,-132.15,119.61,0.01,0.36,-0.35,0.5
KPHL,EGLL,0,23,36.9,93.6,-50.69,138.28,0.23,0.29,-0.06,0.61
KPHL,EGLL,1,42,66.83,202.02,-39.17,211.2,0.31,0.49,-0.11,0.86
KPHL,EGLL,2,23,23.14,24.35,-17.27,58.41,0.21,0.23,-0.07,0.58
KPHL,EIDW,0,23,7.17,69.04,-62.28,94.75,-0.04,0.26,-0.34,0.38
KPHL,EIDW,1,34,-9.77,67.38,-77.03,73.73,0.01,0.24,-0.31,0.45
KPHX,EGLL,0,37,16.68,26.13,-16.28,64.38,0.15,0.23,-0.16,0.42
KPHX,EGLL,1,21,4.11,132.23,-168.2,264.4,0.12,0.24,-0.18,0.59
KSDF,EDDK,1,27,-23.28,54.72,-77.44,54.89,-0.23,0.26,-0.59,0.07
KSEA,EDDF,0,26,-35.58,45.81,-99.1,43.1,-0.08,0.21,-0.36,0.3
KSEA,EDDF,1,32,-42.76,62.48,-126.13,63.98,-0.08,0.19,-0.38,0.15
KSEA,EGLL,0,23,17.02,40.26,-56.93,87.41,0.14,0.3,-0.28,0.58
KSEA,EGLL,1,53,21.0,47.62,-32.42,98.18,0.15,0.19,-0.15,0.49
KSEA,EGLL,2,13,25.82,31.73,-4.14,73.82,0.15,0.23,-0.13,0.53
KSEA,EGLL,3,40,17.23,69.05,-69.83,161.31,0.2,0.29,-0.29,0.62
KSEA,EGLL,4,19,22.34,43.9,-19.68,116.7,0.14,0.19,-0.18,0.35
KSEA,EHAM,0,23,1.52,61.85,-56.96,80.66,0.07,0.17,-0.21,0.29
KSEA,EHAM,1,16,5.39,27.92,-22.65,38.48,0.11,0.18,-0.15,0.35
KSEA,EHAM,2,19,8.37,77.26,-65.97,144.78,0.06,0.19,-0.18,0.35
KSFO,EDDF,0,35,-34.85,68.98,-123.71,92.43,-0.24,0.19,-0.46,0.1
KSFO,EDDF,1,15,-57.93,44.24,-109.14,15.62,-0.26,0.22,-0.53,0.08
KSFO,EDDF,2,33,-63.11,93.06,-143.14,143.46,-0.24,0.27,-0.65,0.24
KSFO,EDDF,3,28,-53.01,87.83,-144.15,125.49,-0.16,0.28,-0.55,0.24
KSFO,EDDM,0,39,2.81,53.92,-64.62,93.0,-0.01,0.27,-0.35,0.55
KSFO,EDDM,1,21,-9.9,47.57,-66.6,91.9,-0.02,0.25,-0.31,0.18
KSFO,EGLL,0,22,23.69,76.39,-75.53,168.3,0.14,0.35,-0.35,0.7
KSFO,EGLL,1,61,21.12,27.21,-14.5,55.3,0.21,0.25,-0.15,0.56
KSFO,EGLL,2,19,17.85,59.18,-53.43,99.2,0.12,0.28,-0.23,0.69
KSFO,EGLL,3,39,19.9,57.4,-48.8,120.36,0.15,0.22,-0.12,0.5
KSFO,EGLL,4,44,17.84,81.18,-46.5,89.34,0.14,0.24,-0.19,0.59
KSFO,EGLL,5,20,23.8,112.93,-125.12,211.02,0.16,0.25,-0.18,0.44
KSFO,EHAM,0,47,8.18,76.78,-73.98,164.06,0.11,0.25,-0.18,0.42
KSFO,EHAM,1,14,4.06,56.3,-60.36,88.1,0.04,0.26,-0.31,0.53
KSFO,LFPG,0,34,-4.17,42.11,-53.14,67.8,0.08,0.2,-0.24,0.42
KSFO,LFPG,1,24,-3.02,78.52,-76.37,43.39,-0.0,0.24,-0.32,0.36
KSFO,LFPG,2,23,7.85,104.2,-136.28,150.97,0.12,0.2,-0.18,0.42
KSFO,LSZH,0,30,-3.95,65.79,-64.98,72.43,0.01,0.3,-0.32,0.6
KSFO,LSZH,1,25,3.4,78.42,-68.48,178.86,-0.04,0.16,-0.28,0.22
KSFO,LTFM,0,33,-58.74,51.97,-127.44,37.66,-0.01,0.28,-0.4,0.4
KSFO,LTFM,1,28,-11.94,28.48,-50.92,34.13,0.11,0.3,-0.34,0.48
LATI,EDDF,0,51,-14.23,31.3,-47.7,25.6,-0.09,0.2,-0.21,0.04
LATI,EDDM,0,55,24.27,32.03,-0.91,48.75,0.03,0.21,-0.11,0.15
LATI,EGGW,0,73,-8.12,18.83,-37.5,24.1,-0.0,0.12,-0.19,0.2
LATI,LGAV,0,91,0.34,19.76,-21.95,28.45,0.14,0.19,-0.06,0.53
LATI,LIBD,0,61,21.12,18.6,-7.7,58.6,0.07,0.08,-0.03,0.2
LATI,LIMC,0,57,-59.97,15.55,-80.24,-30.04,-0.19,0.29,-0.31,-0.06
LATI,LIMC,1,21,-69.09,34.05,-89.8,-6.1,-0.21,0.18,-0.35,-0.05
LATI,LIMC,2,16,-54.11,91.35,-97.08,162.07,-0.07,0.41,-0.31,0.95
LATI,LIMC,3,21,-77.58,15.8,-93.4,-45.3,-0.24,0.09,-0.35,-0.1
LATI,LIME,0,47,-20.31,14.42,-38.44,1.91,-0.02,0.09,-0.12,0.09
LATI,LIME,1,27,-81.53,43.78,-104.08,-58.23,-0.16,0.19,-0.31,-0.02
LATI,LIME,2,22,-38.03,54.05,-66.18,17.46,-0.02,0.31,-0.19,0.1
LATI,LIPE,0,19,-37.42,18.93,-70.34,-14.6,-0.04,0.08,-0.14,0.08
LATI,LIPE,1,49,-12.62,34.89,-56.24,16.3,0.03,0.25,-0.15,0.55
LATI,LIPE,2,19,-45.65,16.58,-68.27,-22.64,-0.06,0.09,-0.14,0.07
LATI,LIPX,0,27,-6.14,17.47,-22.97,14.63,-0.02,0.08,-0.14,0.1
LATI,LIPX,1,41,-31.5,16.41,-44.1,-20.3,-0.0,0.07,-0.1,0.11
LATI,LIRF,0,126,-41.23,21.05,-68.12,4.65,-0.1,0.09,-0.24,0.08
LATI,LIRP,0,69,10.19,23.51,-9.64,28.3,0.09,0.16,-0.06,0.24
LATI,LIRP,1,25,-31.14,10.64,-44.8,-17.54,0.0,0.06,-0.09,0.13
LATI,LOWW,0,41,32.5,16.51,6.7,61.2,0.07,0.05,-0.02,0.15
LATI,LOWW,1,22,1.29,16.22,-17.62,32.03,-0.02,0.06,-0.12,0.08
LATI,LOWW,2,19,59.65,74.11,9.17,221.98,0.32,0.5,-0.0,1.32
LATI,LTFM,0,71,-20.59,12.73,-35.75,3.65,-0.0,0.11,-0.14,0.19
LATI,LYBE,0,40,5.52,16.8,-10.68,44.26,0.09,0.18,-0.2,0.41
LATI,LYBE,1,18,13.26,21.58,-9.0,56.18,0.09,0.08,0.02,0.25
LBSF,EDDF,0,27,-21.84,31.82,-67.57,35.63,-0.15,0.1,-0.32,0.02
LBSF,EDDF,1,78,-15.2,23.55,-49.93,17.98,-0.14,0.1,-0.27,-0.0
LBSF,EDDM,0,85,18.33,15.9,-4.04,47.18,-0.01,0.08,-0.12,0.13
LBSF,EGGW,0,32,-0.45,11.35,-14.44,17.74,0.11,0.12,-0.05,0.32
LBSF,EGGW,1,16,-2.4,17.35,-26.3,19.27,0.08,0.11,-0.14,0.23
LBSF,EGGW,2,25,7.84,15.06,-17.72,31.5,0.11,0.12,-0.03,0.32
LBSF,EGSS,0,22,15.66,12.14,-5.71,30.83,0.09,0.11,-0.02,0.31
LBSF,EGSS,1,30,8.89,18.36,-10.14,44.81,0.07,0.1,-0.05,0.26
LBSF,EGSS,2,21,1.12,15.04,-14.2,21.3,0.07,0.09,-0.04,0.2
LBSF,EHEH,0,27,-13.48,13.13,-31.79,7.28,0.0,0.09,-0.09,0.18
LBSF,EHEH,1,23,7.67,10.44,-3.88,20.61,0.08,0.09,-0.05,0.19
LBSF,EPWA,0,61,-8.22,20.49,-34.6,20.0,-0.04,0.08,-0.17,0.1
LBSF,LBWN,0,86,-5.4,4.19,-9.1,3.22,0.05,0.03,0.01,0.1
LBSF,LEBL,0,51,-5.02,18.81,-27.75,22.0,0.0,0.16,-0.21,0.21
LBSF,LGAV,0,23,-21.43,18.06,-44.48,7.4,-0.06,0.11,-0.18,0.1
LBSF,LGAV,1,43,-20.22,19.78,-46.0,8.14,0.02,0.08,-0.09,0.12
LBSF,LIME,0,61,-60.85,14.82,-80.5,-29.0,-0.16,0.12,-0.32,0.07
LBSF,LLBG,0,74,0.13,15.85,-15.7,31.41,0.01,0.08,-0.11,0.14
LBSF,LOWW,0,129,13.92,21.12,-12.26,58.36,0.05,0.07,-0.06,0.19
LBSF,LROP,0,52,-5.79,11.04,-13.49,19.37,-0.05,0.12,-0.2,0.12
LBSF,LTFM,0,90,-40.77,20.37,-62.11,-1.11,-0.08,0.1,-0.18,0.07
LBWN,LBSF,0,86,-9.9,112.94,-44.7,26.05,0.01,0.28,-0.11,0.13
LCLK,EGCC,0,28,1.5,20.77,-28.12,33.49,-0.03,0.17,-0.37,0.18
LCLK,EGCC,1,27,5.54,13.01,-11.28,29.2,-0.04,0.16,-0.28,0.17
LCLK,EGGW,0,40,-24.06,28.52,-62.41,41.72,-0.04,0.15,-0.3,0.18
LCLK,EGGW,1,15,-28.97,17.51,-50.61,-4.92,-0.03,0.1,-0.18,0.09
LCLK,EGKK,0,25,-4.73,28.01,-40.14,36.14,-0.03,0.15,-0.22,0.25
LCLK,EGKK,1,17,4.64,16.16,-11.48,33.94,0.02,0.16,-0.14,0.23
LCLK,EGKK,2,62,3.62,14.18,-18.92,34.24,0.05,0.19,-0.2,0.41
LCLK,EGLL,0,71,5.18,15.24,-16.3,32.3,0.06,0.16,-0.19,0.36
LCLK,EGLL,1,44,14.92,39.34,-10.2,54.4,0.14,0.28,-0.11,0.42
LCLK,LGAV,0,260,12.36,17.69,-2.03,32.23,0.07,0.09,-0.03,0.18
LCLK,LGAV,1,107,13.22,11.36,-0.51,33.58,0.07,0.06,-0.03,0.16
LCLK,LGAV,2,16,-14.82,23.87,-32.5,15.05,-0.01,0.1,-0.09,0.16
LCLK,LGTS,0,61,-16.96,25.79,-35.6,4.6,-0.04,0.1,-0.13,0.05
LCLK,LGTS,1,34,-8.54,13.51,-29.18,14.7,-0.05,0.07,-0.16,0.05
LCLK,LKPR,0,18,-28.12,25.25,-61.56,16.68,-0.05,0.1,-0.22,0.05
LCLK,LKPR,1,37,-19.43,11.25,-35.38,-4.58,-0.07,0.08,-0.2,0.04
LCLK,LLBG,0,278,8.56,12.75,-9.2,31.57,0.05,0.07,-0.04,0.16
LCLK,LOWW,0,54,5.36,46.63,-20.05,38.59,0.02,0.2,-0.16,0.12
LCLK,LOWW,1,26,-15.72,21.52,-48.38,20.05,-0.04,0.16,-0.22,0.08
LCLK,LSZH,0,81,5.34,20.4,-18.4,44.5,-0.04,0.17,-0.27,0.26
LCLK,LYBE,0,69,-3.76,23.28,-31.5,41.72,0.02,0.09,-0.11,0.19
LCLK,OLBA,0,71,3.29,3.74,-0.4,8.95,0.06,0.07,0.02,0.1
LCLK,OTHH,0,60,-4.17,15.7,-30.16,20.38,0.05,0.09,-0.07,0.19
LCLK,UDYZ,0,17,-81.02,24.5,-116.72,-45.54,-0.16,0.05,-0.25,-0.09
LCLK,UDYZ,1,55,-30.81,18.71,-57.51,2.73,-0.02,0.07,-0.12,0.11
LCPH,EGCC,0,34,7.66,19.33,-15.58,42.5,-0.02,0.19,-0.31,0.32
LCPH,EGCC,1,56,5.09,23.58,-16.77,33.57,-0.01,0.15,-0.23,0.24
LCPH,EGKK,0,19,2.28,12.87,-13.29,26.01,-0.01,0.11,-0.15,0.13
LCPH,EGKK,1,75,13.49,18.45,-8.29,45.17,0.09,0.17,-0.15,0.37
LCPH,EGKK,2,23,3.35,19.42,-17.79,36.99,-0.0,0.17,-0.23,0.25
LCPH,EGKK,3,17,5.91,11.72,-10.06,22.8,-0.02,0.13,-0.19,0.13
LCPH,EGSS,0,24,3.89,16.55,-11.14,38.53,-0.0,0.13,-0.19,0.2
LCPH,EGSS,1,34,2.93,14.15,-14.1,29.73,0.0,0.12,-0.18,0.19
LCPH,LLBG,0,119,9.38,18.92,-4.2,30.21,0.03,0.1,-0.07,0.13
LDDU,EDDF,0,57,-22.78,31.05,-56.5,6.92,-0.06,0.08,-0.17,0.05
LDDU,EDDM,0,28,6.87,14.31,-13.38,30.06,-0.02,0.08,-0.12,0.1
LDDU,EDDM,1,32,1.31,14.72,-17.24,23.89,-0.01,0.07,-0.11,0.08
LDDU,EGKK,0,122,8.91,17.38,-12.69,37.44,0.16,0.16,-0.07,0.47
LDDU,LDZA,0,60,-10.35,14.83,-24.73,14.49,-0.04,0.11,-0.19,0.1
LDDU,LDZA,1,59,-8.16,16.62,-25.16,26.54,0.0,0.07,-0.06,0.08
LDDU,LOWW,0,57,16.93,17.08,-4.84,42.86,0.06,0.07,-0.05,0.17
LDSP,EDDF,0,50,-20.22,25.07,-54.15,9.25,-0.05,0.14,-0.2,0.28
LDSP,EDDF,1,26,-29.25,21.5,-56.02,5.75,-0.11,0.07,-0.21,0.0
LDSP,EDDL,0,42,-6.75,16.18,-24.89,27.05,0.03,0.07,-0.07,0.15
LDSP,EDDL,1,18,-14.91,12.78,-31.19,9.76,0.05,0.1,-0.07,0.22
LDSP,EDDM,0,95,13.48,14.84,-6.39,37.96,0.02,0.17,-0.23,0.29
LDSP,EGGW,0,59,-12.91,17.76,-37.72,16.77,0.02,0.14,-0.19,0.26
LDSP,EGKK,0,88,18.98,14.26,1.11,38.19,0.18,0.15,-0.02,0.44
LDSP,EKCH,0,24,-8.28,16.07,-28.22,13.64,-0.06,0.13,-0.22,0.17
LDSP,EKCH,1,26,-17.18,18.07,-33.83,20.98,-0.07,0.11,-0.26,0.08
LDSP,LDZA,0,117,-9.19,16.73,-28.94,23.08,0.01,0.08,-0.1,0.14
LDSP,LIRF,0,70,-45.6,21.17,-57.66,-14.79,-0.16,0.11,-0.29,0.01
LDSP,LOWW,0,27,14.52,14.5,-4.57,35.52,0.08,0.05,0.0,0.15
LDSP,LOWW,1,26,15.53,11.66,1.48,40.08,0.07,0.05,0.0,0.14
LDSP,LOWW,2,20,18.68,20.75,-3.92,43.21,0.1,0.1,0.03,0.27
LDZA,EDDF,0,119,-20.77,26.53,-55.21,4.75,-0.08,0.06,-0.17,0.03
LDZA,EDDF,1,16,-22.52,22.02,-52.55,0.42,-0.08,0.08,-0.21,0.03
LDZA,EDDM,0,69,12.72,12.72,-3.42,39.38,-0.02,0.12,-0.18,0.14
LDZA,EHAM,0,18,8.86,6.55,-2.08,17.93,0.1,0.08,-0.03,0.22
LDZA,EHAM,1,71,5.14,11.04,-7.75,25.15,0.06,0.08,-0.04,0.21
LDZA,LDDU,0,74,-2.24,11.63,-12.24,12.58,0.05,0.13,-0.02,0.14
LDZA,LDDU,1,44,-2.06,11.49,-13.11,20.05,0.0,0.07,-0.15,0.1
LDZA,LDSP,0,73,-2.49,8.03,-14.56,12.14,0.05,0.06,-0.03,0.13
LDZA,LDSP,1,45,-0.22,21.17,-18.2,29.28,0.03,0.07,-0.05,0.14
LDZA,LFPG,0,39,-3.36,14.25,-24.86,17.27,0.07,0.06,-0.01,0.17
LDZA,LFPG,1,24,-10.83,18.41,-36.9,10.07,0.08,0.07,-0.04,0.2
LDZA,LOWW,0,72,20.31,12.4,3.49,40.8,0.08,0.05,-0.01,0.18
LDZA,LQSA,0,53,3.48,3.37,-0.1,10.06,0.04,0.04,-0.03,0.09
LDZA,LSZH,0,59,17.65,12.87,1.89,28.2,0.07,0.14,-0.22,0.28
LDZA,LTFM,0,45,-16.83,14.56,-36.18,9.3,0.03,0.12,-0.09,0.21
LDZA,LTFM,1,15,-25.81,23.47,-39.32,8.19,0.04,0.19,-0.12,0.28
LDZA,LYBE,0,60,-6.93,13.49,-19.72,20.24,-0.02,0.08,-0.1,0.1
LEAL,EBBR,0,60,7.9,14.15,-20.26,28.64,0.01,0.11,-0.12,0.18
LEAL,EBBR,1,64,7.02,16.36,-14.79,25.33,-0.09,0.1,-0.21,0.05
LEAL,EBCI,0,50,-8.49,11.34,-24.36,4.23,-0.01,0.1,-0.16,0.13
LEAL,EDDL,0,24,-30.95,18.82,-50.61,5.25,-0.06,0.15,-0.29,0.19
LEAL,EDDL,1,28,-23.06,22.58,-47.15,13.09,-0.04,0.08,-0.15,0.08
LEAL,EGAA,0,29,4.58,16.37,-11.54,28.82,-0.01,0.12,-0.18,0.19
LEAL,EGAA,1,28,-9.0,35.22,-55.94,41.19,-0.02,0.15,-0.23,0.26
LEAL,EGBB,0,95,-7.92,20.97,-39.79,15.38,-0.07,0.12,-0.25,0.12
LEAL,EGCC,0,202,7.72,25.3,-19.2,50.28,0.01,0.14,-0.19,0.25
LEAL,EGCC,1,15,-25.98,16.82,-48.44,-1.88,-0.04,0.17,-0.25,0.2
LEAL,EGGD,0,93,5.25,16.06,-18.8,26.78,-0.03,0.13,-0.2,0.19
LEAL,EGGD,1,18,-6.63,19.52,-36.62,16.88,-0.01,0.11,-0.17,0.11
LEAL,EGGD,2,27,-32.74,17.78,-57.3,-3.36,-0.1,0.13,-0.27,0.03
LEAL,EGGP,0,43,9.0,22.48,-8.56,24.59,0.04,0.15,-0.13,0.39
LEAL,EGGP,1,27,-26.95,11.72,-47.47,-13.37,-0.05,0.14,-0.25,0.18
LEAL,EGGW,0,94,-58.34,23.89,-88.4,-20.49,-0.17,0.14,-0.38,0.03
LEAL,EGKK,0,196,5.37,24.8,-21.25,39.38,0.1,0.16,-0.13,0.35
LEAL,EGKK,1,34,-24.01,32.92,-61.46,10.89,0.01,0.18,-0.24,0.25
LEAL,EGNM,0,106,-4.9,14.82,-26.58,16.9,0.0,0.13,-0.19,0.24
LEAL,EGNT,0,81,5.01,22.12,-13.7,27.3,-0.01,0.14,-0.22,0.22
LEAL,EGNX,0,99,-4.39,21.75,-22.3,11.9,-0.01,0.12,-0.17,0.2
LEAL,EGPF,0,42,5.94,21.63,-16.28,41.74,-0.04,0.15,-0.27,0.18
LEAL,EGPF,1,29,5.33,13.99,-8.54,31.12,-0.01,0.13,-0.19,0.14
LEAL,EGPH,0,42,7.94,15.94,-9.38,34.58,0.01,0.14,-0.16,0.26
LEAL,EGPH,1,19,4.19,21.52,-19.75,36.03,-0.03,0.18,-0.29,0.28
LEAL,EGSS,0,132,-2.29,11.58,-19.37,16.02,0.04,0.11,-0.1,0.24
LEAL,EHAM,0,19,-0.19,38.0,-32.05,94.75,0.02,0.14,-0.15,0.27
LEAL,EHAM,1,144,4.42,14.09,-21.24,22.78,0.04,0.11,-0.1,0.21
LEAL,EHEH,0,81,-4.12,15.44,-23.3,21.6,-0.08,0.1,-0.2,0.11
LEAL,EHRD,0,51,-0.24,12.83,-17.65,22.25,-0.03,0.11,-0.16,0.16
LEAL,EIDW,0,63,-49.95,25.19,-79.89,17.17,-0.14,0.21,-0.36,0.15
LEAL,EIDW,1,34,-17.5,13.4,-36.1,1.94,-0.09,0.14,-0.29,0.06
LEAL,EKCH,0,21,-13.95,12.33,-30.2,-0.2,-0.09,0.13,-0.25,0.13
LEAL,EKCH,1,34,-5.23,22.22,-33.87,30.87,-0.09,0.12,-0.25,0.07
LEAL,EKCH,2,28,-32.39,45.86,-71.82,52.32,-0.16,0.12,-0.31,0.0
LEAL,ENGM,0,19,-27.27,25.75,-50.9,18.27,-0.14,0.15,-0.34,0.06
LEAL,ENGM,1,57,-28.59,25.02,-56.42,1.82,-0.11,0.12,-0.25,0.15
LEAL,ENGM,2,27,-31.02,18.42,-58.94,-6.42,-0.13,0.15,-0.32,0.11
LEAL,ESGG,0,54,-13.91,19.33,-40.97,2.42,-0.05,0.11,-0.19,0.16
LEAL,ESSA,0,23,-7.3,15.98,-29.08,17.1,0.02,0.14,-0.16,0.25
LEAL,ESSA,1,64,-9.6,16.76,-34.16,12.43,0.02,0.13,-0.13,0.33
LEAL,ESSA,2,25,3.24,27.35,-33.34,48.78,0.03,0.13,-0.15,0.23
LEAL,LEBB,0,55,-20.68,15.08,-43.55,-1.54,-0.04,0.06,-0.13,0.05
LEAL,LEBL,0,23,-11.47,9.77,-21.37,10.63,-0.1,0.06,-0.18,-0.02
LEAL,LEBL,1,87,-10.92,13.22,-28.81,17.12,-0.1,0.05,-0.18,-0.02
LEAL,LEIB,0,66,-23.49,18.79,-39.2,14.8,-0.08,0.07,-0.16,0.06
LEAL,LEMD,0,115,-1.09,18.36,-23.49,33.27,0.03,0.09,-0.08,0.18
LEAL,LEMD,1,43,-5.38,16.13,-31.5,21.09,0.01,0.09,-0.1,0.17
LEAL,LEPA,0,99,-3.85,15.37,-26.2,18.56,0.02,0.06,-0.08,0.1
LEAL,LEPA,1,64,-8.05,13.82,-31.87,2.01,-0.04,0.06,-0.12,0.04
LEAL,LEST,0,64,6.56,12.17,-11.27,27.31,-0.05,0.09,-0.2,0.08
LEAL,LFPO,0,90,-2.82,29.89,-29.66,33.23,-0.01,0.12,-0.17,0.22
LEAM,LEMD,0,24,-22.0,22.83,-40.9,-2.4,0.02,0.13,-0.11,0.16
LEAM,LEMD,1,18,-13.37,11.69,-27.92,0.11,0.04,0.12,-0.11,0.24
LEAM,LEMD,2,47,-2.76,20.39,-23.24,50.7,0.03,0.11,-0.1,0.23
LEAS,LEBL,0,107,2.11,9.78,-8.74,19.31,-0.05,0.09,-0.17,0.09
LEAS,LEMD,0,83,1.36,10.98,-17.39,17.68,-0.0,0.1,-0.14,0.19
LEAS,LEMD,1,44,-4.91,22.11,-32.16,30.83,0.03,0.08,-0.08,0.16
LEBB,EDDF,0,20,-58.26,16.47,-78.94,-35.69,-0.22,0.1,-0.36,-0.08
LEBB,EDDF,1,30,-62.63,116.05,-115.76,-45.21,-0.24,0.29,-0.39,-0.14
LEBB,EDDF,2,26,-51.75,26.89,-82.38,-7.85,-0.21,0.16,-0.38,-0.09
LEBB,EDDM,0,115,-18.36,24.96,-44.79,34.26,-0.13,0.09,-0.27,-0.01
LEBB,EGKK,0,34,10.54,12.71,-5.34,34.26,0.1,0.12,-0.1,0.28
LEBB,EGKK,1,42,16.77,9.32,4.06,28.74,0.13,0.14,-0.02,0.38
LEBB,EGKK,2,29,16.46,8.98,5.08,35.16,0.15,0.14,-0.04,0.34
LEBB,EHAM,0,117,0.34,18.52,-29.06,30.2,-0.0,0.08,-0.15,0.12
LEBB,LEAL,0,55,-24.07,21.05,-48.75,18.2,-0.01,0.07,-0.11,0.11
LEBB,LEBL,0,25,2.34,22.55,-25.82,45.06,-0.02,0.15,-0.14,0.09
LEBB,LEBL,1,103,-8.93,13.34,-29.69,14.11,-0.06,0.06,-0.12,0.06
LEBB,LEBL,2,19,-17.93,14.78,-40.68,6.06,-0.08,0.06,-0.17,0.03
LEBB,LEBL,3,31,8.9,12.23,-6.95,24.3,-0.03,0.04,-0.09,0.03
LEBB,LEIB,0,51,-34.03,33.22,-77.35,22.9,-0.1,0.1,-0.23,0.06
LEBB,LEMD,0,78,-7.71,27.15,-31.5,30.75,0.06,0.09,-0.04,0.2
LEBB,LEMD,1,188,-14.53,12.7,-38.93,0.0,-0.0,0.06,-0.08,0.12
LEBB,LEMG,0,90,-3.22,18.34,-19.82,34.3,0.05,0.1,-0.08,0.25
LEBB,LEMH,0,20,-12.56,14.34,-29.99,12.31,-0.02,0.06,-0.11,0.05
LEBB,LEMH,1,27,-18.8,16.27,-46.56,3.45,-0.04,0.07,-0.13,0.09
LEBB,LEMH,2,17,-7.76,15.2,-27.92,14.48,0.03,0.08,-0.08,0.12
LEBB,LEPA,0,29,2.86,11.2,-12.1,20.82,0.02,0.06,-0.07,0.12
LEBB,LEPA,1,69,-12.58,14.95,-32.4,12.92,-0.05,0.08,-0.17,0.09
LEBB,LEST,0,72,12.62,9.47,1.86,26.58,0.02,0.04,-0.05,0.09
LEBB,LEVC,0,69,-21.42,25.62,-54.26,18.14,-0.05,0.08,-0.14,0.08
LEBB,LEZL,0,109,-4.55,11.78,-15.48,6.4,0.02,0.07,-0.06,0.15
LEBB,LFPG,0,49,-26.26,11.57,-39.88,-6.4,-0.02,0.06,-0.1,0.08
LEBB,LFPG,1,15,-19.8,14.83,-36.39,-0.09,0.06,0.08,-0.03,0.2
LEBB,LFPG,2,42,-26.82,18.3,-61.46,-1.72,0.03,0.06,-0.06,0.14
LEBB,LPPT,0,53,-32.17,21.56,-61.54,1.32,-0.07,0.11,-0.21,0.1
LEBB,LPPT,1,25,-13.51,19.86,-39.36,20.44,0.04,0.07,-0.06,0.15
LEBL,EBBR,0,41,-5.3,15.75,-25.0,20.3,-0.02,0.09,-0.14,0.12
LEBL,EBBR,1,95,10.7,12.53,-7.57,31.33,0.02,0.08,-0.1,0.14
LEBL,EBBR,2,76,8.53,16.78,-10.92,40.02,0.05,0.09,-0.08,0.22
LEBL,EDDB,0,31,-13.08,22.51,-42.6,25.15,-0.01,0.12,-0.18,0.2
LEBL,EDDB,1,39,-6.67,16.44,-25.08,24.61,0.0,0.11,-0.14,0.16
LEBL,EDDB,2,42,-9.83,18.09,-43.66,14.35,0.0,0.12,-0.19,0.18
LEBL,EDDB,3,16,-14.38,14.95,-38.38,3.65,0.01,0.08,-0.08,0.13
LEBL,EDDF,0,191,-51.04,19.74,-79.25,-14.6,-0.23,0.09,-0.38,-0.09
LEBL,EDDF,1,20,-93.42,13.47,-110.76,-71.38,-0.3,0.06,-0.37,-0.2
LEBL,EDDH,0,48,-44.59,18.54,-73.37,-13.32,-0.15,0.09,-0.29,-0.0
LEBL,EDDH,1,34,-44.07,28.17,-75.68,-5.76,-0.09,0.28,-0.29,-0.0
LEBL,EDDK,0,47,-33.21,13.27,-52.48,-16.22,-0.11,0.08,-0.25,0.01
LEBL,EDDK,1,16,-32.26,10.43,-46.8,-17.35,-0.1,0.08,-0.22,0.03
LEBL,EDDK,2,28,-18.88,25.32,-38.88,20.74,0.03,0.11,-0.13,0.15
LEBL,EDDK,3,22,-14.97,29.99,-47.94,27.4,-0.0,0.13,-0.16,0.21
LEBL,EDDL,0,82,-26.02,25.88,-52.87,3.45,-0.05,0.11,-0.17,0.14
LEBL,EDDL,1,34,-25.16,21.02,-54.84,3.32,-0.07,0.08,-0.18,0.05
LEBL,EDDM,0,134,-12.78,14.41,-34.6,12.23,-0.14,0.09,-0.26,0.02
LEBL,EDDM,1,82,-17.35,21.59,-34.22,6.17,-0.21,0.1,-0.34,-0.06
LEBL,EDDM,2,17,-19.69,23.18,-42.04,31.7,-0.17,0.07,-0.27,-0.07
LEBL,EDDS,0,16,-6.07,18.53,-34.33,11.4,-0.02,0.06,-0.11,0.06
LEBL,EDDS,1,60,-15.89,8.68,-28.12,-0.16,-0.02,0.08,-0.15,0.11
LEBL,EDDS,2,24,-20.51,28.09,-43.2,-8.13,-0.04,0.13,-0.18,0.15
LEBL,EGBB,0,64,-16.02,23.99,-52.3,6.01,-0.01,0.11,-0.16,0.17
LEBL,EGCC,0,109,7.16,11.33,-9.54,24.82,0.04,0.12,-0.14,0.26
LEBL,EGCC,1,26,3.45,9.61,-9.68,20.58,-0.0,0.1,-0.11,0.22
LEBL,EGGD,0,27,-15.28,10.79,-30.44,3.79,-0.05,0.09,-0.15,0.12
LEBL,EGGD,1,59,14.95,12.62,-7.73,30.93,0.0,0.1,-0.13,0.17
LEBL,EGGW,0,60,-44.84,25.13,-78.63,-0.39,-0.14,0.11,-0.29,0.04
LEBL,EGGW,1,21,-58.88,24.92,-89.7,-24.6,-0.14,0.12,-0.3,0.07
LEBL,EGKK,0,85,-7.03,14.12,-33.84,20.04,0.09,0.12,-0.1,0.31
LEBL,EGKK,1,255,4.09,13.64,-17.0,22.8,0.14,0.16,-0.08,0.44
LEBL,EGLL,0,46,-5.65,7.5,-15.9,7.5,0.07,0.13,-0.11,0.26
LEBL,EGLL,1,159,9.03,16.58,-5.9,31.84,0.11,0.12,-0.06,0.34
LEBL,EGPH,0,55,1.55,28.6,-17.51,19.55,0.04,0.13,-0.15,0.29
LEBL,EGSS,0,120,-5.27,10.98,-18.06,11.66,0.05,0.1,-0.09,0.22
LEBL,EHAM,0,388,1.18,14.95,-23.42,22.76,0.06,0.09,-0.09,0.22
LEBL,EHEH,0,54,-11.56,15.81,-35.08,11.02,-0.1,0.09,-0.21,0.06
LEBL,EIDW,0,116,-30.49,18.31,-53.78,-1.85,-0.07,0.17,-0.28,0.25
LEBL,EIDW,1,32,-81.31,176.95,-157.01,-65.85,-0.22,0.38,-0.52,-0.0
LEBL,EKCH,0,28,-23.12,11.56,-41.42,-5.85,-0.13,0.06,-0.21,-0.02
LEBL,EKCH,1,21,-26.87,11.84,-48.8,-11.5,-0.14,0.1,-0.28,-0.02
LEBL,EKCH,2,68,-21.49,19.65,-43.93,24.0,-0.12,0.12,-0.33,0.1
LEBL,EKCH,3,28,-16.64,9.73,-32.31,-6.51,-0.11,0.09,-0.22,0.04
LEBL,ENGM,0,38,-24.46,21.84,-49.48,-7.54,-0.05,0.14,-0.24,0.2
LEBL,ENGM,1,48,-33.72,22.77,-63.2,-4.23,-0.11,0.09,-0.25,0.0
LEBL,EPWA,0,55,-48.93,18.29,-71.67,-17.29,-0.08,0.12,-0.26,0.09
LEBL,ESSA,0,81,-6.52,14.98,-26.4,19.9,0.01,0.13,-0.15,0.26
LEBL,ESSA,1,15,-14.19,27.9,-44.88,34.55,-0.04,0.1,-0.18,0.09
LEBL,GCLP,0,18,-22.49,15.84,-41.88,4.12,0.07,0.16,-0.18,0.24
LEBL,GCLP,1,26,-13.9,20.61,-45.0,19.12,0.07,0.14,-0.12,0.32
LEBL,GCLP,2,42,8.49,14.29,-8.76,28.28,0.08,0.16,-0.14,0.32
LEBL,GCLP,3,25,5.62,8.6,-4.56,20.32,0.05,0.17,-0.25,0.28
LEBL,GCRR,0,74,-33.52,16.18,-54.32,-7.3,-0.07,0.15,-0.3,0.14
LEBL,GCXO,0,60,-4.48,16.4,-18.6,37.56,-0.02,0.17,-0.25,0.26
LEBL,GCXO,1,71,-1.65,26.02,-25.15,53.35,0.0,0.14,-0.21,0.21
LEBL,GMMN,0,63,-7.3,23.22,-25.98,27.74,0.04,0.15,-0.16,0.3
LEBL,GMTT,0,31,-37.16,20.27,-56.85,2.0,0.0,0.08,-0.09,0.11
LEBL,GMTT,1,28,-21.99,14.32,-42.16,-1.98,0.01,0.08,-0.11,0.12
LEBL,KJFK,0,19,-6.87,69.97,-98.66,126.05,0.07,0.34,-0.47,0.47
LEBL,KJFK,1,31,-2.56,133.52,-69.3,73.95,0.0,0.32,-0.44,0.58
LEBL,KJFK,2,40,-2.71,26.48,-40.74,36.19,-0.0,0.33,-0.44,0.56
LEBL,KORD,0,25,-5.4,61.34,-86.72,95.96,-0.02,0.35,-0.55,0.58
LEBL,KORD,1,17,-8.58,56.03,-67.98,91.78,-0.04,0.29,-0.42,0.4
LEBL,KORD,2,16,-6.21,71.66,-64.75,111.85,-0.04,0.35,-0.46,0.41
LEBL,LBSF,0,51,-38.63,24.26,-65.05,-7.8,-0.07,0.13,-0.26,0.12
LEBL,LEAL,0,110,-11.54,11.25,-21.98,10.21,0.03,0.07,-0.06,0.15
LEBL,LEAS,0,20,-6.53,15.19,-21.3,21.12,0.01,0.06,-0.06,0.11
LEBL,LEAS,1,71,-2.0,13.78,-10.35,24.2,0.03,0.06,-0.05,0.15
LEBL,LEAS,2,16,-5.79,3.59,-10.27,-0.55,-0.07,0.04,-0.13,-0.03
LEBL,LEBB,0,182,2.58,19.17,-14.09,37.29,0.04,0.08,-0.04,0.13
LEBL,LECO,0,23,-13.92,13.55,-27.38,3.06,0.01,0.07,-0.09,0.1
LEBL,LECO,1,21,1.76,14.31,-9.9,7.9,0.04,0.06,-0.04,0.13
LEBL,LECO,2,19,9.58,12.9,-0.79,35.15,0.06,0.09,-0.02,0.2
LEBL,LEGR,0,19,-31.08,13.46,-43.63,-4.75,0.12,0.07,0.0,0.23
LEBL,LEGR,1,91,-2.15,7.27,-5.9,13.45,0.13,0.07,0.04,0.24
LEBL,LEIB,0,391,-26.66,20.17,-53.9,4.65,-0.08,0.07,-0.17,0.03
LEBL,LEJR,0,56,-11.97,19.89,-29.1,18.77,0.05,0.08,-0.05,0.15
LEBL,LEMD,0,100,-7.42,19.34,-22.15,13.94,0.02,0.09,-0.08,0.14
LEBL,LEMD,1,279,1.59,6.07,-2.7,11.2,0.02,0.06,-0.06,0.12
LEBL,LEMD,2,87,-36.43,15.91,-52.76,-1.76,-0.07,0.07,-0.17,0.08
LEBL,LEMG,0,219,-18.75,16.13,-38.51,13.62,0.07,0.08,-0.05,0.21
LEBL,LEMH,0,313,-23.32,12.76,-41.2,-4.3,-0.07,0.04,-0.14,-0.01
LEBL,LEPA,0,685,-12.5,12.09,-23.38,3.1,-0.01,0.07,-0.08,0.11
LEBL,LESO,0,28,-8.99,7.78,-16.85,5.51,0.04,0.04,-0.03,0.11
LEBL,LESO,1,30,6.36,9.93,-3.21,27.41,0.07,0.05,-0.02,0.15
LEBL,LEST,0,18,-1.83,12.28,-13.69,21.78,-0.05,0.06,-0.15,0.03
LEBL,LEST,1,65,7.49,4.91,0.8,15.9,-0.01,0.07,-0.12,0.1
LEBL,LEST,2,20,-10.13,13.81,-34.46,7.06,-0.05,0.06,-0.15,0.03
LEBL,LEVC,0,38,-13.76,9.94,-22.1,4.43,-0.07,0.05,-0.13,0.0
LEBL,LEVC,1,23,-30.11,13.26,-43.83,0.6,-0.11,0.06,-0.18,-0.01
LEBL,LEVX,0,28,-16.8,5.15,-23.99,-7.37,0.04,0.09,-0.07,0.15
LEBL,LEVX,1,22,-0.82,4.37,-3.88,7.01,0.03,0.06,-0.06,0.13
LEBL,LEVX,2,17,-15.81,9.7,-30.66,-4.66,-0.01,0.05,-0.09,0.05
LEBL,LEXJ,0,59,-5.93,20.73,-18.01,15.27,0.02,0.07,-0.07,0.12
LEBL,LEZL,0,43,-32.74,14.99,-49.86,-10.46,-0.01,0.06,-0.09,0.1
LEBL,LEZL,1,161,-4.49,17.47,-17.1,15.2,0.03,0.06,-0.06,0.12
LEBL,LEZL,2,20,-9.88,9.89,-18.24,2.93,0.03,0.05,-0.02,0.11
LEBL,LEZL,3,19,-13.74,14.15,-31.94,11.96,0.04,0.05,-0.04,0.11
LEBL,LFLL,0,16,3.31,13.2,-18.45,20.38,-0.0,0.04,-0.07,0.05
LEBL,LFLL,1,28,-12.26,12.84,-32.56,11.7,-0.01,0.05,-0.09,0.06
LEBL,LFLL,2,27,-15.04,18.92,-42.0,8.69,-0.04,0.06,-0.1,0.08
LEBL,LFMN,0,22,-7.18,9.56,-22.48,1.17,-0.03,0.05,-0.1,0.04
LEBL,LFMN,1,72,-20.52,15.09,-40.57,3.24,-0.02,0.06,-0.13,0.07
LEBL,LFPG,0,86,-30.2,16.02,-45.62,1.83,-0.07,0.09,-0.19,0.09
LEBL,LFPG,1,221,-17.56,18.4,-43.7,11.6,-0.05,0.1,-0.19,0.13
LEBL,LFPO,0,59,-12.36,16.37,-28.39,23.42,-0.03,0.08,-0.12,0.18
LEBL,LFPO,1,171,-1.15,16.18,-24.35,21.4,-0.02,0.08,-0.14,0.11
LEBL,LFRS,0,93,2.95,9.82,-12.4,19.56,0.01,0.07,-0.09,0.11
LEBL,LFSB,0,89,-36.29,26.16,-59.12,34.7,-0.13,0.09,-0.26,0.03
LEBL,LGAV,0,97,-17.19,14.22,-35.04,8.38,-0.03,0.1,-0.17,0.18
LEBL,LHBP,0,40,-27.67,12.42,-43.87,-6.78,-0.01,0.12,-0.2,0.16
LEBL,LHBP,1,9,-28.43,19.43,-44.9,4.24,-0.02,0.13,-0.2,0.13
LEBL,LHBP,2,27,-22.13,27.67,-43.77,36.46,-0.0,0.1,-0.17,0.13
LEBL,LIMC,0,314,-72.99,23.74,-94.37,-29.49,-0.28,0.1,-0.4,-0.12
LEBL,LIME,0,35,-38.76,9.16,-50.46,-20.04,-0.13,0.05,-0.22,-0.05
LEBL,LIME,1,50,-52.21,14.23,-69.72,-30.68,-0.1,0.11,-0.22,-0.03
LEBL,LIPE,0,22,-8.55,6.67,-17.68,0.95,-0.01,0.07,-0.09,0.1
LEBL,LIPE,1,74,-18.21,34.02,-37.5,-1.15,-0.01,0.21,-0.18,0.1
LEBL,LIPE,2,21,-3.93,7.49,-14.1,8.4,0.01,0.07,-0.05,0.13
LEBL,LIPZ,0,49,-31.83,12.42,-45.88,-3.22,-0.17,0.08,-0.3,-0.07
LEBL,LIPZ,1,92,-44.03,20.22,-66.24,-9.91,-0.15,0.08,-0.29,-0.04
LEBL,LIRF,0,431,-44.23,33.15,-69.3,-9.1,-0.15,0.12,-0.27,-0.03
LEBL,LIRN,0,18,-48.02,22.41,-75.76,-19.2,-0.09,0.08,-0.19,0.02
LEBL,LIRN,1,78,-40.99,26.28,-76.6,-5.53,-0.07,0.09,-0.18,0.06
LEBL,LIRN,2,16,-24.22,17.53,-42.62,1.82,-0.02,0.09,-0.16,0.1
LEBL,LIRQ,0,74,-27.2,11.87,-42.32,-9.24,-0.08,0.07,-0.22,0.01
LEBL,LKPR,0,45,-35.52,49.3,-72.76,54.1,-0.08,0.15,-0.29,0.2
LEBL,LKPR,1,44,-30.16,33.15,-56.74,-7.05,-0.07,0.12,-0.22,0.1
LEBL,LLBG,0,101,-12.96,17.17,-32.6,20.7,-0.02,0.12,-0.2,0.17
LEBL,LOWW,0,158,-5.4,20.34,-30.29,25.63,0.02,0.11,-0.15,0.17
LEBL,LPPR,0,25,-16.02,13.22,-31.14,2.0,0.02,0.04,-0.06,0.07
LEBL,LPPR,1,50,-2.16,5.72,-12.4,5.81,0.03,0.07,-0.05,0.16
LEBL,LPPR,2,22,-13.01,17.45,-32.72,14.19,0.03,0.09,-0.05,0.18
LEBL,LPPR,3,38,-11.44,15.75,-28.6,13.08,0.02,0.06,-0.07,0.14
LEBL,LPPR,4,35,-24.55,21.06,-44.4,15.62,-0.0,0.1,-0.13,0.13
LEBL,LPPT,0,307,-14.12,21.21,-43.18,22.98,0.07,0.09,-0.06,0.24
LEBL,LPPT,1,28,-15.84,23.25,-46.67,22.14,0.07,0.13,-0.06,0.28
LEBL,LROP,0,33,-44.09,18.55,-63.8,-12.74,-0.08,0.18,-0.32,0.21
LEBL,LROP,1,32,-32.88,21.7,-57.21,10.78,-0.05,0.12,-0.23,0.1
LEBL,LSGG,0,79,-27.14,12.34,-41.99,-9.15,0.0,0.06,-0.07,0.11
LEBL,LSGG,1,37,-12.79,10.09,-27.76,2.46,0.01,0.06,-0.08,0.12
LEBL,LSGG,2,39,-31.36,11.82,-49.19,-16.81,-0.03,0.06,-0.12,0.05
LEBL,LSZH,0,17,-14.42,22.62,-43.8,20.7,-0.02,0.07,-0.1,0.11
LEBL,LSZH,1,50,-18.15,13.11,-35.98,6.13,-0.04,0.09,-0.17,0.09
LEBL,LSZH,2,61,-39.71,14.54,-61.3,-16.5,-0.04,0.1,-0.16,0.15
LEBL,LSZH,3,38,-9.3,9.76,-26.15,4.52,-0.09,0.08,-0.19,0.03
LEBL,LSZH,4,15,-15.21,13.03,-36.53,-0.86,-0.04,0.08,-0.13,0.08
LEBL,LTFM,0,109,-33.06,17.53,-59.38,-0.2,-0.08,0.13,-0.27,0.09
LEBL,LYBE,0,34,-28.21,12.94,-46.96,-4.61,-0.05,0.12,-0.23,0.14
LEBL,LYBE,1,36,-18.29,21.25,-36.12,35.98,-0.04,0.12,-0.23,0.13
LEBL,OMDB,0,60,5.6,49.56,-48.04,98.52,0.19,0.16,-0.04,0.47
LEBL,OTHH,0,25,13.17,18.99,-17.86,41.7,0.09,0.08,0.0,0.2
LEBL,OTHH,1,17,11.8,25.68,-13.9,56.64,0.1,0.13,-0.03,0.28
LEBL,OTHH,2,18,1.76,18.56,-21.69,40.34,0.04,0.14,-0.12,0.21
LECO,LEBL,0,30,-10.92,8.33,-20.51,4.25,-0.04,0.11,-0.19,0.18
LECO,LEBL,1,33,0.54,7.24,-8.42,13.8,-0.01,0.08,-0.11,0.11
LECO,LEMD,0,132,0.65,8.94,-9.9,13.21,0.01,0.08,-0.08,0.14
LECO,LEMD,1,52,0.93,7.59,-8.99,14.16,0.0,0.08,-0.11,0.1
LECO,LEMD,2,45,2.34,7.58,-6.48,11.02,0.06,0.08,-0.05,0.21
LECO,LEMD,3,15,5.73,14.14,-6.75,31.65,0.06,0.06,-0.02,0.15
LEGE,EBCI,0,55,8.03,13.13,-18.48,25.68,-0.04,0.07,-0.14,0.08
LEGE,EGSS,0,61,9.79,9.52,-1.7,27.5,0.07,0.08,-0.07,0.19
LEGR,LEBL,0,18,1.07,21.24,-26.36,37.3,0.02,0.08,-0.13,0.13
LEGR,LEBL,1,61,5.87,17.7,-21.9,34.0,0.01,0.06,-0.08,0.13
LEGR,LEBL,2,31,0.74,15.64,-15.7,34.75,0.03,0.07,-0.07,0.14
LEGR,LEMD,0,73,-0.11,23.33,-20.82,61.38,0.0,0.1,-0.1,0.19
LEGR,LEMD,1,16,3.84,13.14,-15.42,26.52,0.06,0.11,-0.05,0.23
LEIB,EBBR,0,24,13.96,28.43,-11.84,87.26,-0.07,0.14,-0.22,0.17
LEIB,EBBR,1,28,12.36,13.64,-7.38,25.67,0.0,0.1,-0.17,0.16
LEIB,EDDL,0,30,-28.0,16.79,-53.12,-1.21,-0.07,0.1,-0.23,0.12
LEIB,EDDL,1,29,-24.24,18.5,-53.06,2.2,-0.07,0.07,-0.2,0.04
LEIB,EDDM,0,26,-3.53,19.88,-27.88,33.2,-0.12,0.1,-0.28,0.0
LEIB,EDDM,1,34,-16.55,11.18,-33.0,2.04,-0.2,0.1,-0.36,-0.02
LEIB,EGBB,0,66,-11.88,17.76,-42.3,13.35,-0.05,0.12,-0.24,0.18
LEIB,EGCC,0,99,12.47,12.54,-1.03,36.61,0.02,0.14,-0.15,0.3
LEIB,EGCC,1,32,12.46,8.39,0.9,22.9,0.01,0.1,-0.13,0.18
LEIB,EGGD,0,60,12.83,12.74,-7.84,28.93,-0.01,0.12,-0.16,0.2
LEIB,EGKK,0,154,6.92,16.91,-18.54,24.84,0.06,0.16,-0.16,0.36
LEIB,EGLC,0,55,-20.21,15.66,-49.62,-3.01,-0.01,0.11,-0.16,0.16
LEIB,EGLL,0,65,13.48,6.57,4.72,24.58,0.08,0.14,-0.08,0.34
LEIB,EGNT,0,54,12.36,9.85,-0.74,23.95,0.01,0.14,-0.2,0.22
LEIB,EGSS,0,20,2.91,8.26,-9.98,15.18,-0.02,0.07,-0.12,0.07
LEIB,EGSS,1,84,2.55,12.73,-17.1,21.53,0.05,0.11,-0.11,0.27
LEIB,EHAM,0,134,9.16,18.0,-18.26,37.43,0.05,0.12,-0.13,0.26
LEIB,EHEH,0,83,-1.1,10.91,-14.38,15.16,-0.08,0.13,-0.23,0.08
LEIB,EHRD,0,55,4.77,10.06,-11.53,20.63,-0.02,0.11,-0.17,0.15
LEIB,LEAL,0,66,-9.01,15.28,-34.22,15.2,0.04,0.09,-0.1,0.19
LEIB,LEBB,0,51,-5.38,16.79,-23.25,28.0,-0.0,0.06,-0.1,0.09
LEIB,LEBL,0,32,-1.94,14.1,-15.22,20.01,-0.05,0.1,-0.13,0.04
LEIB,LEBL,1,33,2.48,9.73,-5.4,25.38,-0.06,0.06,-0.14,0.04
LEIB,LEBL,2,76,-1.21,10.2,-16.1,21.62,-0.05,0.06,-0.13,0.06
LEIB,LEBL,3,243,-3.64,11.44,-23.5,14.66,-0.07,0.05,-0.15,0.02
LEIB,LEMD,0,156,-8.89,12.58,-21.1,19.05,0.04,0.07,-0.05,0.18
LEIB,LEMD,1,96,4.74,9.21,-0.22,23.38,0.04,0.04,-0.02,0.12
LEIB,LEMD,2,41,-11.3,19.17,-38.6,17.3,0.02,0.09,-0.05,0.1
LEIB,LEMD,3,38,3.24,11.33,-10.19,25.04,0.06,0.06,-0.03,0.14
LEIB,LEMG,0,60,-20.75,16.6,-52.85,2.09,0.08,0.08,-0.01,0.2
LEIB,LEPA,0,389,-17.49,17.29,-47.0,3.72,-0.03,0.08,-0.17,0.1
LEIB,LEVC,0,144,9.82,22.45,-16.5,40.68,0.01,0.08,-0.1,0.13
LEIB,LFPO,0,98,5.16,19.74,-15.92,36.33,-0.01,0.1,-0.16,0.19
LEIB,LIMC,0,108,-70.08,27.71,-99.86,-13.83,-0.29,0.11,-0.44,-0.1
LEIB,LIME,0,43,-36.86,14.58,-62.65,-11.92,-0.13,0.08,-0.24,-0.02
LEIB,LIME,1,29,-48.88,25.18,-76.9,-29.78,-0.06,0.15,-0.21,0.24
LEIB,LIRF,0,40,-29.54,32.92,-48.6,2.2,-0.13,0.1,-0.23,-0.03
LEIB,LIRF,1,27,-42.22,24.32,-71.36,-2.19,-0.13,0.07,-0.25,-0.01
LEIB,LPPT,0,38,-15.61,17.05,-42.92,4.74,0.06,0.08,-0.04,0.2
LEIB,LPPT,1,22,-11.72,13.28,-29.22,8.57,0.03,0.08,-0.07,0.16
LEIB,LSZH,0,42,-18.2,20.76,-38.58,20.78,-0.08,0.12,-0.25,0.14
LEIB,LSZH,1,27,-31.26,19.48,-52.74,5.52,-0.08,0.1,-0.24,0.11
LEJR,LEBL,0,56,0.45,19.2,-29.12,33.52,-0.02,0.07,-0.14,0.11
LEJR,LEMD,0,66,-15.39,19.34,-31.38,7.02,-0.04,0.08,-0.13,0.07
LEJR,LEMD,1,19,-12.79,12.03,-29.75,0.92,-0.01,0.08,-0.14,0.1
LEMD,EBBR,0,149,17.0,13.57,-6.92,41.48,0.05,0.08,-0.07,0.18
LEMD,EBBR,1,100,13.94,16.05,-14.82,38.51,-0.03,0.09,-0.17,0.11
LEMD,EBBR,2,23,12.15,18.84,-24.6,33.24,-0.0,0.08,-0.1,0.13
LEMD,EBBR,3,41,17.73,13.9,-5.7,42.1,-0.02,0.11,-0.15,0.2
LEMD,EDDB,0,83,0.08,24.65,-28.53,24.1,0.01,0.11,-0.17,0.16
LEMD,EDDB,1,31,4.31,16.71,-21.9,33.95,0.03,0.1,-0.13,0.2
LEMD,EDDF,0,104,-38.15,75.97,-74.7,-5.59,-0.12,0.27,-0.3,0.11
LEMD,EDDF,1,106,-77.6,53.54,-107.85,-34.6,-0.22,0.21,-0.36,-0.08
LEMD,EDDF,2,72,-34.6,17.73,-58.01,0.39,-0.15,0.11,-0.34,-0.01
LEMD,EDDH,0,19,-60.36,23.31,-90.34,-25.54,-0.19,0.1,-0.32,-0.04
LEMD,EDDH,1,34,-60.25,19.4,-87.82,-32.11,-0.2,0.1,-0.35,-0.05
LEMD,EDDL,0,41,-28.6,13.96,-48.6,-1.2,-0.06,0.07,-0.16,0.04
LEMD,EDDL,1,67,-17.5,14.56,-40.35,7.81,-0.05,0.08,-0.17,0.07
LEMD,EDDM,0,238,2.12,14.34,-15.15,24.35,-0.1,0.09,-0.26,0.05
LEMD,EDDM,1,9,-11.14,13.2,-25.08,9.8,-0.16,0.05,-0.22,-0.09
LEMD,EDDM,2,19,0.95,25.37,-35.15,38.58,-0.08,0.13,-0.26,0.09
LEMD,EDDP,0,51,-27.01,22.9,-65.8,5.45,-0.1,0.1,-0.26,0.06
LEMD,EGKK,0,83,11.14,10.52,-9.86,29.31,0.13,0.15,-0.07,0.38
LEMD,EGKK,1,40,10.07,19.78,-20.61,31.2,0.19,0.15,-0.04,0.49
LEMD,EGKK,2,41,16.03,5.85,11.5,24.2,0.2,0.16,0.0,0.49
LEMD,EGLL,0,171,16.23,7.96,7.75,31.9,0.11,0.12,-0.09,0.3
LEMD,EGLL,1,58,10.62,10.25,-7.28,25.88,0.11,0.11,-0.07,0.29
LEMD,EGLL,2,38,13.74,17.44,-0.01,47.36,0.16,0.14,-0.04,0.43
LEMD,EGLL,3,93,19.75,12.47,6.58,40.12,0.13,0.13,-0.05,0.36
LEMD,EGPH,0,52,9.53,18.32,-9.44,43.93,0.03,0.13,-0.15,0.33
LEMD,EGSS,0,91,3.36,31.94,-17.4,87.15,0.08,0.13,-0.07,0.33
LEMD,EHAM,0,271,14.27,15.38,-11.45,37.0,0.09,0.09,-0.03,0.26
LEMD,EIDW,0,130,-25.09,25.73,-56.18,23.41,-0.07,0.15,-0.27,0.25
LEMD,EKCH,0,25,-10.95,31.39,-40.28,55.88,-0.12,0.11,-0.23,0.1
LEMD,EKCH,1,42,-5.46,35.99,-33.77,4.92,-0.08,0.16,-0.37,0.15
LEMD,GCFV,0,49,-37.72,12.74,-52.6,-21.56,-0.09,0.11,-0.25,0.12
LEMD,GCFV,1,15,-38.67,16.49,-54.55,-18.42,-0.1,0.15,-0.3,0.09
LEMD,GCFV,2,33,-48.0,11.0,-64.54,-29.36,-0.12,0.15,-0.33,0.14
LEMD,GCLP,0,60,3.97,13.51,-11.31,28.31,0.07,0.14,-0.11,0.33
LEMD,GCLP,1,56,3.58,12.0,-13.55,21.3,0.1,0.14,-0.11,0.35
LEMD,GCLP,2,134,5.3,11.41,-9.62,28.37,0.09,0.13,-0.08,0.29
LEMD,GCLP,3,93,-0.11,12.43,-17.62,22.7,0.05,0.12,-0.14,0.22
LEMD,GCLP,4,37,11.81,10.73,-2.12,30.78,0.05,0.17,-0.18,0.28
LEMD,GCRR,0,57,-23.05,12.41,-42.56,-6.52,-0.11,0.12,-0.32,0.07
LEMD,GCRR,1,74,-28.93,10.26,-46.2,-10.35,-0.07,0.13,-0.27,0.12
LEMD,GCRR,2,23,-21.37,7.37,-31.15,-14.94,-0.05,0.13,-0.29,0.14
LEMD,GCTS,0,101,-28.29,15.44,-41.0,1.5,-0.07,0.14,-0.25,0.18
LEMD,GCXO,0,231,8.21,9.57,-0.1,21.8,0.01,0.12,-0.15,0.24
LEMD,GCXO,1,79,7.75,15.18,-10.8,28.39,0.02,0.13,-0.17,0.25
LEMD,GCXO,2,33,-8.77,14.78,-29.6,13.74,-0.07,0.15,-0.31,0.1
LEMD,GEML,0,104,3.81,14.56,-21.64,21.64,0.0,0.1,-0.13,0.18
LEMD,GMMN,0,97,-8.27,23.56,-34.7,26.4,0.02,0.1,-0.12,0.17
LEMD,GMMX,0,59,-15.54,16.78,-37.4,9.13,0.02,0.11,-0.14,0.21
LEMD,GMMX,1,23,-9.06,19.74,-26.67,11.76,0.02,0.09,-0.13,0.19
LEMD,GMMX,2,20,-27.78,14.02,-48.74,-2.4,-0.01,0.07,-0.14,0.08
LEMD,GMTT,0,111,-15.3,17.31,-41.15,8.15,0.04,0.08,-0.06,0.17
LEMD,KDFW,0,19,-0.74,72.78,-72.11,135.15,-0.03,0.46,-0.63,0.7
LEMD,KDFW,1,21,-1.6,88.7,-77.1,128.3,-0.01,0.39,-0.76,0.39
LEMD,KDFW,2,19,-0.16,36.17,-38.03,75.12,-0.03,0.37,-0.49,0.74
LEMD,KJFK,0,74,-0.91,65.06,-54.27,116.07,0.02,0.28,-0.41,0.47
LEMD,KJFK,1,24,-5.66,24.67,-33.07,32.24,-0.01,0.36,-0.55,0.44
LEMD,KJFK,2,45,-2.89,130.81,-125.76,172.06,0.04,0.35,-0.44,0.58
LEMD,KMIA,0,20,-0.83,55.32,-61.32,88.83,-0.02,0.28,-0.4,0.36
LEMD,KMIA,1,40,-1.44,58.83,-79.64,103.03,-0.05,0.29,-0.55,0.35
LEMD,KMIA,2,34,-1.1,33.13,-46.66,49.37,-0.04,0.28,-0.43,0.36
LEMD,KMIA,3,26,-1.43,53.09,-97.0,69.23,-0.01,0.24,-0.34,0.37
LEMD,LEAL,0,42,-1.14,5.36,-6.26,10.12,0.05,0.05,-0.0,0.13
LEMD,LEAL,1,24,14.68,10.99,-1.8,27.52,0.09,0.03,0.05,0.14
LEMD,LEAL,2,20,-0.55,2.98,-5.27,2.25,0.05,0.03,0.01,0.1
LEMD,LEAL,3,38,-10.72,11.57,-23.28,13.32,0.01,0.04,-0.05,0.06
LEMD,LEAL,4,35,6.91,15.38,-10.89,38.04,0.03,0.07,-0.04,0.15
LEMD,LEAM,0,21,-9.82,11.76,-23.8,11.3,-0.0,0.04,-0.06,0.07
LEMD,LEAM,1,68,-13.79,12.98,-28.26,13.18,-0.04,0.05,-0.11,0.05
LEMD,LEAS,0,100,2.03,9.86,-10.29,18.72,-0.02,0.06,-0.09,0.08
LEMD,LEAS,1,26,-5.24,11.69,-18.92,20.25,-0.05,0.06,-0.12,0.05
LEMD,LEBB,0,171,-4.07,20.48,-26.65,34.55,0.0,0.08,-0.08,0.1
LEMD,LEBB,1,95,-4.77,12.75,-16.12,8.0,0.04,0.1,-0.02,0.08
LEMD,LEBL,0,462,-1.24,11.32,-20.89,14.4,-0.06,0.06,-0.14,0.04
LEMD,LECO,0,187,13.69,7.2,1.95,23.48,0.05,0.06,-0.04,0.15
LEMD,LECO,1,42,6.76,8.89,-8.26,17.05,0.05,0.06,-0.06,0.14
LEMD,LECO,2,15,8.93,6.58,-0.2,15.93,0.0,0.05,-0.08,0.05
LEMD,LEGR,0,64,-1.78,5.79,-9.08,11.13,0.03,0.05,-0.06,0.11
LEMD,LEGR,1,25,1.92,8.33,-5.28,15.5,0.07,0.05,-0.02,0.16
LEMD,LEIB,0,330,-15.91,22.1,-47.72,15.12,-0.03,0.07,-0.11,0.05
LEMD,LEJR,0,66,-9.92,10.23,-20.02,16.62,-0.01,0.05,-0.07,0.07
LEMD,LEJR,1,19,-2.59,3.29,-5.34,0.89,0.04,0.04,-0.02,0.11
LEMD,LEMG,0,167,-8.87,11.24,-18.59,20.79,0.05,0.06,-0.02,0.16
LEMD,LEMG,1,56,2.89,14.63,-9.38,35.6,0.12,0.06,0.02,0.23
LEMD,LEMG,2,27,15.99,47.13,-21.96,33.52,0.15,0.34,-0.02,0.25
LEMD,LEMH,0,69,-8.44,12.94,-22.5,16.48,-0.02,0.06,-0.11,0.07
LEMD,LEMH,1,41,-13.12,15.5,-33.7,6.4,-0.03,0.08,-0.16,0.08
LEMD,LEMH,2,32,-1.23,10.39,-18.15,10.3,0.01,0.05,-0.08,0.09
LEMD,LEPA,0,328,-11.65,25.13,-46.12,18.56,-0.05,0.06,-0.14,0.04
LEMD,LEPA,1,48,-15.35,22.43,-60.29,13.14,-0.09,0.05,-0.17,-0.01
LEMD,LEPA,2,98,-6.85,23.05,-50.15,13.46,-0.06,0.07,-0.18,0.05
LEMD,LEPA,3,28,-2.35,26.78,-40.83,36.05,-0.02,0.05,-0.1,0.08
LEMD,LEPA,4,16,-28.49,25.41,-57.25,8.35,-0.13,0.05,-0.19,-0.05
LEMD,LEPP,0,89,13.31,17.17,-3.56,39.96,0.04,0.06,-0.04,0.14
LEMD,LESO,0,41,12.73,14.83,-0.8,37.0,0.07,0.09,-0.03,0.18
LEMD,LESO,1,43,12.38,10.86,2.73,38.04,0.05,0.07,-0.05,0.17
LEMD,LEST,0,77,12.0,10.84,2.46,40.2,-0.0,0.13,-0.11,0.1
LEMD,LEST,1,22,7.49,13.12,-3.2,25.6,-0.04,0.07,-0.11,0.07
LEMD,LEST,2,22,9.32,15.2,0.0,50.16,-0.03,0.06,-0.1,0.08
LEMD,LEVC,0,20,11.48,23.13,-10.74,39.25,0.07,0.06,0.0,0.13
LEMD,LEVC,1,59,1.71,14.51,-20.7,37.34,0.03,0.05,-0.04,0.12
LEMD,LEVC,2,37,1.12,16.1,-22.14,22.4,0.06,0.04,0.0,0.13
LEMD,LEVC,3,36,-14.06,21.19,-31.2,3.0,0.01,0.09,-0.04,0.06
LEMD,LEVC,4,15,2.18,18.3,-6.9,30.87,-0.0,0.04,-0.04,0.07
LEMD,LEVX,0,56,4.15,10.32,-4.95,29.35,0.02,0.06,-0.05,0.11
LEMD,LEVX,1,136,5.61,4.61,-0.3,8.43,0.05,0.05,-0.02,0.13
LEMD,LEVX,2,30,-0.19,13.39,-18.85,12.59,0.06,0.09,-0.02,0.16
LEMD,LEVX,3,7,-0.93,4.89,-8.02,2.99,-0.0,0.05,-0.07,0.06
LEMD,LEVX,4,16,-2.67,12.21,-29.22,10.18,0.03,0.06,-0.03,0.13
LEMD,LEXJ,0,120,13.25,17.2,-0.9,46.4,0.01,0.07,-0.06,0.1
LEMD,LEZL,0,110,-8.79,11.93,-27.76,10.68,0.03,0.04,-0.02,0.11
LEMD,LFBD,0,94,12.07,12.57,-7.78,29.57,0.05,0.05,-0.02,0.12
LEMD,LFBO,0,98,-5.82,9.46,-15.22,7.49,0.0,0.06,-0.04,0.07
LEMD,LFLL,0,95,9.72,28.46,-11.65,37.21,0.02,0.07,-0.06,0.12
LEMD,LFML,0,120,13.66,17.42,-4.1,45.24,0.08,0.08,-0.03,0.2
LEMD,LFMN,0,89,-0.93,15.47,-22.3,27.26,0.04,0.07,-0.07,0.17
LEMD,LFPG,0,272,-12.6,20.49,-37.38,19.94,-0.01,0.1,-0.15,0.17
LEMD,LFPO,0,372,1.27,20.15,-22.8,28.34,-0.01,0.09,-0.14,0.16
LEMD,LFRS,0,106,-17.28,15.03,-37.58,10.9,-0.03,0.07,-0.14,0.08
LEMD,LGAV,0,115,-0.62,18.42,-18.77,38.36,-0.01,0.13,-0.2,0.17
LEMD,LGAV,1,19,-12.25,37.91,-43.22,33.72,-0.07,0.15,-0.26,0.23
LEMD,LHBP,0,33,-14.0,14.13,-31.78,7.28,-0.03,0.11,-0.22,0.11
LEMD,LHBP,1,33,-16.59,23.96,-34.0,19.58,-0.01,0.17,-0.25,0.19
LEMD,LIMC,0,102,-49.73,20.36,-66.76,0.56,-0.2,0.08,-0.3,-0.06
LEMD,LIMC,1,24,-48.6,52.6,-86.38,73.49,-0.21,0.15,-0.37,0.08
LEMD,LIMC,2,63,-51.36,19.42,-67.57,-6.8,-0.25,0.11,-0.4,-0.05
LEMD,LIMF,0,54,-11.17,11.04,-22.94,3.82,0.01,0.05,-0.08,0.08
LEMD,LIMF,1,15,-15.46,10.02,-31.08,-2.88,-0.06,0.05,-0.12,0.05
LEMD,LIML,0,64,9.1,6.89,-2.2,21.19,0.03,0.06,-0.07,0.13
LEMD,LIML,1,25,-13.94,30.41,-32.94,15.4,-0.07,0.1,-0.19,0.05
LEMD,LIPE,0,110,-4.23,22.76,-19.71,13.78,0.01,0.1,-0.14,0.16
LEMD,LIPZ,0,142,-28.5,17.93,-48.92,1.06,-0.15,0.1,-0.29,0.01
LEMD,LIRF,0,419,-30.8,20.79,-53.02,6.63,-0.12,0.08,-0.25,0.01
LEMD,LIRF,1,15,-29.87,21.19,-61.89,-0.03,-0.09,0.08,-0.19,0.02
LEMD,LIRN,0,64,-32.79,26.56,-64.78,8.7,-0.06,0.09,-0.2,0.07
LEMD,LIRQ,0,18,-4.41,18.32,-19.29,12.6,0.0,0.09,-0.08,0.1
LEMD,LIRQ,1,34,-6.87,11.36,-19.22,6.1,-0.03,0.09,-0.18,0.09
LEMD,LKPR,0,56,-9.62,27.31,-38.62,50.48,-0.06,0.13,-0.24,0.11
LEMD,LLBG,0,104,12.48,14.98,-4.24,39.85,0.04,0.13,-0.16,0.23
LEMD,LLBG,1,15,8.85,10.21,-1.1,25.63,0.02,0.17,-0.19,0.26
LEMD,LOWW,0,19,2.8,11.52,-9.79,19.27,0.05,0.07,-0.04,0.15
LEMD,LOWW,1,16,4.09,10.94,-8.82,22.65,0.03,0.1,-0.12,0.14
LEMD,LOWW,2,85,10.59,11.15,-4.08,27.2,0.03,0.12,-0.17,0.21
LEMD,LPPR,0,239,0.23,10.28,-14.37,22.66,0.03,0.06,-0.05,0.12
LEMD,LPPR,1,79,-4.5,23.19,-32.08,13.05,0.03,0.1,-0.07,0.12
LEMD,LPPR,2,30,0.41,18.23,-17.6,40.64,0.04,0.08,-0.07,0.21
LEMD,LPPT,0,374,-0.15,15.43,-24.2,19.27,0.05,0.07,-0.04,0.16
LEMD,LPPT,1,177,0.28,14.15,-14.28,21.9,0.08,0.08,-0.03,0.21
LEMD,LROP,0,31,-32.15,17.15,-50.4,1.7,-0.09,0.18,-0.31,0.18
LEMD,LROP,1,38,-17.02,16.91,-36.88,15.61,-0.02,0.14,-0.25,0.19
LEMD,LROP,2,16,-36.52,12.65,-48.78,-13.52,-0.12,0.18,-0.38,0.13
LEMD,LSGG,0,48,-0.73,10.14,-9.32,16.78,-0.15,0.05,-0.22,-0.08
LEMD,LSGG,1,73,-6.42,12.26,-32.38,9.8,0.02,0.06,-0.07,0.11
LEMD,LSGG,2,34,-14.31,13.49,-34.83,9.09,-0.03,0.05,-0.12,0.05
LEMD,LSZH,0,188,-0.0,33.32,-21.86,78.29,0.01,0.12,-0.14,0.23
LEMD,LTFM,0,109,-15.7,22.09,-42.46,29.96,-0.03,0.16,-0.28,0.2
LEMD,MDSD,0,15,-4.11,59.46,-78.81,106.72,0.01,0.28,-0.51,0.36
LEMD,MDSD,1,53,-2.02,43.41,-62.86,63.5,0.0,0.28,-0.39,0.44
LEMD,MMMX,0,20,0.71,50.42,-35.11,129.67,0.06,0.24,-0.15,0.48
LEMD,MMMX,1,17,-1.09,95.11,-102.66,160.44,-0.01,0.25,-0.37,0.31
LEMD,MMMX,2,48,-2.57,66.03,-86.11,84.34,0.02,0.21,-0.26,0.33
LEMD,MMMX,3,15,0.16,75.38,-60.17,144.27,0.01,0.41,-0.46,0.55
LEMD,MMMX,4,29,-3.23,62.77,-81.12,112.84,0.03,0.31,-0.46,0.46
LEMD,MMMX,5,20,-3.32,57.24,-62.54,91.36,0.01,0.22,-0.36,0.28
LEMD,MMUN,0,52,-3.57,72.14,-83.98,138.7,0.02,0.27,-0.51,0.43
LEMD,MUHA,0,70,-1.97,62.8,-79.18,125.65,0.01,0.25,-0.39,0.4
LEMD,OTHH,0,81,21.44,22.87,-12.6,68.2,0.1,0.12,-0.08,0.32
LEMD,SAEZ,0,23,-2.85,42.23,-41.37,95.37,0.0,0.22,-0.34,0.31
LEMD,SAEZ,1,51,-1.05,32.63,-31.65,75.05,0.02,0.28,-0.3,0.5
LEMD,SAEZ,2,18,-5.09,55.66,-67.66,80.42,-0.0,0.28,-0.38,0.57
LEMD,SAEZ,3,45,-3.91,44.13,-49.46,87.0,0.03,0.28,-0.47,0.46
LEMD,SBGR,0,19,-1.49,89.98,-88.21,119.54,-0.02,0.21,-0.29,0.3
LEMD,SBGR,1,48,-3.2,22.65,-21.47,45.1,-0.01,0.22,-0.28,0.35
LEMD,SBGR,2,22,-5.39,38.57,-44.57,53.91,-0.04,0.27,-0.43,0.37
LEMD,SCEL,0,31,0.95,38.21,-24.5,80.6,0.05,0.26,-0.36,0.47
LEMD,SCEL,1,33,-1.87,43.95,-49.68,76.68,0.01,0.25,-0.34,0.4
LEMD,SKBO,0,96,-1.78,29.56,-31.42,54.2,0.03,0.23,-0.27,0.42
LEMD,SKBO,1,26,0.04,52.5,-63.25,83.58,0.03,0.24,-0.27,0.42
LEMD,SKBO,2,76,-1.37,31.73,-36.75,50.52,0.01,0.28,-0.42,0.52
LEMD,SKBO,3,20,2.09,41.8,-47.16,99.9,0.03,0.33,-0.44,0.49
LEMD,SPJC,0,50,-2.0,40.89,-44.91,74.32,0.01,0.35,-0.62,0.53
LEMD,SPJC,1,33,-3.18,63.2,-65.18,71.62,0.0,0.32,-0.56,0.53
LEMD,SPJC,2,18,-2.65,83.77,-122.46,111.39,0.03,0.25,-0.29,0.35
LEMD,SPJC,3,31,-1.49,50.81,-39.95,116.05,0.01,0.25,-0.34,0.47
LEMD,SVMI,0,51,-2.42,62.57,-62.7,122.7,-0.01,0.28,-0.53,0.41
LEMG,EBBR,0,28,3.77,14.96,-20.46,28.66,-0.07,0.14,-0.23,0.18
LEMG,EBBR,1,29,4.64,21.75,-16.82,23.72,-0.05,0.08,-0.18,0.08
LEMG,EBBR,2,87,2.81,15.18,-19.37,24.72,-0.05,0.12,-0.21,0.18
LEMG,EDDB,0,29,-9.25,21.01,-31.38,29.72,0.01,0.13,-0.19,0.2
LEMG,EDDB,1,20,8.75,24.67,-20.09,38.93,0.03,0.21,-0.25,0.4
LEMG,EDDB,2,17,-16.14,14.37,-36.42,2.48,-0.01,0.11,-0.13,0.15
LEMG,EDDF,0,52,-70.9,20.44,-99.64,-33.85,-0.24,0.11,-0.4,-0.09
LEMG,EDDF,1,39,-38.07,22.47,-71.11,1.01,-0.18,0.13,-0.38,0.01
LEMG,EDDL,0,48,-22.12,30.02,-51.74,24.28,-0.01,0.16,-0.2,0.22
LEMG,EDDL,1,43,-28.97,30.33,-62.94,25.81,-0.02,0.12,-0.19,0.19
LEMG,EDDM,0,35,-10.33,13.66,-30.79,10.43,-0.14,0.11,-0.33,0.02
LEMG,EDDM,1,28,-1.83,8.71,-13.24,11.61,-0.16,0.1,-0.29,0.01
LEMG,EFHK,0,25,-18.14,30.88,-44.68,41.9,-0.03,0.14,-0.23,0.17
LEMG,EFHK,1,56,-14.66,14.48,-29.88,3.25,-0.0,0.1,-0.16,0.14
LEMG,EFHK,2,13,-15.63,14.2,-37.62,0.62,0.01,0.15,-0.14,0.28
LEMG,EGAA,0,70,-0.37,20.94,-21.56,20.0,0.0,0.15,-0.23,0.31
LEMG,EGBB,0,47,-3.99,21.69,-32.11,35.57,0.0,0.14,-0.19,0.29
LEMG,EGBB,1,35,-19.81,15.95,-50.64,4.27,-0.09,0.12,-0.32,0.09
LEMG,EGCC,0,106,-2.6,15.18,-23.05,22.7,0.02,0.15,-0.16,0.33
LEMG,EGCC,1,29,-2.22,19.37,-30.84,35.08,-0.03,0.13,-0.22,0.17
LEMG,EGCC,2,24,-0.24,12.46,-17.0,19.68,0.03,0.14,-0.13,0.25
LEMG,EGGD,0,129,3.49,14.68,-16.08,28.1,0.01,0.14,-0.18,0.26
LEMG,EGGP,0,78,-4.36,13.27,-23.08,23.49,0.03,0.13,-0.18,0.27
LEMG,EGGW,0,119,-65.22,27.81,-92.95,-13.9,-0.15,0.17,-0.37,0.12
LEMG,EGKK,0,101,3.46,16.13,-19.8,28.3,0.12,0.18,-0.14,0.4
LEMG,EGKK,1,244,4.2,14.92,-19.94,25.46,0.13,0.17,-0.12,0.44
LEMG,EGLL,0,51,4.26,11.97,-12.05,22.4,0.07,0.16,-0.15,0.37
LEMG,EGLL,1,22,2.12,10.47,-11.16,17.98,0.08,0.14,-0.12,0.34
LEMG,EGNM,0,57,-10.13,12.66,-30.56,9.38,-0.01,0.16,-0.21,0.27
LEMG,EGNM,1,28,0.13,11.81,-15.8,20.15,0.02,0.14,-0.17,0.21
LEMG,EGNX,0,90,-11.76,43.47,-43.41,71.18,-0.01,0.15,-0.24,0.24
LEMG,EGPF,0,41,0.01,27.64,-24.0,32.1,-0.01,0.14,-0.2,0.17
LEMG,EGPF,1,26,-10.13,44.24,-49.75,73.22,-0.04,0.16,-0.26,0.18
LEMG,EGSS,0,99,-7.93,18.58,-27.54,12.78,0.08,0.11,-0.07,0.28
LEMG,EHAM,0,213,0.94,19.3,-25.3,35.52,0.04,0.12,-0.15,0.27
LEMG,EHEH,0,94,-10.6,17.09,-27.58,1.24,-0.09,0.12,-0.28,0.08
LEMG,EHRD,0,59,-3.2,18.24,-22.41,15.01,-0.05,0.12,-0.22,0.14
LEMG,EICK,0,32,-11.82,15.81,-38.56,8.25,-0.01,0.14,-0.19,0.21
LEMG,EICK,1,18,-26.62,15.61,-50.47,-7.03,-0.07,0.11,-0.26,0.06
LEMG,EIDW,0,30,-46.65,16.38,-72.28,-13.29,-0.15,0.16,-0.4,0.12
LEMG,EIDW,1,169,-38.79,19.26,-66.74,-2.8,-0.1,0.18,-0.32,0.24
LEMG,EIDW,2,25,-39.73,29.64,-81.02,18.78,-0.12,0.16,-0.31,0.18
LEMG,EKCH,0,35,-30.07,14.51,-57.41,-13.1,-0.14,0.08,-0.26,-0.02
LEMG,EKCH,1,36,-18.98,15.7,-43.75,5.7,-0.09,0.1,-0.22,0.04
LEMG,EKCH,2,34,-28.71,14.08,-47.85,-8.52,-0.14,0.17,-0.35,0.1
LEMG,EKCH,3,44,-25.37,31.55,-61.0,46.2,-0.14,0.13,-0.39,0.07
LEMG,ENGM,0,32,-33.84,21.63,-60.49,7.3,-0.11,0.13,-0.26,0.13
LEMG,ENGM,1,15,-20.65,23.79,-48.87,16.0,-0.06,0.18,-0.23,0.23
LEMG,ENGM,2,17,-21.05,24.14,-43.36,13.46,-0.08,0.2,-0.39,0.23
LEMG,ENGM,3,30,-28.58,34.67,-64.31,38.37,-0.1,0.11,-0.31,0.06
LEMG,ESGG,0,56,-14.29,20.28,-41.15,31.0,-0.04,0.14,-0.23,0.22
LEMG,ESSA,0,147,-11.87,24.62,-36.14,32.91,0.01,0.13,-0.19,0.26
LEMG,GCLP,0,69,1.32,11.6,-11.62,26.4,0.06,0.13,-0.14,0.25
LEMG,GCXO,0,15,-20.6,20.36,-48.87,3.6,-0.04,0.1,-0.17,0.14
LEMG,GCXO,1,45,-7.57,9.42,-23.3,4.78,-0.04,0.11,-0.19,0.15
LEMG,GEML,0,212,4.21,8.25,-3.4,21.44,0.03,0.04,-0.01,0.11
LEMG,GMMN,0,26,2.88,13.51,-10.78,26.32,0.09,0.1,-0.04,0.21
LEMG,GMMN,1,37,-2.55,10.46,-14.88,17.98,0.07,0.05,-0.01,0.17
LEMG,LEBB,0,65,-10.74,21.48,-34.16,30.76,-0.02,0.07,-0.1,0.09
LEMG,LEBB,1,26,-47.32,31.81,-68.65,-40.12,-0.1,0.1,-0.21,0.04
LEMG,LEBL,0,51,-3.39,17.22,-19.55,37.5,-0.01,0.08,-0.11,0.13
LEMG,LEBL,1,168,-4.22,16.05,-34.83,24.5,-0.0,0.07,-0.11,0.12
LEMG,LEIB,0,44,-24.27,18.18,-38.57,14.96,-0.05,0.07,-0.13,0.06
LEMG,LEIB,1,14,-29.05,24.71,-54.02,4.76,-0.05,0.07,-0.13,0.06
LEMG,LEMD,0,196,-16.27,17.76,-40.38,6.8,0.02,0.09,-0.07,0.15
LEMG,LEMD,1,53,-35.29,22.78,-68.68,-7.42,-0.0,0.11,-0.14,0.16
LEMG,LEPA,0,61,-7.04,13.39,-30.1,10.2,0.01,0.07,-0.11,0.1
LEMG,LEPA,1,26,-8.04,22.52,-25.7,34.5,0.01,0.05,-0.05,0.09
LEMG,LEPA,2,19,-16.22,17.74,-42.64,-2.46,-0.07,0.06,-0.16,0.01
LEMG,LEST,0,32,-4.44,21.37,-44.16,20.4,-0.02,0.05,-0.1,0.07
LEMG,LEST,1,24,-31.33,23.81,-56.66,2.52,-0.09,0.09,-0.26,0.02
LEMG,LEVC,0,41,-10.8,7.95,-24.7,0.7,-0.02,0.19,-0.25,0.22
LEMG,LEVC,1,25,-7.02,7.61,-16.64,6.74,-0.1,0.12,-0.21,0.18
LEMG,LFPG,0,56,-21.94,20.3,-43.12,18.6,-0.04,0.11,-0.2,0.17
LEMG,LFPG,1,45,-26.76,16.3,-53.8,-5.5,-0.01,0.1,-0.16,0.17
LEMG,LFPO,0,136,-8.54,21.86,-37.45,29.2,-0.04,0.12,-0.19,0.18
LEMG,LIMC,0,51,-62.78,14.85,-83.75,-38.15,-0.25,0.09,-0.41,-0.11
LEMG,LIMC,1,36,-56.81,30.02,-100.42,-10.45,-0.25,0.1,-0.39,-0.08
LEMG,LIRF,0,82,-30.04,19.5,-50.77,2.7,-0.11,0.09,-0.26,0.02
LEMG,LIRF,1,15,-22.51,26.41,-60.34,5.46,-0.07,0.09,-0.2,0.05
LEMG,LOWW,0,75,8.53,24.02,-15.14,75.71,0.04,0.12,-0.17,0.22
LEMG,LPPT,0,63,-31.9,27.72,-58.74,31.79,-0.06,0.1,-0.18,0.13
LEMG,LPPT,1,27,-9.21,19.16,-24.95,30.87,-0.01,0.09,-0.11,0.08
LEMG,LSGG,0,69,-14.32,23.11,-67.12,7.98,-0.0,0.11,-0.16,0.19
LEMG,LSZH,0,58,-9.69,16.08,-28.0,15.91,-0.07,0.12,-0.28,0.07
LEMG,LSZH,1,28,-9.71,12.97,-25.78,8.47,-0.06,0.12,-0.2,0.14
LEMG,LSZH,2,30,-13.18,29.72,-45.82,27.74,-0.07,0.17,-0.27,0.24
LEMG,LTFM,0,60,-17.9,42.43,-54.14,33.63,-0.03,0.17,-0.28,0.21
LEMH,EGCC,0,65,11.57,17.16,-3.8,29.12,-0.0,0.11,-0.13,0.2
LEMH,EGKK,0,107,7.81,14.77,-9.24,28.29,0.13,0.15,-0.08,0.36
LEMH,EGKK,1,23,1.39,18.46,-15.42,24.93,0.13,0.14,-0.04,0.34
LEMH,LEBB,0,63,-15.59,22.79,-46.2,23.76,-0.0,0.06,-0.09,0.08
LEMH,LEBL,0,314,0.84,32.03,-12.14,15.84,-0.02,0.11,-0.1,0.08
LEMH,LEMD,0,122,-4.21,14.04,-22.03,26.31,0.02,0.07,-0.07,0.14
LEMH,LEMD,1,20,-10.08,8.9,-21.5,-0.42,0.01,0.07,-0.12,0.09
LEMH,LEPA,0,303,-3.61,13.88,-15.3,17.07,0.0,0.08,-0.1,0.14
LEMH,LEVC,0,36,17.82,13.29,-7.88,36.3,-0.03,0.06,-0.11,0.08
LEMH,LEVC,1,23,-3.72,11.95,-16.27,17.95,-0.02,0.05,-0.1,0.04
LEMH,LEVC,2,25,4.31,12.95,-17.72,21.38,-0.02,0.08,-0.1,0.03
LEMI,EGKK,0,58,12.24,29.71,-15.14,40.24,0.13,0.2,-0.12,0.51
LEPA,EBBR,0,23,4.63,20.51,-22.99,38.47,-0.06,0.11,-0.14,0.17
LEPA,EBBR,1,38,11.48,15.92,-9.76,29.97,0.01,0.12,-0.16,0.26
LEPA,EDDB,0,45,6.66,15.12,-18.56,27.36,0.0,0.08,-0.11,0.15
LEPA,EDDB,1,90,-12.62,14.33,-32.23,11.46,-0.02,0.12,-0.21,0.15
LEPA,EDDB,2,93,3.07,20.21,-28.94,33.0,0.01,0.12,-0.15,0.19
LEPA,EDDB,3,21,6.61,13.94,-7.4,29.8,-0.0,0.17,-0.22,0.31
LEPA,EDDC,0,40,1.9,20.93,-37.67,30.57,0.04,0.13,-0.16,0.23
LEPA,EDDC,1,15,-2.65,23.71,-43.38,27.54,0.01,0.12,-0.14,0.2
LEPA,EDDF,0,174,-45.41,23.56,-75.08,-3.22,-0.15,0.11,-0.34,0.02
LEPA,EDDF,1,79,-40.12,33.25,-86.57,19.14,-0.2,0.1,-0.33,-0.04
LEPA,EDDF,2,16,-39.62,39.94,-93.0,21.8,-0.13,0.12,-0.28,0.09
LEPA,EDDF,3,19,-83.4,41.24,-132.65,-16.28,-0.28,0.11,-0.4,-0.13
LEPA,EDDG,0,42,-7.74,24.46,-42.78,27.55,-0.01,0.09,-0.13,0.13
LEPA,EDDG,1,57,-10.08,15.34,-33.5,14.2,0.02,0.1,-0.09,0.19
LEPA,EDDH,0,237,-38.81,23.96,-75.08,-4.66,-0.12,0.12,-0.31,0.07
LEPA,EDDH,1,18,-40.39,18.06,-70.39,-6.03,-0.12,0.1,-0.26,0.03
LEPA,EDDH,2,37,-37.57,16.75,-62.02,-8.28,-0.1,0.11,-0.23,0.08
LEPA,EDDH,3,15,-55.21,25.47,-89.47,-23.43,-0.15,0.14,-0.39,0.0
LEPA,EDDK,0,160,-24.23,20.48,-51.72,5.48,-0.09,0.1,-0.24,0.09
LEPA,EDDK,1,15,6.43,31.43,-35.2,64.66,0.04,0.15,-0.2,0.26
LEPA,EDDK,2,83,-12.5,27.96,-60.82,24.24,-0.02,0.12,-0.21,0.17
LEPA,EDDK,3,15,-31.39,11.47,-54.53,-19.26,-0.1,0.07,-0.23,0.01
LEPA,EDDK,4,49,-23.06,9.03,-32.4,-13.44,-0.02,0.1,-0.18,0.11
LEPA,EDDL,0,257,-19.75,28.0,-59.3,18.0,-0.04,0.11,-0.19,0.17
LEPA,EDDL,1,107,-24.67,15.71,-49.71,-3.88,-0.04,0.1,-0.2,0.11
LEPA,EDDL,2,18,-33.41,16.33,-62.98,-14.52,-0.02,0.08,-0.1,0.13
LEPA,EDDL,3,56,-27.14,16.07,-52.7,-0.65,-0.05,0.07,-0.16,0.07
LEPA,EDDL,4,21,-21.56,23.47,-61.3,20.8,-0.03,0.15,-0.24,0.23
LEPA,EDDM,0,143,-7.7,20.9,-40.21,24.97,-0.11,0.1,-0.28,0.05
LEPA,EDDM,1,154,-4.93,21.29,-42.97,26.31,-0.08,0.11,-0.25,0.11
LEPA,EDDN,0,142,-54.99,25.83,-96.8,-9.02,-0.15,0.12,-0.31,0.04
LEPA,EDDN,1,18,-0.73,14.47,-22.91,17.42,-0.02,0.11,-0.18,0.13
LEPA,EDDP,0,16,-29.72,21.27,-55.15,1.75,-0.06,0.08,-0.16,0.05
LEPA,EDDP,1,32,-41.79,22.2,-71.41,-11.34,-0.09,0.13,-0.29,0.06
LEPA,EDDP,2,16,-51.48,21.81,-89.38,-23.85,-0.1,0.08,-0.18,0.04
LEPA,EDDP,3,22,-41.69,35.43,-76.74,49.7,-0.1,0.16,-0.33,0.06
LEPA,EDDS,0,58,1.55,16.73,-14.89,44.8,0.0,0.07,-0.08,0.14
LEPA,EDDS,1,110,-5.53,10.26,-19.7,9.46,0.0,0.09,-0.13,0.15
LEPA,EDDS,2,71,-13.96,29.84,-56.2,40.9,-0.03,0.11,-0.18,0.13
LEPA,EDDV,0,35,-6.16,23.4,-41.78,22.81,-0.03,0.11,-0.19,0.17
LEPA,EDDV,1,88,-6.24,29.85,-43.23,54.77,-0.01,0.12,-0.18,0.18
LEPA,EDDW,0,35,-5.76,20.66,-43.07,20.73,0.01,0.13,-0.2,0.24
LEPA,EDDW,1,41,-6.79,26.1,-51.3,31.5,0.01,0.11,-0.12,0.23
LEPA,EDJA,0,53,-13.86,27.24,-55.6,21.46,-0.01,0.12,-0.19,0.17
LEPA,EDLP,0,31,-1.9,14.41,-23.6,17.05,0.03,0.09,-0.06,0.21
LEPA,EDLP,1,36,-2.32,31.5,-40.83,46.82,-0.01,0.1,-0.14,0.16
LEPA,EDLV,0,26,-11.77,19.61,-39.42,4.08,0.0,0.09,-0.09,0.07
LEPA,EDLV,1,30,-18.28,13.13,-35.56,7.78,0.0,0.1,-0.11,0.21
LEPA,EDLW,0,39,-14.28,11.88,-35.6,1.9,0.01,0.09,-0.11,0.19
LEPA,EDLW,1,38,-13.65,26.64,-51.18,22.96,-0.08,0.1,-0.18,0.13
LEPA,EDSB,0,106,3.24,29.92,-44.58,60.12,-0.02,0.1,-0.17,0.14
LEPA,EGAA,0,85,12.43,12.63,-0.56,26.88,0.02,0.13,-0.16,0.25
LEPA,EGBB,0,60,-7.61,20.53,-40.36,22.77,-0.04,0.1,-0.22,0.11
LEPA,EGBB,1,63,-6.66,20.09,-41.61,22.02,-0.05,0.13,-0.24,0.18
LEPA,EGBB,2,38,-14.97,17.7,-44.56,11.77,-0.04,0.12,-0.21,0.16
LEPA,EGCC,0,91,7.34,16.05,-18.8,32.7,0.01,0.1,-0.15,0.16
LEPA,EGCC,1,184,12.47,17.14,-5.58,49.61,0.01,0.13,-0.18,0.26
LEPA,EGGD,0,51,5.3,16.84,-14.55,30.35,-0.01,0.1,-0.16,0.14
LEPA,EGGD,1,124,17.67,12.75,-3.58,33.28,0.01,0.12,-0.16,0.18
LEPA,EGGP,0,30,0.94,11.34,-18.08,17.33,0.01,0.08,-0.13,0.16
LEPA,EGGP,1,42,8.53,7.38,0.5,21.45,0.03,0.14,-0.16,0.32
LEPA,EGGW,0,140,-50.93,23.98,-80.72,-4.89,-0.14,0.13,-0.33,0.07
LEPA,EGHH,0,15,2.01,10.2,-12.65,16.35,-0.03,0.05,-0.11,0.03
LEPA,EGHH,1,37,0.05,6.62,-8.98,12.34,-0.03,0.13,-0.18,0.19
LEPA,EGKK,0,63,4.63,19.49,-26.79,37.84,0.1,0.12,-0.11,0.3
LEPA,EGKK,1,130,11.35,13.38,-8.2,28.17,0.12,0.16,-0.09,0.42
LEPA,EGKK,2,31,-7.83,17.25,-29.55,19.35,0.11,0.18,-0.13,0.45
LEPA,EGKK,3,25,1.1,9.79,-12.84,14.66,0.1,0.12,-0.03,0.29
LEPA,EGLL,0,26,10.94,8.98,-2.28,25.4,0.09,0.12,-0.04,0.27
LEPA,EGLL,1,57,13.62,14.54,2.2,34.46,0.11,0.14,-0.05,0.33
LEPA,EGNM,0,53,0.8,14.04,-21.62,22.54,0.04,0.09,-0.12,0.19
LEPA,EGNM,1,85,5.51,12.8,-13.22,24.74,0.02,0.13,-0.16,0.31
LEPA,EGNT,0,33,8.41,11.86,-8.18,31.56,0.01,0.1,-0.17,0.14
LEPA,EGNT,1,41,11.72,15.28,-8.0,33.7,0.01,0.15,-0.19,0.31
LEPA,EGNT,2,33,11.18,8.82,-2.42,23.64,-0.03,0.1,-0.18,0.12
LEPA,EGNX,0,31,1.7,24.03,-15.25,45.9,0.01,0.09,-0.14,0.14
LEPA,EGNX,1,28,-0.36,8.75,-11.03,16.31,-0.05,0.1,-0.15,0.13
LEPA,EGNX,2,65,-3.02,10.53,-13.84,15.32,-0.02,0.11,-0.18,0.18
LEPA,EGPF,0,64,10.51,14.12,-3.27,37.1,0.01,0.15,-0.21,0.29
LEPA,EGPH,0,45,13.21,10.01,0.9,28.5,0.06,0.13,-0.13,0.27
LEPA,EGPH,1,43,11.34,10.13,-3.6,32.29,0.02,0.16,-0.18,0.35
LEPA,EGSS,0,65,2.64,10.36,-8.92,20.52,0.07,0.11,-0.08,0.27
LEPA,EGSS,1,78,4.44,12.97,-19.97,25.28,0.01,0.12,-0.14,0.18
LEPA,EGSS,2,27,-0.59,17.98,-22.44,21.39,0.07,0.07,-0.04,0.19
LEPA,EHAM,0,36,2.94,14.57,-19.32,28.0,0.04,0.07,-0.06,0.15
LEPA,EHAM,1,95,9.28,12.03,-15.89,24.46,0.04,0.12,-0.12,0.29
LEPA,EHEH,0,60,-0.97,14.34,-34.46,15.85,-0.06,0.09,-0.17,0.06
LEPA,EIDW,0,91,-29.65,19.75,-56.8,1.75,-0.1,0.15,-0.31,0.23
LEPA,EKCH,0,32,-14.52,9.29,-23.68,-3.42,-0.1,0.11,-0.25,0.1
LEPA,EKCH,1,16,-21.14,24.17,-47.7,23.32,-0.11,0.1,-0.22,0.03
LEPA,EKCH,2,72,-14.59,23.08,-49.14,15.11,-0.09,0.15,-0.35,0.12
LEPA,ELLX,0,26,-3.99,20.69,-32.05,23.42,-0.02,0.09,-0.14,0.12
LEPA,ELLX,1,16,-4.73,14.99,-34.17,13.52,0.03,0.1,-0.1,0.17
LEPA,ELLX,2,38,3.8,14.2,-11.72,25.5,0.03,0.11,-0.13,0.3
LEPA,ENGM,0,59,-27.53,22.44,-63.72,7.27,-0.08,0.15,-0.28,0.22
LEPA,ESSA,0,35,0.35,11.45,-18.26,24.19,0.02,0.1,-0.1,0.19
LEPA,ESSA,1,24,-6.23,19.48,-40.54,20.82,-0.01,0.16,-0.22,0.2
LEPA,ESSA,2,19,2.45,19.29,-31.5,35.66,0.03,0.1,-0.12,0.19
LEPA,LEAL,0,36,-1.95,5.66,-10.02,5.7,0.1,0.04,0.03,0.15
LEPA,LEAL,1,64,5.39,10.16,-4.56,17.45,0.13,0.12,0.04,0.2
LEPA,LEAL,2,64,3.5,18.53,-13.44,23.08,0.06,0.07,-0.04,0.15
LEPA,LEBB,0,33,7.66,19.27,-14.56,31.42,0.05,0.06,-0.04,0.13
LEPA,LEBB,1,65,-1.2,18.31,-18.36,31.3,0.03,0.11,-0.09,0.16
LEPA,LEBL,0,685,-4.84,11.44,-20.48,16.18,-0.04,0.06,-0.12,0.07
LEPA,LEIB,0,402,-25.25,24.98,-52.8,21.87,-0.07,0.1,-0.22,0.11
LEPA,LEMD,0,111,-2.53,13.27,-23.0,17.6,0.06,0.09,-0.05,0.18
LEPA,LEMD,1,405,2.55,14.19,-9.6,27.16,0.05,0.07,-0.05,0.18
LEPA,LEMG,0,39,-12.66,13.83,-38.31,8.02,0.12,0.07,0.03,0.23
LEPA,LEMG,1,67,-10.53,12.92,-32.61,9.63,0.05,0.07,-0.05,0.15
LEPA,LEMH,0,298,6.31,10.74,-9.2,23.21,0.04,0.06,-0.06,0.15
LEPA,LEST,0,65,7.54,9.24,-5.02,23.06,0.0,0.08,-0.1,0.17
LEPA,LEVC,0,71,5.2,16.59,-5.5,38.55,0.03,0.13,-0.05,0.13
LEPA,LEVC,1,98,23.86,12.94,-2.28,43.12,0.04,0.06,-0.04,0.13
LEPA,LEVC,2,109,13.07,16.18,-4.6,40.74,-0.01,0.1,-0.12,0.24
LEPA,LEZL,0,32,3.49,26.3,-18.9,30.14,0.09,0.16,-0.03,0.18
LEPA,LEZL,1,79,7.47,13.51,-1.84,34.9,0.08,0.05,-0.01,0.16
LEPA,LEZL,2,27,-4.5,12.06,-21.95,24.36,0.09,0.06,-0.0,0.19
LEPA,LFBD,0,50,-18.35,28.77,-35.66,1.97,-0.03,0.07,-0.11,0.08
LEPA,LFBO,0,17,0.66,11.35,-20.04,17.8,0.04,0.04,-0.03,0.09
LEPA,LFBO,1,36,6.09,8.26,-3.38,19.12,0.01,0.04,-0.04,0.06
LEPA,LFLL,0,21,5.93,12.3,-13.5,20.5,0.0,0.05,-0.07,0.08
LEPA,LFLL,1,30,-2.37,16.02,-24.98,18.27,0.02,0.06,-0.08,0.1
LEPA,LFLL,2,16,3.92,21.21,-14.22,32.2,0.06,0.08,-0.03,0.17
LEPA,LFML,0,26,13.67,13.35,-3.97,36.05,0.03,0.06,-0.04,0.11
LEPA,LFML,1,39,-1.15,14.83,-18.42,29.37,0.04,0.09,-0.06,0.18
LEPA,LFPO,0,29,-0.26,10.59,-12.7,23.48,0.0,0.06,-0.07,0.12
LEPA,LFPO,1,95,5.21,15.08,-13.91,25.58,0.0,0.09,-0.14,0.15
LEPA,LFPO,2,22,-18.22,11.07,-32.66,-4.01,-0.02,0.09,-0.1,0.17
LEPA,LFPO,3,15,-6.88,6.49,-16.48,0.14,-0.01,0.09,-0.13,0.11
LEPA,LFRS,0,63,6.75,16.39,-8.06,24.14,0.0,0.08,-0.1,0.1
LEPA,LFSB,0,104,-32.12,22.69,-62.46,-8.02,-0.12,0.1,-0.25,0.04
LEPA,LIMC,0,30,-67.34,18.55,-95.48,-45.9,-0.26,0.09,-0.42,-0.09
LEPA,LIMC,1,72,-63.52,21.18,-90.6,-23.74,-0.27,0.1,-0.41,-0.11
LEPA,LKPR,0,22,-35.82,43.29,-76.73,56.92,-0.12,0.16,-0.33,0.16
LEPA,LKPR,1,28,-22.03,18.7,-52.48,3.33,-0.08,0.13,-0.27,0.13
LEPA,LOWW,0,144,4.49,23.33,-30.57,37.48,0.05,0.12,-0.13,0.23
LEPA,LOWW,1,49,6.53,20.83,-23.12,33.74,0.04,0.12,-0.19,0.22
LEPA,LPPT,0,54,-10.66,18.48,-37.29,14.56,0.05,0.08,-0.05,0.21
LEPA,LSGG,0,26,-0.89,77.35,-29.22,-2.82,0.04,0.25,-0.1,0.09
LEPA,LSGG,1,61,-26.01,13.88,-48.2,-8.2,0.01,0.08,-0.11,0.14
LEPA,LSZH,0,56,-5.22,38.91,-37.48,76.18,-0.03,0.12,-0.15,0.2
LEPA,LSZH,1,56,-21.04,15.53,-43.02,4.08,-0.0,0.11,-0.18,0.17
LEPA,LSZH,2,112,-12.15,13.5,-29.88,4.37,-0.03,0.1,-0.19,0.14
LEPA,LSZH,3,29,-10.97,18.05,-29.74,10.14,-0.02,0.07,-0.1,0.09
LEPA,LSZH,4,39,-12.01,21.08,-51.38,10.66,-0.03,0.15,-0.19,0.22
LEPP,LEMD,0,65,8.77,7.97,-6.18,15.7,0.02,0.06,-0.06,0.13
LEPP,LEMD,1,22,7.4,8.98,0.4,22.85,0.1,0.11,-0.01,0.35
LERS,EIDW,0,22,-36.77,13.72,-52.49,-16.07,-0.14,0.13,-0.36,0.04
LERS,EIDW,1,22,-32.71,13.5,-52.54,-10.88,-0.1,0.15,-0.28,0.16
LERS,EIDW,2,23,-30.07,19.56,-60.06,-8.01,-0.04,0.19,-0.22,0.36
LESO,LEBL,0,58,-12.46,11.13,-24.54,10.93,-0.05,0.08,-0.13,0.07
LESO,LEMD,0,61,-2.46,7.3,-15.0,7.1,0.04,0.07,-0.04,0.14
LESO,LEMD,1,23,1.12,7.36,-4.19,16.47,0.12,0.08,0.03,0.29
LEST,GCLP,0,50,12.73,17.05,-3.26,35.4,0.09,0.13,-0.1,0.3
LEST,LEAL,0,17,-2.13,9.2,-13.4,13.48,0.01,0.09,-0.09,0.17
LEST,LEAL,1,47,-7.52,11.51,-25.26,13.17,-0.01,0.08,-0.13,0.1
LEST,LEBB,0,72,-7.58,21.51,-25.74,15.76,-0.02,0.1,-0.11,0.08
LEST,LEBL,0,103,-0.93,9.81,-18.1,15.59,-0.02,0.07,-0.12,0.09
LEST,LEMD,0,97,5.35,9.29,-5.62,21.42,0.02,0.08,-0.09,0.16
LEST,LEMD,1,24,4.91,4.33,0.4,10.74,0.05,0.1,-0.07,0.26
LEST,LEMG,0,21,-3.86,21.25,-32.5,29.9,0.13,0.1,0.02,0.28
LEST,LEMG,1,34,-6.63,14.1,-24.76,19.89,0.03,0.07,-0.06,0.12
LEST,LEPA,0,27,-9.35,25.21,-39.41,26.54,-0.05,0.06,-0.14,0.06
LEST,LEPA,1,38,-4.02,11.43,-17.21,17.86,-0.01,0.07,-0.11,0.12
LEST,LEZL,0,68,-1.58,20.99,-30.1,37.21,0.06,0.08,-0.06,0.17
LEVC,EBBR,0,37,15.22,11.16,0.5,35.5,0.04,0.08,-0.12,0.15
LEVC,EBBR,1,21,14.07,38.38,-12.9,99.0,-0.01,0.09,-0.12,0.14
LEVC,EDDF,0,29,-72.3,19.1,-102.88,-44.02,-0.3,0.08,-0.39,-0.16
LEVC,EDDF,1,34,-41.04,30.2,-84.42,13.89,-0.21,0.1,-0.35,-0.03
LEVC,EGKK,0,111,5.96,12.4,-18.05,24.4,0.12,0.16,-0.09,0.37
LEVC,EHAM,0,144,8.08,16.7,-16.58,29.48,0.06,0.12,-0.13,0.28
LEVC,EHEH,0,72,-3.41,8.93,-16.42,10.94,-0.09,0.1,-0.22,0.06
LEVC,LEBB,0,18,-28.92,16.02,-51.22,-4.16,-0.05,0.05,-0.12,0.02
LEVC,LEBB,1,49,-23.35,18.87,-50.74,7.6,-0.09,0.06,-0.19,0.01
LEVC,LEBL,0,26,-1.97,18.12,-26.58,31.48,-0.06,0.06,-0.15,0.03
LEVC,LEBL,1,37,-4.96,6.51,-16.34,4.06,-0.03,0.04,-0.08,0.04
LEVC,LEIB,0,143,-18.65,15.54,-39.09,13.89,-0.07,0.05,-0.14,0.02
LEVC,LEMD,0,40,3.44,15.73,-5.3,38.12,0.02,0.07,-0.04,0.18
LEVC,LEMD,1,49,3.33,15.54,-21.86,29.8,0.06,0.08,-0.06,0.21
LEVC,LEMD,2,16,-3.83,20.42,-29.48,28.02,0.07,0.08,-0.05,0.19
LEVC,LEMD,3,18,3.67,8.49,0.1,21.23,0.01,0.05,-0.03,0.1
LEVC,LEMD,4,44,-5.55,13.29,-15.2,16.04,0.08,0.05,0.02,0.17
LEVC,LEMG,0,44,-10.42,9.74,-23.61,4.92,-0.05,0.21,-0.34,0.22
LEVC,LEMG,1,23,-9.61,9.82,-22.51,6.59,-0.01,0.04,-0.07,0.06
LEVC,LEMH,0,84,-11.04,12.51,-27.06,11.16,-0.06,0.08,-0.15,0.06
LEVC,LEPA,0,116,-8.88,25.53,-46.1,22.92,-0.08,0.06,-0.19,0.0
LEVC,LEPA,1,113,-13.4,26.03,-46.5,23.24,-0.05,0.07,-0.15,0.06
LEVC,LEPA,2,45,-15.79,17.76,-41.26,2.78,-0.19,0.08,-0.25,0.01
LEVC,LEZL,0,77,-3.56,13.5,-19.84,26.0,0.02,0.04,-0.03,0.09
LEVC,LEZL,1,26,2.36,11.44,-9.5,22.35,0.02,0.04,-0.03,0.08
LEVC,LFPG,0,79,-14.31,20.59,-39.7,20.35,0.04,0.1,-0.11,0.22
LEVC,LFPO,0,124,-1.21,21.06,-24.98,25.83,-0.01,0.1,-0.14,0.15
LEVC,LIPE,0,30,-8.7,6.97,-18.99,2.61,-0.01,0.06,-0.11,0.08
LEVC,LIPE,1,22,-23.91,19.3,-48.6,13.52,0.0,0.1,-0.14,0.15
LEVC,LIRF,0,106,-35.1,18.63,-56.68,4.8,-0.1,0.09,-0.21,0.04
LEVC,LPPT,0,40,-20.8,19.15,-42.82,20.2,0.07,0.07,-0.03,0.17
LEVC,LPPT,1,45,-10.26,16.89,-34.94,15.36,0.03,0.27,-0.19,0.68
LEVC,LSZH,0,80,-8.27,30.51,-43.78,43.82,-0.07,0.12,-0.22,0.14
LEVC,LTFM,0,60,-18.17,30.29,-48.03,59.91,0.04,0.14,-0.15,0.29
LEVT,LEZL,0,42,-10.53,10.43,-25.58,8.32,0.01,0.08,-0.09,0.15
LEVT,LEZL,1,33,-14.94,12.92,-29.16,9.12,-0.01,0.06,-0.09,0.09
LEVX,LEBL,0,52,-4.64,10.74,-17.85,15.33,-0.02,0.09,-0.13,0.11
LEVX,LEBL,1,15,-0.27,13.13,-21.91,16.97,-0.0,0.07,-0.08,0.14
LEVX,LEMD,0,185,2.33,8.46,-8.08,18.28,0.03,0.08,-0.06,0.18
LEVX,LEMD,1,60,4.36,4.8,-1.5,14.04,0.09,0.07,-0.02,0.22
LEXJ,LEBL,0,31,-2.79,10.22,-12.5,19.95,-0.02,0.07,-0.09,0.11
LEXJ,LEBL,1,28,-3.79,8.89,-19.82,11.61,0.01,0.07,-0.1,0.13
LEXJ,LEMD,0,89,-5.84,9.92,-22.28,10.36,0.0,0.07,-0.09,0.13
LEXJ,LEMD,1,30,0.53,5.27,-6.64,11.76,0.07,0.06,-0.02,0.17
LEZL,EGKK,0,110,-0.02,16.25,-21.76,14.65,0.08,0.16,-0.11,0.36
LEZL,GCLP,0,51,8.37,9.65,-5.3,22.0,0.09,0.08,-0.0,0.23
LEZL,GCLP,1,22,12.2,11.24,3.62,26.14,0.08,0.1,-0.08,0.24
LEZL,GCXO,0,89,9.64,10.12,-0.44,26.04,0.01,0.11,-0.13,0.21
LEZL,LEBB,0,109,-14.92,24.72,-32.98,-2.32,-0.02,0.07,-0.09,0.07
LEZL,LEBL,0,43,-18.57,21.51,-42.41,23.27,-0.02,0.07,-0.11,0.1
LEZL,LEBL,1,128,-16.97,20.15,-54.22,14.72,-0.04,0.06,-0.13,0.07
LEZL,LEBL,2,71,-17.05,13.49,-39.45,5.55,-0.05,0.07,-0.17,0.05
LEZL,LEMD,0,84,1.39,22.12,-11.68,38.22,0.04,0.07,-0.03,0.17
LEZL,LEMD,1,25,4.66,49.04,-18.62,13.92,0.06,0.15,-0.07,0.19
LEZL,LEPA,0,68,-28.88,27.07,-65.15,15.18,-0.05,0.07,-0.17,0.04
LEZL,LEPA,1,69,-11.77,14.39,-32.2,5.9,0.03,0.07,-0.07,0.16
LEZL,LEST,0,68,7.46,23.32,-24.74,64.93,-0.01,0.08,-0.12,0.14
LEZL,LEVC,0,102,-26.76,16.51,-47.16,4.8,-0.05,0.05,-0.11,0.04
LEZL,LEVT,0,73,-5.48,15.12,-17.14,11.46,0.01,0.11,-0.11,0.22
LEZL,LFPG,0,28,-22.04,14.63,-38.36,1.26,0.02,0.15,-0.19,0.29
LEZL,LFPG,1,30,-18.63,19.21,-47.61,14.9,0.02,0.1,-0.13,0.19
LEZL,LFPO,0,47,-4.51,15.6,-26.7,14.94,0.01,0.11,-0.14,0.2
LEZL,LFPO,1,24,-10.05,16.37,-26.0,23.92,0.0,0.18,-0.19,0.28
LEZL,LPPT,0,73,-21.97,23.09,-47.38,28.7,-0.01,0.09,-0.11,0.18
LEZL,LPPT,1,21,-23.07,17.51,-37.7,-1.1,-0.07,0.08,-0.14,0.06
LFBD,EGKK,0,100,0.38,12.94,-23.13,19.16,0.09,0.12,-0.06,0.32
LFBD,EHAM,0,84,14.75,11.7,-6.07,32.48,0.07,0.08,-0.07,0.18
LFBD,EIDW,0,55,-25.24,16.36,-44.43,7.27,-0.07,0.09,-0.18,0.11
LFBD,LEMD,0,94,-1.22,12.7,-23.8,19.25,0.06,0.08,-0.03,0.19
LFBD,LFLL,0,165,3.36,10.98,-13.98,19.66,0.03,0.05,-0.05,0.11
LFBD,LFML,0,121,-24.0,11.56,-41.8,1.6,-0.09,0.06,-0.18,0.0
LFBD,LFMN,0,103,4.09,11.15,-9.69,26.67,0.03,0.08,-0.06,0.16
LFBD,LFPG,0,253,-12.33,18.05,-35.6,14.22,0.02,0.08,-0.09,0.16
LFBD,LFQQ,0,15,-8.85,7.44,-17.99,2.49,-0.11,0.06,-0.19,-0.02
LFBD,LFQQ,1,45,-4.3,7.82,-17.8,4.12,-0.06,0.06,-0.17,0.01
LFBD,LPPR,0,69,-1.31,11.77,-13.72,20.26,0.02,0.08,-0.11,0.15
LFBD,LPPT,0,58,-9.18,18.89,-33.5,20.3,0.05,0.08,-0.07,0.18
LFBD,LSGG,0,26,-10.26,6.56,-16.12,-7.35,-0.13,0.05,-0.2,-0.04
LFBD,LSGG,1,44,-7.37,10.73,-19.42,8.35,0.1,0.05,0.03,0.19
LFBO,EBBR,0,45,25.72,11.86,6.48,43.86,-0.03,0.08,-0.16,0.11
LFBO,EBBR,1,33,26.99,53.36,7.0,57.22,0.02,0.18,-0.1,0.17
LFBO,EDDF,0,30,-57.09,109.86,-125.23,88.18,-0.24,0.27,-0.44,0.42
LFBO,EDDF,1,68,-22.64,28.66,-56.25,6.08,-0.19,0.1,-0.34,-0.04
LFBO,EDDM,0,107,6.58,20.1,-8.77,29.09,-0.1,0.08,-0.22,0.04
LFBO,EGLL,0,78,19.15,9.92,4.9,34.89,0.16,0.11,-0.0,0.34
LFBO,EHAM,0,46,26.39,9.93,9.43,43.85,0.07,0.06,-0.02,0.18
LFBO,EHAM,1,42,8.89,12.2,-12.58,27.46,0.03,0.08,-0.11,0.16
LFBO,EHAM,2,19,19.99,13.91,-2.36,37.37,0.04,0.07,-0.07,0.14
LFBO,LEMD,0,100,-10.6,13.89,-23.3,8.12,-0.0,0.09,-0.1,0.12
LFBO,LEPA,0,53,-2.1,9.01,-13.7,14.04,0.03,0.07,-0.07,0.16
LFBO,LFLL,0,132,14.52,13.49,-0.6,28.98,0.06,0.05,-0.01,0.13
LFBO,LFPG,0,289,-4.72,16.83,-28.76,21.72,-0.0,0.15,-0.16,0.36
LFBO,LFPO,0,238,12.66,16.27,-4.04,38.27,-0.05,0.07,-0.15,0.08
LFBO,LFPO,1,202,0.87,14.0,-23.9,19.87,-0.06,0.06,-0.16,0.05
LFBO,LFPO,2,83,14.83,18.31,-4.36,44.65,-0.04,0.07,-0.14,0.1
LFBO,LFQQ,0,16,-10.09,7.62,-19.73,4.75,-0.09,0.05,-0.18,-0.03
LFBO,LFQQ,1,27,-0.27,10.15,-15.4,13.96,-0.07,0.06,-0.16,0.02
LFBO,LFQQ,2,26,-4.06,7.51,-17.02,6.0,-0.05,0.07,-0.14,0.01
LFBO,LFRS,0,81,16.93,10.36,2.2,34.9,-0.01,0.04,-0.08,0.05
LFBO,LFRS,1,38,13.02,10.38,1.7,27.53,0.03,0.07,-0.07,0.15
LFBO,LPPT,0,107,-6.18,20.62,-34.94,23.56,0.08,0.09,-0.06,0.24
LFBP,LFLL,0,52,12.11,8.71,-1.84,23.54,0.41,0.11,0.17,0.52
LFBP,LFPG,0,90,-33.41,23.61,-60.81,10.23,0.08,0.09,-0.05,0.22
LFBP,LFPO,0,55,-16.01,19.94,-39.23,20.04,-0.06,0.08,-0.18,0.06
LFBT,LFPO,0,24,-15.28,15.58,-30.91,7.94,0.0,0.08,-0.12,0.15
LFBT,LFPO,1,36,-20.15,14.5,-35.67,-3.97,-0.06,0.08,-0.17,0.06
LFBZ,LFLL,0,59,7.67,11.45,-10.38,23.91,0.11,0.04,0.05,0.18
LFBZ,LFLL,1,22,6.72,11.09,-8.31,19.12,-0.07,0.05,-0.13,-0.0
LFBZ,LFPG,0,124,-9.6,19.01,-27.7,27.29,0.11,0.09,-0.01,0.27
LFBZ,LFPO,0,20,7.71,14.88,-14.7,24.61,0.01,0.09,-0.13,0.15
LFBZ,LFPO,1,63,5.04,15.29,-9.9,27.55,0.0,0.08,-0.1,0.15
LFKB,LFML,0,139,14.03,14.78,-1.3,40.71,0.1,0.09,-0.01,0.27
LFKB,LFMN,0,87,7.92,10.76,-6.2,30.06,0.07,0.06,-0.02,0.17
LFKB,LFPO,0,144,0.76,18.24,-18.14,22.72,0.06,0.09,-0.05,0.2
LFKC,LFML,0,60,2.3,10.42,-6.9,21.46,0.02,0.08,-0.06,0.18
LFKC,LFPO,0,55,-2.32,18.2,-19.34,15.2,0.06,0.08,-0.08,0.17
LFKF,LFML,0,65,-6.44,13.9,-20.48,25.24,-0.04,0.14,-0.35,0.17
LFKF,LFPO,0,56,5.44,13.63,-11.28,18.1,0.08,0.07,-0.0,0.18
LFKJ,LFML,0,97,-2.69,13.84,-19.38,23.46,0.04,0.07,-0.04,0.16
LFKJ,LFML,1,17,4.93,11.47,-12.68,21.42,0.05,0.16,-0.11,0.36
LFKJ,LFMN,0,87,-5.68,7.31,-16.34,6.72,-0.03,0.04,-0.09,0.03
LFKJ,LFPO,0,102,1.66,14.48,-20.21,17.58,0.06,0.08,-0.06,0.19
LFKJ,LFPO,1,57,-3.6,24.49,-27.98,15.34,0.05,0.1,-0.09,0.18
LFLC,LFPG,0,84,18.24,13.94,-2.0,37.74,0.15,0.05,0.07,0.24
LFLL,DAAG,0,63,3.7,9.35,-7.09,19.83,0.03,0.07,-0.08,0.16
LFLL,DAAG,1,16,-2.56,21.23,-25.92,31.68,0.04,0.1,-0.08,0.2
LFLL,DTTA,0,92,-0.74,16.81,-21.34,29.35,0.02,0.09,-0.12,0.16
LFLL,EBBR,0,34,5.02,12.16,-9.99,24.38,-0.04,0.06,-0.13,0.05
LFLL,EBBR,1,35,-29.89,8.57,-39.45,-11.71,-0.16,0.07,-0.24,-0.06
LFLL,EDDF,0,73,-31.05,17.79,-56.48,0.02,-0.23,0.07,-0.34,-0.11
LFLL,EDDF,1,27,-116.05,25.3,-146.87,-67.6,-0.4,0.08,-0.5,-0.28
LFLL,EDDM,0,90,-0.59,11.08,-15.66,18.43,-0.13,0.05,-0.22,-0.05
LFLL,EGKK,0,55,11.3,12.93,-3.59,32.0,0.16,0.12,0.02,0.4
LFLL,EGLL,0,62,7.75,14.0,-8.09,37.39,0.18,0.11,0.02,0.37
LFLL,EHAM,0,115,2.06,14.73,-24.06,22.93,0.01,0.07,-0.09,0.12
LFLL,GMMN,0,33,1.49,22.81,-19.22,35.84,0.05,0.13,-0.15,0.29
LFLL,GMMN,1,29,-10.88,11.61,-27.56,8.6,0.0,0.14,-0.22,0.21
LFLL,LEBL,0,71,-8.59,18.72,-35.0,23.7,-0.07,0.08,-0.19,0.06
LFLL,LEMD,0,27,-2.85,7.62,-11.51,5.52,0.03,0.07,-0.04,0.13
LFLL,LEMD,1,52,-4.87,10.09,-16.67,13.69,0.03,0.09,-0.08,0.18
LFLL,LEMD,2,16,-0.45,11.86,-16.62,18.1,0.07,0.1,-0.06,0.22
LFLL,LEPA,0,17,-8.35,10.78,-25.48,4.3,0.07,0.05,0.01,0.13
LFLL,LEPA,1,50,-9.54,12.64,-25.2,12.55,-0.02,0.07,-0.12,0.1
LFLL,LFBD,0,106,-4.57,10.8,-16.52,15.58,-0.0,0.05,-0.07,0.08
LFLL,LFBD,1,59,-0.55,9.28,-10.39,17.09,0.04,0.05,-0.04,0.13
LFLL,LFBO,0,33,8.0,6.73,0.02,18.28,0.06,0.05,0.01,0.12
LFLL,LFBO,1,61,-0.74,6.74,-8.1,12.7,0.03,0.05,-0.04,0.09
LFLL,LFBO,2,37,-2.99,7.71,-13.7,11.96,0.05,0.05,-0.01,0.14
LFLL,LFBO,3,19,-17.13,12.0,-28.81,3.67,-0.02,0.05,-0.1,0.05
LFLL,LFBP,0,52,-13.79,6.92,-20.94,-1.3,0.44,0.16,0.1,0.61
LFLL,LFBZ,0,80,-4.03,8.82,-13.92,14.06,0.08,0.07,0.01,0.18
LFLL,LFML,0,64,7.79,11.94,-6.5,25.98,0.12,0.07,0.04,0.22
LFLL,LFMN,0,20,2.92,8.94,-8.36,12.82,0.07,0.05,0.03,0.15
LFLL,LFMN,1,50,1.77,12.26,-15.19,17.5,-0.03,0.05,-0.1,0.04
LFLL,LFPG,0,182,-2.49,17.18,-28.98,21.87,0.01,0.06,-0.07,0.1
LFLL,LFRB,0,47,-17.62,7.09,-26.4,-3.98,0.04,0.07,-0.08,0.15
LFLL,LFRB,1,26,-16.77,9.89,-26.62,1.65,0.1,0.08,-0.03,0.2
LFLL,LFRK,0,60,4.94,9.15,-4.9,25.53,0.12,0.06,0.05,0.23
LFLL,LFRN,0,34,-27.58,17.01,-47.09,2.34,0.04,0.07,-0.05,0.15
LFLL,LFRN,1,21,-37.07,15.37,-52.2,-14.1,0.06,0.05,0.0,0.13
LFLL,LFRS,0,146,0.09,11.18,-12.35,19.5,0.0,0.06,-0.08,0.1
LFLL,LFST,0,53,-42.1,10.96,-56.36,-24.58,0.03,0.05,-0.03,0.11
LFLL,LIRF,0,70,-34.85,24.46,-57.1,9.81,-0.11,0.08,-0.21,0.04
LFLL,LPPR,0,36,7.18,7.9,-1.78,21.75,0.08,0.1,-0.03,0.28
LFLL,LPPR,1,19,4.31,10.11,-3.56,19.44,0.07,0.11,-0.04,0.33
LFLL,LPPR,2,22,5.93,4.15,-0.14,12.58,0.06,0.06,-0.06,0.14
LFLL,LPPT,0,32,-5.67,16.85,-31.82,16.42,0.06,0.08,-0.05,0.19
LFLL,LPPT,1,76,6.34,22.15,-20.62,39.3,0.13,0.11,-0.03,0.34
LFLL,LTFJ,0,61,-22.43,20.84,-47.4,18.3,-0.03,0.14,-0.22,0.21
LFLL,LTFM,0,64,-21.68,24.6,-45.04,11.06,0.0,0.14,-0.19,0.21
LFLW,LFPO,0,52,-2.52,15.71,-31.75,17.33,-0.01,0.08,-0.13,0.09
LFML,DAAG,0,121,10.03,8.16,2.0,23.5,0.04,0.16,-0.09,0.22
LFML,DAAG,1,24,-4.93,8.83,-19.52,13.25,-0.08,0.34,-0.59,0.25
LFML,DABC,0,32,6.3,9.47,-1.6,23.28,0.05,0.07,-0.03,0.19
LFML,DABC,1,27,11.48,12.44,-12.1,26.16,0.04,0.07,-0.07,0.14
LFML,DAOO,0,61,0.94,8.9,-7.4,17.7,0.03,0.1,-0.11,0.15
LFML,DTTA,0,115,3.55,19.59,-22.05,38.86,0.03,0.07,-0.07,0.15
LFML,EBCI,0,55,-4.89,11.47,-27.7,12.61,0.01,0.08,-0.09,0.14
LFML,EDDF,0,74,-53.08,23.62,-89.86,-15.98,-0.21,0.09,-0.32,-0.06
LFML,EDDM,0,85,2.45,11.65,-14.32,26.14,-0.09,0.08,-0.21,0.07
LFML,EGKK,0,50,14.03,10.17,3.14,30.78,0.17,0.13,-0.01,0.4
LFML,EGLL,0,118,9.31,11.78,0.7,30.63,0.14,0.11,-0.01,0.36
LFML,EGSS,0,68,-0.93,16.59,-28.74,15.37,0.07,0.09,-0.06,0.21
LFML,EHAM,0,88,6.3,13.1,-17.53,26.78,0.14,0.08,0.02,0.29
LFML,LEMD,0,120,-0.79,11.76,-12.44,15.43,0.01,0.09,-0.1,0.17
LFML,LEPA,0,65,-1.63,13.06,-16.0,20.88,0.01,0.07,-0.1,0.13
LFML,LFBD,0,51,2.26,8.88,-11.6,17.95,0.03,0.04,-0.04,0.1
LFML,LFBD,1,37,8.71,9.98,-5.38,25.06,0.02,0.06,-0.05,0.12
LFML,LFBD,2,34,-1.33,15.9,-15.58,12.52,-0.01,0.06,-0.08,0.05
LFML,LFBO,0,98,6.16,15.18,-11.32,26.94,0.22,0.2,0.12,0.3
LFML,LFKB,0,123,9.46,11.15,-4.03,24.58,0.04,0.08,-0.03,0.26
LFML,LFKC,0,60,-0.56,7.81,-9.8,13.46,-0.03,0.06,-0.1,0.08
LFML,LFKF,0,64,-20.52,12.08,-34.96,0.13,-0.07,0.12,-0.37,0.06
LFML,LFKJ,0,136,-24.42,11.34,-40.55,-5.07,-0.03,0.08,-0.1,0.19
LFML,LFLL,0,69,19.91,11.63,3.36,30.54,0.11,0.04,0.05,0.17
LFML,LFPG,0,288,-2.13,16.3,-26.7,22.98,0.04,0.13,-0.09,0.44
LFML,LFPO,0,116,0.9,10.65,-10.05,11.7,0.01,0.06,-0.09,0.11
LFML,LFPO,1,64,9.12,19.96,-5.39,15.35,0.02,0.08,-0.07,0.11
LFML,LFRS,0,95,-3.83,12.5,-19.56,16.92,0.04,0.07,-0.06,0.15
LFML,LFRS,1,15,1.49,17.6,-15.74,31.0,0.04,0.07,-0.04,0.14
LFML,LIRF,0,23,-46.05,14.83,-67.8,-27.88,-0.13,0.07,-0.26,-0.03
LFML,LIRF,1,37,-35.33,11.24,-47.74,-21.62,-0.15,0.06,-0.22,-0.02
LFML,LPPT,0,58,5.12,23.37,-19.92,21.4,0.1,0.11,-0.03,0.29
LFML,LPPT,1,49,-17.9,19.29,-48.44,9.96,0.07,0.11,-0.08,0.24
LFML,LTFM,0,60,-11.96,26.7,-40.43,15.5,0.05,0.15,-0.16,0.27
LFMN,DTTA,0,81,11.68,13.34,-3.3,32.2,0.06,0.06,-0.04,0.16
LFMN,EBBR,0,72,-4.21,19.75,-24.44,39.68,-0.06,0.09,-0.18,0.1
LFMN,EBBR,1,17,-4.0,18.59,-21.32,24.48,0.01,0.08,-0.08,0.14
LFMN,EDDF,0,74,-44.37,16.77,-73.38,-17.14,-0.17,0.07,-0.29,-0.05
LFMN,EDDF,1,47,-24.21,25.09,-50.15,10.04,-0.14,0.11,-0.25,-0.01
LFMN,EDDL,0,40,-25.59,16.27,-50.56,5.22,-0.1,0.07,-0.18,0.03
LFMN,EDDL,1,21,-18.64,18.18,-41.6,7.2,-0.02,0.1,-0.11,0.13
LFMN,EDDM,0,73,7.92,11.39,-6.38,29.38,-0.08,0.07,-0.18,0.04
LFMN,EDDM,1,44,2.47,12.99,-12.44,26.09,-0.16,0.07,-0.27,-0.03
LFMN,EGGW,0,65,-51.65,23.83,-79.38,-0.34,-0.09,0.11,-0.25,0.08
LFMN,EGKK,0,214,10.92,9.72,-2.31,26.66,0.16,0.14,-0.0,0.39
LFMN,EGLC,0,50,-2.71,24.02,-19.45,51.24,0.04,0.08,-0.04,0.17
LFMN,EGLL,0,207,9.16,19.18,-6.89,34.72,0.15,0.12,-0.02,0.35
LFMN,EHAM,0,127,-0.59,12.01,-23.31,18.77,0.04,0.09,-0.1,0.19
LFMN,EHAM,1,53,-1.52,37.79,-45.54,70.92,0.03,0.11,-0.12,0.22
LFMN,EIDW,0,65,-12.58,24.24,-39.44,28.84,-0.02,0.13,-0.19,0.22
LFMN,EKCH,0,66,-8.5,17.1,-28.55,15.25,-0.09,0.09,-0.23,0.08
LFMN,EKCH,1,39,-11.41,15.56,-33.83,9.88,-0.09,0.09,-0.24,0.06
LFMN,ELLX,0,63,-0.96,18.01,-17.9,22.66,-0.02,0.11,-0.15,0.22
LFMN,ENGM,0,27,-21.88,18.6,-50.86,7.78,-0.06,0.14,-0.24,0.2
LFMN,ENGM,1,42,-17.76,16.4,-48.16,6.24,-0.08,0.12,-0.29,0.08
LFMN,ESSA,0,25,-1.07,27.76,-36.78,55.08,-0.0,0.16,-0.22,0.29
LFMN,ESSA,1,44,6.65,21.35,-23.8,39.81,0.02,0.13,-0.21,0.26
LFMN,LEBL,0,94,-18.86,16.48,-35.2,17.46,-0.09,0.09,-0.21,0.08
LFMN,LEMD,0,89,-18.05,14.61,-30.22,2.92,-0.02,0.11,-0.16,0.16
LFMN,LFBD,0,79,-2.34,11.8,-16.48,11.2,0.01,0.05,-0.06,0.1
LFMN,LFBD,1,23,-6.15,10.42,-21.63,11.13,0.0,0.04,-0.07,0.07
LFMN,LFKB,0,87,-5.88,8.77,-14.7,9.04,0.03,0.04,-0.02,0.11
LFMN,LFKJ,0,89,-30.72,24.99,-43.16,-10.24,-0.06,0.16,-0.15,0.03
LFMN,LFLL,0,71,11.05,12.14,-10.95,27.65,0.04,0.05,-0.05,0.1
LFMN,LFPG,0,197,-7.88,26.35,-23.04,5.86,0.03,0.14,-0.06,0.13
LFMN,LFPG,1,170,-3.78,12.81,-19.16,23.14,0.04,0.06,-0.05,0.15
LFMN,LFPO,0,588,-1.98,12.31,-19.07,11.59,0.02,0.07,-0.08,0.12
LFMN,LFQQ,0,33,-22.65,6.74,-31.12,-10.48,-0.09,0.05,-0.15,0.0
LFMN,LFQQ,1,20,-17.71,8.79,-30.28,-8.35,-0.08,0.06,-0.17,0.01
LFMN,LFQQ,2,54,-17.85,7.78,-29.77,-8.29,-0.09,0.07,-0.19,0.04
LFMN,LFRS,0,104,-1.92,13.05,-18.9,25.71,0.01,0.08,-0.11,0.17
LFMN,LFSB,0,47,-26.91,8.26,-40.54,-15.3,-0.13,0.06,-0.2,-0.03
LFMN,LFSB,1,18,-35.69,20.03,-62.03,-5.91,-0.1,0.07,-0.19,0.0
LFMN,LIRF,0,37,-35.28,20.46,-72.66,-6.76,-0.1,0.06,-0.21,-0.02
LFMN,LIRF,1,102,-37.58,55.58,-55.1,-9.9,-0.14,0.09,-0.23,-0.06
LFMN,LIRN,0,40,-33.78,24.19,-68.7,1.66,-0.11,0.09,-0.23,0.04
LFMN,LIRN,1,15,-18.29,17.16,-33.17,3.94,-0.06,0.05,-0.12,0.02
LFMN,LOWW,0,81,14.78,12.67,0.7,41.5,0.06,0.07,-0.04,0.16
LFMN,LPPT,0,75,-12.13,24.59,-40.4,21.36,0.08,0.12,-0.07,0.35
LFMN,LPPT,1,20,-30.76,23.66,-64.16,5.44,0.04,0.1,-0.07,0.19
LFMN,LSGG,0,23,-23.8,12.06,-40.01,-5.84,-0.05,0.04,-0.09,0.02
LFMN,LSGG,1,66,-14.73,10.39,-30.52,0.1,0.02,0.05,-0.07,0.1
LFMN,LSGG,2,36,-15.63,12.27,-33.75,0.8,0.0,0.06,-0.08,0.12
LFMN,LSGG,3,31,-16.74,10.33,-30.8,-0.1,0.02,0.04,-0.03,0.09
LFMN,LSZH,0,25,-32.65,15.38,-56.76,-10.02,0.01,0.1,-0.11,0.13
LFMN,LSZH,1,65,-8.26,11.83,-27.08,10.5,-0.0,0.08,-0.09,0.14
LFMN,LSZH,2,18,-1.98,12.49,-19.01,14.06,0.04,0.08,-0.06,0.18
LFMN,LSZH,3,12,-7.91,8.79,-21.68,2.26,-0.04,0.06,-0.1,0.06
LFMN,LTFM,0,59,-20.94,36.55,-48.7,26.67,-0.0,0.15,-0.21,0.18
LFMP,LFPO,0,52,-3.54,16.0,-20.61,23.35,-0.05,0.07,-0.15,0.07
LFMP,LFPO,1,19,-6.26,7.23,-14.45,3.15,-0.02,0.07,-0.13,0.08
LFMT,EGKK,0,61,11.41,13.12,-2.5,33.3,0.16,0.14,0.0,0.38
LFMT,LFPG,0,73,-12.01,11.07,-26.46,5.78,0.02,0.05,-0.04,0.11
LFMT,LFPG,1,56,-4.46,14.14,-20.47,24.15,0.03,0.06,-0.07,0.14
LFMT,LFPO,0,90,-5.09,11.86,-21.3,6.56,0.01,0.06,-0.07,0.11
LFMT,LFRS,0,55,-4.37,11.61,-18.71,18.59,-0.06,0.07,-0.16,0.07
LFOB,EIDW,0,80,-18.22,16.95,-38.03,13.89,-0.06,0.07,-0.16,0.08
LFOB,LIRA,0,60,-5.84,15.13,-22.51,18.36,0.03,0.1,-0.11,0.16
LFOB,LPPR,0,94,-1.1,10.74,-14.0,15.31,0.03,0.09,-0.12,0.2
LFOB,LPPT,0,56,-4.04,17.45,-29.15,22.05,0.05,0.1,-0.09,0.21
LFPG,BIKF,0,34,6.59,28.2,-13.64,72.38,0.07,0.15,-0.12,0.33
LFPG,BIKF,1,64,-29.08,81.37,-69.0,65.76,-0.0,0.23,-0.23,0.23
LFPG,CYUL,0,45,2.01,64.42,-72.74,137.56,0.05,0.3,-0.44,0.58
LFPG,CYUL,1,35,0.51,29.28,-40.08,41.75,0.03,0.31,-0.39,0.6
LFPG,CYUL,2,54,-0.52,88.83,-70.04,203.38,0.04,0.26,-0.36,0.5
LFPG,CYUL,3,58,0.65,34.53,-34.29,72.39,0.04,0.26,-0.31,0.56
LFPG,CYYZ,0,16,0.39,45.84,-34.05,79.8,0.02,0.32,-0.37,0.42
LFPG,CYYZ,1,37,-0.13,63.43,-53.72,65.2,0.04,0.33,-0.41,0.59
LFPG,CYYZ,2,31,0.34,57.71,-49.1,133.45,0.04,0.33,-0.37,0.58
LFPG,CYYZ,3,23,2.23,62.24,-74.94,103.67,0.05,0.29,-0.28,0.51
LFPG,DAAG,0,324,-3.9,15.54,-23.32,21.9,0.02,0.11,-0.14,0.18
LFPG,DAOO,0,72,-17.04,18.07,-36.99,8.38,-0.01,0.14,-0.22,0.23
LFPG,DIAP,0,53,-2.31,113.57,-65.96,272.24,0.03,0.3,-0.33,0.66
LFPG,DTTA,0,196,1.24,15.89,-22.85,28.15,-0.01,0.09,-0.16,0.13
LFPG,DTTJ,0,75,-12.63,10.28,-29.16,3.46,-0.02,0.1,-0.22,0.09
LFPG,DTTJ,1,20,-11.3,25.08,-44.5,29.88,0.01,0.1,-0.15,0.17
LFPG,EBBR,0,74,18.35,10.33,-3.8,34.27,0.01,0.04,-0.05,0.08
LFPG,EBBR,1,15,16.07,10.42,7.65,34.32,0.1,0.04,0.06,0.15
LFPG,EDDB,0,53,3.01,16.78,-21.36,30.2,0.03,0.06,-0.06,0.13
LFPG,EDDB,1,17,-13.11,21.08,-42.56,20.74,-0.01,0.05,-0.07,0.06
LFPG,EDDB,2,35,7.65,16.18,-19.15,35.5,0.04,0.07,-0.07,0.15
LFPG,EDDB,3,18,7.6,10.88,-13.54,21.01,0.06,0.05,-0.01,0.15
LFPG,EDDB,4,31,0.12,20.46,-22.15,29.35,0.02,0.05,-0.05,0.1
LFPG,EDDB,5,20,3.62,13.18,-14.32,21.45,0.04,0.04,-0.03,0.09
LFPG,EDDB,6,21,-2.66,21.57,-24.8,33.7,-0.01,0.06,-0.08,0.12
LFPG,EDDB,7,19,2.75,13.1,-15.6,24.1,0.02,0.05,-0.05,0.1
LFPG,EDDB,8,28,-0.7,19.87,-26.53,31.26,0.03,0.05,-0.06,0.08
LFPG,EDDB,9,21,4.97,18.03,-20.4,29.1,0.03,0.07,-0.08,0.12
LFPG,EDDF,0,210,-67.61,15.11,-83.36,-40.58,-0.23,0.06,-0.31,-0.12
LFPG,EDDF,1,148,-62.33,16.03,-90.92,-30.58,-0.2,0.07,-0.29,-0.07
LFPG,EDDF,2,21,-50.46,17.43,-81.1,-27.5,-0.32,0.05,-0.41,-0.23
LFPG,EDDH,0,64,-39.51,17.09,-66.85,-10.66,-0.1,0.06,-0.2,0.0
LFPG,EDDH,1,80,-36.17,21.63,-70.88,-0.42,-0.07,0.1,-0.17,0.05
LFPG,EDDK,0,50,-29.32,12.64,-42.7,-4.65,0.01,0.07,-0.09,0.13
LFPG,EDDK,1,45,-7.55,24.71,-25.9,42.68,0.07,0.14,-0.04,0.31
LFPG,EDDL,0,70,-18.24,12.32,-31.26,2.29,0.08,0.05,-0.0,0.18
LFPG,EDDL,1,31,-15.67,19.46,-35.2,21.85,0.02,0.07,-0.07,0.14
LFPG,EDDL,2,65,-27.01,14.68,-45.78,-3.1,0.06,0.08,-0.02,0.14
LFPG,EDDM,0,40,-5.16,9.7,-13.46,11.29,-0.04,0.06,-0.12,0.06
LFPG,EDDM,1,78,-1.17,19.52,-27.53,26.72,-0.09,0.06,-0.19,0.01
LFPG,EDDM,2,56,-5.54,21.41,-28.0,37.4,-0.13,0.07,-0.23,-0.01
LFPG,EDDM,3,47,1.39,17.53,-26.68,29.52,-0.02,0.06,-0.1,0.06
LFPG,EDDM,4,40,-6.07,12.96,-18.1,22.87,-0.1,0.05,-0.17,-0.01
LFPG,EDDM,5,80,1.3,18.64,-27.0,28.93,-0.09,0.07,-0.21,0.01
LFPG,EDDN,0,54,-58.37,21.33,-77.94,-20.08,-0.08,0.05,-0.15,-0.0
LFPG,EDDN,1,39,-58.33,25.79,-93.42,-25.91,-0.07,0.06,-0.15,0.0
LFPG,EDDN,2,16,-69.81,29.14,-101.98,-27.82,-0.04,0.08,-0.16,0.09
LFPG,EDDP,0,46,-46.09,26.12,-81.6,-12.05,-0.1,0.07,-0.2,0.01
LFPG,EDDP,1,20,-36.57,33.11,-82.9,-2.32,0.02,0.16,-0.15,0.12
LFPG,EDDS,0,30,-26.61,9.5,-35.96,-3.24,0.01,0.07,-0.07,0.13
LFPG,EDDS,1,25,-15.4,12.97,-34.66,2.72,0.07,0.05,-0.01,0.13
LFPG,EDDS,2,23,-14.71,29.44,-46.55,20.27,0.02,0.17,-0.11,0.27
LFPG,EDDV,0,13,-29.81,21.92,-57.02,7.42,0.05,0.07,-0.02,0.15
LFPG,EDDV,1,54,-11.12,17.74,-33.16,28.45,-0.01,0.06,-0.11,0.1
LFPG,EDDV,2,51,-14.24,17.8,-38.35,15.15,0.05,0.07,-0.07,0.16
LFPG,EDDV,3,26,-26.82,20.77,-53.1,9.6,-0.02,0.07,-0.12,0.08
LFPG,EFHK,0,165,-1.44,16.46,-22.06,19.4,0.04,0.1,-0.1,0.22
LFPG,EGBB,0,64,-3.6,12.32,-24.97,12.27,0.09,0.05,-0.01,0.18
LFPG,EGBB,1,53,-10.34,13.44,-27.12,11.7,0.07,0.06,-0.02,0.18
LFPG,EGCC,0,38,15.84,4.89,8.58,24.4,0.02,0.06,-0.06,0.12
LFPG,EGCC,1,17,15.62,4.76,7.4,22.56,0.17,0.1,0.1,0.35
LFPG,EGCC,2,28,9.45,9.22,0.24,23.64,0.1,0.06,0.01,0.21
LFPG,EGCC,3,115,16.29,8.16,7.0,29.12,0.06,0.09,-0.05,0.23
LFPG,EGGD,0,54,6.44,11.35,-5.67,25.77,-0.02,0.06,-0.11,0.08
LFPG,EGGW,0,92,-51.44,17.26,-72.74,-19.66,-0.16,0.07,-0.28,-0.04
LFPG,EGKK,0,60,11.8,7.52,2.1,22.6,0.11,0.09,0.01,0.25
LFPG,EGKK,1,51,6.34,7.59,1.3,20.0,0.08,0.11,-0.04,0.24
LFPG,EGLL,0,194,13.02,13.51,-1.0,35.43,0.18,0.1,0.05,0.35
LFPG,EGLL,1,141,4.66,12.09,-2.7,32.1,0.19,0.1,0.05,0.36
LFPG,EGNT,0,60,11.88,7.68,1.59,23.03,0.1,0.08,0.01,0.26
LFPG,EGNX,0,55,-3.79,10.07,-16.59,12.4,-0.02,0.05,-0.11,0.06
LFPG,EGPF,0,54,11.09,12.55,2.9,17.67,0.03,0.1,-0.07,0.16
LFPG,EGPH,0,82,10.03,10.96,-2.57,28.72,0.07,0.09,-0.06,0.22
LFPG,EGPH,1,58,9.71,5.53,1.36,18.82,0.03,0.07,-0.08,0.14
LFPG,EGPH,2,16,10.61,4.48,3.8,16.5,-0.09,0.1,-0.21,0.07
LFPG,EGSS,0,56,-9.87,16.23,-38.6,11.0,0.05,0.06,-0.04,0.15
LFPG,EHAM,0,301,15.46,10.81,-6.2,32.1,0.1,0.06,-0.01,0.18
LFPG,EHAM,1,30,11.38,11.01,-6.3,24.16,0.11,0.05,0.04,0.19
LFPG,EHAM,2,16,3.96,10.63,-8.9,18.12,0.1,0.05,0.03,0.17
LFPG,EHAM,3,15,13.62,10.39,-8.73,25.6,0.14,0.04,0.06,0.19
LFPG,EIDW,0,72,-7.09,14.51,-29.0,23.48,-0.0,0.09,-0.12,0.15
LFPG,EIDW,1,101,-0.33,16.0,-15.3,31.3,0.01,0.09,-0.09,0.15
LFPG,EIDW,2,18,-20.48,18.76,-37.8,14.39,0.01,0.08,-0.1,0.16
LFPG,EIDW,3,19,-13.55,15.73,-33.29,16.11,-0.04,0.11,-0.15,0.16
LFPG,EIDW,4,21,-6.76,27.71,-44.9,33.9,0.06,0.21,-0.11,0.33
LFPG,EKBI,0,76,11.49,10.46,-3.47,29.3,0.08,0.06,0.01,0.18
LFPG,EKCH,0,319,-11.7,11.89,-33.64,4.99,-0.08,0.06,-0.16,0.03
LFPG,ELLX,0,86,5.07,17.8,-11.3,33.92,0.0,0.06,-0.07,0.1
LFPG,ENGM,0,33,-13.96,16.09,-43.56,9.2,-0.03,0.08,-0.14,0.11
LFPG,ENGM,1,29,-10.35,13.41,-31.44,10.0,0.01,0.07,-0.08,0.14
LFPG,ENGM,2,15,-13.64,14.56,-35.27,4.89,-0.04,0.09,-0.15,0.09
LFPG,ENGM,3,45,-12.52,10.78,-33.4,3.68,-0.02,0.08,-0.13,0.12
LFPG,ENGM,4,74,-24.02,16.59,-50.78,-2.17,-0.05,0.07,-0.16,0.06
LFPG,EPKK,0,61,-24.26,23.44,-56.8,1.3,-0.1,0.07,-0.19,0.01
LFPG,EPWA,0,127,-42.42,20.18,-74.12,-8.26,-0.08,0.09,-0.2,0.05
LFPG,EPWA,1,81,-34.73,23.83,-64.2,1.2,-0.06,0.1,-0.18,0.07
LFPG,ESGG,0,65,1.24,9.62,-19.24,13.82,0.04,0.07,-0.04,0.17
LFPG,ESGG,1,15,-2.57,10.83,-20.66,9.98,0.01,0.06,-0.05,0.1
LFPG,ESSA,0,173,2.55,9.56,-10.84,19.06,0.05,0.08,-0.07,0.18
LFPG,ESSA,1,15,3.06,14.72,-16.94,21.76,0.0,0.11,-0.11,0.15
LFPG,FMEE,0,27,-25.52,25.93,-58.11,13.98,-0.05,0.14,-0.27,0.15
LFPG,FMEE,1,25,-25.58,18.54,-44.74,4.76,-0.06,0.15,-0.26,0.16
LFPG,GMME,0,44,-7.65,23.22,-31.9,53.41,0.0,0.15,-0.24,0.3
LFPG,GMME,1,32,-4.56,42.45,-29.85,11.13,0.03,0.22,-0.19,0.24
LFPG,GMMN,0,17,20.52,13.13,4.2,38.16,0.08,0.13,-0.14,0.27
LFPG,GMMN,1,58,0.73,18.01,-19.84,44.3,0.0,0.14,-0.22,0.22
LFPG,GMMN,2,27,14.9,17.74,-13.26,45.22,0.09,0.14,-0.16,0.32
LFPG,GMMN,3,48,-3.16,17.32,-25.18,27.69,0.01,0.13,-0.19,0.21
LFPG,GMMX,0,24,-1.86,39.99,-29.23,56.47,0.0,0.22,-0.26,0.27
LFPG,GMMX,1,41,-19.35,10.96,-36.4,-4.9,-0.04,0.14,-0.26,0.17
LFPG,GMMX,2,20,-7.72,18.28,-27.54,17.62,0.03,0.15,-0.2,0.31
LFPG,GMMX,3,37,-21.02,15.33,-44.1,1.1,-0.03,0.17,-0.26,0.23
LFPG,GOBD,0,27,11.69,30.95,-41.42,53.81,0.23,0.24,-0.12,0.61
LFPG,GOBD,1,34,16.2,24.21,-8.14,50.4,0.09,0.24,-0.24,0.43
LFPG,HECA,0,15,4.28,33.49,-26.85,68.86,0.06,0.13,-0.1,0.24
LFPG,HECA,1,70,19.0,18.37,-5.72,55.16,0.13,0.14,-0.07,0.41
LFPG,HKJK,0,15,-17.31,10.44,-31.52,-5.5,-0.01,0.07,-0.1,0.1
LFPG,HKJK,1,29,-31.77,88.73,-113.74,114.4,-0.1,0.12,-0.28,0.1
LFPG,HKJK,2,15,-19.98,92.3,-124.95,90.11,-0.04,0.12,-0.16,0.19
LFPG,KATL,0,17,0.97,27.49,-27.22,58.94,0.06,0.37,-0.39,0.53
LFPG,KATL,1,38,-1.31,40.34,-63.39,58.31,0.05,0.3,-0.38,0.46
LFPG,KATL,2,29,0.33,25.6,-32.9,51.44,0.06,0.28,-0.29,0.61
LFPG,KATL,3,23,-3.51,77.54,-92.95,175.35,0.06,0.22,-0.28,0.37
LFPG,KATL,4,29,2.02,29.19,-35.38,53.2,0.03,0.33,-0.5,0.62
LFPG,KATL,5,15,5.49,50.41,-49.78,101.2,0.07,0.24,-0.28,0.37
LFPG,KBOS,0,42,3.05,72.85,-60.96,86.4,0.08,0.27,-0.32,0.47
LFPG,KBOS,1,38,-0.14,49.33,-64.56,75.31,0.08,0.26,-0.28,0.5
LFPG,KDFW,0,28,1.12,83.53,-64.54,171.86,0.02,0.25,-0.25,0.47
LFPG,KDFW,1,35,-1.46,53.57,-65.14,84.0,0.01,0.19,-0.29,0.3
LFPG,KDTW,0,26,-3.23,21.64,-35.28,29.02,0.05,0.29,-0.28,0.68
LFPG,KDTW,1,17,-2.7,108.86,-105.8,191.32,0.13,0.28,-0.29,0.59
LFPG,KDTW,2,16,-3.58,90.51,-94.12,165.95,0.05,0.27,-0.29,0.47
LFPG,KEWR,0,28,-0.77,54.95,-61.11,114.53,0.16,0.22,-0.13,0.48
LFPG,KEWR,1,38,-1.41,62.27,-77.3,141.88,0.0,0.25,-0.41,0.38
LFPG,KEWR,2,30,-2.08,44.07,-67.73,79.2,0.1,0.29,-0.26,0.52
LFPG,KEWR,3,9,-6.73,33.09,-44.64,37.44,0.14,0.21,-0.13,0.37
LFPG,KIAD,0,31,5.91,46.17,-44.75,74.5,0.03,0.29,-0.35,0.53
LFPG,KIAD,1,18,2.51,30.5,-36.08,58.21,0.02,0.29,-0.34,0.42
LFPG,KIAD,2,24,-2.58,48.71,-54.58,91.75,0.03,0.23,-0.3,0.45
LFPG,KIAD,3,23,1.22,74.68,-86.49,104.84,0.01,0.21,-0.23,0.27
LFPG,KIAD,4,21,-3.48,32.62,-48.9,40.4,0.02,0.32,-0.34,0.58
LFPG,KJFK,0,89,-0.84,48.05,-66.66,72.86,0.11,0.32,-0.34,0.7
LFPG,KJFK,1,75,2.47,21.19,-27.4,49.5,0.04,0.29,-0.38,0.54
LFPG,KJFK,2,26,0.92,19.43,-23.98,30.48,0.03,0.34,-0.36,0.68
LFPG,KJFK,3,16,-0.47,88.45,-73.7,133.38,0.02,0.17,-0.23,0.21
LFPG,KJFK,4,33,2.18,84.82,-56.28,208.34,0.05,0.23,-0.31,0.4
LFPG,KJFK,5,46,0.24,53.0,-51.0,78.75,0.11,0.29,-0.34,0.51
LFPG,KJFK,6,21,-3.06,52.62,-59.0,107.3,0.12,0.31,-0.26,0.72
LFPG,KJFK,7,25,2.83,30.97,-44.36,43.68,0.05,0.23,-0.21,0.39
LFPG,KJFK,8,15,0.87,20.97,-30.17,27.7,0.01,0.25,-0.24,0.38
LFPG,KLAX,0,16,-2.75,50.3,-76.58,67.7,0.04,0.29,-0.31,0.44
LFPG,KLAX,1,67,0.44,67.25,-78.3,132.85,0.07,0.41,-0.38,0.4
LFPG,KLAX,2,36,-0.43,40.0,-47.92,40.88,0.01,0.25,-0.36,0.39
LFPG,KLAX,3,10,-2.72,53.8,-52.36,87.15,0.06,0.32,-0.32,0.46
LFPG,KLAX,4,27,-2.44,39.12,-37.49,70.45,0.04,0.26,-0.39,0.42
LFPG,KMEM,0,30,-9.16,47.98,-79.96,78.45,0.03,0.24,-0.42,0.37
LFPG,KMEM,1,23,-4.53,51.72,-71.89,58.5,0.05,0.17,-0.17,0.3
LFPG,KMSP,0,15,-3.49,37.46,-45.9,64.61,0.02,0.28,-0.41,0.38
LFPG,KMSP,1,19,-2.62,69.39,-80.2,116.77,0.08,0.22,-0.25,0.4
LFPG,KMSP,2,27,-4.57,44.01,-54.7,78.72,0.02,0.2,-0.21,0.41
LFPG,KORD,0,30,0.96,26.45,-30.02,32.47,0.02,0.21,-0.2,0.4
LFPG,KORD,1,24,-2.88,62.8,-89.51,108.97,0.0,0.24,-0.31,0.35
LFPG,KORD,2,19,-0.67,23.02,-33.06,30.31,0.03,0.18,-0.3,0.27
LFPG,KORD,3,17,-2.26,69.64,-90.4,107.96,0.04,0.23,-0.29,0.35
LFPG,KORD,4,17,-1.88,20.9,-24.92,29.86,0.01,0.23,-0.25,0.39
LFPG,KSFO,0,40,-0.05,38.72,-44.12,79.41,0.01,0.17,-0.28,0.26
LFPG,KSFO,1,24,0.05,34.9,-40.54,55.3,0.03,0.15,-0.21,0.24
LFPG,KSFO,2,17,-0.56,56.91,-79.12,86.94,0.03,0.13,-0.17,0.2
LFPG,LDZA,0,15,-10.11,22.0,-36.12,22.39,0.07,0.07,-0.01,0.16
LFPG,LDZA,1,45,1.8,34.08,-28.1,86.5,0.07,0.07,-0.01,0.19
LFPG,LEBB,0,18,-6.63,15.95,-26.44,17.71,-0.05,0.06,-0.13,0.03
LFPG,LEBB,1,44,-23.83,23.62,-47.64,25.14,0.05,0.08,-0.07,0.17
LFPG,LEBB,2,33,-19.74,27.04,-45.38,20.66,0.05,0.15,-0.1,0.18
LFPG,LEBB,3,12,-20.26,11.88,-37.24,-5.12,-0.05,0.1,-0.15,0.1
LFPG,LEBL,0,105,-5.46,11.37,-14.98,19.66,-0.02,0.1,-0.15,0.13
LFPG,LEBL,1,53,-4.88,18.29,-33.94,31.48,-0.02,0.09,-0.17,0.11
LFPG,LEBL,2,82,0.13,10.91,-12.73,17.76,-0.03,0.08,-0.13,0.16
LFPG,LEBL,3,33,-3.72,12.93,-20.54,21.46,0.0,0.1,-0.12,0.14
LFPG,LEBL,4,30,1.63,10.97,-11.06,20.59,-0.01,0.07,-0.11,0.1
LFPG,LEMD,0,168,-7.36,18.64,-32.51,20.07,0.03,0.1,-0.1,0.22
LFPG,LEMD,1,121,-14.12,17.98,-38.7,11.1,0.01,0.1,-0.13,0.17
LFPG,LEMG,0,17,-22.22,23.32,-44.4,9.58,0.02,0.15,-0.18,0.24
LFPG,LEMG,1,52,-1.26,10.79,-13.9,20.94,0.06,0.11,-0.09,0.28
LFPG,LEMG,2,33,-3.26,17.99,-25.18,33.84,0.06,0.15,-0.12,0.35
LFPG,LEVC,0,49,-6.83,10.11,-17.3,2.84,0.04,0.08,-0.08,0.18
LFPG,LEVC,1,33,-13.0,6.73,-21.18,-0.42,0.01,0.09,-0.14,0.15
LFPG,LEZL,0,32,-5.87,10.33,-22.86,9.83,0.02,0.13,-0.17,0.19
LFPG,LEZL,1,26,-2.19,8.54,-17.2,6.28,0.07,0.13,-0.14,0.21
LFPG,LFBD,0,73,-6.91,13.04,-26.42,18.2,0.07,0.06,-0.01,0.16
LFPG,LFBD,1,100,-16.95,10.19,-27.64,1.27,0.04,0.06,-0.03,0.16
LFPG,LFBD,2,63,-6.8,11.44,-18.77,16.68,0.03,0.05,-0.03,0.11
LFPG,LFBO,0,289,-8.6,9.38,-24.36,8.12,0.01,0.15,-0.1,0.47
LFPG,LFBP,0,52,-17.86,10.54,-29.77,-6.64,0.07,0.06,-0.0,0.2
LFPG,LFBP,1,38,-25.26,6.88,-37.29,-15.54,0.05,0.05,-0.01,0.15
LFPG,LFBZ,0,76,-5.42,8.35,-14.4,8.98,0.1,0.05,0.03,0.2
LFPG,LFBZ,1,49,-13.44,7.78,-22.16,2.46,0.09,0.08,-0.01,0.21
LFPG,LFLC,0,85,-3.68,6.79,-13.38,3.48,0.12,0.04,0.07,0.18
LFPG,LFLL,0,179,-1.92,21.56,-17.42,14.92,-0.06,0.07,-0.12,0.01
LFPG,LFML,0,145,-4.59,14.05,-22.38,20.0,-0.02,0.09,-0.12,0.08
LFPG,LFML,1,123,-0.1,12.31,-18.93,20.4,0.04,0.07,-0.05,0.15
LFPG,LFML,2,15,-14.23,19.01,-39.27,15.93,-0.09,0.11,-0.25,0.06
LFPG,LFMN,0,375,-1.61,14.42,-19.7,23.05,0.05,0.08,-0.06,0.17
LFPG,LFMT,0,51,-4.12,11.38,-20.95,16.75,-0.08,0.06,-0.16,-0.02
LFPG,LFMT,1,55,-5.19,23.4,-21.57,11.64,-0.07,0.13,-0.16,0.01
LFPG,LFMT,2,24,-4.2,13.75,-18.14,13.29,-0.06,0.08,-0.13,-0.0
LFPG,LFRB,0,120,2.67,18.01,-18.9,36.42,0.05,0.06,-0.03,0.15
LFPG,LFRS,0,153,9.17,20.1,-22.74,34.32,0.09,0.06,0.01,0.19
LFPG,LFSB,0,51,6.93,4.9,0.35,13.65,0.08,0.04,0.03,0.13
LFPG,LFSB,1,41,1.19,11.2,-13.1,25.4,0.06,0.06,-0.01,0.14
LFPG,LGAV,0,53,-5.06,16.53,-26.62,19.44,-0.03,0.09,-0.17,0.12
LFPG,LGAV,1,22,-2.39,14.1,-18.85,17.96,0.02,0.1,-0.1,0.12
LFPG,LGAV,2,93,-5.22,30.59,-42.54,46.2,0.0,0.13,-0.2,0.19
LFPG,LGAV,3,46,-3.95,15.87,-22.35,31.17,-0.02,0.09,-0.14,0.15
LFPG,LGAV,4,25,-8.83,33.54,-53.6,25.82,-0.05,0.13,-0.21,0.19
LFPG,LGIR,0,20,-12.07,19.57,-45.12,11.79,-0.03,0.1,-0.14,0.14
LFPG,LGIR,1,30,-19.51,34.94,-62.62,37.53,-0.06,0.14,-0.25,0.17
LFPG,LHBP,0,44,-23.75,12.24,-42.09,-4.9,-0.05,0.08,-0.14,0.06
LFPG,LHBP,1,56,-16.15,18.47,-41.78,13.32,-0.02,0.07,-0.11,0.1
LFPG,LIMC,0,343,-49.67,25.24,-79.39,-8.33,-0.21,0.11,-0.34,-0.06
LFPG,LIMF,0,46,15.93,10.87,-1.17,34.55,0.11,0.04,0.07,0.17
LFPG,LIMF,1,38,13.37,44.0,-9.62,54.83,0.12,0.14,0.03,0.23
LFPG,LIML,0,140,30.62,18.93,13.49,51.3,-0.01,0.07,-0.11,0.1
LFPG,LIML,1,118,21.13,15.95,-3.83,46.94,-0.0,0.1,-0.11,0.15
LFPG,LIPE,0,109,-7.31,17.64,-30.3,23.38,-0.02,0.07,-0.13,0.12
LFPG,LIPZ,0,165,-26.37,20.32,-48.94,15.2,-0.13,0.07,-0.24,-0.02
LFPG,LIPZ,1,31,-33.4,20.59,-59.3,-0.2,-0.14,0.07,-0.23,-0.07
LFPG,LIPZ,2,24,-52.58,23.87,-80.92,-12.7,-0.19,0.08,-0.28,-0.02
LFPG,LIPZ,3,27,-36.55,14.81,-53.19,-7.2,-0.15,0.06,-0.25,-0.08
LFPG,LIRF,0,37,-30.57,17.71,-54.9,-4.86,-0.08,0.08,-0.21,0.02
LFPG,LIRF,1,49,-37.15,18.1,-58.4,-5.36,-0.11,0.07,-0.24,-0.02
LFPG,LIRF,2,28,-49.41,18.9,-77.08,-19.32,-0.07,0.08,-0.22,0.04
LFPG,LIRF,3,195,-46.12,23.59,-69.08,-4.59,-0.12,0.09,-0.23,0.02
LFPG,LIRN,0,66,-24.66,21.89,-55.75,10.28,-0.08,0.09,-0.22,0.08
LFPG,LIRN,1,62,-28.73,20.42,-56.0,-2.3,-0.06,0.09,-0.16,0.11
LFPG,LIRQ,0,51,-14.75,11.59,-31.75,6.25,-0.06,0.07,-0.16,0.07
LFPG,LKPR,0,114,-17.47,19.35,-33.77,11.0,-0.06,0.06,-0.15,0.05
LFPG,LKPR,1,49,-12.9,17.26,-36.44,16.72,-0.03,0.06,-0.13,0.04
LFPG,LLBG,0,45,6.92,22.6,-25.0,46.22,0.06,0.13,-0.15,0.29
LFPG,LLBG,1,76,1.46,21.09,-23.35,36.15,0.0,0.19,-0.27,0.31
LFPG,LLBG,2,47,-0.03,21.32,-27.24,34.36,0.04,0.16,-0.14,0.33
LFPG,LOWW,0,61,3.14,22.92,-23.9,44.8,0.01,0.07,-0.09,0.14
LFPG,LOWW,1,19,-8.38,37.43,-41.94,59.13,0.02,0.11,-0.09,0.23
LFPG,LOWW,2,115,6.25,18.68,-15.7,43.05,0.02,0.07,-0.11,0.15
LFPG,LOWW,3,46,2.48,11.03,-17.88,17.35,0.04,0.06,-0.05,0.15
LFPG,LOWW,4,25,-11.08,18.12,-31.28,23.72,0.01,0.05,-0.07,0.06
LFPG,LPPR,0,108,-7.15,15.76,-30.96,16.78,0.02,0.1,-0.13,0.2
LFPG,LPPR,1,2,-2.85,17.18,-13.78,8.08,-0.04,0.08,-0.09,0.01
LFPG,LPPT,0,67,-8.67,22.38,-36.48,28.51,0.05,0.09,-0.08,0.18
LFPG,LPPT,1,16,-20.14,16.59,-41.28,0.85,-0.05,0.09,-0.16,0.08
LFPG,LPPT,2,51,-4.04,18.22,-35.6,18.15,0.02,0.12,-0.15,0.19
LFPG,LPPT,3,27,-8.1,20.82,-40.98,20.35,0.0,0.14,-0.17,0.19
LFPG,LPPT,4,38,-12.19,21.38,-36.07,16.42,-0.01,0.1,-0.15,0.13
LFPG,LROP,0,19,-35.08,24.76,-61.5,18.0,-0.09,0.06,-0.18,-0.02
LFPG,LROP,1,31,-47.31,14.12,-61.0,-22.55,-0.09,0.1,-0.3,0.02
LFPG,LROP,2,37,-35.92,8.87,-43.44,-19.62,-0.07,0.11,-0.23,0.08
LFPG,LROP,3,32,-45.6,14.64,-64.55,-23.38,-0.06,0.09,-0.17,0.13
LFPG,LROP,4,30,-33.8,21.81,-60.3,1.21,-0.05,0.08,-0.15,0.08
LFPG,LSGG,0,85,-29.28,9.07,-42.76,-12.92,0.1,0.05,0.03,0.19
LFPG,LSGG,1,29,-23.22,10.85,-43.0,-7.32,-0.08,0.04,-0.14,-0.02
LFPG,LSGG,2,135,-22.91,11.44,-38.43,-2.62,-0.01,0.08,-0.08,0.13
LFPG,LSZH,0,225,10.06,16.83,-10.88,42.16,0.08,0.07,-0.02,0.2
LFPG,LTFJ,0,117,-5.73,34.78,-45.24,56.26,0.06,0.17,-0.14,0.35
LFPG,LTFM,0,36,-28.86,50.73,-77.6,67.78,-0.07,0.19,-0.26,0.35
LFPG,LTFM,1,133,-23.94,33.74,-53.72,29.38,-0.03,0.16,-0.22,0.21
LFPG,LTFM,2,6,-34.2,14.82,-55.05,-19.35,-0.08,0.07,-0.18,-0.02
LFPG,LTFM,3,68,-21.27,20.29,-48.43,20.97,-0.05,0.12,-0.21,0.12
LFPG,LTFM,4,27,-15.44,30.7,-44.58,42.76,-0.0,0.23,-0.15,0.41
LFPG,LYBE,0,60,-9.59,23.49,-33.42,28.41,0.02,0.07,-0.1,0.14
LFPG,MMMX,0,32,0.11,46.96,-49.82,90.24,0.06,0.26,-0.28,0.52
LFPG,MMMX,1,40,-0.41,80.47,-99.82,148.28,0.05,0.22,-0.24,0.54
LFPG,MMMX,2,17,-2.96,98.36,-103.48,173.8,0.04,0.18,-0.21,0.26
LFPG,OLBA,0,28,-1.83,18.82,-24.39,21.97,-0.0,0.09,-0.11,0.15
LFPG,OLBA,1,44,-5.97,18.9,-34.72,22.9,0.0,0.14,-0.22,0.19
LFPG,OLBA,2,25,1.87,28.53,-39.66,37.42,0.05,0.17,-0.21,0.29
LFPG,OMDB,0,29,42.67,54.19,-13.02,143.08,0.27,0.19,0.06,0.65
LFPG,OMDB,1,42,17.9,25.58,-17.46,51.52,0.24,0.16,0.04,0.45
LFPG,OMDB,2,52,12.55,24.97,-28.33,47.44,0.21,0.12,0.02,0.42
LFPG,OMDB,3,28,13.07,38.2,-61.3,55.52,0.27,0.14,0.07,0.5
LFPG,OTHH,0,31,35.81,31.08,-3.1,81.3,0.18,0.12,-0.01,0.35
LFPG,OTHH,1,19,28.97,41.87,-16.28,106.83,0.15,0.14,-0.0,0.37
LFPG,OTHH,2,17,36.32,35.95,-5.62,88.62,0.16,0.12,-0.02,0.3
LFPG,OTHH,3,19,26.96,20.45,4.63,54.54,0.14,0.1,0.01,0.31
LFPG,OTHH,4,27,16.64,23.76,-17.68,54.14,0.12,0.11,-0.04,0.3
LFPG,RJTT,0,33,-28.32,37.14,-73.38,27.94,-0.14,0.2,-0.47,0.17
LFPG,RJTT,1,57,-4.75,65.78,-65.32,123.42,0.02,0.25,-0.29,0.3
LFPG,RKSI,0,27,15.47,48.39,-52.58,88.13,-0.03,0.24,-0.35,0.34
LFPG,RKSI,1,27,-10.22,14.63,-30.78,8.44,-0.2,0.22,-0.53,0.07
LFPG,RKSI,2,15,-0.62,29.94,-33.97,36.56,0.09,0.19,-0.18,0.35
LFPG,RKSI,3,30,-9.19,35.04,-53.26,63.39,0.02,0.18,-0.24,0.28
LFPG,SBGR,0,28,-5.32,34.08,-61.96,36.2,0.03,0.26,-0.34,0.36
LFPG,SBGR,1,42,-2.16,36.11,-36.78,70.92,0.03,0.22,-0.26,0.37
LFPG,SBGR,2,19,-4.49,39.08,-63.47,82.4,0.03,0.15,-0.12,0.24
LFPG,VHHH,0,24,-14.25,93.92,-89.28,158.14,-0.01,0.37,-0.7,0.43
LFPG,VHHH,1,26,-5.35,72.66,-46.32,189.45,0.03,0.32,-0.36,0.62
LFPG,VHHH,2,17,-0.28,26.11,-42.9,34.38,0.06,0.3,-0.35,0.42
LFPG,VHHH,3,15,-3.83,81.36,-167.21,62.54,-0.01,0.35,-0.42,0.56
LFPG,VIDP,0,20,-4.86,17.34,-27.55,21.56,-0.03,0.1,-0.17,0.13
LFPG,VIDP,1,18,-3.17,25.29,-36.48,36.72,0.01,0.2,-0.31,0.27
LFPG,VIDP,2,26,-7.47,73.85,-40.33,3.7,0.02,0.25,-0.18,0.18
LFPG,VIDP,3,22,-7.55,16.7,-34.0,19.11,0.05,0.14,-0.17,0.29
LFPG,VIDP,4,18,1.08,32.64,-44.72,47.72,0.03,0.17,-0.15,0.31
LFPG,WSSS,0,32,-2.87,15.64,-21.1,24.01,0.1,0.1,-0.04,0.25
LFPG,WSSS,1,44,-4.09,76.44,-79.06,130.68,0.1,0.29,-0.22,0.61
LFPG,WSSS,2,32,-17.13,23.84,-38.8,23.33,0.11,0.08,-0.01,0.24
LFPG,ZBAA,0,30,0.27,21.08,-26.19,40.46,0.07,0.23,-0.27,0.45
LFPG,ZBAA,1,30,-13.03,18.18,-33.54,24.51,0.04,0.22,-0.31,0.32
LFPG,ZSPD,0,46,-5.12,20.46,-32.6,30.08,0.03,0.22,-0.3,0.32
LFPG,ZSPD,1,30,0.6,480.42,-471.36,539.37,0.04,1.04,-1.11,1.48
LFPO,DAAG,0,229,0.83,11.42,-11.46,20.36,0.04,0.1,-0.13,0.18
LFPO,DAOO,0,58,-4.16,23.37,-21.78,15.09,0.03,0.14,-0.18,0.22
LFPO,DTMB,0,35,-6.45,18.87,-28.63,30.13,0.02,0.09,-0.13,0.12
LFPO,DTMB,1,18,-1.97,11.78,-21.98,16.63,0.04,0.05,-0.02,0.12
LFPO,DTMB,2,15,-7.43,26.22,-36.71,37.8,0.01,0.15,-0.22,0.22
LFPO,DTTA,0,223,5.99,15.12,-15.74,31.71,0.03,0.1,-0.15,0.18
LFPO,DTTJ,0,82,-10.88,7.6,-21.09,2.82,-0.0,0.11,-0.18,0.12
LFPO,DTTJ,1,30,-17.18,17.48,-39.63,17.31,-0.02,0.11,-0.15,0.19
LFPO,EDDB,0,40,1.83,24.27,-36.12,47.19,0.05,0.07,-0.05,0.18
LFPO,EDDB,1,43,5.3,21.71,-27.84,39.26,0.06,0.08,-0.06,0.16
LFPO,EDDM,0,31,-3.18,16.03,-25.95,21.05,-0.03,0.06,-0.11,0.07
LFPO,EDDM,1,29,-4.3,19.82,-32.32,25.46,-0.1,0.06,-0.16,0.01
LFPO,EGKK,0,37,6.21,14.53,-9.38,31.9,0.16,0.1,0.04,0.34
LFPO,EGKK,1,30,-1.93,15.3,-14.96,36.5,0.14,0.11,-0.0,0.36
LFPO,EIDW,0,15,-26.43,25.32,-62.98,8.57,-0.03,0.08,-0.14,0.07
LFPO,EIDW,1,38,-11.88,22.87,-49.76,27.53,0.05,0.14,-0.09,0.26
LFPO,FMEE,0,28,-20.79,17.87,-40.14,-0.77,-0.0,0.3,-0.39,0.46
LFPO,FMEE,1,22,-23.83,11.89,-39.74,-8.93,-0.01,0.25,-0.24,0.34
LFPO,FMEE,2,29,-21.53,14.92,-42.06,5.06,-0.02,0.16,-0.2,0.26
LFPO,FMEE,3,25,-15.96,18.55,-37.78,21.84,-0.03,0.26,-0.52,0.34
LFPO,GMAD,0,34,-13.8,23.54,-51.22,16.94,-0.01,0.15,-0.3,0.19
LFPO,GMAD,1,91,-14.36,19.97,-36.4,11.3,-0.07,0.18,-0.35,0.17
LFPO,GMFO,0,87,-20.77,29.76,-44.84,19.84,0.01,0.16,-0.22,0.22
LFPO,GMME,0,36,-3.43,17.21,-17.7,27.65,0.03,0.11,-0.15,0.2
LFPO,GMME,1,37,-4.09,8.82,-17.78,8.92,0.01,0.16,-0.22,0.26
LFPO,GMMN,0,35,6.05,30.66,-32.02,49.89,0.05,0.13,-0.14,0.27
LFPO,GMMN,1,182,-4.5,16.5,-23.49,26.33,0.02,0.16,-0.23,0.27
LFPO,GMMX,0,57,-4.12,19.99,-20.02,15.7,0.03,0.17,-0.16,0.2
LFPO,GMMX,1,23,-14.6,14.72,-35.32,9.55,0.04,0.15,-0.18,0.25
LFPO,GMMX,2,56,-4.17,12.47,-18.58,19.9,0.05,0.18,-0.19,0.36
LFPO,GMMX,3,18,-22.75,11.8,-36.53,-1.79,-0.06,0.18,-0.28,0.18
LFPO,GMMX,4,28,-2.57,24.75,-30.6,39.97,0.03,0.1,-0.12,0.17
LFPO,KEWR,0,15,-0.39,64.07,-72.67,88.2,0.16,0.41,-0.5,0.83
LFPO,KEWR,1,27,3.31,43.54,-48.87,77.24,0.02,0.45,-0.74,0.76
LFPO,KEWR,2,20,-4.96,50.77,-90.12,89.38,0.16,0.45,-0.45,0.83
LFPO,LEAL,0,49,-3.81,7.07,-9.92,13.4,0.11,0.1,-0.02,0.24
LFPO,LEAL,1,42,-3.16,16.68,-12.5,9.15,0.06,0.09,-0.1,0.19
LFPO,LEBL,0,228,0.25,17.89,-17.36,39.83,0.01,0.09,-0.13,0.17
LFPO,LEIB,0,58,-23.99,21.8,-58.18,3.03,-0.03,0.11,-0.2,0.14
LFPO,LEIB,1,40,-23.63,25.26,-52.18,22.39,-0.07,0.11,-0.23,0.06
LFPO,LEMD,0,205,-10.35,18.52,-35.22,9.66,0.05,0.1,-0.08,0.23
LFPO,LEMD,1,170,-3.29,17.64,-26.06,24.06,0.02,0.1,-0.1,0.22
LFPO,LEMG,0,58,5.93,17.78,-12.38,40.32,0.09,0.16,-0.17,0.39
LFPO,LEMG,1,79,-6.88,20.79,-22.92,39.09,0.08,0.12,-0.08,0.3
LFPO,LEPA,0,61,-0.62,7.58,-8.7,15.8,0.03,0.11,-0.15,0.2
LFPO,LEPA,1,48,-9.15,15.14,-26.64,6.5,0.07,0.08,-0.01,0.22
LFPO,LEPA,2,52,-0.44,8.66,-10.82,14.42,0.04,0.09,-0.09,0.19
LFPO,LEVC,0,64,-7.68,11.76,-16.07,8.09,0.03,0.08,-0.1,0.15
LFPO,LEVC,1,61,-4.32,18.02,-15.9,11.5,0.02,0.12,-0.16,0.2
LFPO,LEZL,0,72,-2.51,11.99,-17.04,14.66,0.05,0.11,-0.13,0.21
LFPO,LFBO,0,272,-11.65,7.8,-23.4,1.93,-0.04,0.06,-0.12,0.06
LFPO,LFBO,1,252,-0.11,9.24,-8.3,10.82,-0.0,0.05,-0.07,0.06
LFPO,LFBP,0,28,-6.22,7.52,-17.92,2.32,0.0,0.05,-0.08,0.08
LFPO,LFBP,1,27,-15.54,15.56,-29.73,-6.05,-0.05,0.08,-0.15,0.04
LFPO,LFBT,0,60,-31.54,5.91,-41.12,-23.18,-0.05,0.05,-0.12,0.01
LFPO,LFBZ,0,45,-6.92,7.03,-15.54,5.6,0.01,0.06,-0.1,0.09
LFPO,LFBZ,1,41,-6.29,5.2,-11.2,4.5,-0.0,0.06,-0.08,0.1
LFPO,LFKB,0,80,0.55,7.69,-11.64,12.64,0.01,0.06,-0.09,0.1
LFPO,LFKB,1,64,3.1,18.6,-12.34,14.86,0.01,0.08,-0.08,0.11
LFPO,LFKC,0,55,-3.51,14.21,-14.11,39.53,0.03,0.08,-0.08,0.16
LFPO,LFKF,0,34,-19.74,10.66,-27.16,-13.09,-0.0,0.06,-0.12,0.08
LFPO,LFKF,1,22,-13.96,11.14,-24.84,6.49,0.02,0.1,-0.09,0.17
LFPO,LFKJ,0,62,-16.52,6.72,-24.76,-4.4,-0.02,0.05,-0.1,0.06
LFPO,LFKJ,1,46,-18.7,37.72,-36.62,33.1,0.0,0.24,-0.12,0.21
LFPO,LFKJ,2,51,-33.71,5.83,-41.3,-25.75,-0.06,0.05,-0.16,0.02
LFPO,LFLW,0,27,-6.7,12.7,-18.44,20.88,-0.01,0.07,-0.08,0.12
LFPO,LFLW,1,25,-3.72,22.9,-19.18,48.4,0.03,0.09,-0.04,0.26
LFPO,LFML,0,16,2.26,10.73,-13.38,16.5,-0.04,0.06,-0.12,0.05
LFPO,LFML,1,63,7.7,19.73,-9.99,35.23,-0.03,0.12,-0.15,0.1
LFPO,LFML,2,39,1.19,10.83,-11.7,17.65,-0.03,0.09,-0.14,0.13
LFPO,LFML,3,27,5.67,14.28,-12.87,28.19,-0.05,0.08,-0.14,0.03
LFPO,LFML,4,37,0.65,9.23,-6.04,22.98,-0.03,0.06,-0.11,0.08
LFPO,LFMN,0,306,0.48,9.35,-10.6,19.23,0.05,0.06,-0.04,0.14
LFPO,LFMN,1,279,4.91,13.07,-10.33,29.01,0.05,0.07,-0.07,0.16
LFPO,LFMP,0,35,-8.58,8.08,-18.45,5.61,0.0,0.07,-0.11,0.06
LFPO,LFMP,1,36,-5.84,8.58,-19.45,2.9,0.0,0.07,-0.1,0.1
LFPO,LFMT,0,89,-1.51,12.61,-18.06,21.8,-0.07,0.07,-0.17,0.03
LFPO,LFTH,0,41,-9.53,11.81,-27.5,9.4,0.05,0.07,-0.05,0.16
LFPO,LFTH,1,38,-9.22,10.83,-24.48,7.54,0.05,0.07,-0.04,0.15
LFPO,LGAV,0,64,-9.69,17.02,-27.28,25.36,-0.0,0.09,-0.14,0.17
LFPO,LGAV,1,25,-3.63,30.17,-32.08,35.06,0.06,0.21,-0.12,0.31
LFPO,LGIR,0,50,-13.09,17.45,-29.93,23.9,0.01,0.12,-0.13,0.16
LFPO,LGIR,1,41,-5.6,16.06,-28.1,23.5,0.03,0.14,-0.11,0.26
LFPO,LICJ,0,62,2.9,14.78,-13.37,28.9,0.04,0.09,-0.08,0.21
LFPO,LIMC,0,52,-40.78,26.88,-73.47,5.41,-0.13,0.08,-0.24,0.0
LFPO,LIMC,1,21,-71.01,25.98,-95.4,-35.5,-0.21,0.13,-0.31,-0.04
LFPO,LIML,0,35,27.39,16.13,3.47,56.85,0.02,0.08,-0.08,0.15
LFPO,LIML,1,35,-1.6,15.24,-15.65,14.71,0.0,0.11,-0.1,0.18
LFPO,LIML,2,60,-4.22,8.25,-16.05,8.26,-0.01,0.05,-0.09,0.08
LFPO,LIPZ,0,95,-30.93,20.7,-55.4,5.71,-0.13,0.08,-0.24,0.01
LFPO,LIPZ,1,16,-47.27,18.61,-75.12,-12.82,-0.2,0.06,-0.28,-0.11
LFPO,LIRF,0,30,-46.33,18.61,-66.2,-5.95,-0.17,0.06,-0.25,-0.09
LFPO,LIRF,1,16,-36.52,31.24,-75.35,12.7,-0.11,0.09,-0.22,0.04
LFPO,LIRF,2,104,-44.29,12.3,-57.76,-20.04,-0.1,0.07,-0.21,0.04
LFPO,LIRF,3,81,-41.69,23.58,-76.9,-3.1,-0.08,0.09,-0.22,0.06
LFPO,LIRF,4,53,-38.45,14.04,-52.96,-10.88,-0.09,0.07,-0.2,0.01
LFPO,LIRN,0,115,-23.46,22.87,-55.05,10.56,-0.02,0.13,-0.18,0.19
LFPO,LIRQ,0,53,-13.17,14.43,-31.46,11.98,-0.01,0.08,-0.13,0.13
LFPO,LLBG,0,39,2.65,21.65,-18.76,50.73,0.09,0.11,-0.04,0.25
LFPO,LLBG,1,21,4.42,19.25,-17.9,25.1,0.08,0.13,-0.14,0.23
LFPO,LLBG,2,17,-1.96,18.06,-30.76,25.48,0.06,0.13,-0.17,0.22
LFPO,LMML,0,63,18.88,14.34,-9.94,42.13,0.05,0.09,-0.1,0.18
LFPO,LPFR,0,41,-3.75,15.44,-19.3,16.1,0.06,0.1,-0.07,0.23
LFPO,LPFR,1,35,-11.54,10.98,-27.52,6.15,0.05,0.13,-0.13,0.27
LFPO,LPFR,2,27,-6.87,11.03,-18.31,5.61,0.01,0.12,-0.18,0.15
LFPO,LPPR,0,52,-9.77,11.12,-24.98,7.44,0.04,0.07,-0.1,0.14
LFPO,LPPR,1,287,-11.6,12.04,-30.77,6.85,0.05,0.09,-0.09,0.2
LFPO,LPPR,2,16,-21.12,20.03,-62.48,-1.45,0.01,0.11,-0.14,0.18
LFPO,LPPT,0,383,-11.56,20.54,-40.18,21.09,0.08,0.11,-0.1,0.27
LFPO,LPPT,1,42,-13.74,22.37,-50.78,16.8,0.05,0.07,-0.07,0.15
LFPO,LPPT,2,35,-11.46,17.68,-42.2,9.75,0.01,0.09,-0.14,0.15
LFPO,LSGG,0,32,-20.76,9.8,-37.12,-8.01,-0.08,0.07,-0.19,0.02
LFPO,LSGG,1,18,-28.49,8.46,-38.9,-14.74,-0.07,0.05,-0.13,0.0
LFPO,TFFF,0,22,4.22,98.43,-67.08,272.18,0.11,0.33,-0.3,0.67
LFPO,TFFF,1,36,-4.38,101.38,-97.98,209.38,0.07,0.41,-0.66,0.65
LFPO,TFFF,2,20,0.6,103.64,-90.86,124.92,0.06,0.31,-0.38,0.63
LFPO,TFFR,0,22,3.09,120.55,-73.82,341.12,0.09,0.28,-0.2,0.55
LFPO,TFFR,1,21,-0.56,83.29,-92.0,75.6,0.08,0.26,-0.27,0.54
LFPO,TFFR,2,43,-6.11,92.1,-90.38,152.79,0.08,0.42,-0.62,0.64
LFQQ,LFBD,0,59,-10.53,10.09,-22.02,7.71,-0.01,0.06,-0.09,0.08
LFQQ,LFBO,0,69,-5.25,9.62,-15.82,11.32,-0.07,0.08,-0.2,0.03
LFQQ,LFMN,0,93,4.14,12.55,-12.74,27.4,-0.03,0.09,-0.17,0.11
LFQQ,LFMN,1,15,6.02,14.64,-20.31,24.96,0.03,0.07,-0.07,0.15
LFRB,LFLL,0,50,-2.61,9.21,-16.24,13.86,0.04,0.06,-0.05,0.14
LFRB,LFLL,1,23,4.88,14.31,-9.0,23.3,-0.07,0.06,-0.15,0.01
LFRB,LFPG,0,62,1.79,21.05,-28.79,28.42,0.05,0.09,-0.07,0.18
LFRB,LFPG,1,41,1.04,15.44,-9.2,36.3,-0.01,0.07,-0.08,0.11
LFRB,LFPG,2,16,-10.0,22.61,-32.92,27.98,0.03,0.07,-0.06,0.14
LFRK,LFLL,0,63,4.62,11.16,-10.57,21.56,-0.01,0.06,-0.08,0.09
LFRN,LFLL,0,55,-12.05,10.83,-30.48,5.17,0.03,0.05,-0.04,0.1
LFRS,EHAM,0,83,21.85,11.51,0.81,39.03,0.09,0.07,-0.02,0.19
LFRS,EIDW,0,29,-29.73,17.29,-55.98,1.18,-0.08,0.15,-0.24,0.28
LFRS,EIDW,1,33,-24.44,9.16,-35.62,-8.7,-0.07,0.09,-0.18,0.11
LFRS,GMMX,0,35,-3.46,9.37,-14.0,14.96,0.06,0.15,-0.11,0.32
LFRS,GMMX,1,28,-18.83,9.82,-32.82,-3.29,0.01,0.12,-0.15,0.2
LFRS,LEBL,0,27,-15.43,17.48,-41.29,7.74,-0.02,0.1,-0.14,0.13
LFRS,LEBL,1,34,-5.02,9.25,-17.2,10.14,-0.05,0.08,-0.18,0.08
LFRS,LEBL,2,32,-14.05,8.09,-22.54,3.12,-0.09,0.06,-0.17,0.01
LFRS,LEMD,0,49,-17.67,16.05,-39.82,1.28,0.02,0.09,-0.11,0.16
LFRS,LEMD,1,16,-7.05,12.64,-20.2,9.0,0.03,0.09,-0.09,0.2
LFRS,LEMD,2,19,-28.27,19.73,-55.28,-7.56,-0.1,0.08,-0.19,0.0
LFRS,LEMD,3,20,-13.68,19.48,-35.87,3.41,-0.0,0.07,-0.08,0.14
LFRS,LEPA,0,20,-13.37,12.57,-25.7,13.93,0.06,0.04,-0.01,0.11
LFRS,LEPA,1,28,-13.6,19.03,-25.12,14.92,0.01,0.1,-0.12,0.18
LFRS,LEPA,2,15,-4.97,7.09,-12.32,5.68,0.01,0.07,-0.08,0.11
LFRS,LFBO,0,53,-8.34,5.78,-11.5,-4.58,-0.01,0.07,-0.07,0.04
LFRS,LFBO,1,30,-6.68,11.09,-31.15,5.15,-0.04,0.06,-0.13,0.05
LFRS,LFLL,0,112,-3.28,8.77,-13.24,12.91,-0.08,0.04,-0.15,-0.0
LFRS,LFLL,1,29,-0.4,7.54,-9.22,12.7,0.03,0.05,-0.04,0.1
LFRS,LFML,0,111,-3.45,16.6,-25.5,23.5,0.01,0.08,-0.11,0.18
LFRS,LFMN,0,27,3.6,16.37,-14.67,35.91,0.05,0.09,-0.06,0.19
LFRS,LFMN,1,76,-0.37,12.26,-15.02,21.42,0.03,0.06,-0.06,0.13
LFRS,LFMT,0,56,-6.93,13.94,-26.85,11.4,-0.13,0.1,-0.2,-0.05
LFRS,LFPG,0,154,-5.28,20.1,-23.58,26.31,0.04,0.09,-0.06,0.17
LFRS,LGIR,0,51,-12.35,25.38,-39.6,18.25,-0.01,0.12,-0.19,0.18
LFRS,LPPR,0,62,-5.53,11.3,-18.98,13.35,0.05,0.08,-0.06,0.18
LFRS,LPPT,0,61,-2.36,22.44,-35.4,31.2,0.08,0.09,-0.07,0.21
LFRS,LSGG,0,24,-18.81,6.48,-29.42,-9.96,-0.17,0.05,-0.22,-0.11
LFRS,LSGG,1,49,-14.87,11.15,-35.3,-1.96,0.07,0.07,-0.03,0.17
LFSB,BKPR,0,45,-9.69,18.84,-40.8,16.72,0.02,0.08,-0.13,0.14
LFSB,BKPR,1,30,-10.9,20.47,-53.96,17.83,0.02,0.08,-0.11,0.12
LFSB,BKPR,2,21,-14.95,15.97,-36.1,13.7,0.02,0.06,-0.04,0.14
LFSB,BKPR,3,16,-22.96,19.73,-46.38,13.4,-0.01,0.1,-0.16,0.11
LFSB,EDDB,0,61,-8.34,13.14,-29.8,14.1,-0.0,0.07,-0.1,0.1
LFSB,EDDF,0,142,-53.21,18.25,-82.68,-23.92,-0.22,0.05,-0.29,-0.13
LFSB,EGKK,0,55,9.39,30.44,-7.95,23.19,0.13,0.17,-0.02,0.38
LFSB,EGLL,0,74,1.9,13.87,-14.54,27.84,0.15,0.09,0.02,0.32
LFSB,EHAM,0,19,-24.15,19.99,-57.48,-2.04,-0.02,0.08,-0.16,0.08
LFSB,EHAM,1,162,-11.9,14.49,-40.08,8.17,0.07,0.07,-0.06,0.16
LFSB,LEBL,0,62,-7.64,17.03,-28.56,12.53,-0.09,0.09,-0.21,0.05
LFSB,LEBL,1,22,-12.84,15.05,-33.11,14.63,-0.03,0.09,-0.15,0.11
LFSB,LEPA,0,29,-6.15,10.13,-19.64,11.98,0.06,0.06,-0.04,0.13
LFSB,LEPA,1,75,-8.47,11.42,-24.67,8.27,-0.02,0.1,-0.15,0.13
LFSB,LFMN,0,65,-52.22,17.1,-79.58,-23.96,-0.21,0.07,-0.32,-0.08
LFSB,LFPG,0,26,-4.77,22.05,-36.65,17.18,0.09,0.07,0.0,0.15
LFSB,LFPG,1,65,9.87,14.81,-9.14,26.46,0.11,0.09,0.03,0.18
LFSB,LHBP,0,17,-15.74,13.75,-31.5,-0.18,-0.03,0.08,-0.14,0.1
LFSB,LHBP,1,33,-17.39,13.28,-34.3,8.9,0.02,0.07,-0.07,0.14
LFSB,LPPR,0,59,2.05,9.54,-7.29,20.53,0.03,0.11,-0.13,0.26
LFSB,LTAI,0,32,4.92,22.07,-18.6,46.61,0.1,0.18,-0.1,0.48
LFSB,LTAI,1,19,4.81,18.34,-16.27,26.82,0.11,0.14,-0.07,0.36
LFSB,LTAI,2,16,10.52,15.85,-4.38,35.52,0.05,0.11,-0.09,0.24
LFSB,LTAI,3,20,2.39,10.67,-13.68,17.03,0.06,0.11,-0.06,0.25
LFSB,LTAI,4,18,-11.92,17.94,-30.03,17.37,0.04,0.13,-0.13,0.27
LFSB,LTFJ,0,75,-6.74,24.52,-35.02,41.17,0.07,0.18,-0.15,0.36
LFSB,LTFJ,1,2,22.8,13.44,14.25,31.35,0.22,0.02,0.2,0.23
LFSB,LTFM,0,45,-23.8,14.04,-42.26,-0.02,0.01,0.1,-0.12,0.19
LFSB,LTFM,1,23,-13.95,15.61,-35.45,12.79,0.02,0.1,-0.1,0.16
LFST,LFLL,0,54,-2.64,11.19,-14.94,19.51,0.11,0.05,0.04,0.19
LFTH,LFPO,0,77,0.19,11.04,-13.56,14.88,0.04,0.07,-0.07,0.13
LGAL,LGAV,0,62,3.35,15.29,-15.69,28.46,0.03,0.08,-0.09,0.16
LGAL,LGAV,1,60,-3.36,12.14,-18.06,13.65,0.02,0.05,-0.05,0.11
LGAV,EBBR,0,48,-5.7,20.57,-28.78,40.89,-0.05,0.11,-0.22,0.15
LGAV,EBBR,1,18,-7.68,20.53,-29.12,30.38,-0.0,0.1,-0.15,0.14
LGAV,EBBR,2,23,-13.41,14.21,-27.79,6.97,-0.09,0.11,-0.24,0.06
LGAV,EBBR,3,25,-20.78,24.42,-42.16,18.6,-0.05,0.12,-0.26,0.13
LGAV,EDDB,0,25,-22.63,16.48,-41.62,8.5,-0.01,0.1,-0.16,0.15
LGAV,EDDB,1,35,-18.03,17.17,-36.22,11.56,-0.01,0.1,-0.23,0.14
LGAV,EDDF,0,38,-44.35,23.73,-82.7,-15.79,-0.18,0.11,-0.33,-0.02
LGAV,EDDF,1,53,-19.25,26.43,-54.38,19.66,-0.17,0.11,-0.31,-0.05
LGAV,EDDF,2,19,-13.92,28.3,-50.84,17.08,-0.12,0.09,-0.23,0.0
LGAV,EDDF,3,19,-33.26,29.78,-70.47,4.36,-0.22,0.1,-0.38,-0.04
LGAV,EDDL,0,37,-16.49,28.65,-49.2,26.92,0.0,0.12,-0.17,0.22
LGAV,EDDL,1,37,-8.46,17.73,-34.46,24.1,-0.05,0.11,-0.21,0.11
LGAV,EDDM,0,131,7.37,13.48,-10.9,30.6,-0.04,0.09,-0.19,0.11
LGAV,EDDM,1,25,-13.97,14.19,-37.88,6.7,-0.04,0.08,-0.13,0.11
LGAV,EDDM,2,18,-6.34,18.19,-28.86,23.3,-0.09,0.1,-0.21,0.1
LGAV,EDDM,3,16,-8.25,13.52,-24.9,11.62,-0.11,0.11,-0.23,0.05
LGAV,EDDM,4,37,15.31,22.89,-16.74,53.36,-0.07,0.1,-0.2,0.1
LGAV,EGKK,0,53,16.02,12.07,0.54,38.98,0.11,0.16,-0.14,0.38
LGAV,EGKK,1,67,3.08,17.2,-19.63,27.13,0.05,0.18,-0.23,0.33
LGAV,EGKK,2,21,12.3,33.6,-17.6,74.1,0.07,0.2,-0.19,0.43
LGAV,EGLL,0,146,6.31,14.05,-14.58,29.1,0.09,0.15,-0.14,0.34
LGAV,EGLL,1,50,15.13,18.54,-7.12,50.2,0.12,0.16,-0.11,0.45
LGAV,EGLL,2,30,11.71,19.11,-13.99,44.1,0.12,0.12,-0.07,0.29
LGAV,EHAM,0,27,13.96,27.55,-11.98,46.16,0.04,0.1,-0.1,0.17
LGAV,EHAM,1,62,-12.74,12.96,-30.1,7.9,0.02,0.09,-0.12,0.16
LGAV,EHAM,2,19,8.13,12.84,-14.19,23.88,0.02,0.13,-0.19,0.19
LGAV,EHAM,3,23,13.27,14.56,-11.98,37.61,0.05,0.11,-0.1,0.23
LGAV,EHAM,4,26,-5.2,19.16,-27.5,29.15,0.03,0.14,-0.15,0.24
LGAV,EKCH,0,25,-65.59,14.11,-79.9,-37.12,-0.22,0.12,-0.41,-0.02
LGAV,EKCH,1,29,-19.86,55.33,-80.74,97.28,-0.15,0.17,-0.45,0.11
LGAV,EKCH,2,31,-46.29,13.66,-60.85,-19.9,-0.17,0.11,-0.32,-0.01
LGAV,ESSA,0,22,-5.88,22.62,-43.32,21.38,-0.04,0.2,-0.42,0.23
LGAV,ESSA,1,29,-12.35,19.59,-33.18,18.48,-0.02,0.13,-0.21,0.22
LGAV,HECA,0,137,10.52,12.28,-5.62,33.36,0.1,0.09,-0.01,0.26
LGAV,KEWR,0,32,10.94,70.48,-83.96,127.64,0.07,0.35,-0.45,0.6
LGAV,KEWR,1,27,-7.44,106.49,-124.27,186.05,0.11,0.28,-0.34,0.45
LGAV,KJFK,0,53,10.08,51.08,-57.28,99.32,0.02,0.38,-0.55,0.6
LGAV,KJFK,1,31,-7.22,77.92,-94.85,145.9,0.04,0.3,-0.51,0.48
LGAV,LATI,0,70,9.89,22.49,-17.79,46.98,0.04,0.08,-0.05,0.17
LGAV,LBSF,0,42,-49.6,19.9,-70.46,-14.1,-0.07,0.04,-0.13,-0.0
LGAV,LBSF,1,23,-74.57,13.34,-87.0,-48.92,-0.33,0.07,-0.42,-0.21
LGAV,LCLK,0,363,4.48,6.85,-5.4,13.6,0.05,0.05,-0.03,0.12
LGAV,LCLK,1,15,1.42,8.09,-4.91,16.4,0.06,0.05,0.02,0.16
LGAV,LEBL,0,36,3.45,21.2,-14.78,43.0,0.0,0.13,-0.19,0.23
LGAV,LEBL,1,30,3.43,15.87,-16.34,33.17,-0.01,0.12,-0.16,0.19
LGAV,LEBL,2,31,14.96,11.78,7.65,33.95,0.0,0.11,-0.17,0.19
LGAV,LEMD,0,111,16.06,18.03,-2.8,50.65,-0.01,0.14,-0.23,0.25
LGAV,LEMD,1,23,12.87,21.13,-5.14,56.75,-0.03,0.13,-0.24,0.19
LGAV,LFPG,0,32,12.89,20.15,-13.52,45.1,0.05,0.12,-0.13,0.19
LGAV,LFPG,1,41,18.96,16.65,-5.0,44.3,0.04,0.1,-0.12,0.19
LGAV,LFPG,2,29,16.84,19.89,-10.42,46.78,0.04,0.09,-0.13,0.15
LGAV,LFPG,3,52,13.49,16.97,-9.9,36.99,0.05,0.09,-0.09,0.21
LGAV,LFPG,4,34,0.15,16.89,-27.79,26.28,-0.0,0.1,-0.14,0.16
LGAV,LFPG,5,26,20.48,24.77,-7.8,48.7,0.06,0.11,-0.09,0.21
LGAV,LFPO,0,90,8.03,14.59,-11.33,28.95,0.02,0.1,-0.14,0.19
LGAV,LGAL,0,44,-7.45,5.89,-11.7,-0.11,0.0,0.04,-0.05,0.07
LGAV,LGAL,1,16,-8.86,6.96,-14.35,5.1,0.0,0.04,-0.06,0.06
LGAV,LGAL,2,62,-7.7,14.61,-12.6,1.96,-0.02,0.09,-0.09,0.06
LGAV,LGHI,0,181,-3.47,3.72,-7.4,2.4,-0.0,0.04,-0.05,0.06
LGAV,LGIK,0,56,-32.47,5.31,-38.85,-23.25,-0.17,0.03,-0.21,-0.12
LGAV,LGIO,0,56,2.1,9.99,-11.75,14.15,-0.01,0.11,-0.31,0.1
LGAV,LGIR,0,333,-9.76,8.77,-23.76,3.48,-0.02,0.06,-0.1,0.06
LGAV,LGKF,0,102,19.45,10.99,9.24,35.96,0.09,0.14,-0.17,0.31
LGAV,LGKO,0,71,-9.46,8.46,-25.85,2.1,-0.05,0.05,-0.13,0.04
LGAV,LGKO,1,26,-21.31,7.86,-33.55,-7.72,-0.14,0.04,-0.21,-0.08
LGAV,LGKO,2,34,-14.86,7.09,-25.52,-4.2,-0.0,0.11,-0.15,0.16
LGAV,LGKO,3,26,-21.4,7.03,-31.62,-11.28,-0.03,0.04,-0.09,0.03
LGAV,LGKP,0,64,-10.7,9.39,-22.65,5.37,-0.08,0.09,-0.28,0.02
LGAV,LGKR,0,85,0.84,13.87,-7.66,13.36,0.05,0.06,-0.02,0.15
LGAV,LGKR,1,28,-6.62,7.94,-11.34,1.3,0.03,0.06,-0.03,0.14
LGAV,LGKR,2,55,8.13,8.24,2.94,20.09,0.07,0.06,0.0,0.14
LGAV,LGLM,0,65,-11.15,3.88,-15.08,-6.2,-0.07,0.08,-0.13,0.0
LGAV,LGMK,0,371,-7.62,13.25,-21.25,6.15,-0.0,0.07,-0.09,0.11
LGAV,LGML,0,176,-7.59,6.07,-13.95,4.6,-0.05,0.04,-0.1,0.02
LGAV,LGMT,0,19,-5.74,4.24,-11.89,-0.82,0.05,0.04,-0.0,0.1
LGAV,LGMT,1,143,-6.11,4.9,-12.49,-1.22,-0.0,0.1,-0.18,0.1
LGAV,LGNX,0,279,-16.39,5.0,-19.8,-5.99,-0.05,0.08,-0.1,0.01
LGAV,LGPA,0,301,-10.09,5.38,-14.8,-0.7,-0.05,0.04,-0.11,0.01
LGAV,LGPL,0,52,-23.35,5.43,-30.12,-15.9,0.0,0.04,-0.05,0.08
LGAV,LGRP,0,219,-3.72,8.54,-17.61,12.48,-0.03,0.08,-0.12,0.05
LGAV,LGSA,0,229,-3.72,10.45,-21.5,10.22,-0.02,0.13,-0.2,0.19
LGAV,LGSA,1,19,1.28,8.92,-9.86,17.95,0.03,0.03,-0.02,0.07
LGAV,LGSA,2,18,10.44,13.2,-6.58,31.83,0.09,0.09,-0.02,0.21
LGAV,LGSK,0,86,-5.11,22.22,-14.0,18.9,0.05,0.13,-0.04,0.22
LGAV,LGSM,0,121,-44.54,5.5,-53.5,-35.9,-0.23,0.06,-0.42,-0.16
LGAV,LGSR,0,614,0.43,10.11,-15.57,17.37,0.01,0.09,-0.11,0.16
LGAV,LGSR,1,15,-0.46,11.28,-14.0,18.2,0.0,0.07,-0.07,0.13
LGAV,LGSR,2,41,0.64,9.53,-13.2,15.0,0.03,0.05,-0.03,0.11
LGAV,LGTS,0,395,-42.46,18.55,-64.23,-9.18,-0.09,0.07,-0.18,0.04
LGAV,LGTS,1,97,-26.75,16.92,-48.92,3.56,-0.03,0.13,-0.26,0.17
LGAV,LGZA,0,87,19.1,10.32,7.42,37.74,-0.02,0.08,-0.19,0.07
LGAV,LIMC,0,105,-34.02,24.58,-58.36,12.46,-0.18,0.12,-0.37,0.04
LGAV,LIMC,1,63,-46.26,28.41,-69.84,-5.19,-0.23,0.13,-0.39,0.01
LGAV,LIRF,0,270,-30.98,19.39,-57.16,14.39,-0.09,0.09,-0.24,0.05
LGAV,LLBG,0,235,-1.42,12.02,-17.38,19.98,0.02,0.07,-0.08,0.13
LGAV,LOWW,0,59,1.53,22.12,-24.73,43.86,0.04,0.16,-0.09,0.15
LGAV,LOWW,1,39,23.25,15.66,-0.17,46.13,0.04,0.08,-0.08,0.17
LGAV,LOWW,2,21,-0.33,19.32,-31.6,23.1,0.02,0.07,-0.1,0.12
LGAV,LPPT,0,52,12.68,14.04,-10.01,30.03,0.04,0.14,-0.17,0.27
LGAV,LROP,0,106,-39.36,11.31,-53.95,-16.05,-0.07,0.12,-0.16,0.04
LGAV,LSGG,0,25,21.4,15.57,0.58,39.38,-0.01,0.08,-0.14,0.12
LGAV,LSGG,1,44,-1.02,12.66,-19.48,17.42,0.05,0.09,-0.14,0.16
LGAV,LSZH,0,31,-9.36,22.84,-36.85,34.25,-0.09,0.12,-0.28,0.04
LGAV,LSZH,1,39,2.45,11.95,-13.34,17.56,-0.01,0.09,-0.14,0.15
LGAV,LSZH,2,46,-8.47,17.56,-29.88,13.58,-0.03,0.13,-0.2,0.13
LGAV,LSZH,3,23,11.04,12.97,-3.3,35.46,-0.01,0.12,-0.19,0.12
LGAV,LTFM,0,206,-24.01,15.1,-44.88,-0.22,-0.02,0.07,-0.11,0.07
LGAV,LYBE,0,32,-35.54,16.77,-55.4,-2.64,-0.07,0.06,-0.16,0.04
LGAV,LYBE,1,26,-27.45,22.52,-53.15,12.5,-0.03,0.08,-0.15,0.09
LGAV,LYBE,2,19,-30.5,23.74,-59.09,6.01,-0.04,0.19,-0.19,0.16
LGAV,OLBA,0,43,-7.94,9.01,-20.42,3.61,0.0,0.05,-0.05,0.09
LGAV,OLBA,1,20,-3.32,7.09,-14.37,7.82,0.01,0.03,-0.02,0.05
LGAV,OMDB,0,60,13.54,59.13,-42.42,147.09,0.18,0.1,0.03,0.37
LGAV,OTHH,0,21,9.5,22.04,-19.1,38.7,0.05,0.14,-0.17,0.26
LGAV,OTHH,1,34,20.99,15.84,2.99,48.98,0.1,0.07,0.0,0.25
LGAV,OTHH,2,36,21.69,27.56,-10.55,66.22,0.11,0.17,-0.13,0.36
LGHI,LGAV,0,182,-3.83,13.56,-21.69,18.07,-0.03,0.1,-0.13,0.07
LGIK,LGAV,0,56,13.36,39.87,-4.4,31.28,0.07,0.46,-0.08,0.22
LGIO,LGAV,0,56,-11.46,11.0,-22.98,7.55,-0.2,0.12,-0.49,-0.06
LGIR,EBBR,0,18,5.16,14.75,-8.83,32.12,-0.02,0.16,-0.24,0.21
LGIR,EBBR,1,15,-6.66,14.21,-21.53,23.34,-0.04,0.12,-0.26,0.1
LGIR,EBBR,2,44,-7.79,15.21,-21.28,18.65,-0.07,0.11,-0.25,0.09
LGIR,EDDB,0,29,6.41,10.74,-6.18,25.28,0.01,0.12,-0.21,0.18
LGIR,EDDB,1,24,5.42,16.8,-10.9,39.88,-0.01,0.12,-0.18,0.13
LGIR,EDDF,0,56,-15.31,22.12,-48.5,8.93,-0.09,0.11,-0.27,0.1
LGIR,EDDF,1,38,-31.38,21.1,-71.26,-0.5,-0.12,0.11,-0.32,0.09
LGIR,EDDF,2,28,-18.89,29.56,-60.77,21.96,-0.09,0.14,-0.29,0.03
LGIR,EDDF,3,16,-21.92,29.1,-55.05,18.08,-0.1,0.11,-0.25,0.07
LGIR,EDDH,0,40,-41.02,19.92,-57.43,-12.3,-0.13,0.11,-0.31,0.01
LGIR,EDDH,1,23,-38.14,10.76,-50.7,-18.49,-0.1,0.11,-0.23,0.12
LGIR,EDDL,0,63,-6.15,15.05,-23.14,24.87,0.0,0.11,-0.22,0.15
LGIR,EDDL,1,18,-9.36,23.78,-38.14,28.46,0.01,0.14,-0.21,0.19
LGIR,EDDL,2,34,-7.03,16.8,-26.8,25.99,-0.02,0.11,-0.18,0.14
LGIR,EDDL,3,19,-5.12,16.78,-21.24,31.16,-0.01,0.09,-0.15,0.11
LGIR,EDDM,0,30,4.68,18.13,-16.13,43.77,-0.03,0.1,-0.21,0.13
LGIR,EDDM,1,84,12.5,12.64,-3.47,32.45,-0.01,0.1,-0.16,0.15
LGIR,EDDM,2,22,13.01,31.84,-14.9,61.05,-0.02,0.12,-0.15,0.17
LGIR,EDDS,0,18,7.42,13.66,-6.16,27.72,0.03,0.1,-0.09,0.17
LGIR,EDDS,1,17,14.91,14.4,-1.06,38.7,0.07,0.1,-0.07,0.21
LGIR,EDDS,2,54,-7.27,15.74,-24.6,22.24,-0.0,0.11,-0.17,0.15
LGIR,EGCC,0,37,7.81,17.5,-13.12,27.44,-0.02,0.18,-0.26,0.24
LGIR,EGCC,1,46,10.61,11.78,-4.3,27.78,-0.03,0.16,-0.31,0.24
LGIR,EGKK,0,112,12.02,14.05,-8.76,37.65,0.11,0.17,-0.15,0.43
LGIR,EHAM,0,30,14.7,25.48,-10.06,53.48,0.06,0.17,-0.18,0.33
LGIR,EHAM,1,35,17.41,11.19,3.73,34.77,0.06,0.12,-0.12,0.25
LGIR,LFPG,0,23,3.74,17.46,-20.0,24.91,0.09,0.09,-0.03,0.21
LGIR,LFPG,1,27,3.51,22.76,-20.3,50.41,0.08,0.12,-0.11,0.26
LGIR,LFPO,0,36,4.83,12.99,-11.75,20.15,0.08,0.12,-0.11,0.24
LGIR,LFPO,1,26,1.17,14.77,-16.55,26.83,0.07,0.13,-0.12,0.24
LGIR,LFPO,2,28,4.75,10.98,-10.59,23.09,0.07,0.11,-0.08,0.22
LGIR,LFRS,0,52,1.43,24.78,-23.62,54.8,0.03,0.17,-0.23,0.27
LGIR,LGAV,0,144,9.82,7.23,2.22,23.15,0.02,0.04,-0.04,0.09
LGIR,LGAV,1,135,2.68,6.89,-4.93,16.0,0.05,0.04,-0.0,0.13
LGIR,LGAV,2,16,4.17,14.43,-7.72,37.58,0.01,0.07,-0.07,0.13
LGIR,LGAV,3,56,13.54,14.32,2.17,28.75,0.14,0.17,-0.02,0.51
LGIR,LGTS,0,84,-2.75,12.72,-19.65,18.54,0.03,0.06,-0.08,0.12
LGIR,LLBG,0,145,13.6,12.98,-2.76,34.52,0.03,0.06,-0.07,0.13
LGIR,LOWW,0,44,18.48,14.48,-0.95,43.88,0.07,0.1,-0.1,0.19
LGIR,LOWW,1,34,-1.79,23.94,-27.58,41.05,0.02,0.09,-0.13,0.16
LGIR,LOWW,2,22,4.85,11.37,-8.43,19.32,0.04,0.09,-0.14,0.16
LGIR,LSZH,0,18,-15.39,18.03,-31.94,15.02,-0.0,0.17,-0.23,0.2
LGIR,LSZH,1,41,13.2,11.39,-4.8,29.9,0.03,0.14,-0.19,0.26
LGIR,LSZH,2,39,-16.55,17.08,-38.22,11.17,-0.07,0.12,-0.23,0.12
LGIR,LSZH,3,18,11.27,16.95,-10.82,34.13,-0.04,0.12,-0.23,0.09
LGKF,EGCC,0,33,9.16,19.25,-10.4,45.34,-0.05,0.12,-0.23,0.14
LGKF,EGCC,1,21,16.03,14.84,0.5,42.4,0.01,0.14,-0.17,0.26
LGKF,EGKK,0,69,13.06,19.84,-8.2,50.88,0.13,0.16,-0.11,0.38
LGKF,LGAV,0,86,5.0,9.83,-7.68,24.5,-0.06,0.08,-0.16,0.08
LGKF,LGAV,1,16,4.76,11.91,-8.6,23.6,-0.04,0.07,-0.13,0.08
LGKO,EDDL,0,29,-17.17,17.72,-32.42,10.84,-0.01,0.11,-0.17,0.2
LGKO,EDDL,1,30,-11.86,21.75,-35.89,18.45,0.0,0.13,-0.17,0.22
LGKO,EGCC,0,22,4.32,17.66,-18.23,29.88,-0.04,0.14,-0.24,0.16
LGKO,EGCC,1,27,-5.51,33.5,-50.45,47.22,-0.02,0.19,-0.32,0.27
LGKO,EGCC,2,15,-7.57,6.39,-14.25,2.53,-0.04,0.2,-0.3,0.23
LGKO,EGCC,3,15,1.2,13.81,-12.18,19.47,-0.07,0.1,-0.22,0.08
LGKO,EGKK,0,42,-2.25,18.36,-22.11,17.88,0.04,0.16,-0.19,0.33
LGKO,EGKK,1,37,-1.6,30.91,-25.7,33.32,0.04,0.17,-0.24,0.28
LGKO,LGAV,0,118,16.06,10.46,5.96,37.35,0.02,0.08,-0.08,0.13
LGKO,LGAV,1,39,12.72,7.28,6.5,29.6,0.06,0.04,0.01,0.14
LGKO,LSZH,0,22,-23.69,22.12,-54.0,5.39,-0.1,0.15,-0.26,0.1
LGKO,LSZH,1,30,3.1,14.53,-13.89,25.69,-0.08,0.11,-0.21,0.07
LGKP,LGAV,0,64,14.52,9.23,2.84,31.22,-0.04,0.1,-0.25,0.08
LGKR,EDDL,0,41,-16.47,13.08,-30.6,15.5,-0.02,0.11,-0.19,0.17
LGKR,EDDL,1,15,-16.79,10.84,-29.75,3.58,-0.0,0.14,-0.21,0.22
LGKR,EGCC,0,57,7.26,16.55,-9.08,29.6,-0.0,0.15,-0.19,0.26
LGKR,EGCC,1,34,10.89,12.92,-5.47,36.34,-0.02,0.09,-0.15,0.13
LGKR,EGCC,2,18,2.94,45.57,-32.87,81.46,0.01,0.18,-0.17,0.33
LGKR,EGKK,0,125,11.59,15.27,-5.66,40.6,0.12,0.15,-0.1,0.38
LGKR,EGLL,0,69,7.06,18.15,-12.34,46.26,0.09,0.13,-0.08,0.3
LGKR,EGSS,0,54,5.36,24.52,-16.38,59.25,0.03,0.11,-0.13,0.19
LGKR,LGAV,0,56,-5.97,11.73,-19.45,12.4,-0.04,0.1,-0.13,0.07
LGKR,LGAV,1,74,-3.0,9.46,-17.28,12.27,-0.02,0.05,-0.1,0.06
LGKR,LGAV,2,34,-10.33,11.04,-23.54,6.12,-0.05,0.05,-0.11,0.03
LGLM,LGAV,0,65,-0.59,16.06,-28.08,20.5,-0.05,0.11,-0.24,0.12
LGMK,LGAV,0,382,10.35,15.1,0.12,24.07,0.06,0.09,-0.04,0.18
LGMK,LIMC,0,51,-54.45,21.05,-85.45,-10.2,-0.25,0.08,-0.39,-0.12
LGMK,LIRN,0,33,-18.07,26.94,-51.32,18.72,-0.06,0.09,-0.2,0.08
LGMK,LIRN,1,17,-27.71,28.13,-58.28,14.82,-0.08,0.1,-0.21,0.12
LGML,LGAV,0,174,7.42,17.32,-1.5,17.76,0.05,0.13,-0.03,0.11
LGMT,LGAV,0,56,-5.48,16.03,-22.4,11.35,0.03,0.07,-0.04,0.09
LGMT,LGAV,1,107,-0.26,33.38,-20.47,20.56,0.01,0.2,-0.1,0.1
LGNX,LGAV,0,278,17.6,14.25,8.56,36.26,0.05,0.1,-0.08,0.21
LGPA,LGAV,0,302,16.6,8.94,8.1,30.19,0.04,0.08,-0.04,0.19
LGPL,LGAV,0,52,11.3,10.18,1.2,31.67,0.13,0.05,0.06,0.21
LGRP,EDDF,0,12,-27.62,25.19,-63.53,4.83,-0.15,0.17,-0.39,0.09
LGRP,EDDF,1,20,-27.14,18.3,-45.18,2.62,-0.11,0.11,-0.24,0.1
LGRP,EDDF,2,20,-21.4,21.47,-56.88,6.76,-0.11,0.11,-0.24,0.02
LGRP,EDDL,0,37,-8.85,12.16,-29.92,9.58,0.0,0.13,-0.18,0.2
LGRP,EDDL,1,22,-9.17,19.68,-31.14,29.16,0.0,0.13,-0.2,0.16
LGRP,EFHK,0,73,-2.76,14.66,-17.3,10.22,0.01,0.18,-0.25,0.28
LGRP,EGBB,0,66,-17.75,25.4,-44.25,21.28,-0.1,0.18,-0.36,0.15
LGRP,EGCC,0,38,-4.04,23.42,-30.16,34.12,-0.06,0.15,-0.29,0.16
LGRP,EGCC,1,29,3.42,14.15,-19.88,29.16,0.02,0.15,-0.18,0.24
LGRP,EGCC,2,53,2.63,15.67,-13.66,40.16,-0.06,0.16,-0.35,0.15
LGRP,EGGD,0,31,6.04,23.13,-18.75,42.3,0.02,0.14,-0.2,0.19
LGRP,EGGD,1,26,8.28,23.41,-33.22,42.7,-0.01,0.19,-0.26,0.32
LGRP,EGKK,0,75,0.71,14.73,-22.45,26.71,0.05,0.19,-0.22,0.29
LGRP,EGKK,1,65,7.8,15.31,-10.36,27.04,0.09,0.18,-0.19,0.37
LGRP,EGSS,0,63,-1.51,23.95,-29.3,45.6,0.0,0.14,-0.19,0.21
LGRP,LGAV,0,220,16.35,14.63,7.58,34.93,0.07,0.09,-0.01,0.18
LGRP,LKPR,0,59,-21.11,8.51,-33.21,-5.99,-0.1,0.1,-0.29,0.03
LGRP,LLBG,0,96,28.23,12.57,11.9,49.68,0.06,0.06,-0.03,0.16
LGRP,LLBG,1,27,-26.53,10.84,-40.41,-8.19,-0.08,0.05,-0.14,0.02
LGRP,LOWW,0,41,3.13,23.8,-25.2,47.6,0.04,0.1,-0.14,0.2
LGRP,LOWW,1,18,10.98,20.45,-12.77,48.73,0.03,0.11,-0.17,0.16
LGSA,EFHK,0,56,-14.9,6.78,-26.15,-4.0,-0.04,0.17,-0.28,0.21
LGSA,EFHK,1,21,-11.54,39.78,-58.2,55.1,-0.03,0.21,-0.44,0.21
LGSA,EGKK,0,64,13.55,18.73,-11.83,54.65,0.12,0.19,-0.16,0.45
LGSA,LGAV,0,118,-13.78,20.96,-26.23,9.37,-0.05,0.11,-0.27,0.06
LGSA,LGAV,1,92,-16.09,9.07,-25.0,0.53,-0.11,0.05,-0.17,-0.03
LGSA,LGAV,2,54,-36.53,10.34,-47.4,-14.22,-0.12,0.05,-0.18,-0.02
LGSK,LGAV,0,84,-2.86,19.44,-28.38,31.51,-0.04,0.08,-0.15,0.09
LGSM,LGAV,0,122,-15.19,11.33,-27.97,5.06,-0.1,0.09,-0.3,0.01
LGSR,EGKK,0,76,14.57,22.48,-9.68,62.38,0.11,0.17,-0.14,0.38
LGSR,LGAV,0,660,5.28,14.1,-8.7,26.52,0.06,0.12,-0.06,0.23
LGSR,LGAV,1,15,1.83,9.11,-9.22,16.39,-0.01,0.05,-0.07,0.07
LGTS,EDDB,0,34,-0.01,8.42,-10.37,13.93,0.01,0.09,-0.14,0.15
LGTS,EDDB,1,23,1.87,10.66,-11.95,17.11,0.05,0.1,-0.14,0.16
LGTS,EDDF,0,31,-20.06,24.96,-52.45,9.05,-0.09,0.11,-0.2,0.14
LGTS,EDDF,1,28,-11.35,30.32,-45.06,46.26,-0.15,0.11,-0.32,0.03
LGTS,EDDL,0,27,-10.14,16.4,-30.68,20.41,0.03,0.1,-0.12,0.16
LGTS,EDDL,1,39,-13.78,22.67,-30.46,14.34,0.01,0.12,-0.13,0.19
LGTS,EDDM,0,90,4.33,13.12,-12.42,28.51,-0.04,0.07,-0.17,0.09
LGTS,EDDS,0,65,1.29,17.75,-17.24,21.58,0.04,0.09,-0.11,0.19
LGTS,EGKK,0,39,0.6,14.33,-18.31,29.07,0.08,0.14,-0.15,0.31
LGTS,EGKK,1,15,-5.22,14.4,-25.45,16.08,0.06,0.16,-0.15,0.3
LGTS,EGKK,2,32,2.74,18.44,-26.34,30.48,0.12,0.16,-0.13,0.3
LGTS,LCLK,0,59,0.03,12.58,-17.59,19.52,0.03,0.07,-0.07,0.13
LGTS,LCLK,1,15,-3.97,7.35,-14.49,6.62,0.02,0.06,-0.04,0.1
LGTS,LCLK,2,20,-14.88,9.95,-30.27,-1.54,0.0,0.06,-0.1,0.09
LGTS,LGAV,0,300,-2.34,18.36,-25.21,29.79,-0.05,0.08,-0.15,0.09
LGTS,LGAV,1,20,2.56,26.59,-22.75,41.34,-0.02,0.13,-0.12,0.13
LGTS,LGAV,2,57,12.21,51.29,-14.52,41.98,0.03,0.24,-0.11,0.14
LGTS,LGAV,3,16,-1.31,13.63,-19.27,17.78,-0.04,0.07,-0.11,0.09
LGTS,LGAV,4,75,-10.67,15.12,-30.16,19.33,-0.12,0.09,-0.23,0.0
LGTS,LGIR,0,85,-5.41,8.12,-16.74,8.22,-0.06,0.08,-0.15,0.06
LGTS,LLBG,0,46,-3.5,13.2,-20.0,20.32,-0.03,0.09,-0.14,0.1
LGTS,LLBG,1,18,-1.25,16.19,-19.47,28.51,-0.08,0.08,-0.2,0.06
LGTS,LOWW,0,76,7.92,18.46,-15.9,41.82,0.04,0.06,-0.07,0.13
LGTS,LSZH,0,20,-2.92,23.93,-30.18,42.16,-0.0,0.11,-0.16,0.19
LGTS,LSZH,1,37,4.33,11.65,-12.0,24.5,0.02,0.1,-0.12,0.19
LGTS,LTFM,0,60,-4.84,13.26,-23.48,20.05,-0.03,0.06,-0.09,0.06
LGZA,EGCC,0,36,8.82,12.34,-12.2,30.15,-0.03,0.14,-0.21,0.2
LGZA,EGCC,1,24,22.96,24.99,2.2,38.99,0.01,0.13,-0.12,0.17
LGZA,EGKK,0,51,17.25,16.53,-8.7,45.05,0.17,0.14,-0.05,0.39
LGZA,EHAM,0,57,16.51,13.62,-1.64,43.46,0.04,0.11,-0.09,0.21
LGZA,LGAV,0,88,-10.41,16.15,-24.06,17.85,-0.07,0.1,-0.27,0.05
LHBP,EBBR,0,50,6.88,19.96,-9.09,50.33,-0.01,0.09,-0.13,0.15
LHBP,EBCI,0,57,-22.63,14.06,-35.4,14.98,-0.02,0.08,-0.11,0.14
LHBP,EDDB,0,65,3.33,10.05,-10.02,20.68,0.01,0.07,-0.09,0.13
LHBP,EDDF,0,112,-11.72,20.81,-49.94,11.64,-0.1,0.06,-0.19,-0.01
LHBP,EDDF,1,18,-27.68,26.24,-63.05,5.14,-0.24,0.07,-0.34,-0.16
LHBP,EDDM,0,111,14.33,15.9,-7.05,44.8,-0.04,0.07,-0.13,0.05
LHBP,EFHK,0,37,6.95,15.93,-5.46,17.04,0.04,0.16,-0.16,0.33
LHBP,EFHK,1,20,-9.24,7.43,-17.66,7.7,-0.0,0.09,-0.11,0.19
LHBP,EGGW,0,51,2.07,14.98,-19.85,25.75,0.09,0.1,-0.04,0.25
LHBP,EGGW,1,25,-0.62,22.95,-20.44,21.92,0.07,0.09,-0.06,0.25
LHBP,EGGW,2,16,-4.69,15.14,-24.18,16.92,0.07,0.11,-0.1,0.23
LHBP,EGLL,0,107,18.07,13.67,2.06,46.35,0.22,0.12,0.04,0.42
LHBP,EGSS,0,87,10.53,10.92,-5.2,30.93,0.1,0.09,-0.05,0.23
LHBP,EGSS,1,32,9.71,10.3,-1.64,29.66,0.09,0.07,-0.01,0.22
LHBP,EHAM,0,144,14.16,9.96,1.82,36.23,0.07,0.08,-0.03,0.22
LHBP,EKCH,0,51,-20.0,12.19,-37.25,-0.25,-0.11,0.07,-0.21,0.01
LHBP,EPWA,0,131,-11.14,15.84,-30.5,16.1,-0.02,0.06,-0.09,0.08
LHBP,EPWA,1,12,-24.26,11.42,-32.67,-8.34,-0.04,0.04,-0.09,0.04
LHBP,LEBL,0,26,-1.66,9.7,-12.35,18.77,0.04,0.16,-0.18,0.3
LHBP,LEBL,1,50,-5.11,12.03,-20.41,16.29,-0.0,0.12,-0.15,0.24
LHBP,LEMD,0,37,1.66,13.2,-13.74,25.18,-0.03,0.16,-0.26,0.23
LHBP,LEMD,1,29,0.2,25.22,-17.2,41.26,0.04,0.2,-0.21,0.37
LHBP,LFPG,0,96,5.03,21.14,-22.65,41.75,0.06,0.09,-0.06,0.21
LHBP,LFSB,0,21,-36.85,9.35,-51.2,-24.3,-0.02,0.07,-0.14,0.09
LHBP,LFSB,1,29,-12.05,10.88,-26.18,7.86,0.05,0.08,-0.06,0.19
LHBP,LIMC,0,19,-56.97,12.59,-67.34,-43.33,-0.21,0.08,-0.33,-0.11
LHBP,LIMC,1,44,-45.94,10.34,-56.04,-31.47,-0.19,0.07,-0.29,-0.07
LHBP,LIME,0,51,-38.52,20.61,-61.15,-5.05,-0.05,0.1,-0.16,0.08
LHBP,LKPR,0,25,-12.2,9.91,-27.42,2.16,0.01,0.04,-0.05,0.07
LHBP,LKPR,1,33,-8.82,10.88,-28.92,6.54,-0.04,0.05,-0.11,0.04
LHBP,LLBG,0,79,-6.95,12.02,-24.94,11.36,0.01,0.1,-0.19,0.17
LHBP,LLBG,1,26,-17.35,17.83,-34.6,18.7,0.04,0.09,-0.08,0.22
LHBP,LLBG,2,13,-3.55,17.38,-21.4,26.46,0.05,0.12,-0.09,0.21
LHBP,LOWW,0,91,20.37,17.5,-1.8,60.05,0.07,0.05,-0.01,0.14
LHBP,LSZH,0,56,15.31,9.58,2.55,27.42,0.04,0.08,-0.08,0.2
LHBP,LSZH,1,30,18.01,19.45,-0.2,35.18,0.05,0.09,-0.06,0.17
LHBP,LTFM,0,130,-43.31,23.06,-70.93,-0.84,-0.03,0.1,-0.18,0.16
LHBP,LYBE,0,64,-7.73,14.25,-24.86,18.59,0.01,0.11,-0.22,0.23
LHBP,OMDB,0,74,1.47,25.24,-35.32,52.54,0.17,0.2,-0.13,0.49
LIBD,EDDM,0,60,9.77,22.25,-9.82,32.1,0.01,0.08,-0.09,0.11
LIBD,EGKK,0,23,18.31,50.7,-6.4,104.36,0.19,0.15,-0.05,0.45
LIBD,EGKK,1,30,13.63,18.79,-4.85,24.8,0.21,0.18,-0.05,0.53
LIBD,LATI,0,60,-11.97,26.59,-25.01,11.32,0.0,0.1,-0.08,0.12
LIBD,LIMC,0,33,-48.57,26.55,-68.52,-13.6,-0.17,0.15,-0.29,0.09
LIBD,LIMC,1,52,-58.03,22.35,-80.74,-17.14,-0.21,0.08,-0.33,-0.07
LIBD,LIMC,2,45,-57.69,27.6,-80.56,-10.76,-0.19,0.16,-0.34,0.1
LIBD,LIME,0,95,-21.25,23.01,-38.16,-4.74,-0.04,0.09,-0.13,0.06
LIBD,LIMF,0,50,3.34,26.79,-12.26,11.3,0.02,0.09,-0.09,0.13
LIBD,LIML,0,109,-8.72,8.55,-21.94,6.26,-0.01,0.08,-0.12,0.08
LIBD,LIML,1,60,-14.31,9.39,-26.95,3.78,-0.02,0.06,-0.1,0.05
LIBD,LIPE,0,60,-3.42,28.24,-39.28,8.45,0.04,0.19,-0.06,0.12
LIBD,LIPZ,0,37,-13.89,15.13,-33.48,7.88,-0.07,0.07,-0.16,0.04
LIBD,LIPZ,1,23,-36.76,15.5,-49.86,-5.8,-0.13,0.04,-0.19,-0.07
LIBD,LIRF,0,53,-42.29,20.51,-77.84,-9.44,-0.1,0.07,-0.22,0.01
LIBD,LIRF,1,148,-34.9,18.58,-60.64,2.08,-0.11,0.06,-0.2,0.0
LIBP,LIME,0,36,-22.49,10.42,-34.75,0.57,-0.07,0.04,-0.13,0.0
LIBP,LIME,1,16,-25.09,7.19,-31.85,-13.88,-0.07,0.03,-0.11,-0.02
LIBR,LIMC,0,97,-48.92,20.63,-65.52,-3.86,-0.18,0.13,-0.33,-0.04
LIBR,LIMC,1,10,-33.02,45.04,-56.98,48.44,-0.07,0.28,-0.24,0.39
LIBR,LIME,0,48,-11.24,14.23,-23.76,1.74,0.0,0.11,-0.12,0.1
LIBR,LIME,1,24,-24.7,19.05,-37.67,-6.11,-0.06,0.08,-0.16,0.07
LIBR,LIME,2,34,-24.16,8.36,-33.54,-8.86,-0.04,0.07,-0.14,0.05
LIBR,LIML,0,41,0.24,10.45,-9.5,20.4,-0.02,0.1,-0.13,0.08
LIBR,LIML,1,46,-1.87,6.95,-9.52,11.48,0.03,0.07,-0.05,0.13
LIBR,LIPE,0,72,-8.3,15.02,-40.15,16.74,0.0,0.06,-0.09,0.09
LIBR,LIRF,0,145,-37.38,21.36,-59.98,3.84,-0.09,0.08,-0.2,0.01
LIBR,LSZH,0,19,-8.24,17.45,-30.66,18.94,-0.0,0.09,-0.11,0.12
LIBR,LSZH,1,19,6.02,18.94,-20.62,33.73,0.03,0.1,-0.09,0.19
LIBR,LSZH,2,26,-6.92,17.46,-27.8,24.58,0.02,0.1,-0.13,0.21
LICA,LIMC,0,92,-43.52,23.51,-62.64,0.84,-0.22,0.11,-0.36,-0.08
LICA,LIMC,1,60,-60.71,24.17,-80.6,-14.82,-0.26,0.12,-0.4,-0.12
LICA,LIME,0,77,-8.28,12.21,-17.14,15.22,-0.0,0.11,-0.11,0.11
LICA,LIML,0,41,3.14,5.5,-2.8,9.7,-0.01,0.05,-0.08,0.07
LICA,LIML,1,23,-5.11,12.15,-15.72,8.68,-0.01,0.1,-0.11,0.24
LICA,LIML,2,25,-0.68,17.21,-14.06,16.74,-0.0,0.07,-0.09,0.12
LICA,LIPE,0,51,-6.22,13.53,-29.95,17.0,0.0,0.07,-0.1,0.11
LICA,LIRF,0,90,-43.31,21.19,-69.28,-2.99,-0.12,0.08,-0.22,-0.01
LICC,EDDM,0,16,8.39,21.0,-4.95,36.15,-0.09,0.07,-0.2,0.03
LICC,EDDM,1,32,7.27,15.13,-7.02,27.8,-0.1,0.07,-0.19,0.01
LICC,EDDM,2,37,8.75,8.59,-1.1,23.74,-0.02,0.09,-0.17,0.09
LICC,EGKK,0,42,8.32,24.02,-19.53,64.1,0.13,0.15,-0.11,0.36
LICC,EGKK,1,48,13.09,16.56,-2.33,35.6,0.15,0.15,-0.08,0.42
LICC,LIMC,0,279,-56.59,22.2,-82.84,-7.6,-0.22,0.1,-0.35,-0.04
LICC,LIME,0,86,-24.67,15.13,-49.72,-10.9,-0.01,0.09,-0.13,0.12
LICC,LIME,1,19,-9.96,17.19,-17.76,6.85,-0.03,0.12,-0.13,0.07
LICC,LIMF,0,58,-12.01,12.06,-38.1,1.24,-0.04,0.07,-0.17,0.05
LICC,LIMF,1,20,-1.48,5.78,-12.78,4.91,0.02,0.06,-0.05,0.11
LICC,LIML,0,221,-1.21,9.82,-14.4,12.0,-0.0,0.07,-0.11,0.12
LICC,LIML,1,43,-3.59,11.21,-11.99,5.51,-0.0,0.09,-0.11,0.09
LICC,LIPE,0,71,-20.94,18.71,-60.95,-1.35,-0.01,0.08,-0.11,0.12
LICC,LIPE,1,31,-20.89,13.59,-48.45,-5.2,-0.04,0.06,-0.14,0.05
LICC,LIPE,2,15,-8.7,24.62,-41.5,22.51,-0.0,0.07,-0.09,0.1
LICC,LIPE,3,30,-9.5,16.1,-39.25,3.35,-0.03,0.08,-0.15,0.1
LICC,LIPX,0,36,-9.6,14.08,-19.15,3.35,-0.01,0.05,-0.09,0.06
LICC,LIPX,1,30,-4.95,8.53,-19.56,5.4,0.01,0.06,-0.07,0.1
LICC,LIPX,2,30,-20.74,10.3,-38.05,-5.04,-0.02,0.05,-0.09,0.06
LICC,LIPZ,0,121,-20.71,15.2,-39.1,0.7,-0.07,0.08,-0.17,0.04
LICC,LIRF,0,470,-51.81,18.36,-78.92,-21.76,-0.12,0.06,-0.23,-0.03
LICC,LIRN,0,127,-29.15,19.44,-52.28,0.48,-0.08,0.07,-0.18,0.06
LICC,LIRP,0,31,-20.07,10.57,-45.8,-7.8,-0.02,0.05,-0.11,0.06
LICC,LIRP,1,29,-20.46,15.29,-48.28,-3.24,-0.01,0.06,-0.1,0.09
LICC,LMML,0,142,12.74,12.85,-7.7,32.69,0.02,0.06,-0.06,0.12
LICJ,LFPO,0,44,6.56,11.48,-11.21,24.73,0.07,0.1,-0.08,0.26
LICJ,LFPO,1,18,4.16,9.03,-7.74,15.43,0.04,0.08,-0.07,0.18
LICJ,LIMC,0,104,-45.96,20.14,-61.47,0.47,-0.23,0.08,-0.33,-0.08
LICJ,LIMC,1,109,-45.14,18.81,-60.6,0.6,-0.23,0.1,-0.32,-0.02
LICJ,LIME,0,28,-14.94,12.7,-24.46,-1.69,-0.02,0.1,-0.13,0.07
LICJ,LIME,1,79,-13.13,6.13,-19.3,0.68,-0.04,0.1,-0.12,0.06
LICJ,LIMF,0,69,5.44,5.72,1.28,11.88,0.02,0.16,-0.09,0.13
LICJ,LIML,0,39,3.71,4.55,-1.65,10.35,-0.02,0.05,-0.09,0.09
LICJ,LIML,1,95,4.12,7.13,-2.88,14.32,-0.02,0.07,-0.11,0.1
LICJ,LIML,2,62,1.98,11.74,-5.4,9.07,-0.01,0.09,-0.1,0.15
LICJ,LIPE,0,23,-4.87,10.88,-15.06,5.71,0.0,0.08,-0.11,0.1
LICJ,LIPE,1,41,-6.35,11.6,-29.8,7.2,-0.02,0.06,-0.1,0.08
LICJ,LIPE,2,17,-12.02,10.14,-24.7,1.8,-0.02,0.06,-0.12,0.07
LICJ,LIPX,0,47,-10.51,4.88,-17.54,-3.17,-0.03,0.06,-0.1,0.06
LICJ,LIPX,1,39,-7.43,6.16,-14.75,6.71,-0.01,0.08,-0.1,0.11
LICJ,LIPZ,0,67,-17.56,14.49,-33.67,5.91,-0.07,0.09,-0.16,0.06
LICJ,LIPZ,1,36,-21.23,11.86,-32.78,0.68,-0.07,0.09,-0.2,0.07
LICJ,LIRF,0,352,-33.69,20.54,-65.17,12.0,-0.12,0.07,-0.22,-0.01
LICJ,LIRF,1,158,-31.26,24.26,-70.28,6.82,-0.14,0.07,-0.25,-0.03
LICJ,LIRN,0,32,-25.25,28.26,-55.97,9.12,-0.1,0.09,-0.19,0.05
LICJ,LIRN,1,63,-22.11,22.61,-57.41,5.74,-0.08,0.08,-0.18,0.04
LICJ,LIRN,2,15,-28.69,24.95,-54.35,7.47,-0.11,0.06,-0.19,-0.02
LICJ,LIRP,0,27,-5.54,6.32,-11.21,0.34,0.01,0.04,-0.04,0.07
LICJ,LIRP,1,15,-7.19,3.48,-10.85,-1.47,0.01,0.06,-0.05,0.13
LICJ,LIRP,2,17,-7.47,4.12,-12.06,-1.72,0.01,0.04,-0.05,0.09
LICJ,LSZH,0,51,-4.11,15.82,-26.15,21.0,-0.03,0.09,-0.13,0.11
LICJ,LSZH,1,17,-11.62,18.41,-27.9,22.88,-0.02,0.13,-0.17,0.25
LICR,LIML,0,20,-2.57,5.33,-11.21,5.88,-0.03,0.09,-0.11,0.1
LICR,LIML,1,40,-8.56,5.41,-16.01,-0.82,-0.03,0.1,-0.15,0.08
LICR,LIRF,0,56,-49.18,18.77,-70.7,-4.18,-0.16,0.06,-0.23,-0.06
LICT,LIPE,0,17,-14.49,10.96,-31.72,-1.78,-0.02,0.06,-0.11,0.08
LICT,LIPE,1,43,-12.81,9.47,-26.66,-1.67,-0.03,0.07,-0.11,0.05
LIEA,LIMC,0,18,-35.13,15.11,-48.12,0.56,-0.18,0.1,-0.31,-0.01
LIEA,LIMC,1,39,-56.45,22.99,-76.87,-22.8,-0.23,0.14,-0.35,-0.11
LIEA,LIML,0,59,3.15,9.37,-4.17,22.82,-0.07,0.05,-0.14,0.01
LIEA,LIML,1,31,-23.32,24.51,-39.8,9.8,-0.08,0.05,-0.15,0.01
LIEA,LIPE,0,21,-30.5,16.86,-48.0,1.2,-0.05,0.06,-0.13,0.04
LIEA,LIPE,1,34,-20.02,12.54,-35.12,3.46,-0.07,0.08,-0.16,0.08
LIEA,LIRF,0,89,-23.77,21.71,-48.38,7.7,-0.14,0.06,-0.21,-0.04
LIEE,LIMC,0,81,-40.55,19.05,-58.6,4.6,-0.21,0.09,-0.31,-0.08
LIEE,LIME,0,75,-21.4,7.26,-31.13,-9.29,-0.08,0.06,-0.18,0.01
LIEE,LIME,1,25,-13.66,12.5,-33.1,6.0,-0.02,0.14,-0.15,0.14
LIEE,LIMF,0,54,4.81,10.64,-3.34,21.46,-0.01,0.08,-0.11,0.1
LIEE,LIML,0,171,4.13,7.43,-2.9,19.1,-0.01,0.06,-0.1,0.09
LIEE,LIML,1,15,-14.42,18.78,-43.96,10.5,-0.05,0.06,-0.13,0.03
LIEE,LIPE,0,63,-5.0,12.95,-25.08,18.49,-0.01,0.08,-0.09,0.15
LIEE,LIPX,0,26,-10.21,18.39,-31.25,24.15,-0.04,0.08,-0.12,0.11
LIEE,LIPX,1,31,-11.83,9.07,-23.35,2.45,-0.06,0.07,-0.17,0.04
LIEE,LIPX,2,19,1.45,12.87,-14.49,21.0,-0.02,0.05,-0.09,0.06
LIEE,LIPZ,0,56,-21.67,14.71,-37.9,2.92,-0.12,0.08,-0.25,0.02
LIEE,LIRA,0,27,-15.28,9.14,-26.08,1.47,-0.04,0.06,-0.12,0.05
LIEE,LIRA,1,25,-14.57,10.5,-27.86,3.78,0.02,0.07,-0.07,0.15
LIEE,LIRF,0,71,-42.31,20.45,-68.25,-3.85,-0.13,0.05,-0.21,-0.01
LIEE,LIRF,1,92,-36.01,19.22,-63.37,-2.24,-0.11,0.06,-0.19,-0.01
LIEE,LIRF,2,69,-36.56,19.28,-56.46,5.92,-0.14,0.06,-0.23,-0.01
LIEE,LIRP,0,25,-20.0,16.81,-39.4,7.9,-0.02,0.06,-0.11,0.07
LIEE,LIRP,1,35,-11.29,13.42,-24.04,13.33,-0.01,0.05,-0.06,0.1
LIEO,EDDM,0,30,-15.63,14.39,-29.77,11.08,-0.12,0.09,-0.23,0.04
LIEO,EDDM,1,17,-4.75,7.57,-13.54,7.02,-0.1,0.04,-0.14,-0.03
LIEO,EDDM,2,22,-12.97,16.63,-30.05,11.1,-0.09,0.1,-0.22,0.08
LIEO,EGKK,0,52,9.94,12.57,-2.62,32.41,0.13,0.14,-0.03,0.36
LIEO,LIMC,0,92,-47.47,15.04,-61.14,-8.87,-0.23,0.09,-0.33,-0.11
LIEO,LIMC,1,24,-71.96,30.33,-104.08,-28.64,-0.27,0.09,-0.38,-0.12
LIEO,LIME,0,18,-20.53,28.71,-43.88,21.5,-0.1,0.12,-0.21,0.05
LIEO,LIME,1,43,-29.65,13.78,-42.88,-4.16,-0.09,0.11,-0.2,0.05
LIEO,LIML,0,118,-24.82,25.84,-47.4,22.3,-0.12,0.1,-0.23,0.05
LIEO,LIPX,0,86,-22.36,20.2,-38.28,20.98,-0.06,0.06,-0.13,0.07
LIEO,LIRF,0,40,-34.08,22.79,-55.21,12.03,-0.12,0.09,-0.2,0.0
LIEO,LIRF,1,119,-26.89,21.49,-51.29,15.47,-0.14,0.05,-0.22,-0.06
LIEO,LIRF,2,15,-46.6,24.08,-78.07,-9.71,-0.19,0.07,-0.27,-0.05
LIEO,LIRN,0,53,-40.42,48.38,-79.84,23.16,-0.06,0.17,-0.19,0.2
LIMC,DTTA,0,34,6.58,15.59,-21.02,28.23,0.06,0.09,-0.07,0.22
LIMC,DTTA,1,22,7.79,16.69,-20.12,33.34,0.09,0.09,-0.03,0.22
LIMC,EBBR,0,72,-10.34,14.32,-26.38,12.31,-0.06,0.07,-0.15,0.06
LIMC,EBLG,0,23,-83.31,15.76,-96.89,-63.7,-0.43,0.07,-0.51,-0.33
LIMC,EBLG,1,18,-70.52,7.69,-81.59,-61.46,-0.35,0.1,-0.48,-0.21
LIMC,EBLG,2,26,-57.78,14.36,-76.53,-30.6,-0.16,0.04,-0.21,-0.11
LIMC,EDDF,0,153,-62.1,18.85,-87.9,-30.74,-0.29,0.06,-0.37,-0.18
LIMC,EDDK,0,60,-25.4,12.88,-46.97,-4.48,-0.08,0.08,-0.2,0.01
LIMC,EDDL,0,19,-15.56,13.79,-31.3,5.36,-0.03,0.07,-0.14,0.07
LIMC,EDDL,1,44,-42.56,13.58,-60.4,-19.9,-0.08,0.08,-0.18,0.06
LIMC,EDDM,0,130,-7.69,17.59,-32.53,20.18,-0.09,0.06,-0.17,0.01
LIMC,EDDP,0,17,-101.07,19.27,-128.9,-77.18,-0.22,0.04,-0.28,-0.16
LIMC,EDDP,1,49,-56.17,15.98,-81.68,-28.84,-0.1,0.06,-0.19,0.01
LIMC,EDDP,2,17,-47.9,38.31,-79.06,-9.72,-0.18,0.13,-0.26,-0.0
LIMC,EDDP,3,23,-37.71,9.82,-50.05,-24.65,-0.13,0.06,-0.23,-0.03
LIMC,EDDP,4,20,-54.14,14.57,-75.68,-30.75,-0.13,0.08,-0.23,0.04
LIMC,EFHK,0,34,-11.07,24.28,-38.47,30.34,0.01,0.13,-0.19,0.2
LIMC,EFHK,1,25,-15.9,23.94,-55.04,10.24,0.05,0.14,-0.18,0.24
LIMC,EGCC,0,25,11.28,13.47,-0.88,28.14,0.06,0.12,-0.07,0.18
LIMC,EGCC,1,41,8.99,7.72,0.2,23.5,0.06,0.1,-0.07,0.2
LIMC,EGCC,2,21,14.71,25.97,-2.4,25.2,0.05,0.09,-0.04,0.16
LIMC,EGKK,0,199,15.19,11.74,0.2,35.92,0.15,0.14,-0.03,0.4
LIMC,EGLL,0,76,9.16,14.46,-4.3,36.8,0.16,0.12,-0.0,0.37
LIMC,EGLL,1,44,14.34,19.66,-3.38,39.08,0.16,0.1,0.04,0.3
LIMC,EGSS,0,106,-3.42,15.86,-31.35,22.72,0.08,0.1,-0.09,0.25
LIMC,EHAM,0,170,5.0,14.33,-19.76,27.32,0.06,0.08,-0.07,0.21
LIMC,EKCH,0,16,-39.02,10.9,-58.82,-27.15,-0.17,0.07,-0.27,-0.07
LIMC,EKCH,1,65,-36.56,13.57,-58.12,-19.0,-0.15,0.08,-0.28,-0.02
LIMC,EKCH,2,24,-35.55,12.59,-52.74,-17.42,-0.13,0.1,-0.23,0.03
LIMC,EKCH,3,34,-17.16,13.79,-35.09,4.89,-0.11,0.07,-0.21,0.01
LIMC,ELLX,0,80,-20.56,12.26,-36.56,1.08,-0.06,0.12,-0.25,0.09
LIMC,ELLX,1,27,-35.92,10.15,-53.9,-24.77,-0.21,0.1,-0.29,0.01
LIMC,ENGM,0,60,-47.32,30.73,-78.56,25.66,-0.15,0.13,-0.33,0.07
LIMC,EPWA,0,77,-20.75,15.27,-40.9,4.22,-0.0,0.1,-0.15,0.16
LIMC,GMMN,0,51,4.45,12.48,-11.65,25.3,0.06,0.17,-0.2,0.34
LIMC,HECA,0,39,23.07,14.11,-0.07,45.35,0.14,0.15,-0.02,0.34
LIMC,HECA,1,53,28.11,14.73,9.02,55.14,0.12,0.14,-0.04,0.36
LIMC,HESH,0,45,22.0,24.99,-10.38,59.26,0.1,0.16,-0.09,0.32
LIMC,HESH,1,22,19.41,27.06,-4.85,79.78,0.06,0.13,-0.18,0.24
LIMC,KJFK,0,24,4.9,63.13,-46.89,136.42,0.13,0.28,-0.22,0.51
LIMC,KJFK,1,20,2.99,38.19,-40.02,44.26,0.07,0.24,-0.22,0.53
LIMC,KJFK,2,56,6.68,54.51,-37.42,54.92,0.05,0.37,-0.44,0.56
LIMC,KJFK,3,31,0.73,75.65,-67.7,108.35,0.03,0.31,-0.29,0.58
LIMC,KJFK,4,38,16.08,56.68,-56.78,116.02,0.15,0.36,-0.45,0.69
LIMC,LATI,0,91,-16.29,18.26,-38.6,15.3,-0.0,0.08,-0.12,0.13
LIMC,LATI,1,23,-0.18,17.14,-18.5,27.77,-0.08,0.09,-0.2,0.07
LIMC,LEBL,0,93,-7.19,15.38,-26.18,26.1,-0.02,0.09,-0.14,0.13
LIMC,LEBL,1,218,1.01,14.47,-14.74,25.63,-0.02,0.09,-0.15,0.15
LIMC,LEIB,0,108,-14.75,25.18,-48.6,21.32,-0.04,0.11,-0.2,0.1
LIMC,LEMD,0,205,0.6,11.5,-15.46,24.0,0.02,0.1,-0.12,0.2
LIMC,LEMG,0,87,-5.05,13.38,-29.62,15.43,0.07,0.11,-0.11,0.22
LIMC,LEPA,0,102,-5.51,17.21,-28.07,21.27,0.01,0.09,-0.13,0.15
LIMC,LFPG,0,168,3.08,14.95,-24.92,18.86,0.03,0.06,-0.05,0.12
LIMC,LFPG,1,178,10.43,18.19,-5.0,42.93,0.05,0.06,-0.04,0.15
LIMC,LFPO,0,36,-0.86,13.95,-17.48,9.52,0.06,0.06,-0.03,0.17
LIMC,LFPO,1,41,4.85,13.45,-14.0,33.7,0.08,0.08,-0.04,0.19
LIMC,LGAV,0,19,2.28,13.94,-12.71,28.3,0.06,0.1,-0.1,0.23
LIMC,LGAV,1,32,-14.33,41.44,-46.2,88.85,0.01,0.19,-0.15,0.29
LIMC,LGAV,2,121,0.09,19.16,-20.4,25.3,0.0,0.1,-0.14,0.18
LIMC,LGAV,3,19,5.84,27.23,-17.37,55.82,0.05,0.15,-0.11,0.31
LIMC,LGMK,0,30,20.77,16.28,1.8,54.69,0.05,0.11,-0.07,0.24
LIMC,LGMK,1,27,-5.37,18.24,-27.42,16.38,-0.02,0.1,-0.15,0.16
LIMC,LHBP,0,30,-19.11,11.32,-34.01,1.22,0.02,0.06,-0.07,0.12
LIMC,LHBP,1,27,-7.85,23.14,-27.11,8.48,0.02,0.09,-0.06,0.12
LIMC,LIBD,0,76,-3.66,28.02,-21.65,16.62,-0.02,0.13,-0.13,0.11
LIMC,LIBD,1,29,-4.52,15.11,-25.6,20.42,-0.02,0.08,-0.1,0.1
LIMC,LIBD,2,23,4.98,76.81,-24.4,8.32,0.01,0.27,-0.14,0.11
LIMC,LIBR,0,21,11.55,13.7,-12.3,30.0,0.04,0.05,-0.04,0.12
LIMC,LIBR,1,18,4.92,14.6,-11.87,30.24,0.05,0.09,-0.07,0.15
LIMC,LIBR,2,44,16.21,16.47,-5.52,42.71,0.02,0.09,-0.1,0.16
LIMC,LIBR,3,21,13.25,13.7,-3.1,35.9,0.05,0.06,-0.05,0.14
LIMC,LICA,0,64,0.69,17.42,-17.9,31.06,-0.02,0.08,-0.13,0.09
LIMC,LICA,1,29,10.13,17.87,-8.24,32.5,0.0,0.08,-0.1,0.13
LIMC,LICA,2,58,4.79,33.09,-26.62,28.06,0.01,0.12,-0.1,0.13
LIMC,LICC,0,53,-37.93,19.37,-60.36,-3.52,-0.02,0.07,-0.13,0.08
LIMC,LICC,1,72,-56.17,17.48,-77.26,-24.56,-0.02,0.09,-0.15,0.13
LIMC,LICC,2,79,-33.11,16.57,-48.47,1.24,0.01,0.07,-0.14,0.11
LIMC,LICC,3,34,-62.44,17.2,-82.12,-31.19,-0.03,0.07,-0.15,0.06
LIMC,LICC,4,36,-29.53,24.15,-57.88,10.3,-0.01,0.09,-0.16,0.11
LIMC,LICJ,0,23,-1.47,5.97,-12.39,5.63,-0.08,0.04,-0.15,-0.02
LIMC,LICJ,1,63,2.16,10.66,-11.13,22.58,-0.01,0.08,-0.13,0.12
LIMC,LICJ,2,41,-3.74,15.33,-21.4,20.6,0.0,0.07,-0.11,0.14
LIMC,LICJ,3,52,-18.89,11.85,-32.24,5.68,-0.1,0.07,-0.21,0.01
LIMC,LICJ,4,27,-28.1,11.93,-48.55,-10.8,-0.11,0.06,-0.23,-0.02
LIMC,LIEA,0,55,-1.5,13.29,-18.79,23.07,-0.03,0.09,-0.15,0.13
LIMC,LIEE,0,64,-7.62,18.18,-30.77,17.33,-0.09,0.09,-0.2,0.04
LIMC,LIEE,1,15,9.23,19.96,-20.19,34.42,-0.0,0.06,-0.06,0.08
LIMC,LIEO,0,91,-65.56,15.6,-83.9,-30.3,-0.26,0.08,-0.39,-0.13
LIMC,LIEO,1,25,-41.76,22.62,-74.14,-6.48,-0.15,0.09,-0.3,-0.01
LIMC,LIRN,0,155,-18.15,21.48,-43.4,11.05,-0.08,0.1,-0.2,0.05
LIMC,LIRN,1,69,-23.41,24.74,-52.12,8.9,-0.05,0.15,-0.21,0.2
LIMC,LKPR,0,101,-15.91,11.98,-34.3,0.2,-0.01,0.06,-0.12,0.08
LIMC,LLBG,0,64,13.35,15.5,-10.42,38.33,0.05,0.13,-0.17,0.24
LIMC,LLBG,1,39,10.51,16.36,-6.73,34.31,0.03,0.14,-0.15,0.32
LIMC,LOWW,0,98,-1.57,13.36,-19.73,20.97,0.08,0.07,-0.01,0.19
LIMC,LOWW,1,65,16.94,14.96,-0.18,43.7,0.06,0.06,-0.03,0.16
LIMC,LPPR,0,61,-12.95,23.43,-36.0,44.6,-0.01,0.1,-0.16,0.15
LIMC,LPPT,0,156,1.03,17.54,-25.1,25.1,0.05,0.12,-0.11,0.27
LIMC,LPPT,1,29,-18.74,24.48,-54.98,17.0,0.03,0.12,-0.15,0.17
LIMC,LSZH,0,93,-47.46,19.47,-72.96,-10.54,-0.08,0.09,-0.18,0.06
LIMC,LSZH,1,37,-45.36,19.53,-78.46,-20.48,-0.18,0.07,-0.28,-0.06
LIMC,LTFM,0,136,-13.15,22.58,-33.67,18.12,-0.0,0.16,-0.18,0.2
LIMC,OMDB,0,45,27.72,31.92,-5.52,62.06,0.26,0.12,0.08,0.48
LIMC,OMDB,1,15,11.58,14.23,-9.92,30.95,0.27,0.1,0.1,0.39
LIMC,OTHH,0,98,33.93,27.29,0.58,81.26,0.13,0.1,-0.04,0.31
LIMC,OTHH,1,16,24.91,12.65,6.38,43.97,0.12,0.12,-0.07,0.27
LIMC,RKSI,0,32,5.62,37.7,-21.54,81.34,0.05,0.22,-0.29,0.33
LIME,EBCI,0,56,-62.79,23.28,-88.75,-18.53,-0.15,0.07,-0.26,-0.02
LIME,EBCI,1,16,-57.96,17.71,-76.15,-24.28,-0.16,0.06,-0.25,-0.06
LIME,EDDK,0,69,18.82,18.62,-7.0,49.1,0.1,0.08,0.01,0.21
LIME,EGSS,0,47,-3.85,8.18,-16.9,8.08,0.08,0.09,-0.02,0.26
LIME,EGSS,1,26,1.31,17.12,-27.78,26.0,0.08,0.11,-0.05,0.24
LIME,EGSS,2,28,-1.1,13.53,-15.6,21.81,0.06,0.08,-0.02,0.17
LIME,EGSS,3,16,-16.71,22.47,-39.52,18.85,0.0,0.12,-0.12,0.15
LIME,EIDW,0,39,-21.68,20.64,-41.65,17.77,-0.07,0.13,-0.24,0.17
LIME,EIDW,1,25,-26.48,27.66,-64.7,11.06,-0.08,0.14,-0.26,0.12
LIME,EKCH,0,53,8.99,12.4,-13.86,29.78,-0.03,0.08,-0.16,0.11
LIME,LATI,0,27,-21.77,12.91,-31.64,3.71,-0.0,0.07,-0.1,0.12
LIME,LATI,1,48,-26.98,16.04,-40.46,8.46,-0.01,0.1,-0.11,0.18
LIME,LATI,2,21,-5.97,9.06,-16.1,3.7,-0.02,0.04,-0.08,0.03
LIME,LBSF,0,44,-21.3,16.71,-36.74,12.48,-0.04,0.09,-0.16,0.09
LIME,LBSF,1,19,8.35,8.8,-8.83,16.1,0.01,0.06,-0.06,0.1
LIME,LEBL,0,86,0.01,18.84,-21.98,36.83,-0.01,0.1,-0.14,0.14
LIME,LEIB,0,72,-15.42,22.46,-45.57,17.44,-0.02,0.12,-0.2,0.12
LIME,LHBP,0,51,-3.28,11.02,-16.1,15.4,0.02,0.07,-0.11,0.11
LIME,LIBD,0,25,-20.2,14.38,-39.22,2.08,-0.04,0.07,-0.11,0.02
LIME,LIBD,1,70,-9.03,14.91,-24.13,16.06,-0.02,0.07,-0.12,0.08
LIME,LIBP,0,51,-3.41,6.09,-12.5,4.55,-0.02,0.04,-0.09,0.03
LIME,LIBR,0,106,9.63,27.96,-15.2,36.6,0.02,0.09,-0.09,0.14
LIME,LICA,0,77,14.38,16.47,-3.8,41.76,0.03,0.1,-0.11,0.21
LIME,LICC,0,105,-32.21,22.44,-53.98,2.4,0.01,0.09,-0.13,0.18
LIME,LICJ,0,105,3.16,9.65,-7.58,23.24,-0.01,0.08,-0.11,0.09
LIME,LIEE,0,100,-2.27,17.8,-20.8,24.18,-0.03,0.08,-0.18,0.1
LIME,LIEO,0,28,-30.82,18.87,-62.46,0.87,-0.12,0.07,-0.25,-0.04
LIME,LIEO,1,33,-70.58,9.71,-79.78,-50.42,-0.29,0.07,-0.37,-0.18
LIME,LIRF,0,66,-26.59,30.31,-48.25,-1.25,-0.13,0.09,-0.24,-0.0
LIME,LIRN,0,96,-21.71,18.27,-45.12,7.85,-0.06,0.09,-0.17,0.09
LIME,LOWW,0,60,24.94,10.84,12.6,42.13,0.06,0.06,-0.03,0.13
LIME,LPPT,0,65,4.57,19.01,-20.28,34.1,0.07,0.12,-0.09,0.28
LIME,LRCL,0,47,9.01,11.94,-5.89,24.91,0.04,0.1,-0.06,0.23
LIME,LRCL,1,18,7.47,6.58,-2.43,17.27,0.02,0.09,-0.09,0.13
LIME,LROP,0,50,-15.38,17.59,-28.64,25.22,-0.02,0.09,-0.14,0.14
LIME,LROP,1,46,-22.23,12.72,-33.6,7.35,-0.06,0.09,-0.19,0.09
LIME,LTFJ,0,80,7.24,31.62,-21.38,58.0,0.02,0.16,-0.19,0.29
LIMF,EDDF,0,66,-32.63,32.96,-68.8,2.33,-0.19,0.09,-0.29,-0.07
LIMF,EDDM,0,53,-4.86,12.0,-25.0,10.52,-0.09,0.06,-0.17,0.01
LIMF,EDDM,1,16,-9.92,12.44,-22.2,9.18,-0.12,0.07,-0.22,-0.02
LIMF,EHAM,0,50,-2.05,21.92,-36.71,36.68,0.1,0.08,-0.03,0.22
LIMF,LEMD,0,54,-15.66,10.9,-29.89,8.06,-0.09,0.1,-0.22,0.08
LIMF,LEMD,1,15,-16.49,18.39,-41.21,12.99,-0.0,0.11,-0.12,0.19
LIMF,LFPG,0,22,-12.72,14.44,-31.2,8.16,0.14,0.06,0.04,0.19
LIMF,LFPG,1,43,1.78,20.38,-20.19,35.89,0.15,0.06,0.07,0.26
LIMF,LFPG,2,18,1.37,16.33,-29.06,23.23,0.14,0.07,0.04,0.23
LIMF,LIBD,0,50,-7.82,11.65,-20.56,16.14,-0.04,0.08,-0.13,0.11
LIMF,LICC,0,58,-25.93,15.93,-40.42,8.82,-0.01,0.09,-0.15,0.12
LIMF,LICC,1,19,-24.47,24.9,-44.95,8.42,0.0,0.06,-0.07,0.09
LIMF,LICJ,0,68,15.03,11.38,6.1,44.65,-0.0,0.06,-0.09,0.1
LIMF,LIEE,0,54,4.45,22.65,-16.94,57.92,-0.07,0.09,-0.21,0.1
LIMF,LIRF,0,65,-34.65,12.13,-44.1,-0.84,-0.09,0.06,-0.17,0.04
LIMF,LIRF,1,24,-28.43,14.96,-47.99,-0.23,-0.06,0.04,-0.13,0.01
LIMF,LIRF,2,18,-32.89,12.55,-49.22,-12.62,-0.13,0.06,-0.19,-0.03
LIMF,LIRN,0,26,-16.58,17.46,-38.4,11.7,-0.06,0.08,-0.16,0.08
LIMF,LIRN,1,43,-25.06,13.94,-39.54,3.04,-0.12,0.07,-0.22,0.01
LIMJ,LIRF,0,61,-30.07,16.6,-43.8,2.9,-0.06,0.06,-0.13,0.07
LIMJ,LIRF,1,25,-25.6,13.83,-35.04,0.28,0.01,0.06,-0.08,0.09
LIMJ,LIRF,2,25,-31.89,19.38,-44.2,0.32,-0.02,0.06,-0.09,0.07
LIML,EBBR,0,82,-12.87,14.22,-26.48,18.44,-0.07,0.06,-0.16,0.03
LIML,EBBR,1,22,-23.67,17.58,-47.42,-0.99,-0.07,0.06,-0.14,0.02
LIML,EBBR,2,31,-29.91,35.5,-49.95,-13.6,-0.11,0.12,-0.18,-0.05
LIML,EBBR,3,15,-27.39,14.77,-42.3,-4.13,-0.07,0.07,-0.14,0.04
LIML,EDDB,0,16,-4.01,9.36,-15.68,12.2,0.02,0.06,-0.05,0.1
LIML,EDDB,1,63,12.28,11.56,-2.71,29.13,0.02,0.07,-0.07,0.16
LIML,EDDF,0,140,-18.06,20.86,-45.63,10.11,-0.16,0.09,-0.27,-0.02
LIML,EDDF,1,5,-46.26,12.77,-59.02,-29.9,-0.26,0.06,-0.32,-0.19
LIML,EDDF,2,51,-25.55,17.01,-48.1,8.3,-0.15,0.09,-0.24,-0.04
LIML,EDDM,0,58,0.47,12.4,-19.89,19.19,-0.1,0.05,-0.17,-0.01
LIML,EGLL,0,74,-4.13,15.62,-25.66,22.59,0.13,0.13,-0.05,0.37
LIML,EGLL,1,68,4.88,21.16,-14.03,55.93,0.14,0.11,-0.03,0.34
LIML,EGLL,2,47,-6.53,15.11,-25.26,21.3,0.09,0.11,-0.06,0.29
LIML,EHAM,0,50,-7.15,16.87,-33.85,17.89,0.02,0.08,-0.09,0.16
LIML,EHAM,1,158,2.26,13.46,-19.1,19.08,0.06,0.07,-0.05,0.17
LIML,LEMD,0,89,-31.39,15.72,-46.76,2.74,-0.03,0.13,-0.21,0.18
LIML,LFPG,0,112,-0.32,13.47,-28.12,21.25,0.04,0.06,-0.04,0.14
LIML,LFPG,1,74,4.1,11.46,-5.37,29.07,0.04,0.06,-0.04,0.14
LIML,LFPG,2,43,-1.38,29.9,-27.25,76.13,0.01,0.08,-0.08,0.17
LIML,LFPG,3,33,3.03,17.72,-22.12,28.68,0.08,0.07,0.01,0.2
LIML,LFPO,0,100,2.59,13.18,-10.64,16.06,0.01,0.06,-0.07,0.12
LIML,LFPO,1,27,1.97,14.13,-14.07,15.01,-0.02,0.06,-0.1,0.06
LIML,LIBD,0,78,16.83,11.43,3.9,39.24,0.05,0.06,-0.03,0.15
LIML,LIBD,1,66,15.64,12.17,3.02,39.48,0.02,0.06,-0.06,0.12
LIML,LIBD,2,25,-1.16,9.3,-10.84,17.4,-0.04,0.06,-0.12,0.04
LIML,LIBR,0,36,3.83,17.46,-13.35,33.45,0.0,0.07,-0.11,0.12
LIML,LIBR,1,51,6.88,13.44,-11.4,24.55,0.04,0.07,-0.06,0.15
LIML,LICA,0,89,13.53,13.58,-0.32,32.26,0.02,0.08,-0.1,0.14
LIML,LICC,0,108,-28.39,19.06,-44.66,3.8,0.02,0.09,-0.1,0.16
LIML,LICC,1,21,-49.95,16.76,-66.6,-27.5,-0.01,0.09,-0.18,0.09
LIML,LICC,2,35,-46.49,15.14,-60.49,-23.81,-0.06,0.08,-0.18,0.05
LIML,LICC,3,42,-35.32,14.95,-49.19,-16.57,-0.01,0.07,-0.15,0.08
LIML,LICC,4,57,-26.69,20.06,-45.2,4.22,0.01,0.07,-0.08,0.14
LIML,LICJ,0,38,9.77,9.36,1.59,31.5,0.04,0.06,-0.04,0.15
LIML,LICJ,1,160,10.34,14.42,2.1,26.29,0.07,0.08,-0.03,0.2
LIML,LICR,0,60,4.49,13.87,-0.21,8.38,-0.06,0.09,-0.13,0.02
LIML,LIEA,0,91,-20.11,21.87,-30.05,22.7,-0.08,0.07,-0.18,0.03
LIML,LIEE,0,135,14.75,18.2,-8.8,41.08,0.0,0.09,-0.1,0.18
LIML,LIEE,1,48,-4.89,17.36,-23.56,19.79,-0.09,0.08,-0.2,0.05
LIML,LIEO,0,15,-45.99,16.8,-75.99,-27.15,-0.19,0.07,-0.33,-0.12
LIML,LIEO,1,35,-35.26,41.15,-65.22,-5.46,-0.1,0.16,-0.24,0.03
LIML,LIEO,2,68,-39.33,20.16,-74.39,-5.28,-0.17,0.07,-0.28,-0.06
LIML,LIRF,0,88,-21.98,15.68,-41.5,3.7,-0.07,0.06,-0.15,0.02
LIML,LIRF,1,261,-27.25,14.36,-39.8,4.3,-0.12,0.05,-0.19,-0.02
LIML,LIRF,2,23,-10.4,81.11,-48.22,139.64,-0.04,0.31,-0.2,0.63
LIML,LIRN,0,28,-19.12,17.61,-39.9,5.6,-0.1,0.08,-0.21,0.01
LIML,LIRN,1,123,-20.34,18.47,-42.39,6.87,-0.07,0.09,-0.18,0.07
LIPE,EDDF,0,50,-41.88,20.81,-69.97,-9.49,-0.25,0.06,-0.33,-0.15
LIPE,EDDF,1,45,-37.54,20.78,-67.42,-6.2,-0.23,0.08,-0.34,-0.08
LIPE,EDDK,0,26,-10.24,9.77,-25.2,4.25,-0.07,0.06,-0.16,0.06
LIPE,EDDK,1,36,4.93,10.94,-9.6,19.95,-0.0,0.06,-0.11,0.07
LIPE,EDDM,0,86,10.2,11.81,-3.62,33.85,-0.04,0.07,-0.14,0.09
LIPE,EGLL,0,57,-0.57,29.36,-30.5,36.74,0.13,0.16,-0.08,0.41
LIPE,EGSS,0,50,4.98,24.02,-16.9,33.21,0.04,0.11,-0.06,0.2
LIPE,EHAM,0,18,-12.07,18.15,-37.53,11.89,-0.02,0.1,-0.12,0.13
LIPE,EHAM,1,29,7.4,11.94,-11.98,26.92,0.03,0.07,-0.06,0.14
LIPE,EHAM,2,27,2.02,11.9,-22.36,16.26,0.03,0.1,-0.11,0.18
LIPE,EHAM,3,19,-3.87,9.96,-20.8,8.81,0.02,0.07,-0.07,0.14
LIPE,EKCH,0,52,2.47,28.98,-17.16,10.38,-0.06,0.11,-0.22,0.12
LIPE,EKCH,1,21,-16.34,33.8,-53.9,28.7,-0.15,0.11,-0.3,-0.02
LIPE,GMMN,0,21,-14.81,15.3,-31.3,13.7,0.04,0.18,-0.2,0.39
LIPE,GMMN,1,44,-2.53,15.58,-20.78,19.25,0.05,0.17,-0.19,0.33
LIPE,LATI,0,22,-32.2,13.35,-49.58,-14.51,-0.04,0.06,-0.13,0.03
LIPE,LATI,1,21,-40.87,15.56,-55.8,-18.6,-0.05,0.09,-0.19,0.08
LIPE,LATI,2,19,-10.07,19.32,-31.75,10.81,-0.06,0.09,-0.16,0.05
LIPE,LATI,3,25,-29.15,19.66,-56.52,0.46,-0.05,0.07,-0.14,0.07
LIPE,LEBL,0,115,-13.37,15.24,-35.39,12.36,-0.04,0.09,-0.16,0.11
LIPE,LEMD,0,110,-1.57,15.57,-18.26,26.91,0.03,0.13,-0.14,0.28
LIPE,LEVC,0,52,-30.9,11.56,-45.49,-11.41,-0.05,0.1,-0.18,0.11
LIPE,LFPG,0,32,-11.89,15.12,-33.84,3.96,0.03,0.06,-0.07,0.11
LIPE,LFPG,1,22,0.17,9.15,-11.25,10.66,0.06,0.08,-0.02,0.15
LIPE,LFPG,2,36,-3.59,18.42,-22.48,29.7,0.05,0.06,-0.03,0.14
LIPE,LFPG,3,20,0.01,15.08,-13.83,29.62,0.04,0.05,-0.02,0.11
LIPE,LFPG,4,16,-1.91,21.94,-30.98,38.85,0.04,0.07,-0.03,0.16
LIPE,LIBD,0,60,-24.18,27.44,-41.77,2.06,-0.1,0.1,-0.18,0.02
LIPE,LIBR,0,71,-7.02,15.53,-27.35,17.9,-0.01,0.08,-0.11,0.13
LIPE,LICA,0,23,-18.46,6.81,-27.66,-5.36,-0.09,0.05,-0.17,-0.02
LIPE,LICA,1,28,5.54,16.87,-12.52,35.65,-0.01,0.08,-0.12,0.13
LIPE,LICC,0,37,-65.61,12.06,-80.68,-47.74,-0.03,0.06,-0.15,0.07
LIPE,LICC,1,80,-39.45,16.46,-56.63,-4.5,-0.03,0.07,-0.14,0.08
LIPE,LICC,2,29,-34.99,20.52,-54.36,1.84,-0.04,0.06,-0.15,0.05
LIPE,LICJ,0,25,-8.53,8.09,-19.48,6.7,-0.05,0.06,-0.11,0.04
LIPE,LICJ,1,57,-0.95,14.64,-22.28,24.44,-0.02,0.07,-0.12,0.08
LIPE,LICT,0,18,-7.0,18.4,-21.75,18.5,-0.03,0.1,-0.14,0.12
LIPE,LICT,1,42,-1.9,18.63,-23.62,22.4,-0.05,0.07,-0.13,0.05
LIPE,LIEA,0,54,-29.66,21.97,-57.6,8.86,-0.09,0.07,-0.2,0.03
LIPE,LIEE,0,35,-2.85,23.74,-31.45,31.33,-0.04,0.07,-0.15,0.08
LIPE,LIEE,1,28,-29.0,12.12,-48.36,-12.48,-0.13,0.08,-0.21,-0.01
LIPE,LIRF,0,20,-28.01,15.98,-42.87,0.21,-0.11,0.06,-0.18,-0.02
LIPE,LIRF,1,67,-31.79,17.09,-49.3,-1.97,-0.16,0.05,-0.21,-0.07
LIPE,LOWW,0,56,22.0,13.36,5.12,43.2,0.08,0.05,0.01,0.17
LIPE,LOWW,1,28,23.09,10.22,9.27,39.65,0.06,0.05,-0.02,0.14
LIPE,LPPT,0,57,-0.44,19.16,-31.1,26.0,0.09,0.14,-0.1,0.39
LIPE,LROP,0,29,-32.24,13.24,-45.14,-8.7,-0.05,0.09,-0.17,0.07
LIPE,LROP,1,27,-33.77,18.11,-44.96,-10.89,-0.09,0.11,-0.22,0.05
LIPE,LTFM,0,77,-23.83,31.19,-46.34,23.72,0.01,0.15,-0.18,0.21
LIPH,EBCI,0,49,-48.69,9.91,-59.52,-31.66,-0.1,0.05,-0.19,-0.01
LIPH,EBCI,1,20,-51.68,15.66,-69.83,-37.27,-0.13,0.07,-0.2,-0.04
LIPH,LROP,0,26,-50.97,35.04,-82.45,9.6,-0.09,0.11,-0.22,0.11
LIPH,LROP,1,42,-45.99,24.25,-72.16,3.24,-0.06,0.1,-0.2,0.14
LIPQ,EDDF,0,34,-16.67,22.2,-51.46,12.26,-0.14,0.07,-0.24,-0.03
LIPQ,EDDF,1,19,-37.94,21.46,-67.48,-7.04,-0.18,0.08,-0.31,-0.04
LIPQ,LIRF,0,23,-30.42,17.95,-49.95,-4.58,0.0,0.06,-0.07,0.08
LIPQ,LIRF,1,66,-40.39,18.64,-61.5,-7.52,-0.07,0.08,-0.17,0.08
LIPQ,LIRF,2,23,-32.35,19.57,-54.63,3.48,-0.17,0.05,-0.24,-0.08
LIPX,EDDF,0,52,-32.98,22.86,-60.58,16.33,-0.2,0.05,-0.27,-0.12
LIPX,EDDM,0,56,8.59,11.94,-6.95,26.82,-0.07,0.06,-0.16,0.05
LIPX,EGKK,0,77,4.08,41.87,-29.44,34.4,0.13,0.16,-0.05,0.37
LIPX,LATI,0,23,-4.7,7.52,-13.59,4.82,-0.04,0.06,-0.12,0.07
LIPX,LATI,1,45,-12.86,38.63,-40.12,52.78,0.0,0.13,-0.11,0.26
LIPX,LICC,0,64,-40.26,18.01,-57.27,-3.11,-0.05,0.08,-0.16,0.07
LIPX,LICC,1,32,-66.69,15.11,-85.68,-39.76,-0.04,0.08,-0.16,0.13
LIPX,LICJ,0,52,0.05,40.37,-15.39,21.64,0.0,0.35,-0.17,0.07
LIPX,LICJ,1,33,-4.84,7.39,-15.56,6.78,-0.05,0.07,-0.15,0.09
LIPX,LIEE,0,32,-10.55,39.27,-36.56,3.78,-0.08,0.15,-0.24,0.06
LIPX,LIEE,1,45,4.37,62.89,-24.78,24.06,-0.03,0.09,-0.13,0.09
LIPX,LIEO,0,27,-32.1,27.25,-64.04,9.52,-0.11,0.1,-0.24,0.05
LIPX,LIEO,1,19,-21.83,20.43,-60.95,5.35,-0.08,0.07,-0.22,0.01
LIPX,LIEO,2,11,-68.07,18.41,-83.4,-38.55,-0.21,0.07,-0.3,-0.09
LIPX,LIEO,3,28,-47.6,26.54,-90.06,-10.0,-0.17,0.09,-0.33,-0.03
LIPZ,EDDB,0,62,4.97,10.58,-14.44,21.98,0.02,0.06,-0.07,0.13
LIPZ,EDDF,0,31,-37.12,25.48,-75.45,11.65,-0.15,0.1,-0.25,0.01
LIPZ,EDDF,1,50,-23.86,22.47,-54.28,8.74,-0.13,0.07,-0.24,-0.0
LIPZ,EDDF,2,36,-30.8,25.93,-66.62,10.85,-0.18,0.06,-0.27,-0.1
LIPZ,EDDK,0,58,0.18,27.35,-26.66,31.26,0.05,0.08,-0.05,0.17
LIPZ,EDDM,0,111,2.53,11.64,-17.65,20.7,-0.08,0.05,-0.15,0.0
LIPZ,EGCC,0,53,9.56,8.27,-0.9,22.04,0.03,0.1,-0.1,0.18
LIPZ,EGKK,0,109,7.15,11.99,-12.28,22.5,0.14,0.12,-0.05,0.36
LIPZ,EGLL,0,107,-2.12,13.24,-18.19,21.92,0.11,0.13,-0.05,0.33
LIPZ,EGSS,0,83,-5.74,15.43,-31.75,17.62,0.06,0.09,-0.06,0.21
LIPZ,EHAM,0,57,-5.17,19.78,-32.74,24.84,-0.01,0.09,-0.11,0.15
LIPZ,EHAM,1,70,3.11,10.94,-13.65,19.3,0.02,0.08,-0.1,0.15
LIPZ,EIDW,0,65,-16.14,26.08,-54.76,10.6,-0.04,0.18,-0.22,0.23
LIPZ,LEBL,0,100,-6.06,16.12,-22.21,14.44,-0.01,0.1,-0.15,0.19
LIPZ,LEBL,1,41,-12.57,18.36,-38.0,21.6,-0.01,0.09,-0.13,0.13
LIPZ,LEMD,0,142,-5.69,15.49,-23.06,24.75,0.02,0.14,-0.15,0.25
LIPZ,LFPG,0,80,6.95,20.56,-20.85,39.4,0.06,0.07,-0.04,0.21
LIPZ,LFPG,1,74,-34.2,61.23,-55.7,-12.66,-0.03,0.16,-0.13,0.08
LIPZ,LFPG,2,33,-8.78,17.48,-34.28,16.02,0.0,0.07,-0.09,0.09
LIPZ,LFPG,3,65,3.61,14.33,-18.12,29.84,0.05,0.06,-0.05,0.13
LIPZ,LFPO,0,29,-2.34,12.54,-18.34,18.44,0.01,0.05,-0.08,0.08
LIPZ,LFPO,1,52,0.81,9.14,-9.9,12.84,0.05,0.06,-0.05,0.15
LIPZ,LFPO,2,30,1.33,10.33,-11.9,10.66,0.04,0.09,-0.06,0.14
LIPZ,LIBD,0,16,-19.42,7.88,-28.65,-6.88,-0.08,0.05,-0.16,-0.03
LIPZ,LIBD,1,20,-24.78,14.99,-43.6,5.14,-0.07,0.06,-0.15,0.03
LIPZ,LIBD,2,24,-8.44,9.58,-17.21,10.91,-0.04,0.04,-0.09,0.02
LIPZ,LICC,0,90,-43.5,15.66,-61.8,-10.88,-0.03,0.08,-0.16,0.1
LIPZ,LICC,1,26,-31.3,47.62,-60.2,-6.85,-0.01,0.18,-0.14,0.06
LIPZ,LICJ,0,39,3.52,56.09,-18.35,30.36,0.04,0.21,-0.1,0.23
LIPZ,LICJ,1,35,-0.26,8.63,-11.23,15.37,-0.07,0.05,-0.14,0.02
LIPZ,LICJ,2,31,-5.11,17.24,-18.6,10.45,-0.02,0.09,-0.11,0.11
LIPZ,LIEE,0,15,-14.63,11.32,-31.71,0.87,-0.05,0.12,-0.19,0.12
LIPZ,LIEE,1,21,10.8,17.21,-6.5,34.1,0.11,0.45,-0.09,0.13
LIPZ,LIEE,2,20,4.01,10.96,-9.93,19.37,-0.0,0.08,-0.12,0.12
LIPZ,LIRF,0,88,-32.45,14.34,-48.7,-0.4,-0.16,0.06,-0.24,-0.04
LIPZ,LIRF,1,25,-28.63,10.9,-44.02,-5.2,-0.1,0.06,-0.17,-0.01
LIPZ,LIRN,0,106,-20.93,21.51,-45.98,9.32,-0.06,0.1,-0.17,0.09
LIPZ,LOWW,0,126,12.6,15.0,-5.22,34.48,0.07,0.05,-0.0,0.16
LIPZ,LOWW,1,46,14.33,16.87,-5.42,38.12,0.06,0.04,-0.0,0.13
LIPZ,LPPT,0,76,1.82,19.15,-25.95,37.22,0.07,0.13,-0.11,0.31
LIPZ,LSZH,0,67,-15.4,18.84,-36.96,24.11,-0.04,0.07,-0.13,0.07
LIPZ,LSZH,1,21,7.03,13.18,-18.8,21.4,0.05,0.09,-0.03,0.19
LIPZ,LTFM,0,90,-23.66,21.55,-44.58,9.96,0.01,0.13,-0.15,0.24
LIRA,EGSS,0,86,-0.16,12.26,-15.28,21.45,0.07,0.1,-0.06,0.24
LIRA,EGSS,1,43,-3.04,9.04,-16.82,13.1,0.05,0.09,-0.06,0.19
LIRA,LFOB,0,60,-7.07,10.2,-16.24,8.45,-0.02,0.1,-0.12,0.12
LIRA,LIEE,0,30,-8.37,7.85,-17.14,2.41,-0.04,0.05,-0.13,0.04
LIRA,LIEE,1,22,-7.23,4.23,-14.22,-1.74,-0.08,0.05,-0.13,-0.0
LIRA,LPPT,0,56,1.91,15.06,-19.78,24.1,0.06,0.12,-0.12,0.26
LIRF,CYUL,0,21,-2.7,57.12,-71.3,76.7,0.01,0.39,-0.5,0.64
LIRF,CYUL,1,17,-8.51,40.92,-68.34,58.64,-0.01,0.26,-0.48,0.34
LIRF,CYUL,2,17,-11.62,33.83,-43.22,34.98,-0.01,0.35,-0.43,0.62
LIRF,CYYZ,0,26,-12.74,50.19,-67.58,83.0,-0.03,0.38,-0.64,0.54
LIRF,CYYZ,1,37,-0.9,81.26,-88.32,154.02,-0.0,0.35,-0.6,0.57
LIRF,DAAG,0,70,2.28,19.37,-16.08,26.45,0.05,0.11,-0.1,0.22
LIRF,DTTA,0,65,13.0,11.84,-3.14,34.04,0.05,0.07,-0.05,0.16
LIRF,DTTA,1,18,0.42,8.35,-10.1,13.54,0.03,0.06,-0.05,0.12
LIRF,EBBR,0,124,-10.06,11.56,-25.64,11.35,-0.08,0.08,-0.21,0.03
LIRF,EBBR,1,29,-10.52,14.68,-26.22,15.52,-0.05,0.07,-0.14,0.04
LIRF,EBBR,2,21,-14.71,11.7,-29.1,2.6,-0.09,0.08,-0.25,0.02
LIRF,EDDB,0,93,5.18,10.4,-5.78,24.96,0.02,0.09,-0.14,0.15
LIRF,EDDF,0,92,-26.63,18.56,-54.34,3.13,-0.16,0.09,-0.27,-0.01
LIRF,EDDF,1,60,-37.88,18.03,-63.91,-5.99,-0.2,0.07,-0.29,-0.08
LIRF,EDDF,2,24,-17.52,23.85,-44.6,12.01,-0.09,0.08,-0.2,-0.01
LIRF,EDDK,0,38,6.93,24.77,-13.16,26.99,-0.0,0.2,-0.17,0.2
LIRF,EDDK,1,33,9.85,12.66,-9.5,27.64,0.07,0.08,-0.05,0.19
LIRF,EDDL,0,32,-7.21,24.37,-25.2,18.57,0.03,0.13,-0.1,0.21
LIRF,EDDL,1,21,-10.33,18.87,-30.6,20.4,0.03,0.1,-0.1,0.19
LIRF,EDDM,0,44,7.89,8.17,-1.64,22.44,-0.1,0.07,-0.19,0.01
LIRF,EDDM,1,72,6.75,8.47,-2.2,20.13,-0.06,0.07,-0.16,0.06
LIRF,EDDM,2,24,14.99,14.69,0.05,33.66,-0.08,0.05,-0.15,-0.01
LIRF,EDDM,3,34,17.61,12.94,5.32,35.09,-0.07,0.07,-0.17,0.03
LIRF,EFHK,0,20,-4.5,9.09,-18.47,6.72,0.05,0.16,-0.09,0.33
LIRF,EFHK,1,40,-5.99,10.96,-28.34,8.89,0.03,0.16,-0.24,0.27
LIRF,EGKK,0,151,9.84,13.21,-5.45,30.35,0.15,0.14,-0.06,0.39
LIRF,EGKK,1,58,-0.07,11.34,-14.72,19.32,0.16,0.13,-0.02,0.4
LIRF,EGLL,0,91,11.56,13.95,-5.3,34.25,0.1,0.11,-0.09,0.32
LIRF,EGLL,1,67,3.2,14.26,-11.17,34.34,0.12,0.12,-0.05,0.3
LIRF,EGLL,2,40,-1.39,19.7,-18.6,19.51,0.09,0.11,-0.09,0.27
LIRF,EGLL,3,26,6.13,29.43,-22.02,51.75,0.1,0.13,-0.09,0.28
LIRF,EHAM,0,29,-8.31,20.09,-42.72,25.54,0.03,0.09,-0.13,0.18
LIRF,EHAM,1,119,3.08,11.82,-12.46,22.43,0.04,0.1,-0.12,0.21
LIRF,EHAM,2,18,3.48,15.45,-11.92,30.86,0.04,0.1,-0.1,0.24
LIRF,EHAM,3,26,10.21,14.07,-7.08,39.2,0.09,0.12,-0.06,0.22
LIRF,EHEH,0,19,-12.75,17.39,-35.68,12.81,0.02,0.1,-0.1,0.15
LIRF,EHEH,1,39,-19.72,8.11,-31.7,-6.99,-0.03,0.08,-0.14,0.1
LIRF,EIDW,0,112,-16.03,25.97,-45.72,36.91,-0.06,0.18,-0.27,0.17
LIRF,EKCH,0,109,-6.59,16.88,-27.74,31.96,-0.1,0.11,-0.29,0.08
LIRF,ENGM,0,58,-15.67,15.57,-39.12,14.18,-0.07,0.14,-0.31,0.18
LIRF,EPWA,0,55,-32.34,18.45,-58.62,2.76,-0.04,0.11,-0.22,0.16
LIRF,ESSA,0,47,3.28,24.21,-24.28,48.74,0.02,0.16,-0.17,0.22
LIRF,ESSA,1,35,6.55,10.27,-6.23,22.55,0.04,0.15,-0.19,0.29
LIRF,HECA,0,49,14.79,13.2,-5.1,35.74,0.1,0.13,-0.05,0.23
LIRF,HECA,1,23,8.5,24.42,-22.49,40.04,0.08,0.14,-0.08,0.32
LIRF,HECA,2,44,16.89,15.53,-4.26,41.34,0.1,0.11,-0.03,0.34
LIRF,KATL,0,27,-7.94,39.26,-51.61,74.36,-0.01,0.4,-0.5,0.67
LIRF,KATL,1,33,-6.37,83.41,-110.4,173.64,-0.01,0.33,-0.56,0.37
LIRF,KBOS,0,22,-10.24,37.64,-70.44,36.32,-0.01,0.23,-0.37,0.36
LIRF,KBOS,1,29,-8.46,36.07,-49.18,50.08,-0.02,0.37,-0.51,0.53
LIRF,KBOS,2,8,-7.54,36.82,-38.33,49.97,0.0,0.16,-0.16,0.24
LIRF,KEWR,0,35,-6.44,72.03,-129.42,96.37,0.07,0.29,-0.4,0.45
LIRF,KEWR,1,22,-3.79,71.31,-108.46,119.44,0.01,0.26,-0.35,0.36
LIRF,KIAD,0,17,-5.32,33.58,-50.76,33.1,-0.02,0.36,-0.68,0.45
LIRF,KIAD,1,26,-7.12,31.28,-46.68,52.7,-0.04,0.39,-0.63,0.6
LIRF,KIAD,2,17,-4.47,40.45,-41.24,51.68,-0.01,0.39,-0.58,0.52
LIRF,KJFK,0,39,-7.23,67.66,-66.2,57.79,0.07,0.32,-0.44,0.59
LIRF,KJFK,1,58,-7.72,55.86,-89.44,81.03,0.06,0.37,-0.59,0.52
LIRF,KJFK,2,21,-7.92,21.59,-42.4,22.5,-0.01,0.3,-0.34,0.5
LIRF,KJFK,3,43,-8.74,18.38,-30.36,24.09,-0.05,0.36,-0.42,0.52
LIRF,KJFK,4,15,-6.01,17.49,-32.49,20.77,-0.04,0.38,-0.68,0.46
LIRF,KJFK,5,22,-11.0,31.27,-43.06,46.74,-0.03,0.36,-0.56,0.42
LIRF,KJFK,6,40,-0.07,66.24,-63.67,142.01,-0.02,0.3,-0.48,0.42
LIRF,KORD,0,18,-2.82,89.03,-94.34,139.35,-0.05,0.3,-0.45,0.3
LIRF,KORD,1,23,-0.55,67.33,-66.2,106.86,-0.03,0.29,-0.37,0.39
LIRF,KORD,2,19,-3.09,28.92,-52.45,43.04,-0.04,0.26,-0.33,0.42
LIRF,KSFO,0,22,2.74,54.58,-59.5,119.17,-0.01,0.23,-0.33,0.3
LIRF,KSFO,1,28,-10.22,93.15,-104.74,174.04,-0.05,0.24,-0.39,0.41
LIRF,LATI,0,77,-49.54,12.14,-67.12,-32.64,-0.08,0.07,-0.17,0.03
LIRF,LATI,1,49,-2.03,16.69,-21.56,24.44,0.03,0.06,-0.05,0.11
LIRF,LDSP,0,69,-7.04,8.7,-22.46,5.5,0.0,0.09,-0.13,0.17
LIRF,LEBL,0,112,-6.49,14.13,-29.84,18.25,-0.03,0.08,-0.15,0.1
LIRF,LEBL,1,293,2.29,10.13,-5.1,22.78,-0.02,0.08,-0.14,0.11
LIRF,LEIB,0,66,-14.36,20.68,-41.92,14.12,-0.03,0.09,-0.16,0.12
LIRF,LEMD,0,437,-3.69,16.67,-18.42,24.36,0.0,0.13,-0.17,0.2
LIRF,LEMG,0,97,-8.07,16.29,-34.36,11.4,0.05,0.11,-0.11,0.21
LIRF,LEVC,0,107,15.4,24.19,-0.87,37.82,0.06,0.14,-0.09,0.24
LIRF,LFLL,0,70,9.25,10.07,-5.3,24.63,0.04,0.04,-0.02,0.1
LIRF,LFML,0,60,15.28,19.34,-4.42,50.0,0.09,0.11,-0.05,0.25
LIRF,LFMN,0,23,12.02,12.39,-0.47,30.42,-0.02,0.08,-0.12,0.1
LIRF,LFMN,1,67,8.5,8.37,-2.8,23.13,0.03,0.04,-0.03,0.11
LIRF,LFMN,2,49,11.15,14.2,-4.52,27.64,0.03,0.07,-0.07,0.16
LIRF,LFPG,0,309,-7.87,31.72,-34.86,18.78,0.02,0.1,-0.1,0.16
LIRF,LFPO,0,73,0.39,10.85,-15.06,11.56,0.03,0.08,-0.08,0.15
LIRF,LFPO,1,20,0.41,9.84,-17.24,13.03,0.04,0.09,-0.09,0.16
LIRF,LFPO,2,114,0.47,10.46,-14.84,14.78,0.03,0.07,-0.08,0.13
LIRF,LFPO,3,37,2.85,9.84,-10.96,15.92,0.06,0.09,-0.06,0.21
LIRF,LFPO,4,21,2.1,8.71,-9.9,14.5,0.06,0.08,-0.02,0.23
LIRF,LFPO,5,17,4.29,11.11,-13.22,19.76,0.04,0.09,-0.1,0.13
LIRF,LGAV,0,132,-7.67,15.47,-25.49,27.73,-0.03,0.08,-0.12,0.12
LIRF,LGAV,1,117,-19.33,20.11,-37.76,16.08,-0.05,0.1,-0.18,0.11
LIRF,LIBD,0,43,-55.86,18.09,-77.25,-31.32,-0.18,0.06,-0.26,-0.09
LIRF,LIBD,1,94,-1.46,23.17,-21.58,24.8,-0.03,0.07,-0.12,0.08
LIRF,LIBD,2,37,-26.46,9.71,-39.0,-11.4,-0.07,0.05,-0.14,0.0
LIRF,LIBD,3,27,3.92,32.11,-18.78,21.94,-0.01,0.08,-0.1,0.05
LIRF,LIBR,0,57,-1.05,12.6,-20.28,21.84,-0.03,0.09,-0.13,0.1
LIRF,LIBR,1,62,1.35,12.8,-18.98,20.12,-0.0,0.06,-0.09,0.11
LIRF,LIBR,2,24,9.75,21.69,-10.88,41.62,-0.0,0.07,-0.09,0.15
LIRF,LICA,0,91,-5.03,11.63,-15.55,17.65,-0.11,0.07,-0.2,0.04
LIRF,LICC,0,228,-30.61,29.1,-52.66,3.0,-0.03,0.1,-0.14,0.09
LIRF,LICC,1,215,-35.53,16.53,-51.16,-0.3,-0.05,0.07,-0.14,0.05
LIRF,LICC,2,20,-42.47,23.22,-73.95,-7.04,-0.0,0.13,-0.14,0.1
LIRF,LICJ,0,507,5.9,10.96,-3.27,24.38,-0.01,0.06,-0.08,0.07
LIRF,LICR,0,56,-19.65,3.55,-24.72,-13.6,-0.17,0.04,-0.24,-0.1
LIRF,LIEA,0,89,-5.05,7.2,-13.06,7.04,-0.03,0.05,-0.11,0.04
LIRF,LIEE,0,161,-2.14,10.06,-10.9,11.9,-0.03,0.07,-0.11,0.06
LIRF,LIEE,1,60,4.37,22.47,-5.82,4.8,-0.07,0.1,-0.15,-0.01
LIRF,LIEE,2,17,-6.51,4.34,-12.14,1.5,-0.08,0.05,-0.14,-0.01
LIRF,LIEO,0,176,-21.26,16.81,-43.92,2.33,-0.14,0.06,-0.25,-0.05
LIRF,LIME,0,67,-27.25,12.52,-48.38,-9.99,-0.08,0.09,-0.15,0.02
LIRF,LIMF,0,81,-0.96,4.01,-4.3,7.4,0.02,0.04,-0.04,0.1
LIRF,LIMF,1,25,-0.82,3.52,-4.38,6.26,-0.02,0.03,-0.08,0.03
LIRF,LIMJ,0,111,1.93,8.74,-3.95,17.8,0.04,0.04,-0.01,0.12
LIRF,LIML,0,113,-1.57,9.56,-10.76,12.16,-0.04,0.05,-0.1,0.04
LIRF,LIML,1,255,-1.89,8.33,-9.7,7.09,-0.01,0.08,-0.09,0.09
LIRF,LIPE,0,87,-1.56,8.7,-15.19,12.09,-0.01,0.1,-0.07,0.06
LIRF,LIPQ,0,112,-5.96,7.76,-15.04,8.38,0.04,0.04,-0.03,0.12
LIRF,LIPZ,0,115,-20.86,12.83,-34.83,1.33,-0.1,0.06,-0.18,-0.01
LIRF,LIRN,0,93,-24.42,29.34,-64.14,11.76,0.0,0.13,-0.14,0.19
LIRF,LIRN,1,16,-17.98,12.06,-30.92,1.85,0.03,0.06,-0.04,0.14
LIRF,LIRQ,0,110,1.35,7.85,-2.48,7.93,-0.04,0.05,-0.09,0.05
LIRF,LKPR,0,19,-28.38,14.07,-48.71,-8.94,-0.07,0.08,-0.17,0.05
LIRF,LKPR,1,76,-7.4,9.37,-20.35,8.9,-0.01,0.09,-0.16,0.15
LIRF,LKPR,2,21,-8.05,10.67,-22.4,4.8,-0.01,0.05,-0.08,0.09
LIRF,LLBG,0,185,1.6,17.61,-23.18,35.2,0.02,0.1,-0.13,0.19
LIRF,LMML,0,25,28.07,11.4,13.24,47.82,0.08,0.05,-0.01,0.16
LIRF,LMML,1,73,20.22,13.22,-1.7,37.6,0.05,0.06,-0.06,0.15
LIRF,LMML,2,17,22.88,10.25,1.58,33.04,0.0,0.05,-0.08,0.07
LIRF,LOWW,0,102,13.21,16.53,-12.16,37.28,0.07,0.08,-0.03,0.18
LIRF,LOWW,1,51,9.48,16.87,-15.7,37.15,0.05,0.08,-0.08,0.19
LIRF,LPPT,0,119,3.24,19.14,-19.0,26.53,0.07,0.12,-0.1,0.28
LIRF,LROP,0,61,-23.56,15.66,-48.1,-3.9,-0.03,0.09,-0.16,0.11
LIRF,LSGG,0,34,17.66,18.68,0.52,40.43,-0.08,0.07,-0.16,0.06
LIRF,LSGG,1,19,-9.15,9.36,-22.77,0.77,0.03,0.06,-0.06,0.14
LIRF,LSGG,2,37,-11.62,11.19,-25.78,6.56,-0.02,0.07,-0.14,0.09
LIRF,LSZH,0,59,-8.92,12.52,-28.0,12.38,-0.03,0.08,-0.12,0.07
LIRF,LSZH,1,40,-14.14,19.55,-41.35,17.51,-0.06,0.06,-0.17,0.04
LIRF,LSZH,2,55,-10.27,21.74,-38.6,10.8,-0.03,0.09,-0.14,0.11
LIRF,LSZH,3,17,-12.58,17.26,-29.76,16.1,-0.01,0.09,-0.12,0.13
LIRF,LTFJ,0,54,-39.54,26.9,-76.91,14.58,-0.05,0.13,-0.22,0.18
LIRF,LTFJ,1,16,-28.22,25.15,-51.12,25.22,-0.03,0.12,-0.18,0.13
LIRF,LTFJ,2,19,-35.44,19.24,-62.48,-13.47,-0.05,0.1,-0.18,0.07
LIRF,LTFM,0,98,-37.82,25.31,-64.4,-5.43,-0.06,0.16,-0.23,0.13
LIRF,LTFM,1,22,-39.14,21.67,-68.89,1.04,-0.05,0.09,-0.19,0.09
LIRF,LYBE,0,63,-4.5,26.19,-27.83,34.79,0.01,0.2,-0.12,0.19
LIRF,OMAA,0,41,17.83,39.52,-64.0,63.3,0.01,0.27,-0.48,0.28
LIRF,OMAA,1,19,3.78,14.68,-18.74,22.01,0.04,0.09,-0.1,0.16
LIRF,OMDB,0,40,9.38,26.42,-17.59,65.06,0.21,0.11,0.07,0.39
LIRF,OMDB,1,20,19.43,16.17,-8.59,39.58,0.26,0.13,0.12,0.45
LIRF,OTHH,0,15,11.04,20.8,-14.17,48.05,0.02,0.08,-0.07,0.16
LIRF,OTHH,1,62,11.65,21.38,-13.29,51.07,0.07,0.09,-0.07,0.23
LIRF,SAEZ,0,19,3.31,36.5,-32.3,79.01,0.01,0.23,-0.39,0.26
LIRF,SAEZ,1,15,-15.03,28.83,-38.0,47.07,-0.0,0.27,-0.31,0.4
LIRF,SAEZ,2,18,-4.01,43.91,-30.76,38.43,-0.01,0.27,-0.37,0.4
LIRF,SBGR,0,43,3.99,15.24,-10.59,27.87,-0.0,0.24,-0.46,0.43
LIRF,SBGR,1,15,9.91,71.06,-43.59,127.69,0.01,0.37,-0.43,0.55
LIRN,EDDF,0,23,-48.14,21.35,-76.85,-12.58,-0.18,0.1,-0.31,-0.0
LIRN,EDDF,1,31,-40.67,22.11,-68.25,-14.35,-0.19,0.09,-0.32,-0.06
LIRN,EDDF,2,20,-32.4,32.44,-66.75,9.06,-0.12,0.09,-0.25,0.0
LIRN,EDDM,0,29,-0.88,11.95,-20.12,18.22,-0.03,0.07,-0.15,0.06
LIRN,EDDM,1,31,-12.53,14.08,-26.95,15.5,-0.12,0.07,-0.24,-0.02
LIRN,EDDM,2,27,-16.4,13.09,-31.88,12.62,-0.09,0.08,-0.2,0.02
LIRN,EDDM,3,21,4.03,15.94,-22.2,32.6,-0.01,0.1,-0.11,0.2
LIRN,EGKK,0,91,-11.36,18.97,-32.95,13.6,0.13,0.16,-0.06,0.4
LIRN,EGLL,0,77,-2.36,24.66,-26.96,53.12,0.12,0.14,-0.09,0.35
LIRN,EGSS,0,53,-12.98,13.74,-31.64,6.88,0.04,0.1,-0.13,0.19
LIRN,EHAM,0,49,-5.15,17.78,-29.34,32.46,0.03,0.11,-0.15,0.19
LIRN,EHAM,1,28,-18.45,20.05,-41.21,16.5,0.01,0.1,-0.13,0.15
LIRN,EIDW,0,37,-26.44,22.11,-55.18,19.12,-0.05,0.17,-0.29,0.22
LIRN,EIDW,1,21,-18.45,46.17,-51.3,32.0,-0.0,0.28,-0.22,0.28
LIRN,LEBL,0,42,-11.02,15.88,-28.65,17.53,-0.04,0.08,-0.15,0.09
LIRN,LEBL,1,70,-1.5,14.89,-12.96,26.61,-0.01,0.09,-0.15,0.13
LIRN,LEMD,0,65,-0.51,21.84,-18.48,28.7,0.03,0.13,-0.13,0.24
LIRN,LFMN,0,55,-5.01,13.96,-21.66,22.67,0.01,0.08,-0.09,0.11
LIRN,LFPG,0,61,-5.06,25.51,-28.2,26.7,0.04,0.09,-0.07,0.21
LIRN,LFPG,1,69,-6.23,13.24,-22.42,19.36,0.03,0.1,-0.11,0.21
LIRN,LFPO,0,115,-13.58,20.19,-36.41,22.48,0.03,0.08,-0.1,0.16
LIRN,LGAV,0,50,1.2,27.33,-16.76,28.76,0.02,0.14,-0.1,0.18
LIRN,LGMK,0,34,-15.25,15.27,-32.82,17.07,-0.0,0.08,-0.09,0.13
LIRN,LGMK,1,17,-17.94,11.29,-31.12,0.86,-0.02,0.09,-0.13,0.09
LIRN,LICC,0,73,-35.08,19.84,-59.84,2.72,-0.05,0.07,-0.18,0.05
LIRN,LICC,1,55,-66.47,12.02,-82.63,-44.94,-0.11,0.06,-0.22,-0.03
LIRN,LICJ,0,78,4.45,14.21,-12.58,27.78,-0.01,0.05,-0.1,0.08
LIRN,LICJ,1,22,-10.45,18.23,-23.2,3.6,-0.09,0.08,-0.15,-0.0
LIRN,LICJ,2,19,6.94,11.62,-6.5,23.96,-0.06,0.05,-0.14,-0.0
LIRN,LIEO,0,53,-25.32,12.07,-46.14,-7.64,-0.12,0.05,-0.2,-0.04
LIRN,LIMC,0,222,-62.54,22.4,-88.39,-13.36,-0.26,0.09,-0.37,-0.1
LIRN,LIME,0,96,-26.46,8.94,-39.3,-9.6,-0.05,0.05,-0.13,0.03
LIRN,LIMF,0,70,-12.67,13.05,-27.39,3.24,-0.03,0.08,-0.13,0.04
LIRN,LIML,0,77,-23.36,15.04,-37.86,-4.44,-0.02,0.11,-0.1,0.11
LIRN,LIML,1,26,-20.34,7.02,-28.52,-11.02,-0.11,0.04,-0.17,-0.07
LIRN,LIML,2,37,-5.96,4.53,-11.98,1.58,-0.07,0.04,-0.13,0.0
LIRN,LIML,3,11,-10.61,6.03,-19.55,-3.0,-0.03,0.04,-0.08,0.03
LIRN,LIPZ,0,22,-39.54,20.83,-59.28,-9.26,-0.12,0.06,-0.2,-0.03
LIRN,LIPZ,1,65,-26.96,16.99,-54.6,0.96,-0.1,0.06,-0.2,-0.0
LIRN,LIPZ,2,19,-16.91,13.46,-39.71,0.11,-0.09,0.05,-0.16,-0.03
LIRN,LIRF,0,100,-66.93,18.12,-88.13,-27.35,-0.16,0.06,-0.25,-0.05
LIRN,LMML,0,31,18.9,14.8,-4.8,32.35,0.06,0.07,-0.01,0.16
LIRN,LMML,1,20,14.28,12.91,-1.35,33.49,0.02,0.06,-0.05,0.1
LIRN,LOWW,0,63,10.77,16.57,-9.04,41.94,0.07,0.07,-0.03,0.17
LIRN,LOWW,1,19,26.12,17.93,7.86,60.0,0.07,0.06,-0.02,0.17
LIRN,LSZH,0,21,-15.69,19.0,-42.1,13.4,0.03,0.12,-0.06,0.26
LIRN,LSZH,1,62,-25.15,17.06,-52.06,8.33,-0.01,0.11,-0.15,0.21
LIRN,LTFM,0,52,-25.96,15.07,-44.97,1.3,-0.02,0.07,-0.13,0.08
LIRP,EBCI,0,50,-52.57,20.77,-73.72,-8.36,-0.13,0.08,-0.23,0.01
LIRP,EDDF,0,53,-18.66,31.06,-55.86,39.76,-0.14,0.12,-0.26,0.14
LIRP,EGCC,0,52,7.55,16.16,-5.74,32.35,0.02,0.1,-0.13,0.18
LIRP,EGKK,0,69,11.69,17.07,-4.46,21.32,0.14,0.13,-0.04,0.32
LIRP,EGLL,0,64,7.8,16.16,-7.14,34.28,0.11,0.13,-0.03,0.36
LIRP,EGSS,0,95,2.9,14.16,-13.22,20.9,0.08,0.08,-0.03,0.21
LIRP,EHAM,0,15,2.6,17.17,-25.99,23.46,0.03,0.07,-0.06,0.14
LIRP,EHAM,1,35,7.06,17.19,-24.07,32.22,0.08,0.1,-0.11,0.25
LIRP,LATI,0,11,-2.08,34.08,-30.75,48.3,-0.02,0.09,-0.15,0.11
LIRP,LATI,1,25,-24.11,13.09,-41.92,1.98,-0.07,0.09,-0.19,0.13
LIRP,LATI,2,39,-42.98,17.93,-63.31,-8.66,-0.07,0.06,-0.14,0.03
LIRP,LATI,3,19,-39.06,15.74,-57.1,-17.47,-0.06,0.08,-0.17,0.05
LIRP,LICC,0,36,-23.05,20.37,-43.45,17.08,0.02,0.07,-0.11,0.11
LIRP,LICC,1,24,-31.69,15.65,-52.84,-3.45,-0.0,0.08,-0.11,0.13
LIRP,LICJ,0,60,11.89,23.87,-2.81,34.92,0.02,0.1,-0.07,0.11
LIRP,LIEE,0,40,2.52,20.52,-17.31,41.74,-0.03,0.09,-0.11,0.1
LIRP,LIEE,1,20,-14.97,14.33,-44.72,-0.85,-0.08,0.06,-0.16,0.01
LIRQ,EDDF,0,81,-32.83,16.27,-59.0,-4.6,-0.21,0.07,-0.31,-0.09
LIRQ,EDDF,1,26,-9.8,43.97,-46.25,8.9,-0.03,0.22,-0.16,0.05
LIRQ,EDDM,0,64,6.95,10.53,-4.4,27.35,-0.06,0.06,-0.14,0.06
LIRQ,EDDM,1,21,6.6,7.91,-2.7,21.6,-0.08,0.04,-0.12,-0.02
LIRQ,EGKK,0,60,-3.2,32.7,-39.7,63.13,0.19,0.17,-0.05,0.51
LIRQ,EGLC,0,55,-5.3,15.42,-19.13,16.83,0.02,0.07,-0.09,0.12
LIRQ,EHAM,0,44,-2.02,17.25,-29.14,21.62,0.05,0.09,-0.08,0.2
LIRQ,EHAM,1,87,5.76,9.14,-7.9,23.27,0.04,0.08,-0.07,0.2
LIRQ,EHAM,2,18,3.41,10.77,-13.51,21.32,0.04,0.1,-0.11,0.17
LIRQ,LEBL,0,75,-9.48,20.68,-34.86,30.21,-0.03,0.09,-0.19,0.12
LIRQ,LEMD,0,53,-4.68,10.41,-17.28,14.5,0.05,0.14,-0.11,0.31
LIRQ,LFPG,0,37,4.32,9.94,-9.94,21.74,0.07,0.06,-0.02,0.16
LIRQ,LFPG,1,62,4.23,9.09,-1.6,22.96,0.06,0.07,-0.03,0.19
LIRQ,LFPG,2,77,7.05,11.51,-0.46,37.02,0.06,0.05,-0.01,0.14
LIRQ,LFPO,0,53,-0.75,9.72,-13.18,13.2,0.06,0.06,-0.02,0.15
LIRQ,LIRF,0,52,-37.74,14.25,-51.84,-3.0,-0.15,0.05,-0.22,-0.06
LIRQ,LIRF,1,27,-30.65,14.45,-55.66,-4.58,-0.11,0.05,-0.18,-0.03
LIRQ,LIRF,2,30,-35.8,17.86,-53.62,-1.35,-0.18,0.05,-0.24,-0.08
LIRQ,LOWW,0,58,20.22,13.5,1.94,41.29,0.07,0.07,-0.02,0.16
LIRQ,LSZH,0,112,-11.64,18.86,-42.8,9.08,-0.01,0.08,-0.12,0.13
LJLJ,EDDF,0,61,-50.19,22.27,-82.2,-23.7,-0.21,0.07,-0.31,-0.09
LJLJ,EDDF,1,20,-55.07,20.98,-81.82,-27.22,-0.19,0.05,-0.25,-0.1
LJLJ,LTFM,0,52,-29.03,21.03,-50.89,25.05,0.0,0.12,-0.14,0.2
LJLJ,LYBE,0,80,-19.56,15.58,-30.5,11.66,-0.03,0.15,-0.39,0.15
LKPR,EBBR,0,77,-8.75,16.55,-18.74,11.96,-0.02,0.07,-0.11,0.08
LKPR,EDDF,0,90,-40.33,26.72,-64.64,2.48,-0.22,0.08,-0.34,-0.08
LKPR,EDDF,1,39,-32.66,18.3,-58.6,-3.7,-0.19,0.06,-0.28,-0.12
LKPR,EDDL,0,15,-20.87,17.17,-39.74,3.27,-0.07,0.04,-0.12,-0.01
LKPR,EDDL,1,38,-14.68,21.0,-37.54,7.27,0.02,0.08,-0.07,0.17
LKPR,EDDM,0,83,-18.39,16.53,-38.08,9.33,-0.13,0.06,-0.23,-0.03
LKPR,EFHK,0,16,-15.89,8.27,-26.75,-2.6,-0.0,0.1,-0.11,0.17
LKPR,EFHK,1,27,-14.59,12.17,-36.39,3.7,0.01,0.07,-0.09,0.11
LKPR,EFHK,2,20,-21.6,22.23,-42.2,26.83,-0.02,0.14,-0.23,0.18
LKPR,EFHK,3,15,-12.26,11.0,-30.72,-0.55,0.03,0.11,-0.08,0.23
LKPR,EGCC,0,35,-19.63,23.85,-51.64,12.86,0.02,0.11,-0.14,0.18
LKPR,EGCC,1,24,-13.86,22.94,-50.74,18.74,-0.02,0.09,-0.14,0.1
LKPR,EGLL,0,83,-5.26,12.78,-21.65,18.4,0.17,0.12,0.01,0.39
LKPR,EGLL,1,45,-16.02,18.17,-45.28,13.84,0.16,0.12,-0.01,0.37
LKPR,EGSS,0,74,-17.29,13.56,-34.14,7.08,0.05,0.08,-0.07,0.19
LKPR,EHAM,0,187,-2.81,11.4,-17.57,16.88,0.04,0.07,-0.07,0.14
LKPR,EKCH,0,34,-17.95,10.25,-31.58,-3.06,-0.09,0.06,-0.16,-0.01
LKPR,EKCH,1,16,-20.81,8.3,-32.72,-8.78,-0.08,0.04,-0.14,0.0
LKPR,EKCH,2,63,-19.71,11.05,-36.68,1.14,-0.12,0.06,-0.19,-0.0
LKPR,ENGM,0,28,-18.19,24.3,-47.24,38.1,-0.03,0.09,-0.14,0.12
LKPR,ENGM,1,28,-12.89,13.92,-38.82,6.89,-0.04,0.07,-0.15,0.05
LKPR,EPWA,0,121,-46.99,15.96,-68.4,-20.2,-0.07,0.05,-0.14,0.03
LKPR,ESSA,0,26,-4.31,10.0,-16.42,13.88,0.05,0.11,-0.07,0.26
LKPR,ESSA,1,16,-6.61,10.88,-19.1,8.43,0.04,0.09,-0.06,0.2
LKPR,ESSA,2,18,-9.05,12.51,-25.0,8.25,0.04,0.05,-0.04,0.11
LKPR,LCLK,0,20,2.48,16.07,-11.64,17.35,0.05,0.11,-0.1,0.23
LKPR,LCLK,1,19,-2.79,9.2,-14.95,9.64,0.04,0.08,-0.06,0.16
LKPR,LCLK,2,17,7.0,14.54,-14.06,25.56,0.05,0.1,-0.05,0.21
LKPR,LEBL,0,91,-15.61,46.57,-54.3,37.0,-0.02,0.16,-0.22,0.24
LKPR,LEMD,0,28,-16.78,15.3,-30.46,18.6,-0.03,0.13,-0.2,0.19
LKPR,LEMD,1,28,-9.55,14.21,-29.61,15.49,-0.03,0.16,-0.21,0.22
LKPR,LEPA,0,50,-20.85,22.73,-47.23,13.12,-0.02,0.14,-0.23,0.16
LKPR,LFPG,0,84,-2.32,17.48,-15.17,36.85,0.04,0.06,-0.05,0.13
LKPR,LFPG,1,83,-15.25,9.8,-28.16,0.08,0.02,0.06,-0.08,0.11
LKPR,LGIR,0,27,-3.32,8.05,-15.92,9.56,-0.01,0.1,-0.12,0.16
LKPR,LGIR,1,23,-7.53,7.65,-19.35,6.66,-0.03,0.1,-0.15,0.13
LKPR,LGRP,0,34,8.34,8.16,-2.4,18.46,-0.02,0.1,-0.15,0.15
LKPR,LGRP,1,26,4.13,8.37,-9.28,19.0,0.0,0.08,-0.11,0.19
LKPR,LHBP,0,53,-21.67,13.56,-37.2,0.9,-0.02,0.06,-0.1,0.09
LKPR,LIMC,0,62,-55.0,18.36,-74.68,-19.16,-0.22,0.09,-0.33,-0.06
LKPR,LIMC,1,18,-52.87,21.44,-78.62,-20.66,-0.21,0.17,-0.34,0.03
LKPR,LIMC,2,22,-47.05,23.48,-82.82,-11.77,-0.15,0.06,-0.24,-0.03
LKPR,LIRF,0,51,-43.34,18.79,-71.45,-7.8,-0.14,0.08,-0.26,-0.01
LKPR,LIRF,1,65,-51.08,21.57,-72.68,-4.74,-0.14,0.09,-0.29,0.03
LKPR,LLBG,0,25,-13.48,25.27,-54.9,16.2,-0.05,0.11,-0.18,0.12
LKPR,LLBG,1,22,-8.57,6.77,-16.88,1.76,-0.09,0.1,-0.21,0.07
LKPR,LLBG,2,19,-5.86,19.28,-25.55,19.02,-0.0,0.1,-0.14,0.15
LKPR,LOWW,0,90,8.37,15.84,-8.92,35.77,0.07,0.06,0.01,0.17
LKPR,LSZH,0,93,-31.12,11.36,-41.42,-8.16,-0.04,0.08,-0.14,0.13
LKPR,LTAI,0,30,-7.19,12.37,-26.9,11.69,0.04,0.14,-0.15,0.27
LKPR,LTAI,1,54,-0.77,20.89,-21.22,30.5,0.04,0.13,-0.11,0.23
LKPR,LTFM,0,91,-17.94,29.2,-40.9,13.55,-0.01,0.11,-0.15,0.17
LKPR,OMDB,0,69,22.99,28.72,-6.74,57.46,0.2,0.18,-0.08,0.49
LKPR,OTHH,0,31,49.79,62.11,-1.8,202.05,0.12,0.12,-0.02,0.34
LKPR,OTHH,1,20,32.64,32.35,10.03,108.43,0.07,0.22,-0.22,0.37
LLBG,EBBR,0,15,8.77,14.56,-8.02,26.77,-0.14,0.13,-0.35,-0.01
LLBG,EBBR,1,51,8.08,19.72,-10.95,48.45,-0.15,0.14,-0.38,0.05
LLBG,EDDB,0,46,2.23,23.15,-23.15,27.65,0.03,0.2,-0.22,0.19
LLBG,EDDB,1,31,5.41,12.08,-10.0,23.55,0.04,0.11,-0.15,0.18
LLBG,EDDF,0,37,-26.66,27.05,-58.42,15.68,-0.15,0.13,-0.33,0.03
LLBG,EDDF,1,78,-13.49,32.99,-54.55,41.55,-0.12,0.23,-0.35,0.08
LLBG,EDDM,0,33,13.39,35.38,-20.04,96.84,-0.07,0.11,-0.2,0.08
LLBG,EDDM,1,53,11.95,18.12,-4.06,34.04,-0.05,0.12,-0.23,0.07
LLBG,EGGW,0,27,-17.31,25.1,-53.33,28.0,-0.01,0.14,-0.23,0.21
LLBG,EGGW,1,80,-15.33,20.61,-45.09,15.06,-0.0,0.26,-0.27,0.25
LLBG,EGLL,0,77,5.39,23.33,-19.54,54.14,0.16,0.18,-0.13,0.43
LLBG,EGLL,1,34,8.66,13.84,-7.29,34.9,0.18,0.19,-0.11,0.46
LLBG,EGLL,2,41,16.49,34.49,-8.1,77.7,0.24,0.17,-0.02,0.56
LLBG,EHAM,0,32,18.77,29.5,-6.48,95.51,0.11,0.27,-0.2,0.4
LLBG,EHAM,1,32,9.67,10.63,-2.16,31.87,0.07,0.14,-0.12,0.31
LLBG,EHAM,2,15,38.11,19.28,12.36,53.12,0.22,0.31,-0.08,0.64
LLBG,EHAM,3,19,15.71,26.36,-2.96,32.47,0.1,0.2,-0.18,0.38
LLBG,EHAM,4,26,13.08,10.71,3.38,37.0,0.04,0.13,-0.12,0.24
LLBG,EPWA,0,78,-29.4,24.81,-57.16,20.8,-0.01,0.15,-0.18,0.19
LLBG,EPWA,1,21,-21.77,33.12,-61.6,29.4,-0.04,0.14,-0.23,0.25
LLBG,HAAB,0,57,-17.95,13.06,-41.14,0.0,-0.05,0.11,-0.24,0.07
LLBG,KEWR,0,38,3.49,77.44,-68.58,120.54,0.11,0.53,-0.45,0.45
LLBG,KEWR,1,34,0.66,45.42,-67.44,64.84,0.16,0.26,-0.2,0.58
LLBG,KEWR,2,27,-12.17,63.12,-65.27,117.26,0.21,0.27,-0.22,0.59
LLBG,KJFK,0,16,2.02,35.1,-42.28,49.9,0.14,0.38,-0.33,0.75
LLBG,KJFK,1,22,-0.25,43.77,-59.23,62.3,0.04,0.34,-0.54,0.56
LLBG,KJFK,2,32,0.19,56.16,-64.66,121.31,0.09,0.35,-0.48,0.61
LLBG,KJFK,3,20,-13.05,46.89,-66.24,66.22,0.15,0.29,-0.33,0.61
LLBG,KJFK,4,17,-3.06,39.8,-48.68,56.18,0.11,0.41,-0.43,0.75
LLBG,LBSF,0,18,-51.38,26.53,-74.7,-1.56,-0.09,0.08,-0.17,0.04
LLBG,LBSF,1,57,-16.62,171.91,-65.96,-6.42,-0.04,0.22,-0.16,0.06
LLBG,LCLK,0,193,-7.7,14.57,-19.52,3.16,0.06,0.13,-0.02,0.12
LLBG,LCLK,1,69,-7.29,13.51,-17.86,0.48,0.07,0.08,0.01,0.15
LLBG,LCPH,0,75,-10.59,11.9,-26.23,9.28,0.01,0.06,-0.06,0.08
LLBG,LCPH,1,23,-14.18,14.91,-24.55,4.89,0.0,0.06,-0.04,0.04
LLBG,LCPH,2,22,-9.18,12.3,-24.44,11.88,-0.02,0.06,-0.09,0.08
LLBG,LEBL,0,101,0.29,17.38,-16.6,28.8,0.13,0.13,-0.09,0.33
LLBG,LEMD,0,99,1.16,14.29,-12.45,26.97,0.02,0.19,-0.26,0.28
LLBG,LEMD,1,20,-2.91,20.6,-22.04,21.53,0.01,0.1,-0.12,0.18
LLBG,LFPG,0,43,2.44,23.47,-21.67,23.98,0.05,0.21,-0.21,0.41
LLBG,LFPG,1,20,0.32,21.79,-30.2,27.5,0.07,0.13,-0.16,0.23
LLBG,LFPG,2,32,0.18,37.64,-37.47,83.78,0.07,0.19,-0.2,0.42
LLBG,LFPG,3,72,-6.18,20.98,-32.34,31.66,0.05,0.19,-0.23,0.32
LLBG,LFPO,0,19,5.17,20.92,-13.93,54.25,0.15,0.33,-0.12,0.4
LLBG,LFPO,1,22,1.6,25.36,-17.76,50.07,0.07,0.11,-0.11,0.21
LLBG,LFPO,2,35,5.25,14.28,-11.72,33.14,0.07,0.14,-0.17,0.23
LLBG,LGAV,0,233,18.06,20.32,5.06,47.84,0.1,0.1,0.01,0.23
LLBG,LGIR,0,149,3.46,16.8,-2.9,24.6,0.05,0.08,-0.04,0.16
LLBG,LGRP,0,43,-10.79,14.72,-20.89,22.92,-0.02,0.05,-0.1,0.07
LLBG,LGRP,1,57,-0.76,6.46,-7.72,9.68,0.02,0.04,-0.05,0.09
LLBG,LGRP,2,26,12.54,24.17,-7.93,62.1,0.04,0.1,-0.06,0.14
LLBG,LGTS,0,43,-10.0,16.97,-28.36,9.94,-0.02,0.07,-0.12,0.09
LLBG,LGTS,1,22,-9.26,17.89,-35.86,20.59,-0.01,0.09,-0.14,0.12
LLBG,LHBP,0,35,-20.37,19.09,-47.71,-0.99,0.02,0.1,-0.12,0.17
LLBG,LHBP,1,34,-30.31,14.57,-47.21,-9.42,-0.05,0.1,-0.23,0.07
LLBG,LHBP,2,27,-23.8,21.95,-46.06,20.1,-0.02,0.1,-0.18,0.13
LLBG,LHBP,3,23,-25.26,71.51,-66.29,131.13,0.0,0.26,-0.18,0.69
LLBG,LIMC,0,38,-43.71,22.52,-63.74,3.76,-0.19,0.15,-0.43,0.05
LLBG,LIMC,1,38,-42.67,20.52,-62.02,-2.83,-0.19,0.14,-0.36,0.04
LLBG,LIMC,2,33,-52.0,23.79,-77.02,-9.24,-0.22,0.13,-0.39,-0.0
LLBG,LIRF,0,187,-30.91,23.26,-58.27,8.07,-0.05,0.11,-0.25,0.09
LLBG,LKPR,0,17,-19.74,15.08,-37.7,-0.34,-0.07,0.08,-0.17,0.05
LLBG,LKPR,1,30,-15.62,7.59,-26.73,-4.44,-0.05,0.1,-0.21,0.09
LLBG,LKPR,2,19,-16.31,6.39,-25.0,-9.15,-0.05,0.12,-0.23,0.12
LLBG,LLER,0,250,-14.34,12.86,-35.03,7.87,-0.0,0.1,-0.09,0.08
LLBG,LOWW,0,51,-4.99,15.49,-24.4,26.2,-0.0,0.11,-0.18,0.17
LLBG,LOWW,1,49,10.36,35.04,-19.12,50.12,0.03,0.24,-0.17,0.14
LLBG,LOWW,2,55,7.19,18.93,-19.74,43.19,0.03,0.09,-0.11,0.2
LLBG,LOWW,3,30,12.2,26.2,-10.68,55.04,0.01,0.11,-0.15,0.19
LLBG,LPPT,0,53,-44.09,17.28,-69.42,-17.7,-0.02,0.17,-0.28,0.23
LLBG,LROP,0,137,-23.48,12.9,-42.24,-1.18,-0.06,0.06,-0.16,0.06
LLBG,LSZH,0,58,15.58,18.91,-4.06,35.76,0.04,0.19,-0.19,0.26
LLBG,LSZH,1,28,-9.08,20.45,-41.26,20.0,-0.04,0.12,-0.26,0.1
LLBG,LTAI,0,131,1.79,25.58,-25.35,45.1,0.1,0.13,-0.02,0.31
LLBG,LTAI,1,71,8.92,21.79,-21.0,43.3,0.1,0.08,-0.01,0.26
LLBG,LTFJ,0,185,-22.89,28.47,-52.68,33.78,0.01,0.15,-0.14,0.29
LLBG,LTFJ,1,20,-21.53,17.97,-43.68,1.28,-0.07,0.09,-0.19,0.05
LLBG,LTFM,0,19,-16.95,18.38,-44.46,10.54,0.02,0.07,-0.09,0.13
LLBG,LTFM,1,193,-21.0,23.24,-52.16,7.74,-0.02,0.12,-0.18,0.14
LLBG,LTFM,2,94,-12.17,32.78,-44.25,15.97,-0.02,0.14,-0.15,0.17
LLBG,LTFM,3,17,-25.8,18.31,-51.06,2.4,-0.04,0.07,-0.12,0.09
LLBG,LUKK,0,56,-18.07,12.89,-35.6,4.38,-0.06,0.08,-0.21,0.08
LLBG,LUKK,1,3,-32.67,91.61,-86.87,57.4,-0.09,0.26,-0.27,0.17
LLBG,OJAI,0,63,14.04,12.13,-1.28,36.02,0.17,0.07,0.09,0.29
LLBG,OMAA,0,37,23.68,13.26,2.38,41.6,0.05,0.11,-0.09,0.16
LLBG,OMAA,1,23,26.4,7.98,15.75,36.38,0.05,0.09,-0.1,0.17
LLBG,OMDB,0,115,12.65,21.77,-16.73,47.17,0.14,0.14,-0.03,0.35
LLBG,OMDB,1,118,11.16,13.67,-6.7,33.03,0.06,0.09,-0.07,0.2
LLBG,UGTB,0,66,-24.84,19.48,-48.95,-6.65,-0.03,0.13,-0.17,0.1
LLBG,UGTB,1,15,-20.53,11.75,-35.9,-0.1,-0.04,0.06,-0.15,0.04
LLER,LLBG,0,255,-28.81,9.7,-42.56,-1.89,-0.13,0.05,-0.2,-0.04
LMML,EDDF,0,50,-26.71,22.77,-49.37,12.54,-0.2,0.1,-0.34,0.02
LMML,EDDF,1,25,-26.47,16.54,-54.34,-6.42,-0.21,0.11,-0.38,-0.01
LMML,EDDM,0,53,3.29,26.99,-24.86,33.68,-0.04,0.11,-0.19,0.14
LMML,EDDM,1,27,13.07,10.38,-2.08,26.35,-0.05,0.09,-0.19,0.1
LMML,EGCC,0,57,19.72,22.12,3.06,63.3,0.04,0.13,-0.15,0.28
LMML,EGCC,1,14,15.81,22.25,-5.0,53.57,0.01,0.12,-0.09,0.23
LMML,EGKK,0,132,13.53,25.22,-7.34,53.35,0.13,0.15,-0.08,0.41
LMML,EGLL,0,65,10.39,25.13,-8.6,67.1,0.18,0.17,-0.04,0.48
LMML,LFPO,0,28,1.14,27.3,-19.7,22.79,0.04,0.12,-0.1,0.27
LMML,LFPO,1,35,6.2,28.74,-18.0,32.75,0.06,0.11,-0.07,0.25
LMML,LICC,0,142,-13.95,11.61,-28.15,9.66,-0.04,0.06,-0.13,0.07
LMML,LIPE,0,69,-3.39,10.15,-18.64,11.3,0.01,0.11,-0.12,0.16
LMML,LIRF,0,95,-38.78,27.05,-77.15,-1.0,-0.15,0.07,-0.23,-0.06
LMML,LIRN,0,35,-20.99,20.24,-45.79,3.7,-0.06,0.06,-0.15,0.04
LMML,LIRN,1,16,-38.72,24.11,-61.2,-1.15,-0.06,0.12,-0.22,0.11
LMML,LOWW,0,37,13.98,18.95,-8.88,32.34,0.08,0.1,-0.07,0.28
LMML,LOWW,1,15,19.0,10.85,3.82,33.31,0.09,0.1,-0.05,0.22
LMML,LSZH,0,56,-2.96,15.8,-31.88,22.65,0.02,0.11,-0.13,0.22
LMML,LTFM,0,59,-10.99,29.77,-41.31,53.62,-0.01,0.11,-0.12,0.21
LOWG,EDDF,0,98,-13.38,20.88,-46.52,11.33,-0.15,0.06,-0.24,-0.05
LOWG,EDDM,0,74,14.31,14.02,-2.88,42.19,-0.0,0.05,-0.08,0.08
LOWG,LOWW,0,73,20.39,13.3,4.06,43.1,0.13,0.04,0.08,0.2
LOWI,EDDF,0,72,-34.64,22.54,-70.9,-9.91,-0.16,0.06,-0.25,-0.07
LOWI,LOWW,0,79,5.91,12.84,-7.64,27.29,0.05,0.05,-0.03,0.13
LOWK,LOWW,0,53,16.4,9.32,3.86,34.78,0.1,0.04,0.06,0.16
LOWL,EDDF,0,52,-15.71,21.89,-46.46,10.65,-0.15,0.06,-0.24,-0.06
LOWS,EDDF,0,99,-27.12,23.11,-58.1,1.3,-0.2,0.05,-0.29,-0.12
LOWS,EDDL,0,50,-17.47,12.15,-30.46,8.62,0.0,0.09,-0.09,0.11
LOWW,BKPR,0,65,-23.09,20.18,-57.32,11.2,-0.01,0.07,-0.13,0.1
LOWW,EBBR,0,155,5.47,9.98,-5.6,23.32,0.0,0.07,-0.1,0.11
LOWW,EBBR,1,18,-2.36,5.83,-9.0,9.41,-0.0,0.05,-0.08,0.06
LOWW,EBBR,2,16,-20.61,27.12,-56.5,17.6,0.0,0.1,-0.11,0.13
LOWW,EDDB,0,221,5.05,8.76,-6.9,19.8,0.03,0.05,-0.04,0.12
LOWW,EDDF,0,376,-17.22,22.86,-49.72,8.6,-0.1,0.07,-0.19,0.0
LOWW,EDDH,0,193,-36.23,15.38,-50.24,-5.32,-0.09,0.06,-0.18,0.01
LOWW,EDDK,0,56,-1.0,13.73,-19.7,19.28,0.03,0.06,-0.07,0.12
LOWW,EDDK,1,117,-1.85,13.26,-21.34,14.12,-0.01,0.06,-0.11,0.07
LOWW,EDDL,0,67,-7.55,10.13,-22.27,9.39,-0.01,0.05,-0.08,0.08
LOWW,EDDL,1,78,-7.53,22.02,-21.14,15.51,0.03,0.1,-0.06,0.12
LOWW,EDDL,2,30,-11.45,15.67,-34.26,13.71,0.02,0.07,-0.05,0.14
LOWW,EDDL,3,30,-9.15,13.29,-23.54,16.94,0.02,0.06,-0.06,0.12
LOWW,EDDM,0,171,10.82,15.45,-7.8,38.0,-0.02,0.06,-0.11,0.07
LOWW,EDDP,0,68,-58.97,16.61,-82.9,-33.8,-0.06,0.05,-0.13,0.03
LOWW,EDDS,0,141,6.4,11.58,-6.9,21.1,0.05,0.06,-0.05,0.12
LOWW,EDDV,0,45,0.23,13.21,-15.6,20.44,-0.0,0.05,-0.08,0.06
LOWW,EDDV,1,32,-2.85,19.45,-25.83,26.52,-0.01,0.05,-0.09,0.06
LOWW,EFHK,0,74,-1.66,13.25,-21.28,21.35,0.05,0.12,-0.12,0.24
LOWW,EGKK,0,60,12.45,16.43,-6.84,43.68,0.15,0.13,-0.01,0.35
LOWW,EGLL,0,48,8.11,15.27,-8.39,34.45,0.18,0.14,0.01,0.43
LOWW,EGLL,1,150,11.8,11.16,-2.36,30.96,0.18,0.13,0.01,0.4
LOWW,EGSS,0,31,10.28,10.45,-4.35,26.9,0.09,0.08,-0.02,0.22
LOWW,EGSS,1,29,2.64,8.33,-6.16,18.36,0.09,0.09,-0.06,0.24
LOWW,EHAM,0,225,8.12,7.96,-2.38,21.52,0.08,0.07,-0.02,0.2
LOWW,EHAM,1,30,11.24,9.13,-0.55,26.0,0.07,0.1,-0.06,0.22
LOWW,EIDW,0,51,-8.14,18.58,-23.0,34.05,-0.01,0.17,-0.16,0.23
LOWW,EKCH,0,168,-13.68,12.03,-33.32,2.79,-0.06,0.06,-0.16,0.03
LOWW,ELLX,0,73,-19.98,10.48,-38.7,-5.52,-0.15,0.15,-0.48,0.01
LOWW,ENGM,0,15,-11.99,15.47,-29.09,11.65,0.01,0.1,-0.1,0.17
LOWW,ENGM,1,43,-12.19,15.22,-36.91,9.11,-0.02,0.09,-0.15,0.14
LOWW,EPKK,0,90,-27.1,22.79,-59.6,6.04,-0.07,0.06,-0.16,0.01
LOWW,EPWA,0,132,-26.09,16.39,-50.69,-3.87,-0.02,0.05,-0.1,0.06
LOWW,EPWA,1,53,-34.08,13.11,-48.92,-7.22,-0.03,0.06,-0.1,0.08
LOWW,ESSA,0,37,-9.97,16.85,-22.44,9.12,0.06,0.13,-0.14,0.23
LOWW,ESSA,1,96,4.32,22.28,-18.42,27.58,0.07,0.12,-0.06,0.33
LOWW,EVRA,0,51,0.49,17.84,-24.95,22.95,0.04,0.12,-0.12,0.24
LOWW,HECA,0,37,9.94,9.93,-2.26,29.46,0.1,0.11,-0.06,0.31
LOWW,HECA,1,24,4.95,13.41,-13.13,23.65,0.08,0.1,-0.07,0.21
LOWW,LATI,0,65,-26.11,12.26,-36.58,-1.86,-0.0,0.06,-0.09,0.1
LOWW,LATI,1,17,-25.16,13.58,-38.02,-1.2,0.01,0.12,-0.11,0.22
LOWW,LBSF,0,97,-43.53,18.86,-63.3,-12.58,-0.06,0.06,-0.15,0.04
LOWW,LBSF,1,33,-19.05,13.82,-43.02,-4.4,-0.01,0.08,-0.08,0.08
LOWW,LCLK,0,16,3.99,9.27,-6.25,19.7,0.04,0.09,-0.07,0.16
LOWW,LCLK,1,62,-3.6,15.13,-19.69,28.43,0.04,0.1,-0.1,0.18
LOWW,LDDU,0,33,-0.66,6.4,-7.32,11.86,0.03,0.05,-0.04,0.12
LOWW,LDDU,1,24,-0.65,8.75,-8.78,15.03,0.01,0.05,-0.05,0.08
LOWW,LDSP,0,31,0.69,9.55,-13.05,15.35,0.05,0.09,-0.09,0.19
LOWW,LDSP,1,42,10.28,14.99,-7.02,34.77,0.08,0.06,0.01,0.21
LOWW,LDZA,0,72,-4.5,13.62,-27.8,17.44,0.02,0.06,-0.06,0.12
LOWW,LEBL,0,158,-4.72,17.0,-20.27,14.01,-0.0,0.13,-0.17,0.23
LOWW,LEMD,0,129,-0.07,12.93,-11.86,24.28,-0.02,0.16,-0.23,0.31
LOWW,LEMG,0,75,-6.07,23.16,-26.35,44.47,0.07,0.15,-0.12,0.33
LOWW,LEPA,0,150,-3.55,15.02,-18.22,22.21,0.04,0.14,-0.14,0.29
LOWW,LEPA,1,43,-1.56,16.48,-18.82,35.87,0.04,0.12,-0.15,0.21
LOWW,LFMN,0,49,-49.12,14.09,-68.54,-28.48,-0.14,0.08,-0.28,-0.02
LOWW,LFMN,1,16,-8.67,16.34,-25.55,20.27,0.03,0.09,-0.08,0.15
LOWW,LFMN,2,16,-44.81,14.06,-56.85,-17.4,-0.09,0.15,-0.24,0.21
LOWW,LFPG,0,115,-1.91,12.82,-10.13,19.78,0.04,0.09,-0.07,0.16
LOWW,LFPG,1,114,3.55,15.99,-11.04,30.54,0.06,0.07,-0.05,0.17
LOWW,LFPG,2,40,-6.66,22.56,-34.29,33.13,0.02,0.07,-0.1,0.13
LOWW,LGAV,0,54,-1.77,14.29,-18.46,23.36,0.03,0.09,-0.11,0.18
LOWW,LGAV,1,42,-6.24,17.74,-30.3,33.37,0.04,0.1,-0.1,0.18
LOWW,LGAV,2,21,-11.17,25.18,-38.4,49.0,0.07,0.2,-0.08,0.29
LOWW,LGIR,0,59,-8.36,12.92,-20.81,11.39,-0.0,0.09,-0.11,0.17
LOWW,LGIR,1,25,-3.99,10.63,-14.42,16.52,0.01,0.09,-0.12,0.15
LOWW,LGIR,2,16,-4.43,8.77,-12.92,14.02,-0.0,0.07,-0.09,0.1
LOWW,LGRP,0,59,0.34,9.61,-13.87,19.54,0.01,0.08,-0.08,0.18
LOWW,LGTS,0,16,-26.01,20.48,-52.82,-1.3,-0.05,0.1,-0.13,0.08
LOWW,LGTS,1,60,-14.73,35.96,-37.61,16.37,-0.01,0.12,-0.11,0.11
LOWW,LHBP,0,90,-15.59,16.02,-32.8,10.37,-0.01,0.05,-0.08,0.07
LOWW,LIMC,0,108,-39.0,17.36,-56.76,-5.92,-0.14,0.1,-0.26,-0.0
LOWW,LIMC,1,78,-39.75,19.06,-59.21,-5.7,-0.14,0.1,-0.26,-0.01
LOWW,LIME,0,60,-40.53,19.1,-63.8,-2.85,-0.08,0.09,-0.17,0.03
LOWW,LIPE,0,84,-5.05,16.17,-18.55,14.44,-0.01,0.12,-0.13,0.16
LOWW,LIPZ,0,172,-34.86,19.07,-58.94,-2.51,-0.08,0.07,-0.17,0.04
LOWW,LIRF,0,152,-30.95,20.35,-53.99,5.54,-0.08,0.08,-0.2,0.08
LOWW,LIRN,0,15,-18.67,17.4,-39.1,5.61,-0.07,0.06,-0.14,0.04
LOWW,LIRN,1,45,-25.16,18.63,-52.18,3.36,-0.06,0.09,-0.16,0.08
LOWW,LIRN,2,22,-21.53,21.43,-51.6,14.03,-0.05,0.1,-0.19,0.11
LOWW,LIRQ,0,58,19.18,5.55,10.82,30.03,0.02,0.06,-0.07,0.1
LOWW,LKPR,0,91,-11.25,7.97,-22.15,2.35,0.01,0.03,-0.03,0.08
LOWW,LLBG,0,93,-4.18,13.45,-16.84,22.22,0.01,0.1,-0.13,0.18
LOWW,LLBG,1,37,0.66,17.68,-20.32,30.12,0.05,0.1,-0.11,0.21
LOWW,LLBG,2,34,9.75,20.11,-12.37,56.37,0.05,0.11,-0.08,0.19
LOWW,LLBG,3,17,-3.38,13.38,-20.64,20.36,0.01,0.1,-0.11,0.13
LOWW,LMML,0,52,15.23,21.42,-8.4,68.34,0.05,0.12,-0.12,0.24
LOWW,LOWG,0,73,0.5,5.88,-8.9,12.46,0.1,0.03,0.05,0.15
LOWW,LOWI,0,51,-2.74,4.93,-7.8,3.0,0.01,0.04,-0.05,0.06
LOWW,LOWI,1,28,6.43,29.86,-7.96,63.65,0.09,0.08,0.02,0.29
LOWW,LOWK,0,53,-2.93,2.91,-4.6,1.7,0.05,0.03,0.01,0.1
LOWW,LPPT,0,65,1.13,16.56,-19.3,26.32,0.06,0.14,-0.13,0.31
LOWW,LQSA,0,59,1.75,2.03,-1.11,4.79,0.06,0.13,-0.0,0.12
LOWW,LROP,0,152,-39.96,11.1,-51.44,-18.22,-0.05,0.06,-0.14,0.06
LOWW,LSGG,0,30,-5.69,15.24,-33.62,12.71,0.01,0.08,-0.1,0.08
LOWW,LSGG,1,48,-0.52,10.52,-10.06,17.5,0.01,0.07,-0.09,0.15
LOWW,LSZH,0,230,14.94,12.81,-4.06,30.82,0.07,0.08,-0.03,0.19
LOWW,LTAI,0,44,-3.51,11.81,-23.38,10.18,0.07,0.1,-0.06,0.24
LOWW,LTAI,1,120,-13.17,14.41,-36.92,11.65,0.04,0.09,-0.1,0.2
LOWW,LTFJ,0,67,-14.5,18.85,-37.0,17.79,-0.03,0.11,-0.21,0.15
LOWW,LTFJ,1,32,-28.78,33.27,-63.26,37.77,-0.02,0.15,-0.2,0.28
LOWW,LTFM,0,78,-34.54,17.75,-53.4,-3.86,-0.03,0.13,-0.18,0.15
LOWW,LTFM,1,42,-25.13,11.98,-40.65,-3.6,-0.04,0.08,-0.15,0.1
LOWW,LWSK,0,21,11.13,5.75,3.6,20.1,0.05,0.04,0.0,0.1
LOWW,LWSK,1,17,16.64,7.86,0.42,26.74,0.09,0.04,0.02,0.14
LOWW,LWSK,2,22,8.19,30.06,-21.34,55.75,0.06,0.08,-0.03,0.15
LOWW,LYBE,0,111,-16.33,16.28,-30.25,19.55,-0.01,0.2,-0.22,0.29
LOWW,LYBE,1,45,-23.77,19.38,-41.9,18.18,0.02,0.06,-0.07,0.13
LOWW,LYPG,0,70,-15.16,7.89,-25.31,-1.25,0.02,0.07,-0.07,0.12
LOWW,OJAI,0,18,16.22,127.48,-80.85,219.18,0.07,0.33,-0.2,0.61
LOWW,OJAI,1,43,12.35,10.69,-1.62,33.39,0.09,0.09,-0.05,0.23
LOWW,OMDB,0,30,21.43,13.22,1.1,42.65,0.26,0.11,0.08,0.43
LOWW,OMDB,1,30,22.37,16.96,-3.48,50.0,0.26,0.13,0.05,0.5
LOWW,OTHH,0,60,28.78,24.13,-10.32,68.93,0.1,0.21,-0.2,0.41
LOWW,UDYZ,0,50,5.34,15.03,-8.93,41.38,0.06,0.08,-0.05,0.2
LPAZ,LPPD,0,133,-4.87,5.81,-9.0,10.46,-0.05,0.04,-0.09,0.05
LPFL,LPPD,0,55,6.36,6.65,-0.1,21.02,0.01,0.09,-0.08,0.18
LPFR,EBBR,0,43,21.98,21.92,-10.35,49.16,-0.02,0.11,-0.17,0.22
LPFR,EBBR,1,16,26.96,24.81,-1.02,71.82,-0.01,0.13,-0.16,0.21
LPFR,EDDF,0,27,-47.84,13.33,-71.02,-29.02,-0.2,0.15,-0.34,0.06
LPFR,EDDF,1,15,-34.23,27.8,-66.92,9.64,-0.16,0.17,-0.36,0.09
LPFR,EDDF,2,21,-74.94,20.51,-103.8,-41.3,-0.27,0.11,-0.43,-0.12
LPFR,EDDL,0,30,-3.89,15.71,-25.58,23.44,0.02,0.12,-0.2,0.2
LPFR,EDDL,1,21,-10.47,18.12,-41.3,15.1,0.01,0.12,-0.15,0.2
LPFR,EGAA,0,56,21.6,10.44,5.9,38.95,0.07,0.14,-0.14,0.3
LPFR,EGAA,1,38,21.29,13.17,5.78,51.11,0.05,0.15,-0.12,0.36
LPFR,EGBB,0,39,-5.95,30.17,-51.54,31.6,-0.01,0.14,-0.23,0.23
LPFR,EGBB,1,21,5.35,18.81,-22.7,33.4,-0.06,0.11,-0.2,0.09
LPFR,EGBB,2,41,4.29,16.29,-21.3,28.9,-0.01,0.12,-0.21,0.19
LPFR,EGCC,0,144,14.79,27.78,-18.74,53.98,0.07,0.16,-0.15,0.35
LPFR,EGCC,1,19,23.3,14.08,-7.44,40.29,0.07,0.13,-0.12,0.22
LPFR,EGGD,0,130,19.83,13.65,-0.16,39.26,0.01,0.13,-0.16,0.28
LPFR,EGGP,0,60,17.35,11.23,6.3,40.21,0.03,0.13,-0.13,0.27
LPFR,EGGP,1,21,6.38,27.31,-23.6,52.0,0.05,0.14,-0.12,0.21
LPFR,EGGW,0,91,-43.54,24.24,-67.7,-3.5,-0.13,0.16,-0.34,0.14
LPFR,EGGW,1,18,-41.39,24.29,-66.9,-5.91,-0.09,0.1,-0.22,0.04
LPFR,EGKK,0,248,22.35,19.7,-7.13,62.28,0.16,0.17,-0.11,0.43
LPFR,EGKK,1,57,21.29,11.75,-0.04,41.06,0.15,0.19,-0.12,0.5
LPFR,EGLL,0,55,22.14,13.95,3.92,50.64,0.1,0.13,-0.08,0.3
LPFR,EGNM,0,66,17.61,29.78,-3.6,102.48,0.03,0.15,-0.16,0.3
LPFR,EGNX,0,34,-1.58,21.99,-23.49,43.78,0.01,0.12,-0.13,0.25
LPFR,EGNX,1,38,3.75,12.03,-17.5,24.54,0.04,0.11,-0.12,0.23
LPFR,EGNX,2,22,8.58,24.33,-11.46,58.5,-0.03,0.12,-0.22,0.16
LPFR,EGPH,0,21,19.84,12.25,-1.5,37.1,0.03,0.12,-0.17,0.22
LPFR,EGPH,1,37,15.1,19.55,-9.86,50.0,0.04,0.15,-0.14,0.34
LPFR,EGSS,0,106,12.16,10.55,2.05,32.83,0.07,0.12,-0.08,0.29
LPFR,EGSS,1,24,5.97,36.98,-9.88,38.97,0.07,0.14,-0.08,0.23
LPFR,EHAM,0,76,18.62,18.79,-13.75,47.4,0.05,0.13,-0.13,0.3
LPFR,EHEH,0,73,4.98,15.95,-15.26,34.14,-0.06,0.1,-0.2,0.09
LPFR,EIDW,0,51,-22.75,19.35,-46.25,11.1,-0.09,0.15,-0.31,0.09
LPFR,EIDW,1,84,-8.78,19.59,-30.27,20.11,-0.04,0.21,-0.26,0.4
LPFR,EIDW,2,56,-3.13,11.35,-21.35,13.15,-0.14,0.15,-0.34,0.1
LPFR,EIDW,3,31,-23.99,21.67,-56.55,15.6,-0.09,0.19,-0.29,0.34
LPFR,LFPO,0,55,1.84,19.26,-23.73,33.99,-0.03,0.11,-0.19,0.14
LPFR,LFPO,1,17,-27.79,12.55,-43.32,-10.42,-0.07,0.1,-0.21,0.07
LPFR,LFPO,2,31,-17.94,15.68,-41.55,0.3,-0.06,0.11,-0.21,0.11
LPFR,LPPR,0,91,1.48,21.39,-23.4,30.9,0.03,0.07,-0.05,0.16
LPFR,LPPT,0,118,-22.96,26.17,-47.8,32.52,-0.04,0.1,-0.14,0.18
LPGR,LPLA,0,61,0.0,0.0,0.0,0.0,0.01,0.02,-0.01,0.06
LPHR,LPLA,0,65,0.0,0.0,0.0,0.0,0.01,0.02,-0.03,0.04
LPHR,LPPD,0,110,5.54,7.52,0.05,21.98,0.02,0.06,-0.05,0.11
LPLA,LPGR,0,62,-0.01,1.32,-0.4,4.4,0.03,0.03,0.0,0.09
LPLA,LPHR,0,65,-0.01,0.1,0.0,0.0,-0.02,0.05,-0.06,0.05
LPLA,LPPD,0,201,8.21,8.7,0.5,24.5,0.04,0.05,-0.02,0.14
LPLA,LPPI,0,72,-0.01,0.98,-0.5,1.8,-0.02,0.03,-0.05,0.03
LPLA,LPPT,0,106,-13.39,26.49,-35.6,31.58,0.04,0.14,-0.13,0.23
LPLA,LPSJ,0,55,0.0,0.0,0.0,0.0,-0.04,0.02,-0.06,-0.0
LPMA,EGKK,0,50,13.24,14.86,-12.2,32.06,0.14,0.19,-0.12,0.46
LPMA,LPPR,0,175,-5.54,13.99,-23.6,18.62,0.03,0.09,-0.09,0.19
LPMA,LPPS,0,60,-0.34,3.77,-4.0,7.72,0.01,0.03,-0.02,0.06
LPMA,LPPT,0,360,-8.25,24.33,-33.1,32.61,0.06,0.08,-0.06,0.2
LPPD,LPAZ,0,132,-7.97,7.43,-14.7,2.94,-0.07,0.03,-0.1,-0.02
LPPD,LPFL,0,58,2.28,14.61,-1.6,6.37,-0.11,0.1,-0.22,0.09
LPPD,LPHR,0,112,0.06,3.64,-2.18,6.92,-0.1,0.06,-0.18,0.01
LPPD,LPLA,0,198,1.67,3.43,0.0,6.2,-0.04,0.04,-0.08,0.01
LPPD,LPPI,0,112,-0.0,2.7,-1.9,4.68,-0.09,0.04,-0.15,-0.0
LPPD,LPPR,0,99,-10.83,26.79,-30.5,23.6,-0.05,0.11,-0.19,0.16
LPPD,LPPT,0,255,-14.79,32.4,-41.53,35.65,0.03,0.17,-0.12,0.28
LPPD,LPSJ,0,56,0.3,2.54,-1.6,5.6,-0.13,0.06,-0.2,-0.03
LPPI,LPLA,0,71,0.63,5.6,0.0,0.0,0.01,0.04,-0.03,0.04
LPPI,LPPD,0,112,5.71,7.97,0.1,23.59,0.03,0.06,-0.04,0.14
LPPR,EBBR,0,70,11.56,11.89,-4.98,31.07,-0.01,0.08,-0.12,0.13
LPPR,EBBR,1,24,-5.61,13.36,-29.1,7.04,-0.05,0.08,-0.16,0.07
LPPR,EDDF,0,46,-84.15,32.67,-119.22,-11.05,-0.27,0.11,-0.41,-0.05
LPPR,EDDF,1,30,-50.68,24.96,-79.02,-17.49,-0.18,0.1,-0.3,-0.07
LPPR,EDDM,0,58,1.57,16.6,-17.96,29.12,-0.12,0.12,-0.32,0.06
LPPR,EGKK,0,114,14.24,15.95,-3.16,42.36,0.15,0.17,-0.09,0.5
LPPR,EGLL,0,57,11.66,13.33,-1.8,29.76,0.14,0.14,-0.07,0.33
LPPR,EGSS,0,85,-3.01,16.07,-21.98,21.52,0.07,0.1,-0.08,0.24
LPPR,EHAM,0,118,7.93,17.69,-21.8,38.62,0.07,0.09,-0.09,0.21
LPPR,ELLX,0,71,4.86,14.02,-13.1,28.8,0.05,0.09,-0.09,0.21
LPPR,ELLX,1,31,-7.38,41.18,-49.35,75.95,-0.0,0.1,-0.13,0.12
LPPR,ELLX,2,32,-6.02,21.28,-40.17,30.33,-0.07,0.08,-0.18,0.07
LPPR,KEWR,0,19,-5.86,53.79,-85.08,78.55,0.15,0.28,-0.11,0.79
LPPR,KEWR,1,25,-8.78,71.39,-80.22,97.8,-0.01,0.27,-0.37,0.46
LPPR,KEWR,2,15,-8.48,14.62,-25.31,17.91,-0.0,0.26,-0.52,0.34
LPPR,LEBL,0,172,-6.37,17.56,-27.16,21.95,-0.03,0.1,-0.18,0.12
LPPR,LEMD,0,329,-9.61,13.02,-28.46,7.8,0.02,0.07,-0.07,0.14
LPPR,LFBD,0,70,8.38,12.51,-10.88,25.19,0.02,0.08,-0.09,0.13
LPPR,LFLL,0,75,9.15,12.01,-7.98,25.22,0.01,0.06,-0.11,0.11
LPPR,LFOB,0,94,-19.03,22.97,-41.5,38.51,-0.08,0.1,-0.26,0.07
LPPR,LFPG,0,112,-8.02,35.65,-38.59,35.44,-0.02,0.12,-0.18,0.16
LPPR,LFPO,0,166,-22.45,17.84,-47.68,7.42,-0.06,0.09,-0.2,0.11
LPPR,LFPO,1,107,-9.4,19.61,-41.46,22.17,-0.04,0.1,-0.19,0.12
LPPR,LFPO,2,67,-32.19,17.6,-58.27,-7.29,-0.12,0.08,-0.22,0.02
LPPR,LFPO,3,10,-39.62,19.72,-70.54,-14.83,-0.11,0.12,-0.24,0.05
LPPR,LFRS,0,61,6.11,16.56,-16.1,33.4,0.05,0.07,-0.06,0.14
LPPR,LFSB,0,60,-6.08,18.06,-32.74,17.9,-0.06,0.08,-0.18,0.08
LPPR,LIMC,0,34,-46.39,29.5,-75.08,14.74,-0.22,0.12,-0.37,-0.03
LPPR,LIMC,1,28,-50.33,16.63,-69.37,-12.35,-0.19,0.09,-0.3,-0.06
LPPR,LPFR,0,91,-4.56,13.67,-21.55,19.15,0.02,0.04,-0.06,0.08
LPPR,LPMA,0,175,-8.11,10.34,-16.83,7.11,0.07,0.13,-0.07,0.22
LPPR,LPPD,0,100,-9.48,27.01,-24.3,72.71,-0.01,0.09,-0.16,0.16
LPPR,LPPT,0,316,-13.01,25.4,-46.3,25.72,0.01,0.08,-0.1,0.13
LPPR,LSGG,0,91,-4.45,8.69,-13.8,7.9,-0.13,0.06,-0.22,-0.02
LPPR,LSGG,1,151,-5.46,11.78,-21.3,12.25,0.06,0.07,-0.07,0.17
LPPR,LSZH,0,55,-1.38,10.96,-14.58,18.36,-0.01,0.12,-0.17,0.19
LPPR,LSZH,1,37,-2.58,10.15,-14.9,11.64,-0.01,0.13,-0.2,0.18
LPPR,LSZH,2,38,-9.27,16.04,-36.72,15.39,-0.02,0.1,-0.18,0.13
LPPS,LPMA,0,67,5.7,12.96,-1.1,16.38,0.1,0.17,0.02,0.3
LPPT,CYUL,0,23,-20.93,157.26,-132.81,66.23,-0.03,0.38,-0.53,0.45
LPPT,CYUL,1,15,-12.99,28.96,-39.13,37.63,-0.01,0.2,-0.25,0.36
LPPT,CYUL,2,29,-11.12,60.76,-50.82,70.76,0.0,0.23,-0.33,0.28
LPPT,CYYZ,0,16,-20.32,26.77,-53.8,16.3,-0.02,0.24,-0.31,0.37
LPPT,CYYZ,1,37,-10.86,50.0,-46.88,94.96,-0.0,0.19,-0.4,0.2
LPPT,CYYZ,2,17,-28.56,68.37,-92.6,110.72,-0.04,0.26,-0.47,0.3
LPPT,CYYZ,3,23,-12.28,23.77,-40.28,32.12,0.0,0.29,-0.4,0.53
LPPT,EBBR,0,128,8.09,21.7,-11.16,29.99,0.02,0.1,-0.13,0.22
LPPT,EBBR,1,52,9.2,14.66,-10.15,38.97,0.02,0.1,-0.12,0.17
LPPT,EDDB,0,75,-3.63,14.35,-23.93,21.49,0.03,0.13,-0.18,0.23
LPPT,EDDB,1,15,0.87,29.79,-25.8,57.04,0.02,0.13,-0.14,0.19
LPPT,EDDF,0,71,-43.33,103.59,-86.5,-8.4,-0.17,0.3,-0.38,0.16
LPPT,EDDF,1,16,-45.48,16.14,-71.58,-25.78,-0.25,0.1,-0.37,-0.1
LPPT,EDDF,2,108,-80.13,32.58,-117.5,-12.2,-0.26,0.11,-0.43,-0.08
LPPT,EDDH,0,54,-47.57,19.0,-73.27,-18.42,-0.09,0.11,-0.28,0.09
LPPT,EDDH,1,19,-54.25,37.89,-102.91,1.38,-0.15,0.15,-0.38,0.08
LPPT,EDDL,0,49,-20.51,21.31,-47.46,19.8,0.01,0.14,-0.21,0.23
LPPT,EDDL,1,43,-20.96,18.4,-50.46,7.89,0.02,0.1,-0.13,0.17
LPPT,EDDM,0,133,-6.31,20.73,-28.56,25.52,-0.07,0.1,-0.24,0.09
LPPT,EDDM,1,16,5.69,31.56,-26.02,72.62,-0.11,0.11,-0.26,0.05
LPPT,EGCC,0,93,-11.44,27.32,-46.54,45.42,0.06,0.15,-0.14,0.28
LPPT,EGCC,1,23,-2.25,27.27,-29.73,53.45,0.06,0.15,-0.17,0.29
LPPT,EGGW,0,34,-60.77,26.92,-88.51,-11.86,-0.15,0.12,-0.33,0.02
LPPT,EGGW,1,67,-67.36,21.71,-89.87,-25.44,-0.17,0.12,-0.33,0.05
LPPT,EGGW,2,19,-64.18,19.99,-87.77,-33.02,-0.14,0.16,-0.36,0.15
LPPT,EGKK,0,138,6.93,20.29,-15.42,37.75,0.15,0.18,-0.1,0.52
LPPT,EGLL,0,169,7.27,15.66,-10.86,38.52,0.11,0.14,-0.09,0.35
LPPT,EGLL,1,135,6.83,9.33,-3.1,24.76,0.13,0.14,-0.08,0.36
LPPT,EGSS,0,57,-4.08,15.27,-19.58,21.78,0.09,0.12,-0.06,0.32
LPPT,EGSS,1,51,-3.79,14.94,-21.4,15.5,0.08,0.09,-0.03,0.21
LPPT,EHAM,0,324,3.35,19.19,-28.82,36.65,0.05,0.12,-0.12,0.26
LPPT,EIDW,0,30,-37.79,16.41,-59.69,-8.78,-0.1,0.13,-0.29,0.16
LPPT,EIDW,1,60,-35.3,27.8,-62.74,25.21,-0.08,0.14,-0.25,0.18
LPPT,EIDW,2,28,-31.81,15.16,-51.96,-8.29,-0.06,0.13,-0.21,0.17
LPPT,EIDW,3,23,-26.3,14.2,-44.57,-3.82,-0.02,0.17,-0.21,0.24
LPPT,EIDW,4,16,-51.63,10.34,-66.15,-38.72,-0.12,0.15,-0.33,0.11
LPPT,EIDW,5,15,-42.16,17.11,-63.91,-15.46,-0.19,0.17,-0.42,0.07
LPPT,EKCH,0,65,-22.46,16.85,-43.78,8.88,-0.12,0.13,-0.31,0.11
LPPT,ELLX,0,79,-0.34,26.22,-30.2,33.8,0.01,0.1,-0.15,0.19
LPPT,FNLU,0,29,-1.73,23.74,-19.2,53.8,0.02,0.13,-0.16,0.27
LPPT,FNLU,1,35,-9.06,144.12,-95.55,306.18,0.0,0.48,-0.38,1.06
LPPT,FNLU,2,26,-8.34,10.11,-21.48,9.7,0.01,0.09,-0.12,0.13
LPPT,GMMN,0,112,21.13,12.89,0.68,38.19,0.11,0.18,-0.03,0.66
LPPT,GMMX,0,57,-0.26,7.82,-9.94,11.5,0.08,0.07,-0.01,0.18
LPPT,GMMX,1,15,-0.03,8.13,-6.63,13.86,0.05,0.05,-0.02,0.13
LPPT,GVNP,0,77,18.36,47.22,-13.14,29.46,0.12,0.26,-0.12,0.46
LPPT,KBOS,0,49,-14.52,45.92,-50.86,106.6,0.01,0.25,-0.35,0.46
LPPT,KBOS,1,39,-9.39,54.06,-65.28,102.77,-0.0,0.25,-0.39,0.42
LPPT,KEWR,0,48,12.88,158.83,-83.56,155.85,0.06,0.47,-0.5,0.56
LPPT,KEWR,1,21,-11.78,24.89,-38.3,35.5,-0.0,0.21,-0.2,0.28
LPPT,KEWR,2,21,-19.01,54.87,-99.4,60.9,0.14,0.36,-0.27,0.99
LPPT,KIAD,0,60,-9.38,53.32,-60.71,106.68,-0.01,0.24,-0.38,0.31
LPPT,KIAD,1,11,-26.66,95.84,-109.65,137.35,-0.05,0.44,-0.67,0.57
LPPT,KJFK,0,29,-16.83,43.04,-49.84,33.18,0.0,0.26,-0.35,0.42
LPPT,KJFK,1,23,-7.16,69.08,-86.26,128.63,0.02,0.29,-0.37,0.54
LPPT,KJFK,2,8,-19.8,90.53,-87.04,123.14,0.08,0.26,-0.21,0.43
LPPT,LEBB,0,36,-25.46,15.72,-47.02,0.7,-0.09,0.07,-0.19,0.03
LPPT,LEBB,1,17,-43.61,19.58,-64.88,-3.56,-0.15,0.13,-0.36,0.03
LPPT,LEBB,2,25,-22.48,14.18,-40.12,1.48,0.0,0.07,-0.1,0.1
LPPT,LEBL,0,333,5.88,16.28,-17.34,35.48,-0.02,0.08,-0.13,0.12
LPPT,LEIB,0,59,-26.6,20.75,-54.06,13.64,-0.1,0.08,-0.19,0.0
LPPT,LEMD,0,557,0.86,20.03,-17.6,40.72,0.01,0.08,-0.09,0.16
LPPT,LEMG,0,90,-9.39,14.43,-23.2,19.59,0.03,0.06,-0.04,0.14
LPPT,LEPA,0,15,-36.61,25.34,-82.59,-11.65,-0.14,0.07,-0.25,-0.05
LPPT,LEPA,1,20,-34.99,31.73,-75.92,4.58,-0.1,0.1,-0.22,0.03
LPPT,LEPA,2,20,2.71,44.87,-46.39,70.24,0.01,0.08,-0.08,0.11
LPPT,LEVC,0,34,1.38,22.2,-25.16,43.85,0.04,0.14,-0.11,0.15
LPPT,LEVC,1,24,-20.77,16.07,-42.76,7.6,-0.02,0.07,-0.09,0.07
LPPT,LEVC,2,26,12.7,16.81,-8.85,40.58,0.06,0.26,-0.13,0.55
LPPT,LEZL,0,61,-1.82,14.65,-21.3,24.6,0.04,0.04,-0.02,0.1
LPPT,LEZL,1,32,7.57,16.43,-14.69,34.0,0.09,0.14,-0.13,0.28
LPPT,LFBD,0,31,7.13,16.07,-16.8,34.0,0.02,0.09,-0.11,0.16
LPPT,LFBD,1,27,9.27,24.13,-9.4,35.4,0.02,0.09,-0.12,0.14
LPPT,LFBO,0,107,-9.4,17.95,-27.67,21.35,0.0,0.07,-0.11,0.13
LPPT,LFLL,0,109,4.99,17.85,-20.06,32.32,-0.0,0.07,-0.12,0.1
LPPT,LFML,0,105,21.7,28.66,-1.66,52.94,0.08,0.13,-0.06,0.24
LPPT,LFMN,0,34,5.75,15.71,-20.45,29.19,0.05,0.1,-0.08,0.21
LPPT,LFMN,1,27,8.15,20.38,-14.49,39.23,0.02,0.09,-0.1,0.15
LPPT,LFMN,2,34,-17.4,15.39,-34.37,7.55,0.04,0.1,-0.11,0.15
LPPT,LFOB,0,56,-24.96,22.07,-56.47,11.62,-0.08,0.09,-0.23,0.09
LPPT,LFPG,0,24,-11.68,13.29,-27.26,5.92,-0.12,0.06,-0.21,-0.03
LPPT,LFPG,1,53,-12.61,14.93,-35.62,13.76,-0.0,0.12,-0.19,0.18
LPPT,LFPG,2,86,-13.52,17.38,-31.9,19.4,-0.04,0.1,-0.17,0.15
LPPT,LFPG,3,17,-21.36,19.32,-49.04,2.68,-0.07,0.12,-0.25,0.08
LPPT,LFPG,4,15,-14.73,13.7,-38.2,5.35,-0.02,0.07,-0.12,0.07
LPPT,LFPO,0,111,-31.34,26.23,-60.65,-10.25,-0.07,0.11,-0.25,0.1
LPPT,LFPO,1,127,-8.86,16.98,-35.37,20.5,-0.02,0.12,-0.19,0.19
LPPT,LFPO,2,221,-10.91,18.41,-35.1,21.0,-0.04,0.11,-0.18,0.15
LPPT,LFRS,0,62,3.8,18.04,-17.21,35.55,0.04,0.09,-0.08,0.21
LPPT,LGAV,0,53,-10.76,27.59,-36.12,36.94,-0.07,0.18,-0.3,0.23
LPPT,LIMC,0,95,-53.26,20.26,-78.81,-16.37,-0.21,0.12,-0.37,-0.01
LPPT,LIMC,1,32,-53.52,18.34,-72.22,-19.81,-0.23,0.11,-0.39,-0.07
LPPT,LIMC,2,60,-54.5,44.09,-79.76,-20.71,-0.26,0.14,-0.49,-0.07
LPPT,LIME,0,65,-23.15,31.23,-49.12,12.64,-0.04,0.15,-0.23,0.12
LPPT,LIPE,0,58,-4.8,34.61,-34.54,64.04,-0.02,0.11,-0.19,0.12
LPPT,LIPZ,0,76,-13.77,27.71,-42.22,25.1,-0.08,0.12,-0.27,0.14
LPPT,LIRA,0,56,5.49,17.78,-16.18,35.12,0.03,0.13,-0.14,0.24
LPPT,LIRF,0,119,-19.69,26.0,-47.74,26.27,-0.1,0.12,-0.26,0.07
LPPT,LLBG,0,50,17.95,29.74,-18.87,70.92,0.04,0.16,-0.2,0.31
LPPT,LOWW,0,44,-6.36,21.5,-33.53,41.64,0.04,0.13,-0.12,0.29
LPPT,LOWW,1,21,14.55,17.45,-5.5,44.0,0.01,0.13,-0.18,0.24
LPPT,LPFR,0,118,-5.38,9.78,-19.4,8.6,-0.02,0.03,-0.07,0.02
LPPT,LPLA,0,109,-8.25,16.53,-20.86,14.16,-0.01,0.09,-0.13,0.14
LPPT,LPMA,0,360,0.56,8.57,-10.1,12.9,0.08,0.09,-0.03,0.2
LPPT,LPPD,0,159,-2.85,13.19,-16.4,16.09,0.02,0.08,-0.11,0.15
LPPT,LPPD,1,94,-7.23,10.08,-16.84,12.28,0.03,0.08,-0.08,0.19
LPPT,LPPR,0,327,-22.8,25.44,-49.7,11.87,-0.05,0.09,-0.16,0.09
LPPT,LSGG,0,79,-4.86,11.42,-16.87,20.11,-0.13,0.05,-0.21,-0.06
LPPT,LSGG,1,123,-8.8,14.42,-27.96,13.36,0.04,0.08,-0.11,0.17
LPPT,LSZH,0,113,-4.32,25.17,-26.36,27.5,-0.02,0.11,-0.22,0.15
LPPT,LSZH,1,37,-2.98,11.95,-23.18,15.76,-0.02,0.12,-0.17,0.21
LPPT,LSZH,2,22,-11.42,16.89,-28.74,10.83,-0.03,0.11,-0.2,0.14
LPPT,LTFM,0,60,-26.74,35.06,-62.86,60.84,-0.08,0.17,-0.33,0.23
LPPT,OMDB,0,60,1.69,36.3,-33.42,73.4,0.14,0.13,-0.08,0.38
LPPT,SBGR,0,42,-2.35,23.64,-21.1,47.77,-0.0,0.18,-0.23,0.3
LPPT,SBGR,1,32,-1.36,24.88,-53.57,35.1,0.03,0.2,-0.4,0.28
LPPT,SBGR,2,23,2.27,13.29,-9.32,15.05,0.01,0.13,-0.12,0.23
LPPT,SBGR,3,18,-3.54,85.61,-61.46,201.32,-0.01,0.27,-0.4,0.4
LPPT,SBKP,0,40,1.03,7.18,-9.6,10.06,0.04,0.18,-0.19,0.29
LPPT,SBKP,1,16,-2.62,18.28,-25.92,31.52,0.06,0.17,-0.2,0.3
LPSJ,LPLA,0,59,-0.0,0.01,0.0,0.0,0.01,0.01,-0.0,0.01
LPSJ,LPPD,0,55,6.07,8.35,-1.16,22.2,0.02,0.05,-0.03,0.12
LQSA,LDZA,0,53,1.92,6.18,-6.56,11.62,0.04,0.09,-0.09,0.16
LQSA,LOWW,0,59,16.13,12.66,-1.42,39.59,0.06,0.04,0.0,0.12
LQSA,LTFJ,0,16,-5.29,27.6,-33.48,38.02,0.06,0.13,-0.13,0.22
LQSA,LTFJ,1,44,-15.8,16.36,-32.84,15.87,-0.04,0.12,-0.2,0.16
LQSA,LTFM,0,86,-21.81,14.39,-38.22,6.6,0.02,0.1,-0.1,0.19
LRCL,EDDM,0,25,-0.62,13.1,-14.0,22.74,0.0,0.06,-0.09,0.09
LRCL,EDDM,1,34,7.87,17.08,-17.77,34.64,-0.05,0.06,-0.14,0.03
LRCL,EGGW,0,46,-1.71,14.81,-18.15,27.2,0.09,0.1,-0.05,0.24
LRCL,EGGW,1,22,6.95,16.12,-19.44,30.67,0.09,0.16,-0.05,0.29
LRCL,LIME,0,21,-26.16,27.16,-61.4,17.8,-0.05,0.07,-0.15,0.06
LRCL,LIME,1,44,-38.81,19.48,-60.44,1.41,-0.06,0.1,-0.2,0.07
LRCL,LROP,0,138,-51.18,10.12,-62.43,-30.92,-0.26,0.14,-0.41,-0.04
LRIA,EGGW,0,68,-3.4,13.96,-21.96,23.88,0.07,0.13,-0.08,0.28
LRIA,LROP,0,109,-43.47,8.52,-52.98,-29.6,-0.31,0.1,-0.54,-0.2
LROD,LROP,0,51,-48.67,17.35,-57.75,-38.6,-0.31,0.09,-0.4,-0.24
LROP,EBCI,0,41,-22.39,17.57,-37.5,7.7,-0.04,0.11,-0.16,0.17
LROP,EBCI,1,19,-28.74,6.84,-34.49,-16.43,-0.03,0.08,-0.13,0.08
LROP,EDDF,0,87,-15.47,23.99,-49.14,16.44,-0.13,0.18,-0.3,-0.0
LROP,EDDF,1,36,-25.62,24.89,-57.88,9.8,-0.17,0.09,-0.3,-0.03
LROP,EDDM,0,85,13.62,13.93,-5.5,37.38,-0.05,0.07,-0.17,0.06
LROP,EGGW,0,42,-9.9,17.64,-29.55,20.58,0.06,0.1,-0.08,0.23
LROP,EGGW,1,37,-7.63,14.34,-31.08,15.7,0.05,0.15,-0.16,0.37
LROP,EGGW,2,32,-8.89,13.27,-23.31,9.64,0.06,0.15,-0.14,0.23
LROP,EGLL,0,63,8.51,13.69,-3.37,32.48,0.16,0.14,-0.03,0.37
LROP,EGLL,1,26,3.42,12.13,-14.38,21.28,0.2,0.14,0.02,0.44
LROP,EGSS,0,64,7.45,12.71,-8.61,25.7,0.09,0.12,-0.06,0.3
LROP,EGSS,1,21,7.76,19.14,-5.7,21.4,0.1,0.11,-0.05,0.28
LROP,EGSS,2,16,18.21,30.18,-4.35,58.47,0.11,0.09,0.01,0.26
LROP,EHAM,0,100,9.14,9.8,-4.06,26.62,0.11,0.1,-0.04,0.27
LROP,EHAM,1,43,-0.69,13.23,-12.31,27.76,0.06,0.1,-0.06,0.22
LROP,EPWA,0,90,-13.36,18.02,-36.67,19.46,-0.03,0.08,-0.14,0.1
LROP,LBSF,0,52,-40.15,20.51,-64.86,-0.28,-0.13,0.16,-0.31,0.11
LROP,LEBL,0,64,-12.59,17.98,-32.32,20.34,-0.04,0.17,-0.29,0.21
LROP,LEMD,0,67,-16.75,17.5,-34.26,23.53,0.0,0.2,-0.28,0.27
LROP,LEMD,1,18,1.3,11.44,-7.2,23.05,0.05,0.18,-0.21,0.29
LROP,LFPG,0,145,0.03,20.3,-27.08,31.64,0.04,0.1,-0.1,0.2
LROP,LGAV,0,59,-29.03,19.02,-55.99,2.21,-0.01,0.07,-0.09,0.1
LROP,LGAV,1,47,-30.93,28.07,-70.94,10.43,-0.04,0.2,-0.22,0.44
LROP,LIME,0,69,-59.84,19.62,-88.76,-27.16,-0.13,0.1,-0.28,0.06
LROP,LIME,1,27,-42.29,26.94,-72.65,-6.6,-0.07,0.11,-0.22,0.08
LROP,LIPE,0,56,-25.34,12.4,-41.0,-5.9,-0.01,0.1,-0.16,0.16
LROP,LIPH,0,18,8.01,18.04,-10.72,34.84,0.06,0.08,-0.03,0.18
LROP,LIPH,1,49,-20.98,8.94,-36.74,-6.96,-0.0,0.09,-0.14,0.13
LROP,LIRF,0,62,-59.96,20.66,-80.47,-22.23,-0.17,0.1,-0.33,-0.03
LROP,LLBG,0,136,-14.98,16.7,-35.12,14.25,-0.02,0.09,-0.16,0.12
LROP,LOWW,0,153,16.7,22.27,-4.9,56.24,0.04,0.08,-0.06,0.16
LROP,LRCL,0,138,-51.59,9.37,-58.44,-24.04,-0.19,0.17,-0.36,0.08
LROP,LRIA,0,109,7.38,8.74,-6.5,21.02,-0.06,0.1,-0.3,0.06
LROP,LROD,0,51,10.62,11.56,-2.75,24.45,-0.0,0.11,-0.12,0.1
LROP,LRTR,0,146,-2.34,14.89,-13.45,26.02,-0.04,0.18,-0.24,0.22
LROP,LSZH,0,41,17.38,10.52,8.1,35.1,0.03,0.13,-0.16,0.17
LROP,LSZH,1,19,21.57,5.91,13.66,31.05,0.05,0.07,-0.05,0.17
LROP,LTFM,0,31,-36.94,16.07,-62.85,-12.4,-0.09,0.06,-0.18,0.0
LROP,LTFM,1,138,-47.49,20.08,-71.44,-15.73,-0.11,0.18,-0.3,0.22
LROP,LUKK,0,88,-13.92,7.45,-20.9,2.48,-0.03,0.08,-0.12,0.11
LROP,LUKK,1,20,-6.8,2.59,-10.71,-2.52,-0.07,0.1,-0.28,0.02
LROP,LYBE,0,52,-9.78,21.03,-33.16,21.43,-0.03,0.19,-0.45,0.21
LROP,OTHH,0,60,2.52,30.97,-30.0,69.44,0.04,0.09,-0.11,0.17
LRSB,EDDM,0,61,1.81,16.31,-16.1,31.6,-0.11,0.07,-0.24,-0.01
LRTR,EDDM,0,103,12.62,14.36,-4.66,40.4,-0.02,0.06,-0.12,0.1
LRTR,LROP,0,146,-32.95,14.25,-40.6,1.4,-0.16,0.17,-0.36,0.09
LSGG,BKPR,0,36,-3.79,17.59,-39.15,23.25,0.03,0.11,-0.09,0.1
LSGG,BKPR,1,33,-10.11,15.65,-37.2,13.92,-0.0,0.09,-0.14,0.13
LSGG,EBBR,0,57,-9.53,11.95,-22.16,15.86,-0.06,0.05,-0.14,0.01
LSGG,EBBR,1,114,-9.61,12.43,-22.72,13.2,-0.06,0.06,-0.14,0.06
LSGG,EDDF,0,140,-37.01,18.76,-67.01,-5.33,-0.2,0.08,-0.31,-0.07
LSGG,EDDF,1,32,-40.92,17.97,-65.26,-10.06,-0.21,0.05,-0.3,-0.15
LSGG,EDDF,2,27,-82.48,58.45,-112.7,-50.05,-0.25,0.18,-0.38,-0.13
LSGG,EDDM,0,52,3.27,13.56,-13.64,24.98,-0.07,0.05,-0.12,-0.0
LSGG,EDDM,1,16,-1.79,9.58,-16.9,13.02,-0.09,0.05,-0.16,-0.02
LSGG,EDDM,2,55,-3.44,13.0,-21.06,19.43,-0.15,0.07,-0.26,-0.01
LSGG,EGCC,0,21,26.49,9.02,16.0,37.7,0.08,0.1,-0.03,0.24
LSGG,EGCC,1,36,14.56,22.71,2.98,22.7,0.07,0.1,-0.04,0.28
LSGG,EGCC,2,23,15.15,5.6,5.61,23.58,0.04,0.08,-0.04,0.18
LSGG,EGGW,0,54,-54.17,17.1,-73.52,-20.24,-0.13,0.09,-0.23,0.06
LSGG,EGKK,0,21,12.98,6.05,3.6,21.5,0.22,0.16,0.07,0.36
LSGG,EGKK,1,89,13.44,24.38,-1.36,30.82,0.14,0.12,-0.0,0.36
LSGG,EGKK,2,34,21.21,9.53,10.06,36.6,0.17,0.12,0.04,0.37
LSGG,EGLC,0,15,-1.56,18.0,-17.64,18.49,0.08,0.11,-0.03,0.21
LSGG,EGLC,1,36,0.46,12.61,-10.88,12.9,0.06,0.07,-0.02,0.17
LSGG,EGLL,0,180,10.65,24.17,-4.7,35.15,0.17,0.11,0.01,0.37
LSGG,EGLL,1,90,7.15,18.31,-4.96,33.43,0.12,0.12,-0.04,0.31
LSGG,EGLL,2,58,20.22,14.67,5.6,46.74,0.12,0.09,-0.01,0.25
LSGG,EHAM,0,21,5.43,30.57,-29.0,28.9,0.05,0.1,-0.07,0.2
LSGG,EHAM,1,141,-1.59,13.7,-25.1,16.1,0.05,0.07,-0.05,0.18
LSGG,EHAM,2,70,3.41,16.39,-25.34,26.21,0.07,0.07,-0.03,0.18
LSGG,EKCH,0,26,-10.63,9.49,-25.55,1.35,-0.06,0.07,-0.14,0.06
LSGG,EKCH,1,30,2.05,13.28,-20.06,21.56,0.05,0.06,-0.04,0.16
LSGG,EKCH,2,30,-13.74,11.66,-33.94,0.08,-0.05,0.06,-0.15,0.04
LSGG,EPWA,0,25,-39.64,16.03,-58.3,-8.3,-0.05,0.13,-0.23,0.17
LSGG,EPWA,1,33,-50.23,16.65,-70.64,-23.86,-0.07,0.09,-0.21,0.06
LSGG,GMMX,0,23,2.74,15.12,-18.29,24.41,0.03,0.11,-0.16,0.2
LSGG,GMMX,1,35,-3.08,15.59,-19.64,25.26,0.01,0.16,-0.22,0.24
LSGG,KJFK,0,11,7.32,21.96,-18.45,41.8,-0.0,0.17,-0.16,0.28
LSGG,KJFK,1,26,4.47,51.42,-75.32,75.2,0.1,0.27,-0.21,0.56
LSGG,KJFK,2,22,2.01,42.06,-64.56,55.16,-0.02,0.28,-0.44,0.49
LSGG,LEBL,0,155,0.18,19.21,-25.02,33.85,-0.0,0.08,-0.12,0.12
LSGG,LEMD,0,155,-1.05,17.77,-20.3,34.65,-0.0,0.1,-0.13,0.19
LSGG,LEMG,0,18,2.12,16.96,-14.54,38.73,0.07,0.12,-0.07,0.27
LSGG,LEMG,1,16,-3.8,9.94,-20.55,7.55,0.1,0.09,-0.05,0.2
LSGG,LEMG,2,35,-3.73,10.87,-20.8,17.37,0.08,0.09,-0.08,0.21
LSGG,LEPA,0,33,-5.86,15.84,-27.72,12.38,0.04,0.11,-0.1,0.19
LSGG,LEPA,1,53,-3.61,14.07,-20.0,20.56,0.02,0.07,-0.1,0.14
LSGG,LFBD,0,70,-4.77,12.65,-17.66,21.73,0.01,0.05,-0.07,0.09
LSGG,LFMN,0,158,-28.81,19.99,-56.34,9.01,-0.16,0.07,-0.27,-0.05
LSGG,LFPG,0,56,8.71,13.03,-19.45,27.32,0.12,0.06,0.05,0.22
LSGG,LFPG,1,36,1.76,6.25,-3.1,17.15,0.09,0.04,0.04,0.17
LSGG,LFPG,2,54,4.09,10.55,-4.3,29.6,0.09,0.04,0.05,0.18
LSGG,LFPG,3,46,2.91,7.74,-2.62,19.72,-0.02,0.03,-0.07,0.04
LSGG,LFPG,4,15,-5.48,10.83,-26.49,3.89,-0.02,0.05,-0.1,0.04
LSGG,LFPG,5,39,-0.57,10.75,-25.51,17.78,0.08,0.04,0.01,0.14
LSGG,LFPO,0,16,12.82,10.4,-2.88,23.72,0.02,0.04,-0.05,0.08
LSGG,LFPO,1,35,4.12,10.63,-6.43,19.5,-0.03,0.05,-0.1,0.05
LSGG,LFRS,0,73,-2.67,12.79,-21.04,16.36,-0.04,0.06,-0.15,0.05
LSGG,LGAV,0,70,-17.36,14.02,-34.56,7.84,-0.02,0.09,-0.14,0.12
LSGG,LIRF,0,17,-30.01,14.71,-41.18,-3.28,-0.06,0.07,-0.17,0.06
LSGG,LIRF,1,21,-28.58,17.47,-64.0,-0.3,-0.02,0.06,-0.1,0.05
LSGG,LIRF,2,33,-27.72,18.63,-43.2,0.8,-0.05,0.06,-0.14,0.06
LSGG,LIRF,3,19,-31.98,16.74,-44.84,-1.29,-0.08,0.07,-0.17,0.02
LSGG,LOWW,0,18,-12.14,21.92,-46.48,23.7,0.01,0.11,-0.12,0.2
LSGG,LOWW,1,60,-0.01,8.3,-9.94,11.97,0.03,0.06,-0.04,0.13
LSGG,LPPR,0,54,4.93,10.7,-7.84,26.2,0.06,0.09,-0.04,0.24
LSGG,LPPR,1,188,8.49,11.61,-4.73,24.63,0.05,0.09,-0.06,0.24
LSGG,LPPT,0,185,-2.11,23.49,-35.5,32.64,0.07,0.11,-0.09,0.27
LSGG,LPPT,1,17,7.84,31.67,-29.7,69.56,0.08,0.1,-0.04,0.24
LSGG,LSZH,0,141,-2.09,8.19,-13.5,10.9,0.02,0.06,-0.06,0.13
LSGG,LSZH,1,23,-2.89,7.15,-14.67,4.82,0.01,0.06,-0.05,0.11
LSGG,LTFM,0,75,-17.75,33.38,-54.04,43.41,0.03,0.17,-0.18,0.35
LSGG,LTFM,1,29,-28.59,19.23,-49.12,-3.92,0.02,0.14,-0.19,0.22
LSGG,OMDB,0,19,29.44,24.2,-5.34,64.11,0.27,0.12,0.07,0.39
LSGG,OMDB,1,40,19.42,35.8,-19.3,99.11,0.26,0.13,0.01,0.43
LSZH,BKPR,0,89,-21.7,22.34,-53.8,13.44,-0.07,0.13,-0.22,0.05
LSZH,BKPR,1,10,-32.09,33.04,-87.08,4.06,-0.05,0.07,-0.15,0.04
LSZH,BKPR,2,20,-38.85,24.81,-73.41,-7.01,-0.08,0.1,-0.26,0.05
LSZH,EBBR,0,38,-20.11,17.79,-39.92,18.08,-0.06,0.08,-0.16,0.08
LSZH,EBBR,1,87,-21.61,23.5,-41.29,9.41,-0.0,0.08,-0.1,0.11
LSZH,EDDB,0,135,-18.83,16.02,-39.43,10.75,-0.04,0.05,-0.12,0.05
LSZH,EDDB,1,107,-15.58,13.22,-35.37,5.69,-0.04,0.06,-0.12,0.08
LSZH,EDDF,0,195,-61.3,18.32,-86.73,-23.27,-0.26,0.06,-0.34,-0.15
LSZH,EDDF,1,45,-56.33,24.6,-83.12,-13.94,-0.23,0.13,-0.33,0.13
LSZH,EDDF,2,15,-58.81,16.28,-84.21,-38.15,-0.26,0.04,-0.33,-0.2
LSZH,EDDH,0,219,-39.5,17.41,-59.31,-3.9,-0.13,0.06,-0.24,-0.02
LSZH,EDDK,0,69,-21.48,13.9,-42.86,1.44,-0.06,0.06,-0.15,0.04
LSZH,EDDL,0,86,-26.27,11.96,-43.32,-9.48,-0.09,0.05,-0.18,-0.03
LSZH,EDDL,1,100,-41.8,22.18,-68.81,-5.78,-0.07,0.07,-0.16,0.05
LSZH,EDDM,0,100,4.79,11.15,-11.52,20.93,-0.04,0.05,-0.12,0.03
LSZH,EDDM,1,49,-3.11,10.52,-17.74,13.34,-0.11,0.06,-0.18,-0.01
LSZH,EDDM,2,19,0.07,10.56,-13.12,15.96,-0.05,0.05,-0.13,0.02
LSZH,EDDN,0,52,-55.39,21.21,-76.5,-26.72,-0.18,0.08,-0.26,-0.13
LSZH,EDDS,0,64,-14.99,9.93,-29.58,1.41,-0.02,0.05,-0.08,0.02
LSZH,EDDV,0,32,-10.64,10.06,-24.65,4.49,-0.03,0.1,-0.12,0.03
LSZH,EDDV,1,34,-17.66,22.17,-33.41,41.44,0.0,0.05,-0.06,0.09
LSZH,EFHK,0,15,-21.95,25.7,-46.22,29.82,-0.02,0.14,-0.18,0.15
LSZH,EFHK,1,44,-23.79,20.06,-49.74,-10.26,-0.04,0.11,-0.2,0.1
LSZH,EGCC,0,59,7.75,13.51,-7.51,25.41,0.06,0.11,-0.07,0.2
LSZH,EGKK,0,23,9.33,9.49,0.66,25.62,0.17,0.13,0.02,0.36
LSZH,EGKK,1,30,-0.25,10.89,-15.76,12.44,0.08,0.1,-0.04,0.25
LSZH,EGLC,0,152,-7.75,9.36,-25.59,6.29,0.04,0.06,-0.04,0.14
LSZH,EGLC,1,19,-3.79,19.22,-30.71,32.61,0.03,0.07,-0.06,0.13
LSZH,EGLL,0,77,8.22,15.39,-7.6,33.8,0.12,0.1,-0.02,0.28
LSZH,EGLL,1,233,3.23,12.06,-11.52,27.44,0.1,0.11,-0.06,0.3
LSZH,EGLL,2,16,-10.86,22.3,-50.95,14.02,0.07,0.09,-0.07,0.23
LSZH,EHAM,0,234,-14.22,16.49,-45.92,11.0,0.05,0.07,-0.07,0.16
LSZH,EHAM,1,42,-18.37,12.92,-42.93,1.48,0.0,0.08,-0.12,0.12
LSZH,EIDW,0,37,-16.05,23.94,-44.3,25.74,-0.02,0.13,-0.19,0.25
LSZH,EIDW,1,30,-17.54,18.43,-43.61,8.75,-0.03,0.11,-0.17,0.15
LSZH,EIDW,2,25,-9.35,13.8,-33.88,7.26,-0.03,0.12,-0.19,0.18
LSZH,EIDW,3,20,-5.03,9.34,-14.46,10.29,-0.01,0.1,-0.13,0.13
LSZH,EKCH,0,162,-19.16,16.17,-36.88,-3.36,-0.1,0.08,-0.21,0.04
LSZH,ELLX,0,74,-28.22,40.13,-49.28,-9.26,-0.05,0.12,-0.12,0.0
LSZH,ENGM,0,86,-32.46,16.41,-56.02,-6.38,-0.06,0.12,-0.25,0.16
LSZH,EPWA,0,83,-40.31,14.06,-58.28,-14.49,-0.1,0.09,-0.23,0.02
LSZH,EPWA,1,28,-22.04,25.82,-50.31,24.5,-0.02,0.11,-0.17,0.16
LSZH,EPWA,2,22,-75.21,28.81,-106.42,-32.26,-0.18,0.11,-0.31,-0.02
LSZH,ESGG,0,60,-20.33,12.56,-44.04,-6.45,-0.04,0.09,-0.16,0.13
LSZH,ESSA,0,54,-15.27,13.86,-35.38,7.31,-0.03,0.09,-0.14,0.15
LSZH,ESSA,1,66,-16.72,17.67,-32.8,6.15,-0.03,0.11,-0.18,0.13
LSZH,HEGN,0,60,4.74,23.52,-19.89,53.64,-0.04,0.13,-0.24,0.2
LSZH,KBOS,0,37,-1.83,46.19,-58.08,69.24,-0.05,0.26,-0.45,0.32
LSZH,KBOS,1,23,-3.17,70.19,-74.57,78.01,-0.08,0.27,-0.53,0.33
LSZH,KEWR,0,26,0.08,67.75,-77.88,108.68,-0.03,0.3,-0.45,0.48
LSZH,KEWR,1,15,-10.88,78.5,-69.31,108.79,0.07,0.22,-0.25,0.42
LSZH,KEWR,2,17,-1.89,58.16,-53.12,117.12,0.09,0.2,-0.25,0.32
LSZH,KJFK,0,35,-0.57,35.02,-37.14,40.32,-0.04,0.29,-0.4,0.43
LSZH,KJFK,1,20,-2.66,59.2,-69.53,76.77,0.06,0.26,-0.28,0.46
LSZH,KJFK,2,17,-4.8,28.18,-41.78,30.28,0.06,0.27,-0.34,0.38
LSZH,KJFK,3,17,-3.41,70.66,-56.24,82.44,-0.01,0.29,-0.35,0.43
LSZH,KORD,0,40,-0.53,70.1,-68.32,142.52,-0.05,0.29,-0.55,0.43
LSZH,KORD,1,24,-9.65,68.81,-84.59,99.96,-0.05,0.37,-0.64,0.37
LSZH,KORD,2,26,1.14,23.37,-33.15,43.58,-0.05,0.3,-0.54,0.42
LSZH,KSFO,0,15,-13.14,51.41,-85.16,71.64,-0.09,0.18,-0.43,0.13
LSZH,KSFO,1,19,-5.36,70.73,-74.96,121.16,-0.07,0.22,-0.38,0.25
LSZH,KSFO,2,22,-10.43,63.03,-68.04,83.95,-0.08,0.15,-0.24,0.08
LSZH,LCLK,0,47,15.23,9.37,1.59,28.9,-0.01,0.1,-0.18,0.15
LSZH,LCLK,1,19,3.18,8.29,-7.73,16.02,-0.02,0.11,-0.16,0.16
LSZH,LCLK,2,15,-18.47,26.36,-45.49,23.76,-0.03,0.1,-0.17,0.16
LSZH,LDZA,0,59,1.91,9.48,-6.38,21.22,-0.02,0.1,-0.24,0.1
LSZH,LEBL,0,181,-2.77,18.43,-25.4,32.0,-0.03,0.09,-0.17,0.1
LSZH,LEIB,0,69,-19.64,21.44,-48.42,13.04,-0.1,0.09,-0.26,0.02
LSZH,LEMD,0,188,-2.81,15.43,-15.66,34.88,0.02,0.11,-0.12,0.24
LSZH,LEMG,0,67,-2.27,10.72,-16.29,18.8,0.02,0.11,-0.15,0.22
LSZH,LEMG,1,49,-10.06,10.04,-26.5,7.16,-0.01,0.13,-0.18,0.2
LSZH,LEPA,0,69,-6.5,12.07,-31.36,12.82,0.04,0.06,-0.06,0.13
LSZH,LEPA,1,184,-8.44,9.76,-19.5,11.89,-0.05,0.09,-0.18,0.11
LSZH,LEPA,2,39,-37.38,22.91,-68.16,-8.4,-0.08,0.11,-0.25,0.11
LSZH,LEVC,0,80,2.17,26.66,-31.73,38.1,-0.03,0.1,-0.17,0.11
LSZH,LFMN,0,90,-73.63,16.32,-95.06,-50.64,-0.21,0.09,-0.3,-0.06
LSZH,LFMN,1,30,-73.2,17.86,-92.26,-43.38,-0.26,0.07,-0.36,-0.17
LSZH,LFPG,0,80,-6.9,10.7,-27.6,10.72,0.03,0.05,-0.04,0.12
LSZH,LFPG,1,61,-2.82,11.39,-13.0,22.8,0.05,0.06,-0.04,0.17
LSZH,LFPG,2,17,-7.92,6.53,-17.82,0.44,-0.01,0.05,-0.08,0.05
LSZH,LFPG,3,17,0.48,17.01,-13.56,32.0,0.03,0.05,-0.03,0.09
LSZH,LFPG,4,49,1.41,17.97,-19.56,23.58,0.02,0.05,-0.04,0.09
LSZH,LGAV,0,39,-9.05,16.61,-33.7,16.07,-0.03,0.07,-0.13,0.08
LSZH,LGAV,1,48,-19.57,13.66,-36.4,1.16,-0.03,0.1,-0.17,0.17
LSZH,LGAV,2,50,-24.72,18.81,-48.96,1.66,-0.06,0.12,-0.22,0.11
LSZH,LGIR,0,47,-12.12,12.79,-28.85,16.29,-0.05,0.1,-0.19,0.14
LSZH,LGIR,1,29,-38.32,33.3,-75.36,21.64,-0.1,0.11,-0.24,0.08
LSZH,LGIR,2,17,-29.75,8.56,-40.04,-16.06,-0.07,0.1,-0.19,0.1
LSZH,LGIR,3,22,-4.3,10.38,-16.46,21.09,-0.05,0.11,-0.2,0.12
LSZH,LGKO,0,28,6.58,9.78,-9.43,17.76,-0.01,0.1,-0.13,0.14
LSZH,LGKO,1,24,-11.5,24.26,-28.63,19.41,-0.02,0.11,-0.15,0.15
LSZH,LGTS,0,40,2.41,12.43,-11.12,24.55,-0.03,0.1,-0.16,0.12
LSZH,LGTS,1,17,-21.11,27.21,-46.14,21.1,-0.03,0.1,-0.15,0.13
LSZH,LHBP,0,87,-17.01,14.3,-33.07,6.3,-0.02,0.07,-0.12,0.11
LSZH,LIBR,0,22,9.02,48.09,-13.99,19.14,0.02,0.18,-0.11,0.11
LSZH,LIBR,1,20,-14.94,16.76,-36.67,11.72,-0.04,0.07,-0.13,0.05
LSZH,LIBR,2,23,8.94,16.49,-13.08,35.92,0.01,0.09,-0.09,0.14
LSZH,LICJ,0,68,-13.01,14.54,-23.96,27.83,-0.02,0.1,-0.17,0.12
LSZH,LIMC,0,100,-63.03,22.02,-83.9,-24.54,-0.17,0.1,-0.25,-0.06
LSZH,LIMC,1,28,-56.7,23.35,-81.26,-25.24,-0.27,0.09,-0.36,-0.12
LSZH,LIPZ,0,16,-50.13,14.23,-65.58,-29.65,-0.24,0.05,-0.31,-0.16
LSZH,LIPZ,1,34,-53.09,16.5,-69.82,-26.72,-0.19,0.07,-0.27,-0.08
LSZH,LIPZ,2,38,-44.25,11.9,-59.68,-22.8,-0.18,0.05,-0.24,-0.08
LSZH,LIRF,0,172,-49.36,25.39,-72.64,-10.81,-0.14,0.1,-0.24,-0.04
LSZH,LIRN,0,84,-45.51,22.71,-76.95,4.44,-0.11,0.1,-0.23,0.08
LSZH,LIRQ,0,97,-24.44,7.1,-29.7,-17.7,-0.03,0.04,-0.08,0.04
LSZH,LKPR,0,92,-12.65,11.91,-28.18,1.07,-0.09,0.06,-0.16,0.01
LSZH,LLBG,0,17,-9.59,19.73,-24.48,21.24,-0.03,0.1,-0.14,0.13
LSZH,LLBG,1,54,2.4,15.43,-14.64,30.69,-0.03,0.11,-0.2,0.14
LSZH,LLBG,2,15,-23.33,12.38,-37.67,-1.16,-0.05,0.06,-0.12,0.03
LSZH,LMML,0,23,-1.82,18.11,-27.49,26.38,0.02,0.09,-0.14,0.14
LSZH,LMML,1,15,4.13,9.02,-9.15,14.6,0.02,0.07,-0.09,0.12
LSZH,LMML,2,18,2.31,9.06,-7.79,12.3,0.03,0.1,-0.11,0.16
LSZH,LOWW,0,228,4.3,16.31,-9.62,32.21,0.0,0.06,-0.09,0.1
LSZH,LPPR,0,130,7.01,17.5,-6.2,29.44,0.04,0.11,-0.12,0.26
LSZH,LPPT,0,141,-1.98,21.37,-32.2,33.2,0.07,0.12,-0.09,0.28
LSZH,LPPT,1,30,0.59,15.56,-19.39,25.3,0.06,0.16,-0.1,0.39
LSZH,LROP,0,18,-56.63,18.79,-72.87,-21.26,-0.07,0.08,-0.18,0.03
LSZH,LROP,1,42,-32.26,16.31,-45.59,-1.71,-0.06,0.1,-0.18,0.09
LSZH,LSGG,0,59,-6.35,10.5,-22.75,6.2,0.03,0.05,-0.04,0.1
LSZH,LSGG,1,105,3.87,26.17,-1.7,7.1,0.05,0.05,-0.01,0.14
LSZH,LTAI,0,26,-23.66,21.26,-44.48,12.58,0.0,0.12,-0.18,0.18
LSZH,LTAI,1,62,3.37,20.8,-17.87,35.35,0.07,0.13,-0.12,0.31
LSZH,LTAI,2,53,4.61,12.48,-13.74,24.52,0.02,0.13,-0.14,0.26
LSZH,LTAI,3,23,-15.66,15.96,-38.17,12.33,0.02,0.12,-0.15,0.22
LSZH,LTFJ,0,31,-35.58,18.85,-57.75,-5.15,-0.05,0.13,-0.24,0.19
LSZH,LTFJ,1,48,-10.66,20.36,-35.67,17.64,0.03,0.14,-0.18,0.24
LSZH,LTFM,0,15,-42.07,26.88,-68.95,1.84,-0.04,0.14,-0.24,0.16
LSZH,LTFM,1,116,-23.1,16.13,-40.48,8.7,-0.03,0.16,-0.22,0.23
LSZH,LYBE,0,24,-15.2,15.56,-31.75,9.52,-0.03,0.08,-0.15,0.13
LSZH,LYBE,1,72,-13.89,16.92,-29.7,18.1,-0.03,0.1,-0.14,0.11
LSZH,LYBE,2,43,-13.9,14.81,-27.45,15.09,-0.01,0.07,-0.11,0.13
LSZH,LYBE,3,23,-36.49,17.01,-58.44,-10.29,-0.05,0.09,-0.17,0.07
LSZH,OMDB,0,37,26.68,20.81,-4.66,59.96,0.29,0.12,0.09,0.47
LSZH,OMDB,1,23,18.2,22.02,-13.17,53.34,0.24,0.13,0.05,0.41
LSZH,OMDB,2,30,25.42,26.77,-19.37,70.41,0.06,0.12,-0.11,0.26
LSZH,OTHH,0,20,28.78,13.61,8.76,55.72,0.12,0.11,-0.03,0.32
LSZH,OTHH,1,15,5.49,20.37,-23.13,35.8,0.09,0.12,-0.1,0.28
LSZH,OTHH,2,25,25.59,16.79,-0.78,47.18,0.11,0.1,-0.07,0.27
LSZH,VTBS,0,24,-4.13,32.71,-34.22,56.73,-0.09,0.07,-0.18,0.01
LSZH,VTBS,1,36,1.33,14.65,-20.47,22.45,-0.06,0.08,-0.17,0.07
LSZH,WSSS,0,32,0.78,13.83,-19.1,25.54,0.01,0.12,-0.15,0.24
LSZH,WSSS,1,25,-7.52,7.44,-19.96,3.66,0.01,0.08,-0.09,0.17
LTAC,EDDL,0,18,-9.74,14.74,-27.79,16.02,0.05,0.11,-0.11,0.21
LTAC,EDDL,1,16,-20.56,20.19,-49.53,4.2,0.03,0.13,-0.15,0.22
LTAC,EDDL,2,23,-5.33,20.69,-29.35,22.89,0.04,0.1,-0.06,0.24
LTAC,LTAF,0,85,4.2,4.81,-2.1,12.92,0.05,0.05,0.01,0.11
LTAC,LTAI,0,257,9.33,18.81,-18.12,44.7,0.08,0.08,-0.02,0.2
LTAC,LTAJ,0,84,0.27,4.44,-3.69,9.73,0.09,0.05,0.02,0.18
LTAC,LTBJ,0,214,-1.62,14.72,-23.78,18.87,0.03,0.06,-0.04,0.12
LTAC,LTBS,0,107,20.42,21.01,-18.1,51.31,0.14,0.07,0.05,0.26
LTAC,LTCA,0,56,13.41,18.32,-14.7,37.6,0.12,0.07,0.05,0.3
LTAC,LTCB,0,60,29.07,17.62,-1.6,52.99,0.16,0.08,0.02,0.24
LTAC,LTCC,0,90,1.85,6.12,-0.4,14.18,0.11,0.08,0.01,0.28
LTAC,LTCE,0,73,2.21,21.24,-13.2,53.88,0.04,0.06,-0.04,0.17
LTAC,LTCG,0,99,4.38,19.52,-5.1,23.3,0.09,0.05,0.01,0.17
LTAC,LTCI,0,90,7.5,8.89,-1.27,22.74,0.11,0.05,0.04,0.2
LTAC,LTFE,0,123,-20.85,20.32,-52.8,7.58,0.04,0.07,-0.05,0.15
LTAC,LTFJ,0,326,-23.66,20.96,-55.08,2.15,-0.03,0.13,-0.16,0.2
LTAC,LTFM,0,426,-16.01,18.31,-32.1,12.25,-0.01,0.09,-0.09,0.13
LTAC,LTFO,0,60,2.2,17.57,-9.81,37.52,0.07,0.05,0.0,0.16
LTAC,OIIE,0,58,29.62,16.94,0.0,55.34,0.09,0.07,-0.01,0.19
LTAC,OJAI,0,60,4.1,71.28,-36.4,63.23,0.04,0.16,-0.08,0.29
LTAC,UBBB,0,57,-23.59,24.86,-52.98,22.42,-0.01,0.12,-0.14,0.15
LTAF,LTAC,0,88,9.12,17.21,-0.4,45.33,0.0,0.05,-0.05,0.1
LTAF,LTAI,0,129,15.82,12.55,-1.7,34.3,-0.04,0.08,-0.14,0.06
LTAF,LTBJ,0,34,-11.31,15.29,-39.2,14.58,-0.17,0.05,-0.25,-0.06
LTAF,LTBJ,1,49,-4.84,9.0,-16.6,10.2,-0.04,0.04,-0.1,0.02
LTAF,LTFJ,0,292,-18.9,22.16,-50.34,14.88,-0.0,0.15,-0.16,0.24
LTAF,LTFM,0,347,-37.2,22.2,-54.27,3.5,-0.04,0.1,-0.14,0.11
LTAI,BKPR,0,51,23.53,20.7,-4.8,57.95,0.08,0.1,-0.05,0.2
LTAI,EBBR,0,41,18.2,22.03,-5.8,61.4,0.03,0.13,-0.16,0.27
LTAI,EBBR,1,28,11.66,30.48,-17.92,70.49,-0.02,0.17,-0.24,0.27
LTAI,EDDB,0,61,24.88,16.83,4.9,60.9,0.05,0.08,-0.1,0.18
LTAI,EDDB,1,62,14.13,18.76,-9.9,45.9,0.04,0.1,-0.15,0.18
LTAI,EDDB,2,76,10.78,21.18,-10.22,55.85,0.03,0.1,-0.14,0.18
LTAI,EDDB,3,15,0.67,21.56,-19.54,30.16,0.03,0.12,-0.17,0.15
LTAI,EDDB,4,20,19.57,18.26,-3.48,48.19,0.08,0.13,-0.13,0.27
LTAI,EDDF,0,65,-19.58,27.62,-47.18,36.38,-0.16,0.13,-0.36,-0.01
LTAI,EDDF,1,64,-30.77,28.43,-63.06,9.48,-0.17,0.13,-0.4,0.01
LTAI,EDDF,2,65,-8.78,25.42,-45.78,24.1,-0.12,0.11,-0.3,0.06
LTAI,EDDF,3,26,-15.49,29.66,-51.48,30.02,-0.15,0.15,-0.47,0.06
LTAI,EDDF,4,18,-16.49,25.21,-42.68,30.18,-0.14,0.1,-0.31,-0.05
LTAI,EDDG,0,33,-3.2,12.92,-26.66,16.62,0.04,0.1,-0.12,0.19
LTAI,EDDG,1,22,25.39,19.88,2.9,42.9,0.07,0.12,-0.15,0.26
LTAI,EDDG,2,32,9.49,21.13,-11.78,47.85,0.1,0.14,-0.09,0.35
LTAI,EDDH,0,73,-28.67,17.65,-49.74,8.44,-0.09,0.1,-0.26,0.06
LTAI,EDDH,1,17,-18.72,27.18,-52.32,23.84,-0.02,0.15,-0.21,0.23
LTAI,EDDH,2,82,-34.12,18.65,-55.95,5.02,-0.1,0.11,-0.3,0.07
LTAI,EDDK,0,42,19.91,38.66,-17.64,61.03,0.09,0.22,-0.17,0.26
LTAI,EDDK,1,31,11.76,17.58,-10.75,43.15,0.06,0.12,-0.11,0.26
LTAI,EDDK,2,35,17.2,21.23,-7.98,69.25,0.08,0.13,-0.06,0.33
LTAI,EDDK,3,78,34.03,26.35,-2.24,82.86,0.13,0.13,-0.06,0.39
LTAI,EDDK,4,22,3.11,7.99,-13.24,10.4,-0.0,0.12,-0.16,0.15
LTAI,EDDK,5,63,15.73,13.41,-6.48,33.47,0.08,0.12,-0.12,0.27
LTAI,EDDK,6,19,16.41,9.64,3.03,27.14,0.03,0.09,-0.09,0.18
LTAI,EDDL,0,92,1.51,25.96,-22.54,49.73,0.0,0.14,-0.21,0.22
LTAI,EDDL,1,134,-5.93,20.59,-27.98,33.34,-0.02,0.14,-0.22,0.23
LTAI,EDDL,2,35,-5.54,18.2,-29.91,26.28,-0.02,0.12,-0.22,0.15
LTAI,EDDL,3,65,5.74,19.69,-18.48,47.42,0.05,0.13,-0.15,0.24
LTAI,EDDL,4,50,5.33,20.93,-18.71,44.65,0.05,0.13,-0.14,0.26
LTAI,EDDL,5,39,-0.59,17.5,-22.26,30.92,0.01,0.14,-0.21,0.22
LTAI,EDDM,0,160,15.71,18.82,-8.2,55.5,0.01,0.1,-0.17,0.17
LTAI,EDDM,1,24,10.25,11.61,-3.5,27.41,-0.02,0.09,-0.17,0.13
LTAI,EDDM,2,15,12.48,17.73,-9.38,42.05,0.0,0.11,-0.15,0.19
LTAI,EDDN,0,33,10.02,25.92,-20.04,43.62,0.02,0.1,-0.13,0.16
LTAI,EDDN,1,22,4.12,22.15,-24.65,39.21,0.02,0.09,-0.11,0.13
LTAI,EDDN,2,26,-26.5,20.91,-54.95,16.12,-0.12,0.1,-0.25,0.03
LTAI,EDDN,3,69,4.9,21.98,-22.7,34.78,-0.0,0.11,-0.18,0.17
LTAI,EDDN,4,21,-64.04,24.78,-94.3,-35.4,-0.13,0.1,-0.24,-0.02
LTAI,EDDP,0,127,-47.51,23.67,-72.88,-5.47,-0.13,0.1,-0.28,0.03
LTAI,EDDP,1,18,-50.77,42.03,-87.48,-7.48,-0.12,0.16,-0.28,0.14
LTAI,EDDS,0,187,17.63,18.95,-6.7,50.38,0.06,0.1,-0.09,0.23
LTAI,EDDS,1,40,10.69,23.85,-11.93,41.08,0.05,0.11,-0.09,0.18
LTAI,EDDV,0,95,12.39,29.89,-12.74,46.15,0.04,0.14,-0.15,0.26
LTAI,EDDV,1,70,8.07,16.97,-12.18,36.21,-0.03,0.08,-0.16,0.08
LTAI,EDDV,2,37,0.88,16.79,-17.42,27.22,0.02,0.09,-0.15,0.14
LTAI,EDDV,3,40,28.0,35.71,-7.36,59.49,0.1,0.15,-0.08,0.28
LTAI,EDDW,0,24,-8.81,7.71,-19.27,1.72,0.02,0.09,-0.12,0.16
LTAI,EDDW,1,32,3.92,20.14,-24.58,33.49,0.03,0.13,-0.21,0.19
LTAI,EDLP,0,25,-14.39,14.45,-27.18,12.88,-0.03,0.1,-0.19,0.1
LTAI,EDLP,1,35,-17.33,13.45,-33.23,6.83,-0.02,0.1,-0.18,0.12
LTAI,EDLP,2,20,0.04,15.31,-23.38,24.46,-0.03,0.1,-0.18,0.08
LTAI,EDLP,3,16,-13.11,7.22,-20.9,0.1,-0.01,0.08,-0.15,0.09
LTAI,EETN,0,27,0.39,14.5,-14.37,26.24,-0.06,0.16,-0.25,0.21
LTAI,EETN,1,24,-28.53,10.12,-44.52,-16.74,-0.02,0.16,-0.23,0.19
LTAI,EGBB,0,33,-0.15,25.59,-34.94,42.62,-0.05,0.16,-0.29,0.2
LTAI,EGBB,1,65,-10.09,26.18,-40.94,38.02,-0.07,0.16,-0.33,0.15
LTAI,EGCC,0,29,22.59,20.96,-5.38,54.94,0.05,0.18,-0.25,0.38
LTAI,EGCC,1,37,6.09,33.77,-29.08,57.6,0.0,0.17,-0.25,0.23
LTAI,EGCC,2,24,-7.77,24.8,-27.96,34.83,-0.0,0.13,-0.16,0.21
LTAI,EGCC,3,23,9.98,25.06,-14.03,60.4,-0.06,0.14,-0.26,0.13
LTAI,EGCC,4,56,0.8,19.97,-15.82,50.68,-0.06,0.14,-0.28,0.19
LTAI,EGCC,5,33,23.48,19.57,-16.94,50.2,0.05,0.13,-0.16,0.23
LTAI,EGCC,6,42,25.49,34.73,-8.59,65.92,0.05,0.21,-0.26,0.31
LTAI,EGGD,0,27,17.07,18.38,-7.42,45.78,-0.02,0.12,-0.21,0.13
LTAI,EGGD,1,19,14.27,21.84,-5.61,41.75,0.02,0.15,-0.2,0.22
LTAI,EGGD,2,27,19.13,29.2,-25.57,65.65,0.01,0.15,-0.17,0.23
LTAI,EGKK,0,191,17.81,33.06,-39.2,66.15,0.1,0.18,-0.19,0.43
LTAI,EGKK,1,34,23.74,25.36,-10.3,69.05,0.12,0.19,-0.13,0.46
LTAI,EGKK,2,34,19.64,23.62,-15.03,59.65,0.16,0.19,-0.12,0.51
LTAI,EGNT,0,34,18.45,41.87,-38.49,80.66,0.0,0.18,-0.24,0.32
LTAI,EGNT,1,24,-16.34,24.36,-36.39,9.49,-0.04,0.17,-0.31,0.17
LTAI,EGSS,0,63,8.16,28.44,-17.55,31.67,0.02,0.17,-0.16,0.23
LTAI,EGSS,1,21,6.37,17.38,-15.3,28.1,-0.03,0.16,-0.24,0.27
LTAI,EGSS,2,38,15.78,20.14,-8.02,49.65,0.07,0.15,-0.11,0.33
LTAI,EHAM,0,34,3.18,16.38,-17.67,16.67,0.02,0.15,-0.22,0.21
LTAI,EHAM,1,19,14.36,22.26,-15.0,52.8,0.05,0.15,-0.18,0.33
LTAI,EKCH,0,55,-11.5,19.08,-32.33,29.09,-0.06,0.12,-0.25,0.14
LTAI,ESSA,0,50,11.96,33.33,-13.62,92.85,0.04,0.17,-0.21,0.32
LTAI,LFSB,0,63,-2.87,18.05,-26.78,29.26,0.06,0.12,-0.14,0.22
LTAI,LFSB,1,22,-30.57,23.6,-56.08,-2.23,-0.01,0.13,-0.19,0.2
LTAI,LFSB,2,20,-15.93,25.27,-40.91,29.53,0.02,0.12,-0.18,0.17
LTAI,LKPR,0,32,-10.81,18.87,-38.4,20.54,-0.08,0.09,-0.24,0.02
LTAI,LKPR,1,52,-1.17,18.85,-24.84,29.18,-0.09,0.09,-0.24,0.07
LTAI,LLBG,0,204,-5.95,12.95,-25.44,17.67,0.04,0.15,-0.07,0.16
LTAI,LOWW,0,32,24.24,26.75,-25.79,62.7,0.08,0.11,-0.08,0.21
LTAI,LOWW,1,46,25.96,25.02,-8.28,66.03,0.04,0.1,-0.1,0.2
LTAI,LOWW,2,86,27.31,24.84,-7.95,78.02,0.06,0.08,-0.07,0.2
LTAI,LSZH,0,33,22.8,21.84,-9.16,55.26,0.0,0.14,-0.24,0.21
LTAI,LSZH,1,89,22.12,17.87,3.02,56.66,0.05,0.13,-0.15,0.23
LTAI,LSZH,2,19,-7.92,32.16,-48.71,51.92,-0.06,0.14,-0.26,0.15
LTAI,LSZH,3,21,20.93,13.0,6.6,48.3,0.05,0.14,-0.13,0.26
LTAI,LTAC,0,255,9.33,22.18,-6.5,61.4,0.09,0.07,0.01,0.21
LTAI,LTAF,0,130,-6.2,4.92,-9.0,2.61,-0.06,0.04,-0.11,0.0
LTAI,LTAU,0,50,-4.27,13.43,-33.9,12.17,-0.0,0.06,-0.11,0.09
LTAI,LTBJ,0,89,3.42,18.83,-21.92,32.38,-0.04,0.06,-0.13,0.05
LTAI,LTFJ,0,572,-11.8,27.02,-40.6,31.52,0.01,0.13,-0.13,0.25
LTAI,LTFM,0,500,-5.13,26.62,-37.52,46.06,0.04,0.11,-0.07,0.21
LTAI,LUKK,0,21,-18.94,19.51,-56.9,-1.1,0.01,0.08,-0.11,0.1
LTAI,LUKK,1,61,-29.74,11.78,-44.0,-7.0,-0.06,0.06,-0.14,0.04
LTAI,OLBA,0,61,-5.1,9.02,-14.3,16.7,0.04,0.04,-0.01,0.12
LTAI,OLBA,1,26,-23.1,8.16,-32.85,-9.57,-0.0,0.16,-0.08,0.03
LTAI,UAAA,0,23,-125.4,19.71,-147.24,-86.08,0.1,0.21,-0.19,0.45
LTAI,UAAA,1,24,-25.27,42.61,-66.72,29.65,-0.05,0.16,-0.29,0.11
LTAI,UAAA,2,20,-63.96,22.54,-92.92,-29.75,-0.03,0.21,-0.28,0.28
LTAI,UACC,0,35,-8.09,10.77,-25.55,5.1,-0.02,0.19,-0.37,0.25
LTAI,UACC,1,25,-12.11,19.6,-36.84,22.3,0.1,0.16,-0.12,0.3
LTAI,ULLI,0,13,7.06,29.07,-10.76,52.76,-0.02,0.21,-0.31,0.31
LTAI,ULLI,1,118,13.39,20.72,-6.62,48.73,0.01,0.16,-0.25,0.23
LTAI,ULLI,2,60,-70.35,37.42,-124.53,-4.24,-0.22,0.14,-0.43,-0.01
LTAI,UNNT,0,58,-22.39,47.47,-62.42,82.51,-0.04,0.19,-0.34,0.26
LTAI,URMM,0,67,35.22,100.13,-30.02,300.53,0.08,0.31,-0.14,0.21
LTAI,URSS,0,66,-18.55,17.34,-36.67,11.3,-0.06,0.06,-0.15,0.04
LTAI,USSS,0,46,-30.07,16.52,-47.0,1.85,0.01,0.18,-0.25,0.3
LTAI,USSS,1,29,-35.25,11.74,-51.0,-17.44,-0.15,0.17,-0.43,0.11
LTAI,USSS,2,17,-20.15,12.82,-43.04,-3.54,-0.02,0.12,-0.16,0.18
LTAI,USSS,3,15,-18.36,14.86,-40.45,-1.18,-0.1,0.17,-0.33,0.14
LTAI,USSS,4,23,-12.65,11.19,-28.85,2.8,-0.03,0.13,-0.26,0.2
LTAI,UUDD,0,32,0.02,4.88,-6.9,6.5,-0.02,0.14,-0.25,0.25
LTAI,UUDD,1,35,8.43,19.09,-9.28,36.68,-0.07,0.13,-0.34,0.1
LTAI,UUDD,2,73,-65.74,61.49,-115.32,-1.1,-0.13,0.13,-0.34,0.08
LTAI,UUEE,0,96,-71.54,35.36,-114.28,-10.2,-0.11,0.23,-0.37,0.23
LTAI,UUEE,1,53,29.91,41.02,-12.74,70.06,0.13,0.18,-0.11,0.35
LTAI,UUEE,2,31,2.69,12.84,-2.95,25.35,0.03,0.13,-0.13,0.17
LTAI,UUEE,3,56,-73.98,30.99,-116.07,-9.05,0.01,0.16,-0.23,0.35
LTAI,UUWW,0,66,-17.73,12.02,-33.17,6.5,-0.05,0.12,-0.26,0.15
LTAI,UUWW,1,188,4.43,12.47,-7.23,31.08,-0.04,0.16,-0.28,0.25
LTAI,UWKD,0,44,-64.75,27.84,-94.91,1.71,-0.15,0.15,-0.4,0.07
LTAI,UWKD,1,18,-25.79,18.83,-52.4,-2.81,0.02,0.11,-0.16,0.18
LTAI,UWKD,2,79,-10.46,25.37,-36.04,35.42,0.01,0.14,-0.23,0.23
LTAI,UWUU,0,37,-26.94,15.85,-46.92,-6.76,-0.04,0.13,-0.22,0.16
LTAI,UWUU,1,39,-35.84,21.01,-75.52,-6.82,-0.11,0.17,-0.38,0.12
LTAI,UWUU,2,24,-27.86,12.41,-47.28,-13.28,-0.03,0.09,-0.13,0.09
LTAI,UWWW,0,30,-81.99,24.53,-110.26,-44.94,-0.23,0.13,-0.42,-0.05
LTAI,UWWW,1,27,-36.9,11.83,-51.4,-23.45,-0.05,0.11,-0.23,0.1
LTAI,UWWW,2,16,-27.29,16.58,-46.58,-1.62,-0.02,0.07,-0.12,0.09
LTAJ,LTAC,0,83,6.93,12.35,0.0,27.58,0.1,0.07,0.03,0.19
LTAJ,LTBJ,0,45,-13.89,10.98,-27.42,6.58,-0.06,0.05,-0.13,0.02
LTAJ,LTBJ,1,17,-23.41,16.88,-44.72,0.66,-0.2,0.04,-0.24,-0.13
LTAJ,LTFJ,0,169,-19.63,25.76,-48.98,8.32,-0.03,0.12,-0.18,0.19
LTAJ,LTFM,0,267,-37.71,34.34,-57.9,7.75,-0.06,0.15,-0.17,0.11
LTAN,LTFJ,0,94,-24.94,23.79,-43.67,4.49,-0.05,0.17,-0.19,0.16
LTAN,LTFM,0,119,-14.82,17.66,-45.5,12.87,0.01,0.13,-0.15,0.19
LTAR,LTFJ,0,56,-22.83,23.42,-54.88,17.82,-0.02,0.13,-0.17,0.21
LTAR,LTFM,0,75,-44.73,19.62,-60.81,-5.67,-0.06,0.1,-0.17,0.13
LTAT,LTFJ,0,60,-14.78,36.7,-48.82,10.66,0.0,0.2,-0.15,0.32
LTAT,LTFM,0,79,-39.54,14.74,-52.21,-12.37,-0.07,0.06,-0.17,0.03
LTAU,LTAI,0,50,-9.52,18.69,-38.1,21.3,0.07,0.09,-0.07,0.21
LTAU,LTFJ,0,209,-21.05,22.66,-52.4,12.58,-0.02,0.12,-0.18,0.2
LTAU,LTFM,0,61,-39.42,23.76,-58.0,0.0,-0.06,0.1,-0.15,0.04
LTAU,LTFM,1,206,-42.26,17.71,-57.38,0.2,-0.06,0.08,-0.16,0.1
LTAY,LTFM,0,79,-26.07,14.15,-51.05,-3.87,-0.03,0.05,-0.11,0.04
LTAZ,LTFM,0,97,-37.02,22.13,-57.2,4.76,-0.04,0.15,-0.16,0.25
LTAZ,LTFM,1,28,-41.99,16.83,-57.06,-5.95,-0.04,0.15,-0.16,0.22
LTBJ,EDDB,0,37,-1.16,14.63,-18.34,34.68,0.01,0.11,-0.17,0.13
LTBJ,EDDB,1,15,2.79,21.57,-18.93,44.31,0.01,0.14,-0.13,0.21
LTBJ,EDDB,2,23,1.39,9.31,-10.84,17.03,-0.01,0.08,-0.16,0.1
LTBJ,EDDF,0,24,-32.83,32.36,-90.71,5.43,-0.17,0.11,-0.32,-0.02
LTBJ,EDDF,1,24,-25.72,22.0,-53.64,7.43,-0.16,0.11,-0.36,0.01
LTBJ,EDDF,2,23,-25.63,29.66,-61.7,21.48,-0.13,0.08,-0.24,-0.02
LTBJ,EDDF,3,16,-34.49,21.09,-59.6,-1.65,-0.18,0.1,-0.34,-0.03
LTBJ,EDDF,4,16,-33.19,20.87,-58.6,1.58,-0.21,0.11,-0.39,-0.06
LTBJ,EDDK,0,22,-0.62,15.01,-25.14,14.63,0.02,0.07,-0.08,0.15
LTBJ,EDDK,1,27,-8.3,22.39,-37.74,38.09,-0.02,0.13,-0.24,0.19
LTBJ,EDDK,2,30,1.45,17.17,-19.53,34.08,0.06,0.16,-0.12,0.26
LTBJ,EDDL,0,31,-14.44,17.67,-37.55,13.4,0.01,0.13,-0.18,0.18
LTBJ,EDDL,1,28,-15.62,12.29,-32.1,5.07,-0.03,0.11,-0.18,0.13
LTBJ,EDDL,2,40,-14.78,23.67,-44.14,28.99,-0.0,0.12,-0.21,0.16
LTBJ,EDDL,3,17,-9.31,10.78,-19.76,8.84,-0.01,0.07,-0.12,0.08
LTBJ,EDDM,0,22,7.52,23.04,-17.98,52.34,-0.02,0.09,-0.14,0.11
LTBJ,EDDM,1,51,5.83,10.96,-10.0,22.8,-0.03,0.08,-0.17,0.1
LTBJ,EDDS,0,70,3.29,12.88,-14.93,22.06,0.03,0.08,-0.09,0.16
LTBJ,EDDS,1,12,2.4,25.72,-29.54,35.48,0.02,0.1,-0.13,0.18
LTBJ,LTAC,0,213,8.64,27.74,-2.1,46.84,0.15,0.11,0.08,0.24
LTBJ,LTAF,0,84,-0.78,8.77,-13.61,12.19,-0.01,0.05,-0.08,0.09
LTBJ,LTAI,0,88,2.24,14.48,-19.42,26.55,0.03,0.09,-0.07,0.14
LTBJ,LTAJ,0,39,6.24,5.9,-4.96,14.9,0.07,0.06,-0.01,0.2
LTBJ,LTAJ,1,21,-18.26,13.68,-35.9,-2.8,0.04,0.11,-0.08,0.27
LTBJ,LTCC,0,21,4.32,9.88,-12.0,16.8,0.03,0.07,-0.09,0.14
LTBJ,LTCC,1,41,-3.5,9.14,-14.1,8.0,0.09,0.08,-0.01,0.2
LTBJ,LTFJ,0,417,-12.5,22.78,-41.92,23.06,-0.01,0.12,-0.14,0.25
LTBJ,LTFM,0,499,-21.49,15.84,-43.51,2.06,-0.04,0.08,-0.14,0.08
LTBJ,UBBB,0,37,-10.31,23.62,-30.8,34.04,0.02,0.13,-0.16,0.21
LTBJ,UBBB,1,15,-39.65,11.11,-50.25,-19.76,-0.1,0.08,-0.19,0.02
LTBS,EGBB,0,25,-9.94,20.16,-35.66,22.36,-0.06,0.16,-0.3,0.19
LTBS,EGBB,1,53,-16.91,18.83,-38.94,25.66,-0.07,0.16,-0.34,0.2
LTBS,EGCC,0,6,4.37,12.56,-9.95,18.18,0.04,0.16,-0.15,0.23
LTBS,EGCC,1,70,4.07,18.46,-19.82,29.02,0.01,0.15,-0.2,0.26
LTBS,EGCC,2,63,4.76,19.35,-18.5,34.7,0.02,0.15,-0.21,0.27
LTBS,EGCC,3,19,10.76,15.3,-0.98,32.58,-0.03,0.18,-0.29,0.18
LTBS,EGCC,4,64,6.55,22.22,-16.91,29.61,0.04,0.15,-0.19,0.26
LTBS,EGGD,0,28,-0.66,17.51,-21.72,27.86,-0.06,0.13,-0.26,0.13
LTBS,EGGD,1,24,-0.98,13.34,-17.92,21.08,-0.02,0.11,-0.16,0.16
LTBS,EGGD,2,18,10.65,18.81,-11.52,35.46,0.0,0.15,-0.21,0.2
LTBS,EGKK,0,173,8.02,20.56,-18.94,43.4,0.11,0.2,-0.21,0.43
LTBS,EGKK,1,33,4.86,26.06,-29.68,45.32,0.06,0.2,-0.21,0.44
LTBS,EGSS,0,25,5.35,13.28,-12.78,24.06,0.02,0.15,-0.19,0.24
LTBS,EGSS,1,20,-1.77,24.05,-19.23,47.07,-0.02,0.12,-0.23,0.14
LTBS,EGSS,2,17,-4.22,9.48,-14.34,12.52,0.03,0.09,-0.1,0.16
LTBS,LTAC,0,108,-2.24,20.9,-29.53,39.5,0.1,0.07,0.02,0.21
LTBS,LTFJ,0,295,-35.84,26.79,-73.63,4.71,-0.05,0.14,-0.2,0.22
LTBS,LTFM,0,292,-26.76,26.2,-65.74,13.23,0.0,0.12,-0.12,0.17
LTBS,UUWW,0,30,-3.83,27.83,-19.73,26.09,0.01,0.12,-0.16,0.21
LTBS,UUWW,1,15,-81.34,30.86,-120.39,-37.91,-0.13,0.11,-0.31,0.03
LTBS,UUWW,2,15,-94.87,29.04,-119.85,-54.98,-0.17,0.1,-0.34,-0.08
LTBS,UUWW,3,38,-15.45,9.64,-32.62,1.13,-0.02,0.15,-0.26,0.21
LTCA,LTAC,0,57,4.01,26.49,-14.98,32.3,0.1,0.05,0.04,0.19
LTCA,LTFJ,0,67,-15.86,21.79,-47.45,20.34,-0.0,0.11,-0.13,0.24
LTCA,LTFM,0,55,-43.74,17.87,-59.53,1.29,-0.09,0.07,-0.19,0.01
LTCA,LTFM,1,28,-48.26,16.65,-58.68,-2.59,-0.11,0.05,-0.18,-0.04
LTCB,LTAC,0,61,19.72,24.18,-1.2,65.2,0.12,0.06,0.03,0.21
LTCB,LTFJ,0,133,-16.19,22.91,-54.84,17.96,0.02,0.15,-0.16,0.28
LTCB,LTFM,0,96,-42.12,41.06,-70.82,0.88,-0.1,0.07,-0.22,0.02
LTCB,LTFM,1,16,-33.52,28.49,-66.97,8.32,-0.07,0.11,-0.2,0.14
LTCC,LTAC,0,91,-2.01,12.43,-16.15,22.7,0.09,0.08,0.0,0.19
LTCC,LTBJ,0,62,-6.29,9.32,-21.56,9.0,-0.11,0.14,-0.23,-0.01
LTCC,LTFJ,0,120,-12.23,23.35,-42.46,12.84,0.03,0.14,-0.14,0.3
LTCC,LTFM,0,181,-40.98,24.01,-57.2,0.0,-0.06,0.12,-0.17,0.09
LTCC,LTFM,1,72,-37.87,24.67,-57.24,14.18,-0.04,0.18,-0.19,0.18
LTCE,LTAC,0,73,29.89,25.05,-3.7,71.74,0.17,0.09,0.06,0.3
LTCE,LTFJ,0,99,-15.02,24.81,-47.88,28.38,0.03,0.16,-0.17,0.31
LTCE,LTFM,0,41,-28.38,31.5,-54.5,15.8,-0.01,0.16,-0.16,0.19
LTCE,LTFM,1,38,-34.55,24.41,-58.65,-5.35,-0.03,0.11,-0.15,0.04
LTCF,LTFJ,0,30,-8.4,31.69,-53.26,17.37,-0.03,0.15,-0.24,0.19
LTCF,LTFJ,1,30,-27.45,24.78,-58.37,8.68,-0.07,0.13,-0.22,0.21
LTCG,LTAC,0,99,20.83,24.82,-1.63,67.09,0.14,0.08,0.06,0.29
LTCG,LTFJ,0,323,-17.18,24.9,-51.19,18.47,0.01,0.14,-0.18,0.27
LTCG,LTFJ,1,49,-33.34,27.91,-77.22,11.6,-0.05,0.15,-0.23,0.22
LTCG,LTFM,0,247,-42.1,27.18,-67.75,2.62,-0.08,0.08,-0.2,0.05
LTCG,LTFM,1,70,-16.9,23.25,-57.14,19.71,-0.0,0.12,-0.14,0.2
LTCG,OKKK,0,68,5.4,46.43,-25.49,49.86,0.07,0.16,-0.09,0.28
LTCI,LTAC,0,90,1.27,16.16,-16.32,28.73,0.11,0.07,0.02,0.21
LTCI,LTFJ,0,103,-17.9,22.67,-48.39,24.04,-0.01,0.14,-0.18,0.24
LTCI,LTFM,0,121,-47.5,21.86,-62.5,-6.0,-0.07,0.13,-0.2,0.1
LTCK,LTFM,0,70,-31.42,23.81,-59.86,14.08,-0.03,0.11,-0.19,0.16
LTCN,LTFM,0,54,-34.27,52.86,-57.28,1.35,-0.03,0.1,-0.14,0.14
LTCR,LTFJ,0,60,-27.33,17.92,-52.19,0.9,-0.1,0.09,-0.25,0.05
LTCR,LTFM,0,53,-33.51,37.47,-56.5,52.18,-0.04,0.22,-0.21,0.36
LTCR,LTFM,1,29,-48.08,12.49,-56.98,-24.74,-0.07,0.08,-0.17,0.07
LTCS,LTFJ,0,57,-13.66,23.42,-53.3,17.04,0.02,0.15,-0.18,0.34
LTCS,LTFM,0,89,-41.02,20.34,-59.48,-3.1,-0.06,0.1,-0.16,0.05
LTCV,LTFM,0,49,-43.42,14.76,-57.36,-11.54,-0.11,0.07,-0.22,-0.03
LTCV,LTFM,1,21,-34.26,28.3,-57.1,8.9,-0.08,0.09,-0.17,0.04
LTFD,LTFM,0,50,-15.42,12.6,-36.11,7.92,0.02,0.16,-0.08,0.11
LTFE,EGKK,0,62,14.64,24.66,-11.18,74.96,0.1,0.2,-0.2,0.41
LTFE,LTAC,0,56,-4.18,20.75,-26.82,45.48,0.1,0.06,0.02,0.21
LTFE,LTAC,1,67,23.81,25.77,-7.7,73.74,0.15,0.08,0.03,0.29
LTFE,LTFJ,0,367,-12.43,22.31,-37.51,22.0,-0.02,0.12,-0.15,0.21
LTFE,LTFM,0,327,-16.82,22.96,-42.8,12.91,-0.03,0.11,-0.13,0.1
LTFE,UUWW,0,28,-21.57,14.25,-39.79,-0.07,-0.08,0.16,-0.34,0.2
LTFE,UUWW,1,29,-66.3,33.33,-122.7,-16.74,-0.13,0.17,-0.35,0.14
LTFE,UUWW,2,30,-2.58,12.23,-17.11,15.41,-0.05,0.13,-0.23,0.17
LTFG,LTFM,0,103,-24.19,19.65,-54.86,5.49,-0.03,0.07,-0.14,0.08
LTFG,LTFM,1,17,-32.01,16.02,-54.32,-9.7,-0.04,0.05,-0.12,0.02
LTFH,LTFJ,0,172,-20.36,32.3,-57.48,13.59,-0.0,0.17,-0.18,0.24
LTFH,LTFM,0,122,-45.8,29.07,-77.99,1.79,-0.09,0.09,-0.21,0.06
LTFJ,BKPR,0,52,-4.42,12.04,-17.0,16.31,0.02,0.06,-0.06,0.12
LTFJ,EBCI,0,54,-25.99,26.59,-47.04,14.79,-0.03,0.12,-0.21,0.17
LTFJ,EDDB,0,57,2.82,33.88,-17.74,33.58,0.08,0.37,-0.16,0.2
LTFJ,EDDB,1,15,-3.93,10.54,-17.4,10.12,0.03,0.06,-0.06,0.1
LTFJ,EDDB,2,29,-13.61,14.91,-33.14,7.6,-0.01,0.1,-0.16,0.14
LTFJ,EDDF,0,54,-36.19,25.94,-74.0,0.43,-0.15,0.09,-0.27,-0.04
LTFJ,EDDF,1,35,3.07,36.48,-38.3,34.94,-0.08,0.26,-0.2,0.1
LTFJ,EDDH,0,45,-33.52,16.28,-50.26,-4.94,-0.08,0.11,-0.25,0.12
LTFJ,EDDH,1,32,-38.07,27.48,-70.44,12.2,-0.09,0.1,-0.23,0.06
LTFJ,EDDK,0,61,-11.68,23.76,-36.5,33.1,0.04,0.13,-0.12,0.25
LTFJ,EDDK,1,80,1.6,17.89,-24.03,29.02,0.04,0.1,-0.1,0.19
LTFJ,EDDL,0,58,-16.41,13.26,-32.68,8.4,-0.01,0.1,-0.17,0.15
LTFJ,EDDL,1,17,-14.24,18.24,-35.46,12.02,0.02,0.12,-0.14,0.18
LTFJ,EDDL,2,26,-10.77,19.53,-32.42,16.25,0.01,0.12,-0.18,0.16
LTFJ,EDDL,3,19,-27.86,15.78,-46.71,-3.76,-0.03,0.1,-0.17,0.09
LTFJ,EDDL,4,29,-16.76,13.19,-32.16,0.66,0.0,0.13,-0.17,0.21
LTFJ,EDDM,0,29,1.13,15.52,-24.56,23.56,0.0,0.07,-0.12,0.09
LTFJ,EDDM,1,28,3.64,13.98,-15.62,24.33,-0.04,0.09,-0.17,0.12
LTFJ,EDDM,2,18,5.61,13.46,-16.46,23.64,-0.0,0.08,-0.12,0.13
LTFJ,EDDS,0,18,-9.21,20.89,-34.72,19.84,0.0,0.08,-0.16,0.09
LTFJ,EDDS,1,35,2.21,14.35,-22.15,23.38,0.05,0.1,-0.1,0.21
LTFJ,EDDS,2,24,-0.13,12.4,-15.6,18.7,0.01,0.07,-0.1,0.13
LTFJ,EDDS,3,16,-1.26,14.12,-24.62,20.15,0.02,0.08,-0.08,0.16
LTFJ,EDDV,0,28,-10.42,13.95,-32.4,9.41,-0.01,0.09,-0.12,0.15
LTFJ,EDDV,1,28,-8.9,19.22,-29.45,20.5,-0.02,0.05,-0.1,0.05
LTFJ,EGSS,0,35,6.2,14.19,-11.42,33.52,0.07,0.12,-0.09,0.26
LTFJ,EGSS,1,69,-2.61,13.77,-17.24,25.08,0.03,0.12,-0.14,0.21
LTFJ,EGSS,2,31,1.1,16.19,-18.2,20.25,0.07,0.11,-0.12,0.22
LTFJ,EGSS,3,44,-6.42,15.83,-29.82,20.37,0.04,0.1,-0.1,0.21
LTFJ,EGSS,4,29,3.65,15.97,-11.8,30.06,0.04,0.11,-0.15,0.2
LTFJ,EHAM,0,115,3.39,12.31,-12.26,23.74,0.05,0.11,-0.11,0.22
LTFJ,EHAM,1,40,8.53,13.99,-10.81,33.41,0.05,0.12,-0.12,0.23
LTFJ,EKCH,0,65,-21.53,13.08,-36.72,-5.38,-0.1,0.1,-0.28,0.07
LTFJ,GMMN,0,40,-1.85,20.94,-20.02,32.98,0.03,0.17,-0.21,0.3
LTFJ,GMMN,1,21,-5.77,17.12,-17.8,3.8,0.02,0.15,-0.24,0.21
LTFJ,LFLL,0,61,-2.54,19.57,-28.7,36.4,0.02,0.12,-0.17,0.18
LTFJ,LFPG,0,29,-2.06,15.92,-27.82,24.34,0.03,0.1,-0.12,0.19
LTFJ,LFPG,1,15,-4.69,18.95,-28.66,26.44,0.0,0.1,-0.15,0.13
LTFJ,LFPG,2,46,-17.51,22.83,-57.7,10.98,-0.01,0.13,-0.18,0.16
LTFJ,LFPG,3,27,-1.08,20.93,-34.45,23.28,0.04,0.1,-0.11,0.18
LTFJ,LFSB,0,54,-21.51,12.75,-39.01,-3.71,0.02,0.1,-0.16,0.15
LTFJ,LFSB,1,23,-36.2,26.65,-71.2,-2.93,-0.07,0.12,-0.22,0.14
LTFJ,LIME,0,21,-25.9,18.2,-47.0,5.9,-0.04,0.11,-0.16,0.1
LTFJ,LIME,1,59,-31.08,20.93,-62.12,1.24,-0.05,0.11,-0.22,0.14
LTFJ,LIRF,0,89,-38.01,22.01,-66.16,3.9,-0.07,0.09,-0.2,0.09
LTFJ,LLBG,0,203,9.65,12.4,-5.4,31.73,0.06,0.07,-0.05,0.18
LTFJ,LOWW,0,99,8.3,27.93,-20.56,71.9,0.05,0.09,-0.09,0.18
LTFJ,LQSA,0,60,-3.49,16.47,-24.56,30.78,0.07,0.07,-0.04,0.2
LTFJ,LSZH,0,43,10.83,9.77,-5.49,23.41,0.07,0.11,-0.11,0.25
LTFJ,LSZH,1,36,9.36,31.05,-20.65,75.27,0.05,0.14,-0.16,0.34
LTFJ,LTAC,0,325,4.29,12.53,-4.1,30.08,0.04,0.1,-0.02,0.18
LTFJ,LTAF,0,287,0.89,9.83,-11.81,16.57,0.02,0.07,-0.05,0.12
LTFJ,LTAI,0,577,-0.28,17.02,-26.14,24.76,0.06,0.09,-0.04,0.19
LTFJ,LTAJ,0,169,0.09,3.91,-3.6,2.76,0.07,0.05,-0.0,0.14
LTFJ,LTAN,0,96,16.62,11.25,-2.08,33.45,0.14,0.07,0.06,0.22
LTFJ,LTAR,0,56,2.41,10.52,-2.43,17.62,0.08,0.04,0.04,0.14
LTFJ,LTAT,0,60,23.45,13.71,14.74,37.82,0.18,0.09,0.09,0.39
LTFJ,LTAU,0,211,12.97,12.13,4.8,17.2,0.05,0.06,-0.0,0.12
LTFJ,LTBJ,0,415,0.71,17.59,-29.18,24.25,-0.01,0.06,-0.1,0.09
LTFJ,LTBS,0,294,20.55,19.38,-9.04,37.83,0.08,0.1,-0.01,0.17
LTFJ,LTCA,0,67,11.52,12.64,-17.0,21.48,0.1,0.05,0.03,0.17
LTFJ,LTCB,0,132,13.33,15.88,-8.08,35.7,0.1,0.05,0.04,0.19
LTFJ,LTCC,0,123,4.13,94.09,-14.3,6.85,0.14,0.31,-0.04,0.28
LTFJ,LTCE,0,68,-0.26,18.58,-12.89,35.67,0.05,0.06,-0.03,0.18
LTFJ,LTCE,1,30,5.49,19.19,-12.65,38.86,0.04,0.07,-0.02,0.2
LTFJ,LTCF,0,60,2.1,10.9,-6.59,16.49,0.08,0.07,-0.01,0.23
LTFJ,LTCG,0,350,-8.58,19.98,-23.31,23.31,0.07,0.08,-0.03,0.19
LTFJ,LTCG,1,22,3.1,16.64,-13.3,35.36,0.13,0.21,0.01,0.19
LTFJ,LTCI,0,103,4.55,5.17,0.4,16.37,0.11,0.08,0.01,0.21
LTFJ,LTCR,0,60,0.38,2.54,-1.32,2.23,0.1,0.04,0.03,0.17
LTFJ,LTCS,0,56,2.11,19.53,-11.62,20.9,0.09,0.1,-0.02,0.3
LTFJ,LTFE,0,369,-6.91,32.7,-49.6,47.2,0.03,0.11,-0.11,0.2
LTFJ,LTFH,0,172,10.03,24.2,-13.9,52.0,0.06,0.06,-0.02,0.16
LTFJ,LTFO,0,116,2.11,19.32,-19.95,37.8,0.05,0.07,-0.04,0.18
LTFJ,OEDF,0,62,13.1,29.69,-26.08,74.33,0.06,0.11,-0.16,0.24
LTFJ,OEJN,0,98,17.84,22.86,-7.62,55.42,0.1,0.1,-0.04,0.28
LTFJ,OEMA,0,50,25.67,15.4,3.3,52.1,0.13,0.1,-0.03,0.27
LTFJ,OERK,0,104,8.02,29.68,-26.09,68.39,0.04,0.15,-0.14,0.31
LTFJ,OIIE,0,68,36.74,21.33,12.76,58.64,0.1,0.07,-0.01,0.22
LTFJ,OKKK,0,156,19.87,24.88,-5.85,54.72,0.04,0.1,-0.11,0.19
LTFJ,OLBA,0,60,-0.49,5.79,-9.43,7.15,0.05,0.05,-0.01,0.14
LTFJ,OMDB,0,41,37.04,22.44,0.3,76.7,0.06,0.11,-0.09,0.25
LTFJ,OMDB,1,61,23.48,18.77,-1.1,47.2,0.11,0.12,-0.08,0.28
LTFJ,OMSJ,0,43,22.64,25.45,-3.29,64.59,0.05,0.09,-0.09,0.18
LTFJ,OMSJ,1,39,8.59,16.14,-4.57,28.72,-0.02,0.1,-0.18,0.14
LTFJ,ORBI,0,103,-9.5,25.14,-57.46,21.71,0.04,0.12,-0.14,0.23
LTFJ,ORER,0,71,111.25,119.68,-1.1,279.0,0.26,0.28,-0.05,0.75
LTFJ,OTHH,0,81,37.63,26.19,-0.4,79.7,0.09,0.11,-0.08,0.26
LTFJ,OTHH,1,18,37.39,31.88,16.6,64.51,0.14,0.07,0.03,0.21
LTFJ,UBBB,0,96,-22.83,30.89,-48.02,24.05,-0.02,0.11,-0.17,0.13
LTFJ,UBBB,1,41,-7.17,20.18,-27.9,17.0,0.02,0.1,-0.15,0.15
LTFJ,UCFM,0,36,2.4,7.28,-4.2,13.6,0.06,0.14,-0.16,0.26
LTFJ,UCFM,1,24,-8.9,5.35,-15.61,-0.16,0.02,0.13,-0.24,0.16
LTFJ,UGTB,0,99,-9.31,13.11,-26.32,12.12,0.02,0.06,-0.08,0.1
LTFJ,UUWW,0,60,-9.93,16.55,-26.52,12.94,-0.03,0.14,-0.29,0.21
LTFM,DAAG,0,156,9.1,22.52,-24.3,56.5,0.04,0.14,-0.17,0.26
LTFM,DAAG,1,30,7.7,16.54,-7.52,34.95,0.07,0.11,-0.06,0.18
LTFM,DTTA,0,154,9.14,25.1,-23.02,46.68,0.11,0.12,-0.06,0.25
LTFM,EBBR,0,17,11.01,9.61,-1.22,24.52,0.01,0.08,-0.1,0.12
LTFM,EBBR,1,59,5.76,15.96,-6.05,41.23,0.08,0.12,-0.09,0.28
LTFM,EBBR,2,25,9.54,15.94,-4.2,36.46,0.07,0.11,-0.09,0.2
LTFM,EBBR,3,28,-92.19,18.44,-108.56,-57.81,-0.14,0.08,-0.29,-0.03
LTFM,EDDB,0,107,3.05,15.13,-16.62,24.87,0.05,0.09,-0.1,0.19
LTFM,EDDB,1,31,10.43,24.26,-7.8,39.15,0.06,0.1,-0.09,0.23
LTFM,EDDF,0,71,-8.88,20.4,-45.6,11.85,-0.1,0.11,-0.28,0.07
LTFM,EDDF,1,128,-13.99,26.97,-47.0,27.66,-0.1,0.11,-0.26,0.06
LTFM,EDDF,2,18,-29.11,31.29,-64.82,21.94,-0.19,0.11,-0.33,-0.06
LTFM,EDDF,3,33,-25.32,23.97,-58.96,7.64,-0.11,0.1,-0.26,0.05
LTFM,EDDH,0,120,-26.32,27.98,-46.66,11.58,-0.04,0.19,-0.21,0.12
LTFM,EDDK,0,30,-6.96,22.11,-35.82,28.42,0.09,0.13,-0.1,0.3
LTFM,EDDK,1,27,5.65,11.84,-16.39,22.45,0.11,0.08,0.0,0.24
LTFM,EDDK,2,37,7.35,11.73,-10.9,22.7,0.1,0.1,-0.05,0.25
LTFM,EDDK,3,23,14.67,23.01,-3.05,24.46,0.15,0.17,-0.04,0.31
LTFM,EDDL,0,100,-7.84,13.11,-22.3,15.35,0.02,0.11,-0.15,0.2
LTFM,EDDL,1,20,-4.34,35.28,-34.86,38.8,0.06,0.15,-0.12,0.24
LTFM,EDDM,0,119,15.57,12.67,-2.31,40.35,0.04,0.1,-0.11,0.21
LTFM,EDDN,0,90,19.12,21.01,-10.71,50.28,0.11,0.08,-0.02,0.24
LTFM,EDDS,0,105,14.64,13.37,-2.46,34.1,0.09,0.09,-0.06,0.22
LTFM,EDDS,1,15,9.91,22.11,-9.7,59.82,0.07,0.06,-0.04,0.14
LTFM,EDDV,0,23,0.33,19.09,-24.4,32.27,0.04,0.09,-0.09,0.17
LTFM,EDDV,1,81,14.6,13.56,-4.3,37.6,0.06,0.09,-0.08,0.21
LTFM,EDDW,0,52,11.68,16.53,-9.94,36.32,0.1,0.08,-0.04,0.24
LTFM,EFHK,0,69,-3.21,22.78,-26.26,15.26,0.05,0.16,-0.21,0.3
LTFM,EGBB,0,59,0.56,25.38,-28.39,42.57,0.08,0.13,-0.11,0.33
LTFM,EGCC,0,16,17.52,17.6,-11.58,45.42,0.06,0.17,-0.13,0.3
LTFM,EGCC,1,45,-5.43,23.24,-33.4,37.44,0.06,0.14,-0.1,0.28
LTFM,EGCC,2,39,16.66,10.0,3.14,35.26,0.09,0.11,-0.08,0.26
LTFM,EGKK,0,60,14.0,14.95,-5.63,42.74,0.16,0.17,-0.07,0.48
LTFM,EGKK,1,38,17.93,12.97,-2.32,35.73,0.18,0.15,-0.05,0.4
LTFM,EGKK,2,17,26.36,31.52,-2.66,61.24,0.2,0.16,-0.02,0.45
LTFM,EGLL,0,54,17.95,16.86,-2.17,43.83,0.21,0.16,-0.06,0.42
LTFM,EGLL,1,16,22.84,20.99,-3.8,55.35,0.18,0.16,-0.01,0.42
LTFM,EGLL,2,26,13.18,36.06,-17.9,97.1,0.13,0.21,-0.19,0.45
LTFM,EGLL,3,145,17.03,15.69,-0.08,46.22,0.2,0.18,-0.08,0.48
LTFM,EGLL,4,50,13.24,14.38,-2.62,37.93,0.14,0.12,-0.04,0.4
LTFM,EHAM,0,79,13.39,7.1,5.39,26.67,0.09,0.1,-0.04,0.26
LTFM,EHAM,1,87,16.26,12.26,2.33,39.49,0.11,0.12,-0.07,0.31
LTFM,EIDW,0,58,7.47,19.69,-9.12,50.35,0.05,0.12,-0.14,0.23
LTFM,EIDW,1,19,10.9,33.83,-18.5,68.35,0.08,0.14,-0.07,0.29
LTFM,EKCH,0,26,-13.2,15.62,-31.78,14.88,-0.07,0.1,-0.22,0.04
LTFM,EKCH,1,31,-10.79,43.39,-43.55,63.35,-0.02,0.2,-0.23,0.32
LTFM,EKCH,2,48,-12.6,15.07,-29.69,9.23,-0.04,0.11,-0.2,0.15
LTFM,ENGM,0,77,-1.38,25.17,-25.6,42.0,0.06,0.13,-0.13,0.3
LTFM,EPWA,0,71,-16.19,21.54,-42.05,18.0,-0.04,0.09,-0.16,0.12
LTFM,EPWA,1,43,-14.13,21.05,-40.39,17.11,0.0,0.08,-0.14,0.13
LTFM,ESGG,0,50,23.02,19.12,0.33,59.35,0.13,0.11,-0.03,0.3
LTFM,ESSA,0,83,14.21,29.5,-9.96,93.9,0.11,0.17,-0.1,0.4
LTFM,EVRA,0,59,9.22,48.78,-26.09,33.37,0.05,0.17,-0.14,0.32
LTFM,EYVI,0,62,1.25,13.18,-16.57,21.87,0.06,0.1,-0.09,0.23
LTFM,GMMN,0,26,-0.52,26.7,-33.28,39.32,0.05,0.21,-0.28,0.37
LTFM,GMMN,1,26,-3.06,14.03,-23.78,21.38,0.08,0.18,-0.16,0.36
LTFM,GMMN,2,17,4.96,15.9,-17.26,26.92,0.15,0.14,-0.08,0.4
LTFM,HAAB,0,68,-15.19,13.34,-38.01,6.7,-0.06,0.14,-0.31,0.1
LTFM,HECA,0,202,19.49,17.46,1.7,59.91,0.1,0.1,-0.05,0.27
LTFM,HLLM,0,158,-6.8,20.54,-24.86,14.12,0.05,0.15,-0.16,0.3
LTFM,HLLM,1,19,23.47,46.31,-14.45,87.95,0.17,0.11,0.05,0.3
LTFM,KIAD,0,15,5.68,82.7,-74.9,144.53,-0.01,0.41,-0.42,0.67
LTFM,KIAD,1,30,5.68,69.89,-76.54,108.38,0.09,0.29,-0.35,0.55
LTFM,KIAD,2,15,5.38,66.31,-62.01,126.77,0.02,0.34,-0.37,0.5
LTFM,KJFK,0,34,-0.32,77.51,-91.77,164.38,-0.02,0.4,-0.57,0.68
LTFM,KJFK,1,53,2.07,75.44,-107.38,124.62,0.15,0.36,-0.42,0.79
LTFM,KJFK,2,21,6.54,35.98,-34.3,74.9,0.01,0.38,-0.55,0.68
LTFM,KJFK,3,15,11.53,35.65,-39.23,69.38,-0.03,0.43,-0.48,0.68
LTFM,KLAX,0,27,-2.28,21.96,-36.66,36.44,0.03,0.29,-0.35,0.43
LTFM,KLAX,1,33,-1.81,59.69,-59.96,82.24,-0.01,0.28,-0.41,0.42
LTFM,KMIA,0,18,-3.08,84.26,-91.52,115.44,0.07,0.3,-0.26,0.55
LTFM,KMIA,1,35,5.84,101.7,-81.38,203.6,0.0,0.32,-0.47,0.5
LTFM,KORD,0,56,-0.69,47.73,-55.45,104.82,0.09,0.33,-0.41,0.64
LTFM,KORD,1,19,2.37,44.2,-45.93,69.63,0.02,0.19,-0.21,0.36
LTFM,KSFO,0,33,-1.87,48.62,-67.9,66.34,0.02,0.3,-0.37,0.61
LTFM,KSFO,1,27,-1.94,50.88,-50.7,80.16,0.0,0.26,-0.42,0.4
LTFM,LATI,0,66,-4.61,11.42,-22.58,14.52,0.05,0.06,-0.06,0.12
LTFM,LBSF,0,90,-33.44,27.8,-67.05,8.53,-0.01,0.07,-0.1,0.11
LTFM,LDZA,0,63,-1.01,13.84,-22.48,24.23,0.04,0.07,-0.05,0.13
LTFM,LEBL,0,30,-1.33,12.11,-16.6,19.73,-0.05,0.16,-0.19,0.31
LTFM,LEBL,1,65,5.2,40.2,-27.96,94.64,-0.02,0.15,-0.24,0.22
LTFM,LEBL,2,20,-1.94,15.76,-22.68,16.77,0.0,0.15,-0.16,0.27
LTFM,LEMD,0,49,8.3,20.87,-11.7,41.06,0.04,0.19,-0.17,0.46
LTFM,LEMD,1,42,11.24,29.32,-29.01,59.45,0.06,0.14,-0.15,0.29
LTFM,LEMD,2,21,16.04,15.77,-1.9,44.7,0.07,0.17,-0.15,0.34
LTFM,LEMG,0,27,-12.79,29.09,-50.66,22.94,0.04,0.11,-0.1,0.17
LTFM,LEMG,1,33,-2.37,12.55,-19.38,23.48,0.08,0.18,-0.13,0.42
LTFM,LEVC,0,40,20.71,23.01,-1.28,44.6,0.11,0.19,-0.11,0.42
LTFM,LEVC,1,20,25.53,34.72,-7.24,71.99,0.14,0.13,-0.04,0.38
LTFM,LFLL,0,64,22.5,34.28,-50.48,66.41,0.11,0.14,-0.07,0.3
LTFM,LFML,0,60,23.93,31.21,-9.11,84.91,0.19,0.23,-0.14,0.48
LTFM,LFMN,0,60,16.83,20.41,-3.08,42.24,0.11,0.16,-0.12,0.35
LTFM,LFPG,0,25,6.67,19.57,-18.48,38.04,0.08,0.08,-0.06,0.19
LTFM,LFPG,1,17,0.44,13.4,-23.92,16.04,0.16,0.42,-0.07,0.52
LTFM,LFPG,2,52,11.85,15.6,-10.95,33.38,0.07,0.1,-0.09,0.22
LTFM,LFPG,3,47,8.73,13.41,-6.82,31.23,0.1,0.14,-0.06,0.32
LTFM,LFPG,4,45,13.28,19.36,-9.58,49.98,0.09,0.12,-0.17,0.26
LTFM,LFPG,5,31,-1.09,17.04,-24.05,25.15,0.06,0.11,-0.15,0.22
LTFM,LFPG,6,45,6.57,20.75,-20.24,32.36,0.08,0.11,-0.06,0.26
LTFM,LFSB,0,60,-6.29,20.38,-30.4,20.74,0.09,0.13,-0.08,0.3
LTFM,LGAV,0,150,6.82,16.81,-17.56,34.47,0.08,0.07,-0.02,0.18
LTFM,LGAV,1,51,11.61,27.78,-20.95,79.0,0.1,0.09,-0.02,0.28
LTFM,LGTS,0,60,-5.88,17.52,-27.64,17.14,-0.02,0.05,-0.08,0.07
LTFM,LHBP,0,133,-7.81,28.7,-35.58,12.84,0.05,0.14,-0.06,0.16
LTFM,LIMC,0,31,-32.84,16.62,-51.1,-1.05,-0.12,0.11,-0.31,0.01
LTFM,LIMC,1,43,-31.52,20.72,-53.07,7.13,-0.08,0.13,-0.27,0.11
LTFM,LIMC,2,25,-31.24,22.01,-58.34,5.24,-0.13,0.16,-0.32,0.11
LTFM,LIMC,3,31,-42.3,23.5,-72.0,0.0,-0.16,0.14,-0.37,0.02
LTFM,LIPE,0,77,-4.99,22.36,-41.44,33.44,0.03,0.13,-0.16,0.24
LTFM,LIPZ,0,90,-33.14,15.84,-48.06,-2.94,-0.18,0.09,-0.32,-0.06
LTFM,LIRF,0,18,-39.6,17.64,-56.84,-17.12,-0.08,0.09,-0.21,0.08
LTFM,LIRF,1,102,-46.34,12.25,-59.2,-24.22,-0.14,0.1,-0.28,0.02
LTFM,LIRN,0,32,-22.95,22.95,-51.28,17.76,0.01,0.09,-0.11,0.17
LTFM,LIRN,1,20,-25.77,34.49,-59.78,32.58,-0.01,0.13,-0.17,0.19
LTFM,LJLJ,0,53,5.44,8.85,-2.72,17.08,0.06,0.07,-0.06,0.16
LTFM,LKPR,0,38,-8.71,28.78,-21.46,7.62,0.01,0.12,-0.13,0.11
LTFM,LKPR,1,53,-14.26,8.03,-25.06,-3.18,-0.01,0.08,-0.14,0.11
LTFM,LLBG,0,319,10.29,12.89,-5.31,34.02,0.03,0.07,-0.08,0.16
LTFM,LMML,0,61,-30.81,54.19,-71.4,54.5,-0.02,0.15,-0.14,0.11
LTFM,LOWW,0,120,21.44,22.68,-3.71,56.27,0.11,0.09,-0.01,0.26
LTFM,LPPT,0,41,8.39,30.91,-30.8,60.5,0.05,0.2,-0.23,0.42
LTFM,LPPT,1,19,13.39,54.89,-27.29,126.05,0.04,0.16,-0.12,0.24
LTFM,LQSA,0,86,32.43,15.18,18.65,52.45,0.17,0.09,0.06,0.31
LTFM,LROP,0,171,-17.24,38.0,-33.25,0.1,-0.01,0.2,-0.16,0.3
LTFM,LSGG,0,25,18.74,28.51,-6.7,74.54,0.06,0.12,-0.1,0.26
LTFM,LSGG,1,40,8.72,27.9,-26.42,50.04,0.12,0.12,-0.08,0.28
LTFM,LSGG,2,39,-10.5,15.01,-34.52,22.47,0.08,0.13,-0.13,0.25
LTFM,LSZH,0,31,18.26,14.39,-5.65,40.05,0.1,0.12,-0.09,0.27
LTFM,LSZH,1,92,23.12,12.67,5.07,48.25,0.1,0.11,-0.06,0.29
LTFM,LTAC,0,419,0.34,16.05,-19.11,27.3,0.05,0.08,-0.01,0.17
LTFM,LTAF,0,326,0.78,13.14,-18.92,20.5,0.05,0.08,-0.03,0.18
LTFM,LTAF,1,17,-7.42,11.72,-26.0,5.92,0.06,0.07,-0.01,0.2
LTFM,LTAI,0,491,0.25,18.39,-28.15,33.75,0.11,0.08,0.02,0.29
LTFM,LTAJ,0,268,-2.17,8.81,-17.73,11.03,0.09,0.1,0.01,0.18
LTFM,LTAN,0,119,13.8,13.27,-7.03,29.2,0.2,0.07,0.12,0.33
LTFM,LTAR,0,73,-0.95,7.73,-15.04,11.34,0.09,0.06,0.04,0.18
LTFM,LTAT,0,79,20.78,10.97,9.17,33.85,0.16,0.06,0.08,0.3
LTFM,LTAU,0,266,21.4,15.88,5.52,32.7,0.08,0.07,0.02,0.17
LTFM,LTAY,0,19,18.92,26.2,-3.83,66.71,0.15,0.14,0.01,0.41
LTFM,LTAY,1,59,0.7,17.37,-7.61,37.92,0.15,0.1,0.08,0.3
LTFM,LTAZ,0,126,-6.01,10.11,-23.1,9.93,0.07,0.08,0.02,0.17
LTFM,LTBJ,0,499,19.26,12.7,-0.2,37.63,0.07,0.05,-0.01,0.15
LTFM,LTBS,0,291,9.6,24.09,-29.4,45.7,0.1,0.09,-0.0,0.24
LTFM,LTCA,0,81,7.67,12.78,-15.6,24.9,0.12,0.05,0.05,0.22
LTFM,LTCB,0,90,24.73,18.5,2.3,55.56,0.13,0.05,0.06,0.2
LTFM,LTCB,1,22,19.05,23.78,-12.76,57.97,0.16,0.08,0.09,0.26
LTFM,LTCC,0,256,2.67,73.54,-19.85,12.68,0.13,0.25,-0.04,0.26
LTFM,LTCE,0,59,5.29,22.25,-14.76,47.39,0.06,0.06,-0.01,0.17
LTFM,LTCE,1,20,23.1,42.56,-11.15,69.68,0.08,0.07,-0.01,0.2
LTFM,LTCG,0,258,0.11,18.04,-20.2,41.1,0.11,0.07,0.01,0.24
LTFM,LTCG,1,57,-4.25,15.23,-25.66,27.74,0.09,0.07,-0.0,0.19
LTFM,LTCI,0,120,6.29,13.37,-10.22,21.9,0.12,0.08,0.03,0.2
LTFM,LTCK,0,69,20.14,12.27,-0.04,41.02,0.15,0.08,0.04,0.27
LTFM,LTCN,0,54,11.86,19.49,-9.84,42.48,0.21,0.06,0.12,0.3
LTFM,LTCR,0,84,-0.82,5.35,-12.03,7.25,0.12,0.09,0.03,0.21
LTFM,LTCS,0,89,-2.3,13.75,-19.36,20.14,0.11,0.09,-0.01,0.3
LTFM,LTCV,0,70,-0.14,7.86,-9.62,14.26,0.0,0.06,-0.1,0.09
LTFM,LTFE,0,330,-0.4,25.0,-36.68,36.8,0.09,0.1,-0.03,0.22
LTFM,LTFG,0,120,0.24,15.6,-6.92,6.84,0.09,0.05,0.04,0.16
LTFM,LTFH,0,88,2.71,19.8,-16.32,34.55,0.08,0.1,-0.01,0.19
LTFM,LTFH,1,32,12.07,29.96,-28.54,52.6,0.06,0.05,-0.0,0.15
LTFM,LTFO,0,134,4.18,21.94,-21.17,46.33,0.08,0.08,-0.02,0.25
LTFM,LTFO,1,20,11.68,33.98,-37.06,57.34,0.08,0.08,-0.05,0.2
LTFM,LUKK,0,42,-26.79,15.92,-45.1,2.48,-0.01,0.06,-0.08,0.09
LTFM,LUKK,1,45,-32.7,11.9,-52.1,-16.42,-0.02,0.04,-0.09,0.05
LTFM,LUKK,2,19,-13.83,4.45,-19.72,-7.65,-0.03,0.03,-0.08,0.01
LTFM,LWSK,0,60,-24.09,11.39,-43.34,-9.63,-0.07,0.04,-0.13,0.0
LTFM,LYBE,0,168,12.11,23.75,-17.3,54.82,0.07,0.09,-0.04,0.2
LTFM,LYPG,0,70,-18.77,22.94,-58.02,18.21,0.04,0.13,-0.07,0.13
LTFM,LYTV,0,54,-15.54,19.47,-36.7,20.93,0.0,0.12,-0.12,0.12
LTFM,OBBI,0,83,25.24,28.36,-1.58,63.36,0.09,0.11,-0.07,0.28
LTFM,OEDF,0,54,16.87,48.28,-23.95,78.86,0.02,0.16,-0.16,0.17
LTFM,OEJN,0,202,25.66,32.25,3.21,56.89,0.11,0.12,-0.04,0.3
LTFM,OEMA,0,103,25.51,19.55,1.77,65.84,0.13,0.16,-0.03,0.27
LTFM,OERK,0,119,24.95,43.2,-15.13,110.98,0.03,0.1,-0.11,0.19
LTFM,OERK,1,33,11.71,20.08,-14.3,41.7,0.14,0.13,-0.08,0.35
LTFM,OIIE,0,167,27.46,18.13,-2.37,44.61,0.07,0.08,-0.08,0.2
LTFM,OIIE,1,325,16.52,18.05,-7.0,41.58,-0.0,0.11,-0.13,0.15
LTFM,OITT,0,23,65.1,118.16,17.76,73.94,0.32,0.45,0.08,0.67
LTFM,OITT,1,44,7.02,20.03,-6.9,41.91,0.04,0.07,-0.07,0.18
LTFM,OJAI,0,166,18.79,41.85,-10.75,48.78,0.02,0.12,-0.11,0.21
LTFM,OKKK,0,206,16.29,30.68,-15.5,63.9,0.06,0.14,-0.15,0.34
LTFM,OLBA,0,52,-11.84,10.08,-25.94,3.69,0.0,0.05,-0.07,0.09
LTFM,OLBA,1,130,1.82,11.24,-10.9,17.16,0.02,0.05,-0.05,0.11
LTFM,OLBA,2,33,-4.66,10.86,-22.96,10.94,0.01,0.05,-0.06,0.08
LTFM,OMAA,0,49,19.01,21.9,-10.8,42.92,0.04,0.13,-0.14,0.22
LTFM,OMAA,1,34,-19.03,17.97,-37.48,20.38,-0.04,0.11,-0.23,0.14
LTFM,OMDB,0,120,28.16,26.69,-5.17,69.45,0.13,0.13,-0.06,0.37
LTFM,OMDB,1,80,23.44,21.69,-9.32,58.2,0.14,0.13,-0.08,0.32
LTFM,OMDB,2,70,16.43,20.38,-6.36,57.0,0.1,0.12,-0.1,0.32
LTFM,OOMS,0,74,-14.19,69.1,-53.24,34.46,-0.03,0.22,-0.23,0.16
LTFM,ORBI,0,156,-18.03,28.9,-59.6,22.22,0.03,0.16,-0.2,0.36
LTFM,ORER,0,113,67.89,92.65,-1.26,270.5,0.16,0.23,-0.09,0.62
LTFM,OTHH,0,140,43.84,31.75,6.04,102.45,0.14,0.14,-0.1,0.35
LTFM,RKSI,0,96,-6.99,20.73,-30.65,35.12,-0.02,0.2,-0.3,0.3
LTFM,UAAA,0,147,-5.92,17.4,-24.22,25.39,-0.05,0.21,-0.35,0.3
LTFM,UAAA,1,16,-8.87,15.47,-29.75,11.4,-0.02,0.22,-0.42,0.21
LTFM,UAAA,2,41,-4.45,11.7,-19.6,23.5,-0.03,0.19,-0.33,0.29
LTFM,UAAA,3,20,-1.16,13.64,-16.33,18.04,0.05,0.15,-0.14,0.25
LTFM,UACC,0,51,-8.18,9.77,-21.55,8.35,0.07,0.18,-0.26,0.34
LTFM,UACC,1,33,-10.59,19.24,-33.36,24.9,0.08,0.2,-0.27,0.34
LTFM,UACC,2,23,-1.73,15.5,-17.35,9.48,0.07,0.16,-0.12,0.33
LTFM,UBBB,0,182,8.57,22.16,-14.96,46.19,0.04,0.13,-0.17,0.25
LTFM,UBBB,1,23,-21.91,24.99,-52.51,9.26,-0.06,0.12,-0.22,0.1
LTFM,UCFM,0,110,1.14,15.83,-15.5,27.93,-0.02,0.2,-0.32,0.32
LTFM,UGTB,0,63,-5.37,11.43,-24.45,11.52,0.04,0.07,-0.05,0.13
LTFM,UGTB,1,64,-10.48,14.87,-39.56,8.39,0.01,0.07,-0.1,0.12
LTFM,ULLI,0,30,-76.76,49.69,-134.5,-0.82,-0.23,0.12,-0.41,-0.04
LTFM,ULLI,1,90,6.89,16.75,-15.93,33.08,0.09,0.15,-0.13,0.31
LTFM,URMM,0,77,9.47,28.33,-12.32,58.7,0.05,0.09,-0.07,0.18
LTFM,URSS,0,122,-4.76,28.8,-24.2,48.2,-0.01,0.08,-0.09,0.14
LTFM,UTAA,0,82,-2.44,31.06,-30.68,66.8,0.12,0.15,-0.06,0.37
LTFM,UTSS,0,35,0.6,17.59,-17.78,36.8,-0.0,0.15,-0.23,0.23
LTFM,UTSS,1,18,-1.83,11.61,-24.1,11.03,0.02,0.13,-0.2,0.19
LTFM,UTTT,0,82,-6.37,9.42,-23.38,5.19,-0.03,0.16,-0.27,0.25
LTFM,UTTT,1,85,-20.33,16.13,-43.06,2.76,-0.01,0.18,-0.26,0.31
LTFM,UUDD,0,55,-68.61,54.18,-129.29,0.98,-0.12,0.14,-0.33,0.09
LTFM,UUEE,0,94,-89.17,26.12,-116.7,-41.16,-0.13,0.15,-0.35,0.11
LTFM,UUEE,1,25,-66.36,34.68,-109.04,6.68,-0.05,0.16,-0.3,0.2
LTFM,UUEE,2,61,-92.97,45.13,-133.5,6.4,-0.05,0.15,-0.27,0.23
LTFM,UUWW,0,156,0.28,22.33,-13.92,10.72,-0.0,0.13,-0.17,0.22
LTFM,UUWW,1,26,-12.16,7.66,-24.15,-2.12,-0.02,0.09,-0.14,0.13
LTFM,UUWW,2,45,-73.44,50.72,-135.54,-0.98,-0.15,0.16,-0.37,0.11
LTFM,UUWW,3,18,-5.71,25.05,-29.2,42.13,-0.04,0.18,-0.32,0.24
LTFM,VABB,0,76,4.35,21.82,-16.77,40.6,-0.04,0.16,-0.21,0.26
LTFM,VIDP,0,60,3.38,11.35,-8.43,14.61,-0.05,0.08,-0.18,0.06
LTFM,VTBS,0,38,0.15,11.41,-19.3,18.76,-0.07,0.1,-0.18,0.12
LTFM,VTBS,1,26,4.2,11.97,-16.55,22.8,-0.16,0.19,-0.6,0.02
LTFM,WMKK,0,64,3.4,37.69,-29.66,95.92,-0.01,0.24,-0.25,0.42
LTFM,WSSS,0,74,2.36,38.82,-20.42,54.49,0.07,0.11,-0.08,0.22
LTFO,LTAC,0,60,15.54,21.23,-5.5,60.1,0.12,0.08,0.0,0.29
LTFO,LTFJ,0,116,-14.29,24.48,-53.15,17.7,0.01,0.14,-0.2,0.24
LTFO,LTFM,0,25,-30.97,20.62,-62.58,-0.92,-0.0,0.34,-0.18,0.22
LTFO,LTFM,1,130,-46.0,22.92,-68.76,0.2,-0.1,0.11,-0.24,0.04
LUKK,EPWA,0,60,-13.66,19.56,-42.59,17.44,-0.04,0.08,-0.16,0.08
LUKK,LLBG,0,56,9.44,25.04,-9.02,29.2,-0.02,0.09,-0.15,0.15
LUKK,LROP,0,108,-39.16,10.31,-55.96,-16.96,-0.23,0.1,-0.35,-0.07
LUKK,LTAI,0,40,-4.08,15.31,-29.48,18.42,0.05,0.08,-0.06,0.17
LUKK,LTAI,1,21,3.7,19.93,-14.8,17.9,0.1,0.09,-0.0,0.21
LUKK,LTAI,2,21,-0.16,41.93,-40.3,36.2,0.06,0.25,-0.08,0.19
LUKK,LTFM,0,106,-16.79,18.58,-43.85,14.58,0.0,0.09,-0.09,0.14
LUKK,UDYZ,0,75,-24.63,28.98,-43.71,9.87,-0.08,0.08,-0.19,0.05
LWSK,LOWW,0,60,-1.58,24.17,-32.07,41.66,0.03,0.07,-0.07,0.13
LWSK,LTFM,0,43,-34.63,12.66,-50.21,-5.59,-0.06,0.1,-0.14,0.01
LWSK,LTFM,1,17,-35.24,15.13,-51.98,-10.34,-0.06,0.09,-0.15,0.08
LWSK,LYBE,0,55,-11.25,18.09,-34.37,20.44,-0.02,0.12,-0.26,0.17
LXGB,EGKK,0,56,14.12,12.35,-6.3,34.93,0.13,0.16,-0.12,0.41
LXGB,EGLL,0,63,14.09,12.21,-1.47,41.06,0.09,0.14,-0.12,0.34
LYBE,EDDF,0,27,-25.46,29.3,-59.99,18.88,-0.16,0.08,-0.29,-0.06
LYBE,EDDF,1,54,-7.13,21.74,-47.47,17.39,-0.09,0.08,-0.23,0.03
LYBE,EDDF,2,27,-9.04,27.94,-39.44,20.53,-0.1,0.1,-0.21,0.03
LYBE,EDDM,0,53,20.83,17.41,-3.32,50.26,-0.01,0.07,-0.12,0.09
LYBE,EHAM,0,18,10.2,10.67,-5.21,26.96,0.04,0.04,-0.02,0.08
LYBE,EHAM,1,67,16.19,13.63,-2.2,39.75,0.09,0.07,-0.0,0.2
LYBE,EHAM,2,16,12.77,8.69,0.12,27.62,0.04,0.07,-0.05,0.14
LYBE,LATI,0,59,-16.44,41.11,-41.24,8.94,-0.03,0.19,-0.29,0.23
LYBE,LCLK,0,52,-5.24,9.28,-17.3,12.67,0.03,0.08,-0.09,0.14
LYBE,LCLK,1,15,2.01,11.81,-11.0,22.83,0.08,0.05,0.01,0.17
LYBE,LDZA,0,60,3.5,11.38,-15.8,18.09,0.01,0.06,-0.09,0.12
LYBE,LEBL,0,50,-1.73,11.31,-13.18,18.36,-0.0,0.14,-0.22,0.21
LYBE,LEBL,1,19,5.51,22.5,-15.07,41.68,0.02,0.15,-0.2,0.24
LYBE,LFPG,0,17,-10.65,18.8,-32.98,20.58,0.01,0.07,-0.07,0.11
LYBE,LFPG,1,19,-2.59,19.16,-26.14,22.74,0.03,0.1,-0.1,0.21
LYBE,LFPG,2,25,-8.23,16.7,-36.48,11.14,0.04,0.08,-0.08,0.15
LYBE,LGAV,0,57,-9.41,21.03,-30.2,26.68,0.02,0.1,-0.09,0.18
LYBE,LGAV,1,20,-16.19,14.5,-30.76,6.22,-0.08,0.17,-0.22,0.07
LYBE,LHBP,0,61,-33.41,17.44,-59.8,-4.3,-0.06,0.1,-0.22,0.07
LYBE,LIRF,0,63,-39.73,19.86,-58.13,2.06,-0.12,0.08,-0.24,0.02
LYBE,LJLJ,0,78,5.67,6.38,-1.3,15.63,-0.0,0.14,-0.33,0.15
LYBE,LOWW,0,155,10.11,24.04,-27.95,50.69,0.02,0.18,-0.16,0.34
LYBE,LROP,0,51,-46.11,11.11,-53.55,-18.1,-0.21,0.13,-0.52,-0.06
LYBE,LSZH,0,86,13.14,11.99,-8.48,33.55,0.04,0.1,-0.08,0.25
LYBE,LSZH,1,38,14.87,13.05,-6.29,35.32,0.06,0.08,-0.04,0.22
LYBE,LSZH,2,18,-14.33,17.93,-40.94,11.65,-0.02,0.07,-0.13,0.07
LYBE,LSZH,3,18,14.02,15.2,-9.03,35.08,0.05,0.08,-0.06,0.17
LYBE,LTFM,0,17,-45.29,13.05,-59.66,-23.5,-0.11,0.07,-0.2,0.0
LYBE,LTFM,1,61,-33.28,18.97,-52.7,-5.9,-0.01,0.13,-0.13,0.16
LYBE,LTFM,2,43,-44.07,22.3,-61.52,-20.42,-0.06,0.06,-0.14,0.07
LYBE,LTFM,3,48,-31.15,11.2,-44.7,-8.62,-0.05,0.09,-0.15,0.08
LYBE,LWSK,0,55,-19.98,10.11,-31.03,-0.64,-0.14,0.11,-0.42,-0.03
LYBE,LYPG,0,150,-3.93,13.1,-12.86,0.85,-0.01,0.15,-0.12,0.2
LYBE,LYTV,0,175,-0.08,8.28,-11.63,6.73,-0.02,0.13,-0.18,0.23
LYBE,OMDB,0,43,9.95,18.36,-13.01,39.55,0.06,0.1,-0.09,0.23
LYBE,OMDB,1,17,9.29,20.85,-16.12,39.7,0.06,0.13,-0.12,0.2
LYBE,UUEE,0,61,10.9,20.46,-7.6,32.5,0.14,0.14,-0.08,0.35
LYPG,EPWA,0,53,-17.74,15.91,-35.7,7.82,-0.05,0.09,-0.22,0.1
LYPG,LOWW,0,70,18.46,13.37,-1.27,49.31,0.08,0.05,-0.01,0.14
LYPG,LTFM,0,68,-37.31,17.67,-60.76,-9.71,-0.04,0.11,-0.17,0.08
LYPG,LYBE,0,147,-3.63,13.69,-18.72,29.02,0.02,0.12,-0.11,0.27
LYTV,LTFM,0,32,-39.36,15.96,-57.64,-6.06,-0.04,0.1,-0.14,0.12
LYTV,LTFM,1,23,-40.42,21.65,-61.59,7.26,-0.03,0.12,-0.16,0.23
LYTV,LYBE,0,143,-12.65,15.92,-35.95,12.99,-0.01,0.13,-0.17,0.22
LYTV,LYBE,1,17,-10.89,15.59,-29.62,12.84,-0.02,0.06,-0.1,0.09
LYTV,LYBE,2,17,-13.57,18.17,-33.82,18.26,-0.03,0.08,-0.12,0.07
MDSD,LEMD,0,36,-15.85,69.26,-87.5,135.38,0.0,0.25,-0.28,0.43
MDSD,LEMD,1,36,-3.24,49.37,-68.5,78.12,0.06,0.27,-0.29,0.43
MMMX,EGLL,0,30,21.54,48.69,-27.1,102.8,0.18,0.25,-0.06,0.66
MMMX,EGLL,1,27,18.26,51.69,-40.73,117.7,0.18,0.25,-0.3,0.56
MMMX,EHAM,0,35,6.38,44.95,-55.04,70.14,0.09,0.18,-0.22,0.34
MMMX,EHAM,1,24,13.5,98.89,-82.43,134.51,0.12,0.43,-0.37,0.68
MMMX,LEMD,0,63,-9.67,36.41,-55.56,62.88,0.07,0.27,-0.24,0.49
MMMX,LEMD,1,37,-4.28,32.21,-43.46,58.28,0.06,0.22,-0.26,0.46
MMMX,LEMD,2,49,-8.47,42.42,-63.86,50.54,0.02,0.26,-0.36,0.44
MMMX,LFPG,0,18,5.99,34.45,-37.0,70.59,0.08,0.24,-0.19,0.54
MMMX,LFPG,1,44,-7.7,32.99,-52.95,52.5,0.02,0.25,-0.26,0.53
MMMX,LFPG,2,27,-7.34,67.81,-76.63,71.64,0.07,0.37,-0.35,0.54
MMUN,EGKK,0,30,16.64,43.1,-33.18,98.45,0.1,0.31,-0.35,0.61
MMUN,EGKK,1,26,8.61,54.02,-61.75,103.9,0.16,0.31,-0.2,0.69
MMUN,LEMD,0,50,-17.11,58.76,-63.39,100.97,0.05,0.32,-0.41,0.66
MUHA,LEMD,0,70,-4.55,49.37,-55.01,78.32,0.01,0.29,-0.43,0.46
OBBI,EDDP,1,29,-51.09,19.56,-74.34,-23.2,-0.09,0.12,-0.24,0.1
OBBI,EGLL,0,23,5.57,13.81,-11.46,28.56,0.14,0.14,-0.1,0.37
OBBI,EGLL,1,67,16.49,36.7,-14.22,99.44,0.22,0.15,-0.03,0.47
OBBI,LTFM,0,27,-15.4,21.35,-34.98,24.5,-0.0,0.13,-0.17,0.26
OBBI,LTFM,1,32,-42.83,19.57,-63.18,-5.79,-0.11,0.11,-0.26,0.05
OBBI,LTFM,2,18,-9.72,24.87,-36.96,42.83,0.02,0.14,-0.15,0.25
OEDF,LTFJ,0,29,-28.74,18.76,-54.1,4.86,-0.07,0.14,-0.26,0.15
OEDF,LTFJ,1,19,-10.43,33.99,-50.42,53.17,-0.07,0.15,-0.26,0.22
OEDF,LTFJ,2,16,-24.97,17.48,-45.1,12.77,-0.01,0.1,-0.14,0.13
OEDF,LTFM,0,50,-28.69,26.26,-57.07,21.8,-0.05,0.16,-0.22,0.16
OEJN,GMMN,0,18,-0.74,22.7,-30.1,42.2,0.05,0.09,-0.05,0.21
OEJN,GMMN,1,56,2.42,20.22,-14.3,25.12,0.16,0.17,-0.06,0.39
OEJN,LTFJ,0,20,-24.13,27.33,-62.22,25.82,-0.04,0.1,-0.18,0.06
OEJN,LTFJ,1,82,-23.21,17.65,-42.08,5.53,-0.05,0.1,-0.22,0.12
OEJN,LTFM,0,208,-13.72,22.97,-44.62,32.06,-0.02,0.13,-0.19,0.19
OEMA,LTFM,0,69,-17.52,21.97,-48.2,17.62,0.03,0.15,-0.14,0.24
OEMA,LTFM,1,30,-8.6,31.57,-40.94,38.02,0.12,0.17,-0.03,0.4
OERK,EGLL,0,71,12.27,20.65,-16.35,51.35,0.25,0.18,-0.04,0.53
OERK,EGLL,1,24,3.45,12.5,-20.82,23.32,0.26,0.14,0.02,0.48
OERK,EGLL,2,25,-6.97,19.57,-29.7,33.76,0.1,0.15,-0.17,0.3
OERK,LTFJ,0,73,-25.69,28.45,-55.7,24.64,-0.01,0.19,-0.19,0.2
OERK,LTFJ,1,31,-37.65,17.66,-57.95,-5.25,-0.11,0.16,-0.29,0.19
OERK,LTFM,0,64,-31.56,28.81,-64.9,7.14,-0.01,0.14,-0.21,0.22
OERK,LTFM,1,30,-4.6,22.3,-31.96,32.84,0.15,0.2,-0.1,0.41
OERK,LTFM,2,52,-61.2,31.37,-82.29,-26.2,-0.15,0.12,-0.3,0.06
OIIE,LTAC,0,64,3.35,18.16,-22.3,45.32,0.04,0.09,-0.1,0.22
OIIE,LTFJ,0,45,-24.58,19.26,-52.42,4.1,-0.07,0.12,-0.25,0.14
OIIE,LTFJ,1,23,-36.53,23.99,-68.98,-0.22,-0.13,0.1,-0.28,0.01
OIIE,LTFM,0,343,-41.5,17.33,-57.08,-0.03,-0.13,0.12,-0.28,0.06
OIIE,LTFM,1,146,-9.52,20.73,-36.4,17.1,-0.03,0.17,-0.2,0.18
OIIE,UDYZ,0,82,-1.51,10.64,-16.88,17.06,0.07,0.06,-0.02,0.16
OITT,LTFM,0,38,-3.42,11.25,-20.39,4.79,-0.05,0.09,-0.18,0.04
OITT,LTFM,1,28,-38.12,14.09,-57.26,-16.85,-0.07,0.08,-0.19,0.05
OJAI,EDDF,0,24,-17.67,57.68,-61.24,25.55,-0.13,0.16,-0.34,0.16
OJAI,EDDF,1,39,-13.17,60.39,-76.14,66.69,-0.16,0.19,-0.45,0.2
OJAI,EGLL,0,51,4.92,66.24,-29.55,70.75,0.1,0.24,-0.2,0.51
OJAI,EGLL,1,23,-118.95,116.4,-186.98,110.07,-0.07,0.26,-0.42,0.4
OJAI,LLBG,0,62,-20.75,12.38,-33.29,2.75,0.02,0.07,-0.06,0.11
OJAI,LOWW,0,22,9.67,71.33,-19.48,26.88,0.02,0.16,-0.16,0.28
OJAI,LOWW,1,39,-0.11,87.84,-51.21,230.15,0.01,0.16,-0.22,0.31
OJAI,LTAC,0,60,-17.19,76.74,-41.82,82.15,0.02,0.19,-0.09,0.25
OJAI,LTFM,0,164,-24.63,57.73,-62.51,24.41,-0.07,0.17,-0.24,0.12
OKKK,EGLL,0,59,9.03,18.81,-15.45,38.6,0.19,0.18,-0.07,0.49
OKKK,EGLL,1,30,6.25,40.73,-17.32,45.36,0.15,0.18,-0.17,0.41
OKKK,LTCG,0,60,13.72,20.52,-13.81,45.07,0.07,0.1,-0.06,0.23
OKKK,LTFJ,0,112,-35.1,17.94,-62.47,-6.88,-0.08,0.14,-0.24,0.16
OKKK,LTFJ,1,45,-16.56,24.55,-52.6,17.6,-0.09,0.14,-0.26,0.14
OKKK,LTFM,0,138,-39.23,18.96,-64.04,-0.02,-0.11,0.14,-0.29,0.08
OKKK,LTFM,1,62,-43.25,29.15,-78.4,2.39,-0.1,0.12,-0.25,0.1
OLBA,EDDF,0,33,-23.03,27.85,-57.88,3.12,-0.12,0.1,-0.24,0.06
OLBA,EDDF,1,28,0.82,44.51,-44.36,19.99,-0.23,0.21,-0.43,0.01
OLBA,EDDF,2,25,-18.8,26.83,-51.72,11.0,-0.26,0.13,-0.46,-0.04
OLBA,EGLL,0,60,14.02,34.12,-14.34,48.53,0.18,0.26,-0.09,0.43
OLBA,HAAB,0,59,10.03,62.29,-16.4,26.8,0.12,0.2,-0.1,0.29
OLBA,HECA,0,159,15.0,14.21,-0.64,36.96,0.12,0.19,-0.03,0.3
OLBA,LCLK,0,72,-15.34,4.59,-20.3,-7.43,-0.01,0.04,-0.05,0.05
OLBA,LFPG,0,40,0.16,47.89,-36.44,31.98,0.09,0.4,-0.14,0.27
OLBA,LFPG,1,57,10.21,19.47,-18.38,36.36,0.05,0.12,-0.16,0.21
OLBA,LGAV,0,62,17.91,8.72,7.34,33.51,0.05,0.05,-0.02,0.12
OLBA,LTAI,0,46,-0.23,38.78,-20.7,24.85,0.06,0.17,-0.05,0.18
OLBA,LTAI,1,41,6.08,16.31,-12.4,38.4,0.1,0.37,-0.04,0.17
OLBA,LTFJ,0,60,-23.91,17.55,-41.72,7.8,-0.17,0.15,-0.28,0.01
OLBA,LTFM,0,215,-13.95,24.76,-46.98,19.35,-0.05,0.14,-0.18,0.1
OLBA,OMDB,0,50,-15.67,20.83,-49.0,14.23,-0.05,0.1,-0.23,0.09
OLBA,OMDB,1,60,2.87,35.97,-33.64,33.94,0.17,0.13,0.02,0.36
OLBA,OTHH,0,90,-1.14,42.83,-40.09,59.04,0.02,0.11,-0.11,0.2
OMAA,EDDF,0,58,-14.29,27.55,-49.72,28.52,-0.13,0.1,-0.29,0.02
OMAA,EGLL,0,28,21.1,11.5,1.14,38.17,0.14,0.18,-0.17,0.37
OMAA,EGLL,1,13,20.44,17.01,-2.32,39.96,0.17,0.16,-0.04,0.41
OMAA,EGLL,2,35,15.48,12.68,-4.38,34.61,0.15,0.17,-0.15,0.39
OMAA,EGLL,3,30,19.16,12.07,2.33,38.44,0.18,0.13,-0.0,0.41
OMAA,EGLL,4,17,16.71,15.26,-7.0,40.04,0.15,0.13,-0.03,0.37
OMAA,KJFK,0,27,31.08,70.49,-48.96,146.06,0.16,0.57,-0.32,0.7
OMAA,KJFK,1,33,50.2,52.33,-8.64,146.32,0.22,0.28,-0.18,0.65
OMAA,LIRF,0,17,-25.99,27.1,-53.3,21.14,-0.11,0.15,-0.32,0.12
OMAA,LIRF,1,43,-33.7,32.01,-94.43,2.36,-0.15,0.29,-0.71,0.18
OMAA,LLBG,0,34,-17.59,14.57,-34.06,13.74,-0.1,0.09,-0.21,0.04
OMAA,LLBG,1,23,-6.37,17.19,-26.98,25.15,-0.07,0.11,-0.22,0.08
OMAA,LTFM,0,24,-24.46,19.43,-49.08,8.26,-0.09,0.13,-0.23,0.12
OMAA,LTFM,1,58,-30.8,20.46,-54.56,11.56,-0.13,0.16,-0.4,0.12
OMDB,CYYZ,0,22,0.17,108.51,-103.06,217.59,0.08,0.21,-0.15,0.57
OMDB,CYYZ,1,22,22.81,47.62,-18.24,88.57,0.22,0.27,-0.2,0.55
OMDB,CYYZ,2,16,14.92,26.72,-11.9,56.48,0.07,0.21,-0.24,0.31
OMDB,DAAG,0,52,25.22,18.18,5.26,56.57,0.09,0.17,-0.12,0.38
OMDB,EBBR,0,60,12.2,12.13,-2.02,30.53,0.09,0.1,-0.08,0.24
OMDB,EDDF,0,119,-11.95,24.96,-47.88,21.36,-0.04,0.16,-0.27,0.22
OMDB,EDDH,0,60,-32.99,11.53,-46.05,-4.9,-0.02,0.11,-0.19,0.15
OMDB,EDDL,0,60,-4.21,11.43,-19.91,13.18,0.07,0.11,-0.13,0.22
OMDB,EDDM,0,61,8.6,24.78,-14.0,35.2,0.04,0.1,-0.14,0.17
OMDB,EGBB,0,31,-2.02,13.49,-20.9,23.0,0.06,0.17,-0.09,0.33
OMDB,EGBB,1,29,6.81,16.57,-17.92,30.0,0.03,0.14,-0.14,0.26
OMDB,EGCC,0,54,22.25,10.48,7.44,37.74,0.1,0.13,-0.08,0.31
OMDB,EGCC,1,35,24.45,9.96,10.28,38.46,0.11,0.13,-0.09,0.32
OMDB,EGKK,0,19,16.55,19.3,-3.3,46.15,0.18,0.18,-0.06,0.45
OMDB,EGKK,1,25,23.98,14.62,7.8,46.02,0.2,0.15,0.05,0.48
OMDB,EGKK,2,46,21.75,19.49,-2.25,50.22,0.15,0.16,-0.1,0.41
OMDB,EGLL,0,26,14.53,14.92,-7.5,36.78,0.19,0.22,-0.06,0.63
OMDB,EGLL,1,14,12.91,9.63,-0.57,27.95,0.19,0.11,0.04,0.34
OMDB,EGLL,2,31,18.8,14.12,1.65,44.05,0.24,0.14,0.06,0.46
OMDB,EGLL,3,134,22.02,25.35,0.26,49.24,0.24,0.14,0.02,0.46
OMDB,EGLL,4,16,20.21,34.14,-33.9,67.55,0.23,0.21,-0.05,0.5
OMDB,EGLL,5,15,21.33,7.84,10.19,31.39,0.21,0.18,-0.02,0.52
OMDB,EGLL,6,35,22.38,12.5,3.51,39.21,0.16,0.12,-0.02,0.33
OMDB,EGSS,0,45,17.29,13.81,-0.2,46.44,0.12,0.13,-0.05,0.37
OMDB,EGSS,1,15,-0.57,9.32,-11.81,14.0,0.09,0.06,0.01,0.18
OMDB,EHAM,0,60,24.02,13.57,5.4,45.77,0.15,0.1,-0.01,0.29
OMDB,EHAM,1,21,17.2,8.36,9.3,32.2,0.12,0.14,-0.06,0.29
OMDB,EHAM,2,35,16.28,12.99,-3.19,40.22,0.1,0.1,-0.05,0.26
OMDB,EIDW,0,25,14.0,19.78,-6.72,47.04,0.09,0.16,-0.14,0.37
OMDB,EIDW,1,20,8.07,16.52,-12.24,31.56,0.06,0.13,-0.12,0.27
OMDB,EIDW,2,15,5.4,16.86,-15.31,30.22,0.06,0.16,-0.13,0.31
OMDB,EPWA,0,31,-19.27,15.88,-38.8,9.4,-0.03,0.12,-0.18,0.12
OMDB,EPWA,1,29,-6.76,16.2,-28.22,16.06,0.02,0.1,-0.15,0.16
OMDB,KJFK,0,28,25.28,83.84,-62.34,116.57,0.1,0.17,-0.17,0.34
OMDB,KJFK,1,32,31.02,63.17,-33.82,162.32,0.22,0.2,-0.05,0.51
OMDB,LEBL,0,32,10.76,18.01,-18.69,37.49,0.23,0.1,0.05,0.38
OMDB,LEBL,1,28,9.24,33.33,-31.18,51.42,0.04,0.13,-0.16,0.25
OMDB,LFPG,0,88,-1.45,19.11,-28.33,24.86,0.07,0.1,-0.12,0.24
OMDB,LFPG,1,37,7.42,32.31,-58.36,43.94,0.19,0.16,-0.08,0.41
OMDB,LFPG,2,28,7.52,20.92,-24.37,33.78,0.12,0.1,-0.07,0.24
OMDB,LGAV,0,33,14.52,37.3,-18.3,82.64,0.12,0.12,-0.05,0.33
OMDB,LGAV,1,27,21.24,17.3,-0.94,42.5,0.14,0.06,0.07,0.18
OMDB,LHBP,0,16,-25.02,15.69,-42.82,-2.45,-0.01,0.09,-0.13,0.12
OMDB,LHBP,1,41,-9.13,16.03,-35.0,9.5,0.03,0.17,-0.24,0.3
OMDB,LHBP,2,16,-8.11,13.56,-30.08,7.78,-0.02,0.12,-0.22,0.11
OMDB,LIMC,0,55,-42.72,29.53,-75.88,19.0,-0.13,0.1,-0.32,0.01
OMDB,LIMC,1,21,-54.01,42.8,-130.0,10.6,-0.08,0.12,-0.25,0.1
OMDB,LIRF,0,23,-23.73,22.33,-58.59,12.54,0.0,0.12,-0.18,0.21
OMDB,LIRF,1,38,-22.7,45.69,-68.63,88.28,0.02,0.17,-0.16,0.22
OMDB,LKPR,0,36,0.37,14.01,-14.35,18.58,0.03,0.16,-0.18,0.33
OMDB,LKPR,1,32,-11.84,16.7,-30.66,15.48,-0.02,0.09,-0.14,0.1
OMDB,LLBG,0,179,-21.56,14.37,-41.21,6.54,-0.03,0.1,-0.2,0.13
OMDB,LLBG,1,53,-19.65,13.87,-37.24,4.98,-0.0,0.07,-0.11,0.09
OMDB,LOWW,0,60,27.86,19.04,2.28,66.84,0.13,0.11,-0.06,0.31
OMDB,LPPT,0,60,-4.04,37.74,-68.32,61.92,0.09,0.11,-0.11,0.24
OMDB,LSGG,0,21,31.77,9.26,18.0,42.9,0.04,0.13,-0.16,0.23
OMDB,LSGG,1,19,3.12,10.57,-8.86,18.09,0.14,0.06,0.05,0.24
OMDB,LSGG,2,19,-1.93,11.96,-15.48,16.4,0.1,0.08,-0.01,0.22
OMDB,LSZH,0,36,30.02,36.93,12.95,48.35,0.1,0.1,-0.07,0.23
OMDB,LSZH,1,20,24.33,9.07,8.24,38.66,0.13,0.22,-0.25,0.38
OMDB,LSZH,2,16,25.28,9.81,11.4,37.2,0.14,0.14,-0.1,0.36
OMDB,LSZH,3,18,22.56,11.09,5.25,43.74,0.11,0.1,-0.03,0.25
OMDB,LTFJ,0,103,-13.03,18.71,-41.36,15.63,-0.01,0.15,-0.2,0.26
OMDB,LTFM,0,126,-42.95,56.72,-78.0,3.2,-0.08,0.23,-0.33,0.3
OMDB,LTFM,1,83,-21.59,20.06,-50.69,8.96,0.0,0.16,-0.21,0.34
OMDB,LTFM,2,62,-41.03,25.8,-65.79,3.46,-0.05,0.14,-0.22,0.13
OMDB,LYBE,0,60,29.8,32.97,-14.0,71.56,0.08,0.12,-0.08,0.26
OMDB,OLBA,0,110,-56.46,18.23,-82.58,-21.16,-0.1,0.11,-0.28,0.09
OMDB,UBBB,0,105,-43.08,21.22,-66.86,-10.1,-0.08,0.1,-0.21,0.08
OMDB,UGTB,0,65,22.66,16.97,-0.06,44.0,0.08,0.08,-0.03,0.22
OMDB,UUDD,0,68,5.71,12.83,-11.96,25.28,0.07,0.13,-0.16,0.29
OMDB,UUEE,0,39,-52.51,26.95,-78.28,1.38,-0.09,0.18,-0.31,0.21
OMDB,UUEE,1,21,-58.68,10.67,-67.9,-48.2,-0.05,0.16,-0.2,0.17
OMDB,UUWW,0,171,-2.75,5.73,-11.55,6.45,-0.06,0.14,-0.31,0.18
OMSJ,LTFJ,0,36,-2.74,22.79,-45.25,27.88,0.03,0.15,-0.16,0.22
OMSJ,LTFJ,1,48,-7.83,26.9,-38.45,18.0,0.02,0.23,-0.19,0.24
OMSJ,UUDD,0,84,-4.64,9.0,-14.5,2.81,-0.01,0.15,-0.22,0.27
OOMS,LTFM,0,25,-38.61,17.28,-56.84,-7.76,-0.12,0.14,-0.35,0.14
OOMS,LTFM,1,24,-31.01,27.21,-56.98,4.79,-0.01,0.19,-0.24,0.34
OOMS,LTFM,2,19,-43.64,26.92,-65.12,18.7,-0.03,0.17,-0.22,0.24
ORBI,LTFJ,0,30,-14.26,32.79,-44.28,5.84,-0.04,0.23,-0.24,0.12
ORBI,LTFJ,1,73,-15.92,19.55,-45.6,12.32,0.01,0.14,-0.21,0.24
ORBI,LTFM,0,55,-44.57,18.69,-58.75,-1.03,-0.13,0.08,-0.26,-0.01
ORBI,LTFM,1,98,-34.03,25.02,-61.9,-3.18,-0.03,0.13,-0.22,0.14
ORER,LTFJ,0,42,28.68,56.99,-39.24,151.73,-0.12,0.12,-0.26,0.08
ORER,LTFJ,1,32,56.22,81.58,-26.4,201.09,0.16,0.19,-0.03,0.41
ORER,LTFM,0,85,28.3,71.33,-50.3,177.52,-0.03,0.12,-0.21,0.15
ORER,LTFM,1,30,4.32,42.19,-64.31,59.39,0.07,0.1,-0.09,0.23
OTHH,EDDB,0,60,10.82,14.65,-8.14,37.95,0.09,0.21,-0.1,0.27
OTHH,EDDF,0,18,-14.64,21.65,-44.22,6.72,-0.12,0.12,-0.29,0.03
OTHH,EDDF,1,37,-8.82,23.88,-44.98,25.44,-0.13,0.11,-0.33,0.03
OTHH,EDDF,2,58,-14.59,20.92,-48.05,20.28,-0.09,0.1,-0.25,0.05
OTHH,EDDF,3,27,-33.23,15.58,-49.05,-3.58,-0.13,0.09,-0.26,0.02
OTHH,EDDM,0,69,17.16,14.25,-1.42,46.26,0.03,0.1,-0.09,0.23
OTHH,EGCC,0,20,15.54,17.84,-0.03,51.32,0.03,0.14,-0.2,0.28
OTHH,EGCC,1,23,12.45,16.56,-9.79,43.6,0.05,0.15,-0.12,0.31
OTHH,EGCC,2,18,24.73,11.98,7.9,43.08,0.05,0.19,-0.2,0.31
OTHH,EGCC,3,16,18.22,11.31,2.82,35.8,0.09,0.12,-0.05,0.24
OTHH,EGKK,0,25,13.53,59.83,-47.3,111.22,0.07,0.19,-0.19,0.35
OTHH,EGKK,1,44,12.33,23.84,-14.42,48.07,0.09,0.17,-0.2,0.35
OTHH,EGLL,0,29,18.31,13.3,2.72,36.56,0.18,0.15,0.01,0.38
OTHH,EGLL,1,56,19.66,14.11,4.23,50.0,0.23,0.16,-0.03,0.49
OTHH,EGLL,2,15,20.59,14.8,2.81,44.87,0.19,0.17,-0.01,0.44
OTHH,EGLL,3,46,21.5,14.68,2.68,45.8,0.21,0.17,-0.03,0.48
OTHH,EGLL,4,44,25.1,18.12,1.48,60.41,0.18,0.16,-0.04,0.45
OTHH,EGLL,5,25,26.47,16.21,4.5,51.8,0.17,0.19,-0.11,0.48
OTHH,EGPH,0,43,17.68,15.0,-1.49,44.71,0.06,0.11,-0.1,0.18
OTHH,EGPH,1,17,14.88,18.02,-0.52,54.46,0.09,0.15,-0.08,0.35
OTHH,EHAM,0,25,19.31,10.37,7.36,35.62,0.09,0.13,-0.08,0.3
OTHH,EHAM,1,59,19.17,25.07,-6.72,69.19,0.11,0.25,-0.16,0.42
OTHH,EIDW,0,15,18.81,33.39,-6.96,70.15,0.11,0.39,-0.16,0.7
OTHH,EIDW,1,24,1.01,10.75,-10.18,19.2,0.01,0.1,-0.13,0.19
OTHH,EIDW,2,21,-2.32,15.37,-19.6,17.8,-0.04,0.16,-0.25,0.22
OTHH,KDFW,0,15,0.29,65.84,-71.45,104.93,-0.02,0.44,-0.6,0.85
OTHH,KDFW,1,26,18.87,51.43,-39.17,95.4,0.07,0.22,-0.2,0.41
OTHH,KDFW,2,19,15.18,78.0,-39.82,125.85,0.07,0.27,-0.34,0.39
OTHH,KIAD,0,17,34.49,82.85,-64.1,149.18,0.18,0.26,-0.21,0.62
OTHH,KIAD,1,18,9.56,66.46,-42.14,151.62,0.12,0.19,-0.16,0.39
OTHH,KIAD,2,25,22.51,40.12,-28.26,87.42,0.07,0.33,-0.41,0.53
OTHH,KJFK,0,27,15.69,66.6,-59.42,123.42,0.1,0.34,-0.36,0.64
OTHH,KJFK,1,22,30.38,78.33,-55.04,195.15,0.17,0.29,-0.14,0.64
OTHH,KJFK,2,19,19.92,39.84,-21.85,90.95,0.08,0.34,-0.43,0.48
OTHH,KJFK,3,22,24.31,96.06,-149.96,154.08,0.18,0.34,-0.31,0.47
OTHH,KLAX,0,41,-27.7,69.4,-122.3,76.0,-0.06,0.28,-0.42,0.47
OTHH,KLAX,1,17,14.01,52.58,-45.86,93.08,0.1,0.18,-0.08,0.43
OTHH,LCLK,0,60,-28.11,16.58,-47.13,2.23,0.0,0.08,-0.1,0.16
OTHH,LEBL,0,39,3.23,36.65,-42.12,63.71,-0.02,0.12,-0.23,0.13
OTHH,LEBL,1,21,-2.07,24.29,-23.9,31.0,-0.02,0.11,-0.2,0.12
OTHH,LEMD,0,117,12.08,24.89,-15.9,55.62,0.06,0.13,-0.14,0.28
OTHH,LFPG,0,93,-1.05,20.15,-30.44,24.7,0.02,0.11,-0.15,0.21
OTHH,LFPG,1,22,2.53,23.64,-32.5,28.38,0.02,0.16,-0.22,0.27
OTHH,LGAV,0,90,12.41,22.66,-10.92,50.17,0.05,0.15,-0.23,0.3
OTHH,LIMC,0,73,-38.03,17.92,-58.26,-1.48,-0.21,0.13,-0.43,-0.05
OTHH,LIMC,1,26,-47.76,24.7,-75.78,-4.68,-0.16,0.1,-0.28,-0.02
OTHH,LIRF,0,16,-42.59,13.29,-57.42,-21.7,-0.19,0.15,-0.46,-0.04
OTHH,LIRF,1,16,-30.38,19.37,-53.08,3.95,-0.15,0.16,-0.38,0.09
OTHH,LIRF,2,28,-35.59,20.1,-62.38,-3.35,-0.08,0.1,-0.22,0.07
OTHH,LIRF,3,17,-36.46,14.25,-54.98,-15.46,-0.13,0.06,-0.2,-0.05
OTHH,LOWW,0,60,21.0,21.21,-5.03,57.19,0.03,0.18,-0.29,0.31
OTHH,LROP,0,60,-16.24,13.53,-30.82,7.18,0.01,0.21,-0.2,0.18
OTHH,LSZH,0,60,24.08,8.8,14.04,43.72,0.11,0.11,-0.05,0.26
OTHH,LTFJ,0,99,-15.89,20.41,-46.04,20.94,-0.07,0.14,-0.27,0.2
OTHH,LTFM,0,123,-22.09,34.92,-48.52,14.3,-0.06,0.17,-0.27,0.21
OTHH,OLBA,0,89,-56.27,24.87,-86.62,-0.94,-0.08,0.11,-0.25,0.06
OTHH,UDYZ,0,59,1.59,7.1,-4.98,14.59,0.09,0.1,-0.07,0.23
OTHH,UGTB,0,60,12.42,14.79,-7.19,33.32,0.09,0.08,-0.02,0.23
OTHH,UUEE,0,51,-11.91,8.06,-21.15,4.1,0.03,0.2,-0.28,0.37
RJTT,EDDF,1,63,-42.5,78.29,-148.72,142.43,-0.16,0.27,-0.56,0.22
RJTT,EFHK,0,23,4.88,128.21,-141.0,96.93,-0.06,0.22,-0.42,0.25
RJTT,EFHK,1,29,6.44,70.29,-29.14,200.94,0.07,0.26,-0.24,0.49
RJTT,EGLL,0,33,10.1,170.97,-160.14,315.86,0.08,0.38,-0.53,0.66
RJTT,EGLL,1,38,31.44,171.66,-118.52,276.23,0.17,0.36,-0.45,0.76
RJTT,EGLL,2,61,25.93,80.04,-63.2,181.6,0.05,0.22,-0.34,0.31
RJTT,LFPG,0,49,1.57,83.13,-50.14,113.34,0.13,0.25,-0.3,0.46
RJTT,LFPG,1,41,-23.99,77.38,-110.5,133.8,-0.2,0.28,-0.61,0.36
RKSI,EDDF,0,146,12.53,35.06,-29.15,50.9,0.05,0.29,-0.43,0.55
RKSI,EGLL,0,25,32.56,47.29,-13.06,54.86,0.33,0.29,-0.05,0.76
RKSI,EGLL,1,19,21.37,16.7,7.87,54.33,0.52,0.26,0.15,0.94
RKSI,EGLL,2,25,44.81,33.04,23.2,56.48,0.25,0.29,-0.18,0.8
RKSI,EHAM,0,68,28.83,50.36,-30.88,88.58,0.13,0.27,-0.21,0.59
RKSI,LFPG,0,41,53.83,39.13,1.4,103.0,0.2,0.27,-0.23,0.64
RKSI,LFPG,1,22,27.62,61.4,-30.47,70.64,0.23,0.31,-0.09,0.63
RKSI,LFPG,2,26,32.22,335.05,-81.07,74.1,0.27,0.46,-0.26,0.71
RKSI,LTFM,0,97,-4.18,48.93,-71.72,74.52,0.05,0.22,-0.34,0.34
SAEZ,LEMD,0,39,2.38,22.41,-23.65,41.62,0.01,0.3,-0.48,0.48
SAEZ,LEMD,1,62,14.42,38.37,-20.72,90.53,-0.0,0.28,-0.48,0.51
SAEZ,LEMD,2,34,17.93,30.79,-15.82,63.58,0.0,0.27,-0.39,0.38
SAEZ,LIRF,0,51,-40.92,32.66,-82.1,10.5,-0.18,0.31,-0.66,0.34
SBGR,EDDF,0,16,-84.18,57.78,-169.55,-1.78,-0.37,0.18,-0.59,-0.1
SBGR,EDDF,1,16,-128.77,61.78,-181.2,7.18,-0.31,0.27,-0.7,0.06
SBGR,EDDF,2,28,-52.33,73.79,-116.17,61.71,-0.32,0.29,-0.73,0.09
SBGR,EGLL,0,30,20.37,29.16,-12.2,64.96,0.2,0.27,-0.16,0.64
SBGR,EGLL,1,29,18.76,29.27,-12.54,55.3,0.26,0.2,-0.08,0.55
SBGR,LEMD,0,54,18.92,47.53,-20.39,112.19,0.09,0.25,-0.27,0.6
SBGR,LEMD,1,36,3.02,46.29,-40.83,89.88,-0.11,0.28,-0.52,0.35
SBGR,LFPG,0,90,0.3,44.53,-45.4,98.61,0.06,0.25,-0.29,0.41
SBGR,LIRF,0,32,-39.29,24.4,-68.98,7.47,-0.22,0.25,-0.63,0.1
SBGR,LIRF,1,26,-43.16,28.15,-78.15,4.22,-0.18,0.29,-0.64,0.23
SBGR,LPPT,0,115,-10.25,50.17,-60.18,97.28,0.03,0.25,-0.39,0.41
SBKP,LPPT,0,23,13.22,67.99,-45.74,106.4,0.06,0.18,-0.2,0.33
SBKP,LPPT,1,33,7.42,29.07,-35.36,56.66,0.07,0.24,-0.25,0.45
SCEL,LEMD,0,27,-1.16,78.27,-104.48,104.44,0.04,0.3,-0.43,0.62
SCEL,LEMD,1,37,5.18,71.4,-87.88,113.04,0.01,0.28,-0.49,0.44
SKBO,LEMD,0,92,-1.76,33.59,-42.49,67.58,0.05,0.17,-0.21,0.32
SKBO,LEMD,1,22,1.01,47.64,-61.78,93.87,0.04,0.22,-0.33,0.28
SKBO,LEMD,2,91,-1.66,37.34,-43.8,65.25,0.06,0.2,-0.23,0.38
SPJC,LEMD,0,72,5.27,40.67,-37.24,87.34,0.0,0.29,-0.43,0.54
SPJC,LEMD,1,18,6.31,48.29,-50.32,75.55,0.0,0.17,-0.19,0.32
SPJC,LEMD,2,15,-11.28,54.84,-86.21,64.97,-0.06,0.18,-0.25,0.22
SPJC,LEMD,3,28,1.21,35.99,-55.04,64.46,-0.0,0.31,-0.4,0.6
SVMI,LEMD,0,35,-7.32,51.09,-52.77,103.26,-0.0,0.27,-0.4,0.48
SVMI,LEMD,1,15,-8.06,44.75,-57.82,84.3,-0.07,0.24,-0.4,0.26
TBPB,EGLL,0,34,19.3,50.94,-30.91,98.59,0.18,0.23,-0.12,0.5
TBPB,EGLL,1,23,8.87,105.35,-116.65,196.71,0.19,0.32,-0.33,0.68
TFFF,LFPO,0,21,-35.95,56.46,-99.7,32.9,-0.03,0.2,-0.28,0.21
TFFF,LFPO,1,31,-12.12,53.87,-73.4,88.4,0.01,0.36,-0.53,0.53
TFFF,LFPO,2,29,-12.96,62.68,-79.12,110.06,0.06,0.34,-0.46,0.54
TFFR,LFPO,0,26,-29.48,63.39,-118.75,61.98,0.05,0.2,-0.28,0.37
TFFR,LFPO,1,32,-17.45,60.45,-95.4,95.99,0.02,0.38,-0.55,0.6
TFFR,LFPO,2,32,-14.74,67.61,-82.73,119.14,0.06,0.34,-0.41,0.58
TNCB,EHAM,0,28,7.26,208.23,-93.96,236.63,0.16,0.44,-0.45,0.72
TNCB,EHAM,1,29,6.92,48.27,-39.26,83.28,0.11,0.34,-0.35,0.63
TNCC,EHAM,0,24,4.15,83.11,-56.96,204.24,0.12,0.23,-0.26,0.44
TNCC,EHAM,1,34,7.62,60.0,-48.24,55.84,0.15,0.29,-0.3,0.58
UAAA,LTAI,0,40,-25.88,21.02,-55.8,10.11,0.15,0.31,-0.22,0.66
UAAA,LTAI,1,28,-47.5,24.95,-77.65,-3.64,0.03,0.2,-0.23,0.33
UAAA,LTFM,0,16,-50.78,20.43,-76.65,-24.35,-0.01,0.16,-0.24,0.2
UAAA,LTFM,1,125,-12.57,24.03,-43.78,17.18,-0.05,0.26,-0.43,0.42
UAAA,LTFM,2,15,-46.67,10.1,-59.34,-32.04,-0.02,0.25,-0.32,0.31
UACC,LTAI,0,43,-30.05,20.73,-49.79,-7.23,0.01,0.21,-0.25,0.43
UACC,LTAI,1,18,-29.0,20.48,-54.82,7.65,-0.09,0.23,-0.39,0.22
UACC,LTFM,0,35,-23.65,27.44,-58.13,29.96,-0.04,0.3,-0.49,0.42
UACC,LTFM,1,33,-54.26,22.68,-72.34,-11.88,-0.1,0.24,-0.44,0.32
UACC,LTFM,2,30,-18.25,17.32,-42.22,5.1,0.0,0.2,-0.27,0.3
UACC,LTFM,3,19,-53.98,23.45,-75.84,-9.78,-0.06,0.21,-0.27,0.3
UBBB,LIMC,0,39,-38.93,20.71,-66.74,-10.61,-0.22,0.19,-0.47,0.12
UBBB,LIMC,1,15,-60.48,26.28,-92.57,-23.82,-0.25,0.17,-0.48,0.02
UBBB,LTAC,0,57,-4.78,29.14,-42.2,45.78,0.01,0.12,-0.13,0.24
UBBB,LTAI,0,50,-35.69,38.17,-65.16,28.46,-0.04,0.13,-0.23,0.18
UBBB,LTBJ,0,38,-8.57,18.42,-22.4,18.43,-0.13,0.13,-0.29,0.15
UBBB,LTBJ,1,15,-2.03,5.83,-9.36,7.3,-0.16,0.13,-0.33,0.05
UBBB,LTFJ,0,137,-38.37,30.75,-83.0,3.06,-0.09,0.15,-0.31,0.19
UBBB,LTFM,0,68,-22.29,31.36,-49.49,46.46,0.0,0.15,-0.17,0.22
UBBB,LTFM,1,137,-25.5,25.57,-55.64,24.6,-0.08,0.16,-0.26,0.15
UBBB,OMDB,0,50,40.35,20.69,2.84,68.4,0.09,0.1,-0.03,0.29
UBBB,OMDB,1,22,27.1,11.95,8.02,43.3,0.04,0.09,-0.08,0.19
UBBB,OMDB,2,34,2.86,21.96,-27.0,41.27,0.06,0.1,-0.06,0.23
UBBB,UBBN,0,214,-16.38,36.85,-54.34,73.4,-0.01,0.11,-0.14,0.22
UBBB,UBBN,1,76,0.66,7.68,-7.7,13.5,0.06,0.05,0.01,0.13
UBBB,UGTB,0,82,-21.45,24.04,-50.6,20.89,-0.0,0.08,-0.12,0.12
UBBB,UGTB,1,74,0.46,21.4,-17.85,31.37,0.07,0.18,-0.1,0.47
UBBB,UUDD,0,60,-9.66,47.25,-33.62,80.32,-0.0,0.15,-0.19,0.26
UBBB,UUEE,0,57,-105.87,24.15,-128.18,-47.96,-0.13,0.13,-0.33,0.07
UBBB,UUEE,1,33,-110.41,19.98,-128.0,-71.68,-0.08,0.13,-0.28,0.11
UBBB,UUWW,0,51,-4.37,36.91,-28.2,64.2,0.02,0.13,-0.15,0.21
UBBB,UUWW,1,30,-79.09,20.63,-100.42,-43.64,-0.19,0.08,-0.3,-0.02
UBBG,UUWW,0,36,-46.83,22.72,-70.15,5.5,0.01,0.13,-0.12,0.22
UBBG,UUWW,1,18,-0.85,31.46,-22.2,70.96,0.02,0.11,-0.15,0.18
UBBN,UBBB,0,214,-50.95,40.49,-95.62,64.84,-0.08,0.11,-0.2,0.19
UBBN,UBBB,1,76,-29.88,14.33,-41.6,-1.45,-0.03,0.05,-0.09,0.07
UCFM,LTFJ,0,37,-44.57,18.5,-68.0,-17.14,-0.06,0.19,-0.35,0.24
UCFM,LTFJ,1,23,-63.27,43.68,-105.09,-22.23,-0.01,0.29,-0.31,0.44
UCFM,LTFM,0,83,-52.12,44.1,-80.06,-17.66,-0.03,0.35,-0.45,0.48
UCFM,LTFM,1,48,-34.17,28.59,-63.86,19.52,-0.17,0.21,-0.44,0.16
UCFM,LTFM,2,21,-32.79,23.12,-53.7,4.8,-0.06,0.22,-0.26,0.44
UDYZ,LCLK,0,56,-62.88,19.84,-83.5,-25.4,-0.15,0.08,-0.28,-0.01
UDYZ,LCLK,1,17,-57.3,14.91,-79.54,-34.6,-0.21,0.09,-0.35,-0.09
UDYZ,LOWW,0,50,6.39,21.55,-12.7,41.22,0.01,0.12,-0.18,0.19
UDYZ,LUKK,0,75,-17.65,18.72,-29.0,7.05,-0.05,0.07,-0.15,0.08
UDYZ,OIIE,0,64,19.18,16.51,-2.32,38.71,0.12,0.05,0.03,0.19
UDYZ,OTHH,0,70,26.14,12.81,5.43,48.04,0.16,0.11,-0.04,0.31
UDYZ,ULLI,0,74,-46.16,64.38,-113.98,72.2,-0.05,0.17,-0.29,0.21
UDYZ,URMM,0,90,9.09,16.35,-14.51,30.52,0.1,0.06,0.01,0.2
UDYZ,URSS,0,67,5.54,24.32,-9.54,45.63,0.08,0.08,-0.02,0.22
UDYZ,URSS,1,66,4.81,12.58,-7.2,35.72,0.11,0.07,0.01,0.22
UDYZ,UUDD,0,45,17.17,62.41,-17.68,132.22,0.09,0.16,-0.11,0.43
UDYZ,UUDD,1,71,-43.08,40.59,-88.4,29.05,-0.08,0.11,-0.24,0.13
UDYZ,UUEE,0,95,-80.9,27.83,-119.13,-31.17,-0.07,0.15,-0.29,0.2
UDYZ,UUEE,1,73,-60.28,29.71,-91.92,-15.36,-0.03,0.14,-0.24,0.19
UDYZ,UUEE,2,55,-82.52,32.66,-128.1,-28.95,-0.0,0.13,-0.2,0.22
UDYZ,UUWW,0,176,-59.04,33.24,-95.35,3.8,-0.12,0.13,-0.3,0.11
UDYZ,UUWW,1,15,31.43,93.01,-17.44,246.16,0.11,0.18,-0.08,0.47
UDYZ,UUWW,2,15,-49.61,31.29,-84.51,-1.73,-0.06,0.09,-0.19,0.07
UGSB,UGTB,0,52,-8.93,15.02,-22.49,11.93,0.01,0.08,-0.06,0.09
UGTB,LLBG,0,81,-13.38,22.58,-43.6,19.2,-0.05,0.11,-0.22,0.15
UGTB,LTFJ,0,66,-28.72,24.39,-67.95,7.85,-0.06,0.12,-0.23,0.09
UGTB,LTFJ,1,33,-21.48,23.26,-51.84,17.54,-0.06,0.1,-0.19,0.11
UGTB,LTFM,0,121,-40.34,25.92,-70.8,7.8,-0.09,0.11,-0.22,0.08
UGTB,OIIE,0,33,28.14,18.23,-0.9,48.7,0.1,0.05,0.01,0.17
UGTB,OIIE,1,17,-41.34,86.73,-90.4,36.62,-0.06,0.17,-0.18,0.13
UGTB,OMDB,0,65,19.22,19.78,-12.74,48.16,0.09,0.1,-0.07,0.26
UGTB,OTHH,0,60,25.9,14.0,0.69,47.86,0.12,0.08,-0.03,0.23
UGTB,UBBB,0,97,-17.71,17.88,-40.32,16.46,-0.03,0.16,-0.14,0.39
UGTB,UBBB,1,53,-13.9,14.58,-32.66,12.08,-0.07,0.05,-0.17,0.01
UGTB,UGSB,0,52,1.46,6.82,-6.88,14.09,0.01,0.09,-0.07,0.08
UGTB,UUWW,0,51,-78.47,25.6,-101.95,-32.8,-0.16,0.09,-0.27,-0.06
UGTB,UUWW,1,43,-27.24,69.2,-88.72,30.79,0.06,0.18,-0.14,0.37
ULLI,LTAI,0,72,0.27,15.53,-22.56,23.5,0.07,0.18,-0.17,0.35
ULLI,LTAI,1,60,3.3,21.24,-18.36,25.83,0.09,0.2,-0.13,0.34
ULLI,LTAI,2,42,-39.24,37.5,-95.55,20.86,-0.15,0.17,-0.38,0.1
ULLI,LTAI,3,17,-33.12,41.56,-96.88,21.46,-0.17,0.16,-0.38,0.05
ULLI,LTFM,0,90,-21.4,20.72,-42.38,7.34,-0.02,0.18,-0.27,0.27
ULLI,LTFM,1,30,-36.66,41.59,-117.4,24.1,-0.16,0.21,-0.37,0.06
ULLI,UDYZ,0,75,-27.72,97.84,-101.17,126.8,-0.11,0.18,-0.33,0.19
ULLI,UMKK,0,423,6.56,14.56,-7.39,27.3,0.05,0.08,-0.08,0.19
ULLI,UMKK,1,26,11.25,12.27,-6.25,32.38,0.08,0.07,-0.02,0.21
UMKK,ULLI,0,270,22.72,18.98,-3.31,54.4,0.11,0.1,-0.06,0.29
UMKK,ULLI,1,143,18.6,16.7,-4.05,45.81,0.1,0.1,-0.06,0.24
UMKK,ULLI,2,37,22.62,15.95,-0.82,47.84,0.13,0.1,-0.03,0.29
UMKK,UUDD,0,200,2.28,11.81,-6.42,12.63,0.02,0.1,-0.11,0.19
UMKK,UUDD,1,20,24.64,8.29,7.57,31.96,0.05,0.11,-0.11,0.2
UMKK,UUEE,0,501,-0.5,4.7,-7.4,7.3,-0.02,0.07,-0.13,0.12
UMKK,UUEE,1,71,2.62,4.41,-1.9,10.85,-0.01,0.08,-0.12,0.13
UMKK,UUEE,2,15,3.33,6.95,-5.06,16.59,0.01,0.05,-0.07,0.06
UNNT,LTAI,0,62,-21.37,36.29,-59.6,36.39,0.03,0.28,-0.34,0.51
URMM,LTAI,0,67,29.41,58.27,-16.8,105.36,0.03,0.23,-0.14,0.27
URMM,LTFM,0,77,1.39,23.22,-35.38,45.26,-0.05,0.1,-0.19,0.13
URMM,UDYZ,0,90,-6.5,14.24,-20.06,18.82,0.02,0.05,-0.03,0.13
URSS,LTAI,0,67,21.26,38.65,-15.9,102.25,0.03,0.17,-0.13,0.22
URSS,LTFM,0,122,-9.97,42.88,-51.3,86.63,-0.09,0.14,-0.24,0.23
URSS,UDYZ,0,110,-14.04,13.13,-33.76,13.04,-0.01,0.05,-0.07,0.09
URSS,UDYZ,1,24,-11.21,13.69,-26.12,9.59,0.04,0.04,-0.02,0.1
USSS,LTAI,0,74,-22.0,19.81,-41.78,19.42,0.03,0.22,-0.26,0.4
USSS,LTAI,1,38,-24.87,21.91,-49.02,6.48,0.01,0.22,-0.27,0.38
USSS,LTAI,2,17,-26.48,25.1,-54.6,19.82,-0.08,0.2,-0.34,0.18
UTAA,LTFM,0,64,-36.39,20.07,-64.72,-1.32,-0.0,0.16,-0.27,0.26
UTAA,LTFM,1,18,-9.84,20.23,-32.46,24.56,0.03,0.16,-0.24,0.26
UTSS,LTFM,0,34,-14.29,19.29,-39.94,10.37,0.0,0.19,-0.3,0.32
UTSS,LTFM,1,18,-45.48,20.09,-66.54,-22.01,0.09,0.17,-0.18,0.34
UTTT,LTFM,0,19,-44.37,21.94,-68.36,3.29,-0.15,0.18,-0.41,0.08
UTTT,LTFM,1,53,-36.46,31.2,-66.68,10.9,-0.13,0.19,-0.48,0.16
UTTT,LTFM,2,91,-92.49,24.25,-122.05,-48.95,-0.11,0.2,-0.44,0.23
UUDD,HECA,0,25,-29.12,15.11,-46.54,-0.74,-0.05,0.26,-0.38,0.31
UUDD,HECA,1,35,-23.13,25.26,-49.24,10.01,-0.08,0.17,-0.32,0.17
UUDD,LTAI,0,76,-34.13,49.77,-92.72,36.95,-0.06,0.18,-0.33,0.25
UUDD,LTAI,1,38,-7.49,19.65,-38.68,17.18,-0.01,0.19,-0.3,0.28
UUDD,LTAI,2,30,-12.17,14.26,-33.96,3.24,-0.08,0.15,-0.3,0.13
UUDD,LTFM,0,56,-31.97,67.17,-120.2,63.18,-0.09,0.2,-0.34,0.21
UUDD,OMSJ,0,84,8.46,11.82,-9.82,32.35,0.07,0.18,-0.19,0.32
UUDD,UBBB,0,60,4.76,58.84,-41.61,132.59,-0.03,0.12,-0.22,0.17
UUDD,UDYZ,0,76,-26.86,59.43,-77.77,61.95,-0.06,0.14,-0.27,0.17
UUDD,UDYZ,1,41,-12.12,80.44,-69.0,144.8,-0.08,0.14,-0.25,0.18
UUDD,UMKK,0,190,8.51,24.0,-7.83,27.15,0.01,0.13,-0.19,0.17
UUDD,UMKK,1,26,32.94,62.52,-72.88,150.25,0.06,0.17,-0.21,0.25
UUEE,HESH,0,38,-33.98,41.82,-104.28,37.16,-0.11,0.24,-0.47,0.23
UUEE,HESH,1,16,40.92,39.86,0.45,107.4,0.25,0.22,0.0,0.56
UUEE,LTAI,0,116,-28.62,29.43,-80.62,23.05,-0.08,0.19,-0.37,0.21
UUEE,LTAI,1,29,3.37,18.92,-19.34,42.0,0.04,0.17,-0.21,0.36
UUEE,LTAI,2,53,-5.03,16.16,-28.3,28.54,-0.06,0.15,-0.24,0.23
UUEE,LTAI,3,34,-20.63,36.6,-76.66,45.47,-0.07,0.24,-0.44,0.23
UUEE,LTFM,0,134,-72.43,37.65,-122.97,-6.8,-0.26,0.19,-0.51,0.04
UUEE,LTFM,1,45,-46.66,34.5,-100.68,0.08,-0.19,0.17,-0.44,0.03
UUEE,LYBE,0,61,13.42,28.1,-7.2,41.2,-0.0,0.13,-0.21,0.15
UUEE,OMDB,0,60,-11.22,18.96,-30.5,21.24,0.03,0.15,-0.25,0.25
UUEE,OTHH,0,51,11.28,17.97,-9.15,47.05,0.02,0.12,-0.2,0.18
UUEE,UBBB,0,90,-9.92,20.53,-39.98,19.92,-0.08,0.09,-0.21,0.06
UUEE,UDYZ,0,223,-52.65,40.73,-100.53,-8.93,-0.15,0.16,-0.37,0.01
UUEE,UMKK,0,570,-8.48,14.62,-18.6,9.72,-0.04,0.1,-0.21,0.1
UUEE,UMKK,1,17,-15.94,11.75,-25.62,7.16,-0.09,0.06,-0.18,-0.0
UUWW,LTAI,0,63,12.17,27.0,-18.97,39.03,0.05,0.18,-0.21,0.32
UUWW,LTAI,1,191,-11.05,18.78,-36.05,16.6,0.04,0.2,-0.22,0.37
UUWW,LTBS,0,34,3.52,28.82,-22.07,26.58,0.01,0.17,-0.2,0.26
UUWW,LTBS,1,30,-18.16,26.71,-50.42,17.87,-0.11,0.16,-0.35,0.17
UUWW,LTBS,2,34,34.28,21.87,-8.74,58.75,0.06,0.19,-0.25,0.34
UUWW,LTFE,0,30,25.78,16.29,2.72,60.29,0.02,0.17,-0.24,0.25
UUWW,LTFE,1,29,-42.31,43.07,-87.72,12.12,-0.14,0.17,-0.34,0.15
UUWW,LTFE,2,28,10.56,23.76,-18.66,38.43,0.08,0.15,-0.16,0.28
UUWW,LTFJ,0,60,3.37,23.76,-26.66,39.1,0.04,0.2,-0.25,0.37
UUWW,LTFM,0,180,-26.9,31.27,-57.62,7.33,-0.06,0.16,-0.26,0.24
UUWW,LTFM,1,45,-28.52,57.84,-99.72,114.5,-0.05,0.16,-0.31,0.17
UUWW,LTFM,2,19,-19.14,21.62,-41.75,17.2,-0.09,0.13,-0.28,0.09
UUWW,OMDB,0,172,15.32,12.99,-2.53,37.79,0.07,0.16,-0.18,0.37
UUWW,UBBB,0,52,13.6,69.48,-40.96,144.86,-0.08,0.12,-0.25,0.09
UUWW,UBBB,1,30,-64.1,18.85,-86.61,-32.8,-0.11,0.07,-0.21,0.0
UUWW,UBBG,0,35,-45.77,85.44,-95.16,2.6,-0.03,0.1,-0.19,0.09
UUWW,UBBG,1,18,45.97,119.75,-41.05,265.94,-0.0,0.2,-0.23,0.32
UUWW,UDYZ,0,171,-46.47,40.83,-99.55,5.4,-0.11,0.11,-0.28,0.1
UUWW,UDYZ,1,15,-26.99,95.01,-76.56,106.31,-0.1,0.11,-0.23,0.07
UUWW,UDYZ,2,22,-76.7,29.79,-118.9,-35.42,-0.11,0.09,-0.24,0.02
UUWW,UGTB,0,52,-70.42,23.46,-100.82,-27.06,-0.13,0.07,-0.23,-0.0
UUWW,UGTB,1,45,2.77,27.44,-43.54,33.1,0.06,0.1,-0.08,0.21
UWKD,LTAI,0,43,-23.05,24.89,-58.22,14.48,0.0,0.17,-0.19,0.27
UWKD,LTAI,1,77,23.28,67.62,-31.24,198.0,0.12,0.19,-0.13,0.43
UWKD,LTAI,2,19,-15.37,9.53,-28.08,0.03,0.01,0.2,-0.32,0.27
UWUU,LTAI,0,39,-42.66,34.12,-75.06,19.1,-0.06,0.19,-0.3,0.22
UWUU,LTAI,1,30,-25.14,30.21,-59.08,3.46,-0.14,0.2,-0.43,0.15
UWUU,LTAI,2,30,-19.4,37.63,-64.78,46.12,-0.02,0.17,-0.25,0.23
UWWW,LTAI,0,30,-28.66,22.63,-54.98,13.97,-0.04,0.15,-0.22,0.21
UWWW,LTAI,1,28,-10.89,18.15,-30.98,14.36,0.04,0.19,-0.21,0.37
UWWW,LTAI,2,15,2.97,34.55,-43.32,58.87,-0.05,0.18,-0.26,0.21
VABB,EGLL,0,116,2.01,33.57,-19.52,22.78,0.11,0.18,-0.12,0.39
VABB,EGLL,1,81,6.61,48.34,-31.0,129.1,0.19,0.16,-0.08,0.42
VABB,EGLL,2,1,-2.6,,-2.6,-2.6,-0.12,,-0.12,-0.12
VABB,LTFM,0,45,-40.3,31.4,-78.92,10.68,-0.12,0.14,-0.3,0.12
VABB,LTFM,1,27,-37.84,29.22,-64.21,1.96,-0.01,0.23,-0.24,0.44
VHHH,EDDF,0,28,-6.46,29.83,-50.08,42.73,-0.05,0.32,-0.52,0.42
VHHH,EDDF,1,30,-545.56,103.29,-613.9,-460.1,-0.63,0.15,-0.81,-0.34
VHHH,EGLL,0,71,30.08,63.68,-87.65,94.1,0.19,0.28,-0.3,0.59
VHHH,EGLL,1,15,-36.94,631.97,-551.53,726.35,0.31,1.05,-0.7,1.62
VHHH,EGLL,2,54,27.09,28.7,6.33,58.58,0.23,0.26,-0.16,0.63
VHHH,EGLL,3,74,29.22,26.39,2.49,62.19,0.28,0.32,-0.2,0.76
VHHH,LFPG,0,4,38.12,12.53,28.78,53.1,-0.02,0.07,-0.09,0.05
VHHH,LFPG,1,46,-4.67,118.11,-146.95,141.5,0.07,0.31,-0.37,0.54
VHHH,LFPG,2,33,24.18,116.58,-43.56,125.38,0.15,0.35,-0.27,0.7
VIDP,CYYZ,0,30,26.64,52.89,-26.03,131.18,0.14,0.39,-0.38,0.72
VIDP,CYYZ,1,27,12.74,55.69,-46.33,115.44,0.04,0.22,-0.2,0.4
VIDP,EDDF,0,88,-24.67,42.07,-79.67,46.22,-0.14,0.18,-0.43,0.13
VIDP,EGLL,0,53,18.27,36.03,-37.34,74.48,0.2,0.15,-0.08,0.39
VIDP,EGLL,1,25,6.01,92.69,-17.48,132.32,0.07,0.19,-0.17,0.32
VIDP,EGLL,2,51,28.47,22.36,-7.6,66.45,0.14,0.24,-0.19,0.55
VIDP,EGLL,3,22,35.73,19.61,3.27,54.02,0.05,0.15,-0.11,0.23
VIDP,EGLL,4,15,16.27,20.93,-12.9,49.25,0.15,0.16,-0.1,0.32
VIDP,EGLL,5,30,11.18,17.71,-11.3,36.69,0.13,0.15,-0.09,0.32
VIDP,EGLL,6,8,12.38,30.9,-27.04,46.01,0.23,0.24,-0.12,0.5
VIDP,EGLL,7,19,14.53,18.65,-11.96,51.11,0.17,0.12,-0.01,0.32
VIDP,KJFK,0,28,44.17,94.18,-106.56,166.49,0.05,0.43,-0.58,0.65
VIDP,KJFK,1,29,34.97,61.12,-33.16,145.08,0.14,0.26,-0.18,0.49
VIDP,LFPG,0,30,-4.93,22.76,-44.18,23.86,0.05,0.12,-0.12,0.26
VIDP,LFPG,1,55,9.64,50.4,-58.23,85.47,0.06,0.15,-0.16,0.32
VIDP,LTFM,0,73,-32.09,30.53,-67.82,15.26,-0.06,0.2,-0.28,0.34
VTBS,EDDF,0,60,-29.52,28.07,-67.0,16.48,-0.18,0.12,-0.38,0.02
VTBS,EDDM,0,60,13.91,43.2,-22.46,59.93,0.04,0.13,-0.15,0.24
VTBS,EGLL,0,45,14.42,18.79,-9.2,48.68,0.13,0.15,-0.09,0.4
VTBS,EGLL,1,45,-1.02,28.09,-30.86,50.24,0.13,0.15,-0.1,0.32
VTBS,LSZH,0,60,13.33,18.25,-7.7,42.03,-0.02,0.16,-0.28,0.22
VTBS,LTFM,0,60,-50.6,52.63,-92.75,48.16,-0.22,0.2,-0.43,0.12
WMKK,EGLL,0,60,0.06,15.82,-19.24,29.95,0.22,0.15,0.02,0.44
WMKK,LTFM,0,58,-19.18,47.66,-68.66,47.69,-0.05,0.29,-0.3,0.35
WSSS,EDDF,0,65,-6.85,83.54,-75.48,123.48,-0.07,0.18,-0.28,0.16
WSSS,EDDF,1,25,-59.98,25.17,-94.08,-24.46,-0.06,0.13,-0.22,0.14
WSSS,EDDM,0,52,-0.47,63.24,-81.84,104.35,0.07,0.12,-0.11,0.28
WSSS,EGLL,0,47,27.48,24.55,1.92,74.38,0.16,0.19,-0.07,0.52
WSSS,EGLL,1,107,5.77,23.05,-33.68,39.79,0.21,0.18,-0.07,0.51
WSSS,EGLL,2,16,3.53,43.81,-52.95,67.85,0.2,0.24,-0.09,0.53
WSSS,EGLL,3,15,18.13,49.3,-19.9,115.92,0.26,0.23,0.03,0.67
WSSS,EGLL,4,24,27.37,16.61,7.18,58.58,0.26,0.19,0.01,0.56
WSSS,EHAM,0,29,19.62,13.72,3.44,45.22,0.09,0.2,-0.22,0.4
WSSS,EHAM,1,30,-8.03,22.47,-47.26,15.36,0.14,0.13,-0.05,0.34
WSSS,LFPG,0,61,-5.3,32.91,-48.2,51.0,0.14,0.16,-0.12,0.38
WSSS,LFPG,1,41,18.2,49.37,-27.5,134.6,0.23,0.18,-0.01,0.46
WSSS,LSZH,0,22,32.18,18.52,8.3,69.63,0.21,0.14,0.06,0.42
WSSS,LSZH,1,34,6.83,22.46,-32.63,38.27,0.08,0.14,-0.18,0.32
WSSS,LTFM,0,31,-53.67,49.54,-105.6,53.45,-0.03,0.2,-0.3,0.4
WSSS,LTFM,1,44,-13.74,42.98,-58.74,71.57,0.0,0.2,-0.22,0.4
ZBAA,EDDF,0,47,-3.87,50.51,-65.95,54.51,0.29,0.41,-0.34,0.9
ZBAA,EDDF,1,28,-43.85,36.54,-91.22,13.81,-0.09,0.22,-0.41,0.23
ZBAA,EDDF,2,15,-18.74,34.95,-63.12,34.1,0.02,0.18,-0.26,0.25
ZBAA,EGLL,0,60,16.23,27.15,-3.06,63.51,0.29,0.31,-0.21,0.84
ZBAA,LFPG,0,30,19.1,35.67,-13.66,71.49,0.25,0.27,-0.16,0.72
ZBAA,LFPG,1,30,-1.19,38.54,-52.02,44.9,0.11,0.29,-0.25,0.54
ZGGG,LTFM,0,50,19.95,40.89,-29.98,66.12,-0.04,0.26,-0.4,0.39
ZSPD,EDDF,0,74,-11.1,51.66,-68.71,88.9,-0.05,0.27,-0.41,0.36
ZSPD,EDDF,1,37,-30.42,33.38,-73.5,15.56,-0.1,0.32,-0.6,0.35
ZSPD,EDDF,2,67,-57.46,37.99,-112.39,2.69,-0.05,0.25,-0.38,0.38
ZSPD,EDDF,3,19,-39.09,25.66,-74.7,6.09,-0.07,0.19,-0.33,0.22
ZSPD,EGLL,0,59,35.82,17.6,12.6,64.17,0.24,0.26,-0.07,0.66
ZSPD,EGLL,1,43,7.82,25.14,-11.97,54.54,0.22,0.37,-0.25,0.85
ZSPD,EHAM,0,18,0.44,23.49,-21.47,38.13,0.21,0.32,-0.26,0.54
ZSPD,EHAM,1,25,30.57,15.14,11.74,59.6,0.17,0.38,-0.29,0.9
ZSPD,EHAM,2,40,-57.81,12.98,-73.1,-38.34,0.13,0.31,-0.3,0.57
ZSPD,EHAM,3,42,-122.14,8.25,-132.07,-105.82,0.09,0.31,-0.36,0.53
ZSPD,LFPG,0,55,2.82,47.49,-72.31,76.38,0.12,0.28,-0.41,0.51
ZSPD,LFPG,1,30,-51.54,44.34,-96.35,-7.75,0.14,0.24,-0.2,0.58
ZSPD,LTFM,0,54,-29.79,56.11,-116.98,24.66,-0.08,0.33,-0.55,0.41
